path_id,od_id,local_path_id,path_type,origin_customer_id,destination_customer_id,origin_node,destination_node,node_path,arc_path,path_length_km,free_flow_time_h,congested_arc_count,is_ev
0,0,0,shortest,Customer_1,Customer_69,1,9,"[1, 9]",[16],1.4406457490521818,0.036016143726304545,0,0
1,0,1,detour_2,Customer_1,Customer_69,1,9,"[1, 26, 9]","[12, 109]",3.750380806309855,0.07606623977792237,0,0
2,0,2,detour_3,Customer_1,Customer_69,1,9,"[1, 47, 9]","[14, 113]",7.554667493230754,0.13735759078601373,0,0
3,1,0,shortest,Customer_1,Customer_50,1,26,"[1, 26]",[12],2.595014455707521,0.047182081012864016,0,0
4,1,1,detour_2,Customer_1,Customer_50,1,26,"[1, 9, 26]","[16, 108]",2.5960120996545157,0.0649003024913629,0,0
5,1,2,detour_3,Customer_1,Customer_50,1,26,"[1, 47, 26]","[14, 263]",6.426013328586271,0.13007002594059386,0,0
6,2,0,shortest,Customer_1,Customer_30,1,47,"[1, 47]",[14],4.485111733529232,0.08154748606416785,0,0
7,2,1,detour_2,Customer_1,Customer_30,1,47,"[1, 9, 47]","[16, 112]",4.510201508753704,0.0918262484481504,0,0
8,2,2,detour_3,Customer_1,Customer_30,1,47,"[1, 26, 47]","[12, 262]",4.535916050764561,0.09570462088929,0,0
9,3,0,shortest,Customer_1,Customer_60,1,47,"[1, 47]",[14],4.485111733529232,0.08154748606416785,0,0
10,3,1,detour_2,Customer_1,Customer_60,1,47,"[1, 9, 47]","[16, 112]",4.510201508753704,0.0918262484481504,0,0
11,3,2,detour_3,Customer_1,Customer_60,1,47,"[1, 26, 47]","[12, 262]",4.535916050764561,0.09570462088929,0,0
12,4,0,shortest,Customer_1,Customer_65,1,47,"[1, 47]",[14],4.485111733529232,0.08154748606416785,0,0
13,4,1,detour_2,Customer_1,Customer_65,1,47,"[1, 9, 47]","[16, 112]",4.510201508753704,0.0918262484481504,0,0
14,4,2,detour_3,Customer_1,Customer_65,1,47,"[1, 26, 47]","[12, 262]",4.535916050764561,0.09570462088929,0,0
15,5,0,shortest,Customer_1,Customer_38,1,14,"[1, 26, 14]","[12, 165]",5.787701526462876,0.10523093684477956,0,0
16,5,1,detour_2,Customer_1,Customer_38,1,14,"[1, 9, 26, 14]","[16, 108, 165]",5.7886991704098705,0.12294915832327845,0,0
17,5,2,detour_3,Customer_1,Customer_38,1,14,"[1, 47, 14]","[14, 163]",6.74435282557104,0.13802851336521307,0,0
18,6,0,shortest,Customer_1,Customer_34,1,66,"[1, 66]",[22],5.020127413028402,0.09127504387324367,0,0
19,6,1,detour_2,Customer_1,Customer_34,1,66,"[1, 61, 66]","[10, 446]",5.8385656454318235,0.12110953523756748,0,0
20,6,2,detour_3,Customer_1,Customer_34,1,66,"[1, 61, 57, 66]","[10, 429, 430]",8.699337777737625,0.17018540045383757,0,0
21,7,0,shortest,Customer_1,Customer_73,1,66,"[1, 66]",[22],5.020127413028402,0.09127504387324367,0,0
22,7,1,detour_2,Customer_1,Customer_73,1,66,"[1, 61, 66]","[10, 446]",5.8385656454318235,0.12110953523756748,0,0
23,7,2,detour_3,Customer_1,Customer_73,1,66,"[1, 61, 57, 66]","[10, 429, 430]",8.699337777737625,0.17018540045383757,0,0
24,8,0,shortest,Customer_1,Customer_9,1,34,"[1, 26, 34]","[12, 266]",5.382150452248977,0.0978572809499814,0,0
25,8,1,detour_2,Customer_1,Customer_9,1,34,"[1, 47, 34]","[14, 329]",5.357054358089298,0.10334605167816951,1,0
26,8,2,detour_3,Customer_1,Customer_9,1,34,"[1, 9, 34]","[16, 110]",5.329781644785633,0.10672770546691276,0,0
27,9,0,shortest,Customer_1,Customer_18,1,57,"[1, 61, 57]","[10, 429]",6.937046451808445,0.12612811730560808,0,0
28,9,1,detour_2,Customer_1,Customer_18,1,57,"[1, 61, 16, 57]","[10, 189, 184]",7.198418033856887,0.1325567727901422,0,0
29,9,2,detour_3,Customer_1,Customer_18,1,57,"[1, 66, 57]","[22, 431]",6.782418738957581,0.13533232702147316,0,0
30,10,0,shortest,Customer_1,Customer_28,1,16,"[1, 61, 16]","[10, 189]",6.952539448254399,0.12640980815008,0,0
31,10,1,detour_2,Customer_1,Customer_28,1,16,"[1, 61, 57, 16]","[10, 429, 185]",7.182925037410934,0.13227508194567028,0,0
32,10,2,detour_3,Customer_1,Customer_28,1,16,"[1, 66, 16]","[22, 187]",6.948393201649735,0.139481688588777,0,0
33,11,0,shortest,Customer_1,Customer_66,1,16,"[1, 61, 16]","[10, 189]",6.952539448254399,0.12640980815008,0,0
34,11,1,detour_2,Customer_1,Customer_66,1,16,"[1, 61, 57, 16]","[10, 429, 185]",7.182925037410934,0.13227508194567028,0,0
35,11,2,detour_3,Customer_1,Customer_66,1,16,"[1, 66, 16]","[22, 187]",6.948393201649735,0.139481688588777,0,0
36,12,0,shortest,Customer_1,Customer_32,1,46,"[1, 26, 14, 46]","[12, 165, 170]",9.126837354063998,0.16594249734661815,0,0
37,12,1,detour_2,Customer_1,Customer_32,1,46,"[1, 9, 26, 14, 46]","[16, 108, 165, 170]",9.127834998010993,0.18366071882511703,0,0
38,12,2,detour_3,Customer_1,Customer_32,1,46,"[1, 47, 14, 46]","[14, 163, 170]",10.08348865317216,0.19874007386705164,0,0
39,13,0,shortest,Customer_1,Customer_49,1,46,"[1, 26, 14, 46]","[12, 165, 170]",9.126837354063998,0.16594249734661815,0,0
40,13,1,detour_2,Customer_1,Customer_49,1,46,"[1, 9, 26, 14, 46]","[16, 108, 165, 170]",9.127834998010993,0.18366071882511703,0,0
41,13,2,detour_3,Customer_1,Customer_49,1,46,"[1, 47, 14, 46]","[14, 163, 170]",10.08348865317216,0.19874007386705164,0,0
42,14,0,shortest,Customer_1,Customer_27,1,33,"[1, 26, 14, 33]","[12, 165, 172]",10.457497171164967,0.19013631220299937,0,0
43,14,1,detour_2,Customer_1,Customer_27,1,33,"[1, 26, 14, 46, 33]","[12, 165, 170, 325]",10.643797496316184,0.2038665009029228,0,0
44,14,2,detour_3,Customer_1,Customer_27,1,33,"[1, 9, 26, 14, 33]","[16, 108, 165, 172]",10.45849481511196,0.20785453368149825,0,0
45,15,0,shortest,Customer_1,Customer_79,1,33,"[1, 26, 14, 33]","[12, 165, 172]",10.457497171164967,0.19013631220299937,0,0
46,15,1,detour_2,Customer_1,Customer_79,1,33,"[1, 26, 14, 46, 33]","[12, 165, 170, 325]",10.643797496316184,0.2038665009029228,0,0
47,15,2,detour_3,Customer_1,Customer_79,1,33,"[1, 9, 26, 14, 33]","[16, 108, 165, 172]",10.45849481511196,0.20785453368149825,0,0
48,16,0,shortest,Customer_1,Customer_33,1,4,"[1, 26, 14, 46, 50, 55, 4]","[12, 165, 170, 384, 394, 47]",18.375306092832194,0.3340964744151308,2,0
49,16,1,detour_2,Customer_1,Customer_33,1,4,"[1, 9, 26, 14, 46, 50, 55, 4]","[16, 108, 165, 170, 384, 394, 47]",18.37630373677919,0.3518146958936297,2,0
50,16,2,detour_3,Customer_1,Customer_33,1,4,"[1, 26, 14, 46, 50, 55, 17, 4]","[12, 165, 170, 384, 394, 199, 51]",18.483858925086555,0.3563251321488971,3,0
51,17,0,shortest,Customer_1,Customer_14,1,17,"[1, 26, 14, 46, 50, 55, 17]","[12, 165, 170, 384, 394, 199]",18.01063630160493,0.3444945665618565,2,0
52,17,1,detour_2,Customer_1,Customer_14,1,17,"[1, 26, 14, 46, 50, 55, 4, 17]","[12, 165, 170, 384, 394, 47, 50]",18.84852871631382,0.3459270400021714,3,0
53,17,2,detour_3,Customer_1,Customer_14,1,17,"[1, 26, 14, 46, 50, 74, 17]","[12, 165, 170, 384, 396, 205]",19.749117110638323,0.3590748565570604,2,0
54,18,0,shortest,Customer_1,Customer_29,1,17,"[1, 26, 14, 46, 50, 55, 17]","[12, 165, 170, 384, 394, 199]",18.01063630160493,0.3444945665618565,2,0
55,18,1,detour_2,Customer_1,Customer_29,1,17,"[1, 26, 14, 46, 50, 55, 4, 17]","[12, 165, 170, 384, 394, 47, 50]",18.84852871631382,0.3459270400021714,3,0
56,18,2,detour_3,Customer_1,Customer_29,1,17,"[1, 26, 14, 46, 50, 74, 17]","[12, 165, 170, 384, 396, 205]",19.749117110638323,0.3590748565570604,2,0
57,19,0,shortest,Customer_1,Customer_31,1,17,"[1, 26, 14, 46, 50, 55, 17]","[12, 165, 170, 384, 394, 199]",18.01063630160493,0.3444945665618565,2,0
58,19,1,detour_2,Customer_1,Customer_31,1,17,"[1, 26, 14, 46, 50, 55, 4, 17]","[12, 165, 170, 384, 394, 47, 50]",18.84852871631382,0.3459270400021714,3,0
59,19,2,detour_3,Customer_1,Customer_31,1,17,"[1, 26, 14, 46, 50, 74, 17]","[12, 165, 170, 384, 396, 205]",19.749117110638323,0.3590748565570604,2,0
60,20,0,shortest,Customer_2,Customer_3,55,74,"[55, 74]",[414],1.451114450093509,0.03627786125233772,1,0
61,20,1,detour_2,Customer_2,Customer_3,55,74,"[55, 72, 74]","[416, 460]",3.5225288256697826,0.08806322064174457,2,0
62,20,2,detour_3,Customer_2,Customer_3,55,74,"[55, 59, 74]","[418, 438]",4.764054820497257,0.09822410754200905,2,0
63,21,0,shortest,Customer_2,Customer_42,55,74,"[55, 74]",[414],1.451114450093509,0.03627786125233772,1,0
64,21,1,detour_2,Customer_2,Customer_42,55,74,"[55, 72, 74]","[416, 460]",3.5225288256697826,0.08806322064174457,2,0
65,21,2,detour_3,Customer_2,Customer_42,55,74,"[55, 59, 74]","[418, 438]",4.764054820497257,0.09822410754200905,2,0
66,22,0,shortest,Customer_2,Customer_47,55,74,"[55, 74]",[414],1.451114450093509,0.03627786125233772,1,0
67,22,1,detour_2,Customer_2,Customer_47,55,74,"[55, 72, 74]","[416, 460]",3.5225288256697826,0.08806322064174457,2,0
68,22,2,detour_3,Customer_2,Customer_47,55,74,"[55, 59, 74]","[418, 438]",4.764054820497257,0.09822410754200905,2,0
69,23,0,shortest,Customer_2,Customer_15,55,72,"[55, 72]",[416],2.302435720372663,0.05756089300931657,1,0
70,23,1,detour_2,Customer_2,Customer_15,55,72,"[55, 74, 72]","[414, 461]",2.671207555390629,0.06678018888476572,2,0
71,23,2,detour_3,Customer_2,Customer_15,55,72,"[55, 8, 72]","[103, 94]",3.9997213810998273,0.08114734850370445,2,0
72,24,0,shortest,Customer_2,Customer_14,55,17,"[55, 17]",[199],2.497506291459137,0.06243765728647842,1,0
73,24,1,detour_2,Customer_2,Customer_14,55,17,"[55, 4, 17]","[47, 50]",3.335398706168023,0.0638701307267933,2,0
74,24,2,detour_3,Customer_2,Customer_14,55,17,"[55, 74, 17]","[414, 205]",4.329018994688021,0.08860339842678341,2,0
75,25,0,shortest,Customer_2,Customer_29,55,17,"[55, 17]",[199],2.497506291459137,0.06243765728647842,1,0
76,25,1,detour_2,Customer_2,Customer_29,55,17,"[55, 4, 17]","[47, 50]",3.335398706168023,0.0638701307267933,2,0
77,25,2,detour_3,Customer_2,Customer_29,55,17,"[55, 74, 17]","[414, 205]",4.329018994688021,0.08860339842678341,2,0
78,26,0,shortest,Customer_2,Customer_31,55,17,"[55, 17]",[199],2.497506291459137,0.06243765728647842,1,0
79,26,1,detour_2,Customer_2,Customer_31,55,17,"[55, 4, 17]","[47, 50]",3.335398706168023,0.0638701307267933,2,0
80,26,2,detour_3,Customer_2,Customer_31,55,17,"[55, 74, 17]","[414, 205]",4.329018994688021,0.08860339842678341,2,0
81,27,0,shortest,Customer_2,Customer_35,55,8,"[55, 8]",[103],2.764033950156048,0.050255162730109965,1,0
82,27,1,detour_2,Customer_2,Customer_35,55,8,"[55, 72, 8]","[416, 95]",3.538123151316442,0.08845307878291106,2,0
83,27,2,detour_3,Customer_2,Customer_35,55,8,"[55, 74, 8]","[414, 107]",3.6921408564613074,0.0923035214115327,2,0
84,28,0,shortest,Customer_2,Customer_41,55,8,"[55, 8]",[103],2.764033950156048,0.050255162730109965,1,0
85,28,1,detour_2,Customer_2,Customer_41,55,8,"[55, 72, 8]","[416, 95]",3.538123151316442,0.08845307878291106,2,0
86,28,2,detour_3,Customer_2,Customer_41,55,8,"[55, 74, 8]","[414, 107]",3.6921408564613074,0.0923035214115327,2,0
87,29,0,shortest,Customer_2,Customer_46,55,8,"[55, 8]",[103],2.764033950156048,0.050255162730109965,1,0
88,29,1,detour_2,Customer_2,Customer_46,55,8,"[55, 72, 8]","[416, 95]",3.538123151316442,0.08845307878291106,2,0
89,29,2,detour_3,Customer_2,Customer_46,55,8,"[55, 74, 8]","[414, 107]",3.6921408564613074,0.0923035214115327,2,0
90,30,0,shortest,Customer_2,Customer_33,55,4,"[55, 4]",[47],2.862176082686399,0.052039565139752705,1,0
91,30,1,detour_2,Customer_2,Customer_33,55,4,"[55, 17, 4]","[199, 51]",2.9707289149407607,0.07426822287351902,2,0
92,30,2,detour_3,Customer_2,Customer_33,55,4,"[55, 74, 17, 4]","[414, 205, 51]",4.802241618169645,0.10043396401382401,3,0
93,31,0,shortest,Customer_2,Customer_26,55,31,"[55, 8, 31]","[103, 92]",4.335834247056647,0.08955017015262495,2,0
94,31,1,detour_2,Customer_2,Customer_26,55,31,"[55, 74, 31]","[414, 309]",4.736819527772882,0.09601795357378087,2,0
95,31,2,detour_3,Customer_2,Customer_26,55,31,"[55, 8, 18, 31]","[103, 98, 206]",4.669013441190318,0.09787965000596671,3,0
96,32,0,shortest,Customer_2,Customer_67,55,31,"[55, 8, 31]","[103, 92]",4.335834247056647,0.08955017015262495,2,0
97,32,1,detour_2,Customer_2,Customer_67,55,31,"[55, 74, 31]","[414, 309]",4.736819527772882,0.09601795357378087,2,0
98,32,2,detour_3,Customer_2,Customer_67,55,31,"[55, 8, 18, 31]","[103, 98, 206]",4.669013441190318,0.09787965000596671,3,0
99,33,0,shortest,Customer_2,Customer_71,55,32,"[55, 32]",[317],4.230926554314506,0.07692593735117283,1,0
100,33,1,detour_2,Customer_2,Customer_71,55,32,"[55, 50, 32]","[395, 319]",5.661614676967069,0.10293844867212854,2,0
101,33,2,detour_3,Customer_2,Customer_71,55,32,"[55, 50, 10, 32]","[395, 121, 118]",8.273150195138037,0.15042091263887336,1,0
102,34,0,shortest,Customer_2,Customer_51,55,10,"[55, 50, 10]","[395, 121]",5.662465262757676,0.10295391386832137,1,0
103,34,1,detour_2,Customer_2,Customer_51,55,10,"[55, 32, 10]","[317, 119]",6.841611486694866,0.12439293612172483,1,0
104,34,2,detour_3,Customer_2,Customer_51,55,10,"[55, 50, 32, 10]","[395, 319, 119]",8.27229960934743,0.15040544744268053,2,0
105,35,0,shortest,Customer_2,Customer_9,55,34,"[55, 50, 46, 14, 34]","[395, 385, 171, 168]",11.767970629037487,0.2278895260644627,1,0
106,35,1,detour_2,Customer_2,Customer_9,55,34,"[55, 50, 46, 14, 47, 34]","[395, 385, 171, 162, 329]",12.856612200284793,0.2551055653456454,2,0
107,35,2,detour_3,Customer_2,Customer_9,55,34,"[55, 50, 10, 46, 14, 34]","[395, 121, 124, 171, 168]",14.017928765718965,0.2687978558223078,1,0
108,36,0,shortest,Customer_2,Customer_77,55,28,"[55, 59, 28]","[418, 283]",6.385527030194028,0.11610049145807325,2,0
109,36,1,avoid_congestion,Customer_2,Customer_77,55,28,"[55, 59, 27, 28]","[418, 271, 272]",10.838034694948188,0.19705517627178526,1,0
110,36,2,detour_2,Customer_2,Customer_77,55,28,"[55, 74, 28]","[414, 285]",6.171102610429447,0.12209582780390024,2,0
111,36,3,detour_3,Customer_2,Customer_77,55,28,"[55, 74, 59, 28]","[414, 439, 283]",6.476699162794231,0.13925705774350072,3,0
112,37,0,shortest,Customer_2,Customer_54,55,69,"[55, 59, 69]","[418, 442]",6.73115291253637,0.12238459840975216,2,0
113,37,1,avoid_congestion,Customer_2,Customer_54,55,69,"[55, 59, 27, 69]","[418, 271, 274]",12.145651375614676,0.22083002501117593,1,0
114,37,2,detour_2,Customer_2,Customer_54,55,69,"[55, 72, 69]","[416, 459]",6.331149230464931,0.13081022955644872,2,0
115,37,3,detour_3,Customer_2,Customer_54,55,69,"[55, 74, 72, 69]","[414, 461, 459]",6.699921065482897,0.14002952543189787,3,0
116,38,0,shortest,Customer_2,Customer_32,55,46,"[55, 50, 46]","[395, 385]",6.386292656081796,0.11611441192875993,1,0
117,38,1,detour_2,Customer_2,Customer_32,55,46,"[55, 50, 10, 46]","[395, 121, 124]",8.636250792763276,0.15702274168660502,1,0
118,38,2,detour_3,Customer_2,Customer_32,55,46,"[55, 74, 50, 46]","[414, 397, 385]",9.195489662073323,0.17708468328833435,2,0
119,39,0,shortest,Customer_2,Customer_49,55,46,"[55, 50, 46]","[395, 385]",6.386292656081796,0.11611441192875993,1,0
120,39,1,detour_2,Customer_2,Customer_49,55,46,"[55, 50, 10, 46]","[395, 121, 124]",8.636250792763276,0.15702274168660502,1,0
121,39,2,detour_3,Customer_2,Customer_49,55,46,"[55, 74, 50, 46]","[414, 397, 385]",9.195489662073323,0.17708468328833435,2,0
122,40,0,same_node,Customer_3,Customer_42,74,74,[74],[],0.0,0.0,0,0
123,41,0,same_node,Customer_3,Customer_47,74,74,[74],[],0.0,0.0,0,0
124,42,0,shortest,Customer_3,Customer_15,74,72,"[74, 72]",[461],1.22009310529712,0.030502327632428,1,0
125,42,1,detour_2,Customer_3,Customer_15,74,72,"[74, 8, 72]","[107, 94]",3.476713837311578,0.08691784593278945,2,0
126,42,2,detour_3,Customer_3,Customer_15,74,72,"[74, 55, 72]","[415, 416]",3.7535501704661716,0.09383875426165429,2,0
127,43,0,shortest,Customer_3,Customer_2,74,55,"[74, 55]",[415],1.451114450093509,0.03627786125233772,1,0
128,43,1,detour_2,Customer_3,Customer_2,74,55,"[74, 72, 55]","[461, 417]",3.5225288256697826,0.08806322064174457,2,0
129,43,2,detour_3,Customer_3,Customer_2,74,55,"[74, 59, 55]","[439, 419]",4.764054820497257,0.09822410754200905,2,0
130,44,0,shortest,Customer_3,Customer_35,74,8,"[74, 8]",[107],2.2410264063677987,0.05602566015919497,1,0
131,44,1,detour_2,Customer_3,Customer_35,74,8,"[74, 72, 8]","[461, 95]",2.4557805362408995,0.061394513406022484,2,0
132,44,2,detour_3,Customer_3,Customer_35,74,8,"[74, 55, 8]","[415, 103]",4.215148400249557,0.0865330239824477,2,0
133,45,0,shortest,Customer_3,Customer_41,74,8,"[74, 8]",[107],2.2410264063677987,0.05602566015919497,1,0
134,45,1,detour_2,Customer_3,Customer_41,74,8,"[74, 72, 8]","[461, 95]",2.4557805362408995,0.061394513406022484,2,0
135,45,2,detour_3,Customer_3,Customer_41,74,8,"[74, 55, 8]","[415, 103]",4.215148400249557,0.0865330239824477,2,0
136,46,0,shortest,Customer_3,Customer_46,74,8,"[74, 8]",[107],2.2410264063677987,0.05602566015919497,1,0
137,46,1,detour_2,Customer_3,Customer_46,74,8,"[74, 72, 8]","[461, 95]",2.4557805362408995,0.061394513406022484,2,0
138,46,2,detour_3,Customer_3,Customer_46,74,8,"[74, 55, 8]","[415, 103]",4.215148400249557,0.0865330239824477,2,0
139,47,0,shortest,Customer_3,Customer_14,74,17,"[74, 17]",[205],2.8779045445945126,0.052325537174445685,1,0
140,47,1,detour_2,Customer_3,Customer_14,74,17,"[74, 72, 17]","[461, 197]",3.6926769919834124,0.09231692479958531,2,0
141,47,2,detour_3,Customer_3,Customer_14,74,17,"[74, 72, 4, 17]","[461, 49, 50]",4.630053179698124,0.09572811959982097,3,0
142,48,0,shortest,Customer_3,Customer_29,74,17,"[74, 17]",[205],2.8779045445945126,0.052325537174445685,1,0
143,48,1,detour_2,Customer_3,Customer_29,74,17,"[74, 72, 17]","[461, 197]",3.6926769919834124,0.09231692479958531,2,0
144,48,2,detour_3,Customer_3,Customer_29,74,17,"[74, 72, 4, 17]","[461, 49, 50]",4.630053179698124,0.09572811959982097,3,0
145,49,0,shortest,Customer_3,Customer_31,74,17,"[74, 17]",[205],2.8779045445945126,0.052325537174445685,1,0
146,49,1,detour_2,Customer_3,Customer_31,74,17,"[74, 72, 17]","[461, 197]",3.6926769919834124,0.09231692479958531,2,0
147,49,2,detour_3,Customer_3,Customer_31,74,17,"[74, 72, 4, 17]","[461, 49, 50]",4.630053179698124,0.09572811959982097,3,0
148,50,0,shortest,Customer_3,Customer_26,74,31,"[74, 31]",[309],3.2857050776793733,0.05974009232144315,1,0
149,50,1,detour_2,Customer_3,Customer_26,74,31,"[74, 72, 31]","[461, 307]",3.2858464216437584,0.08214616054109397,2,0
150,50,2,detour_3,Customer_3,Customer_26,74,31,"[74, 72, 18, 31]","[461, 209, 206]",3.6560584763889286,0.09140146190972322,3,0
151,51,0,shortest,Customer_3,Customer_67,74,31,"[74, 31]",[309],3.2857050776793733,0.05974009232144315,1,0
152,51,1,detour_2,Customer_3,Customer_67,74,31,"[74, 72, 31]","[461, 307]",3.2858464216437584,0.08214616054109397,2,0
153,51,2,detour_3,Customer_3,Customer_67,74,31,"[74, 72, 18, 31]","[461, 209, 206]",3.6560584763889286,0.09140146190972322,3,0
154,52,0,shortest,Customer_3,Customer_33,74,4,"[74, 17, 4]","[205, 51]",3.3511271680761365,0.06415610276148628,2,0
155,52,1,detour_2,Customer_3,Customer_33,74,4,"[74, 72, 4]","[461, 49]",4.156830556216501,0.08389755401278037,2,0
156,52,2,detour_3,Customer_3,Customer_33,74,4,"[74, 55, 4]","[415, 47]",4.313290532779908,0.08831742639209042,2,0
157,53,0,shortest,Customer_3,Customer_77,74,28,"[74, 28]",[285],4.719988160335938,0.08581796655156251,1,0
158,53,1,detour_2,Customer_3,Customer_77,74,28,"[74, 59, 28]","[439, 283]",5.025584712700724,0.10297919649116298,2,0
159,53,2,detour_3,Customer_3,Customer_77,74,28,"[74, 72, 28]","[461, 287]",6.6102919471627555,0.1285059429390759,2,0
160,54,0,shortest,Customer_3,Customer_54,74,69,"[74, 72, 69]","[461, 459]",5.2488066153893875,0.10375166417956014,2,0
161,54,1,avoid_congestion,Customer_3,Customer_54,74,69,"[74, 59, 27, 69]","[439, 271, 274]",10.78570905812137,0.20770873004426565,1,0
162,54,2,detour_2,Customer_3,Customer_54,74,69,"[74, 59, 69]","[439, 442]",5.371210595043063,0.1092633034428419,2,0
163,54,3,detour_3,Customer_3,Customer_54,74,69,"[74, 31, 69]","[309, 310]",6.7329328399446045,0.12241696072626554,2,0
164,55,0,shortest,Customer_3,Customer_71,74,32,"[74, 55, 32]","[415, 317]",5.682041004408014,0.11320379860351054,2,0
165,55,1,avoid_congestion,Customer_3,Customer_71,74,32,"[74, 50, 10, 32]","[397, 121, 118]",9.631232751036054,0.17511332274611008,1,0
166,55,2,detour_2,Customer_3,Customer_71,74,32,"[74, 50, 32]","[397, 319]",7.019697232865088,0.12763085877936525,2,0
167,55,3,detour_3,Customer_3,Customer_71,74,32,"[74, 55, 50, 32]","[415, 395, 319]",7.112729127060579,0.13921630992446626,3,0
168,56,0,shortest,Customer_3,Customer_48,74,27,"[74, 27]",[279],6.403611617492714,0.11642930213623115,1,0
169,56,1,avoid_congestion,Customer_3,Customer_48,74,27,"[74, 59, 27]","[439, 271]",6.404283147233186,0.12804644075538957,1,0
170,56,2,detour_3,Customer_3,Customer_48,74,27,"[74, 28, 27]","[285, 273]",7.793797390557636,0.1417054071010479,1,0
171,57,0,shortest,Customer_3,Customer_51,74,10,"[74, 50, 10]","[397, 121]",7.020547818655694,0.12764632397555808,1,0
172,57,1,detour_2,Customer_3,Customer_51,74,10,"[74, 55, 50, 10]","[415, 395, 121]",7.113579712851185,0.1392317751206591,2,0
173,57,2,detour_3,Customer_3,Customer_51,74,10,"[74, 55, 32, 10]","[415, 317, 119]",8.292725936788374,0.16067079737406254,2,0
174,58,0,shortest,Customer_3,Customer_9,74,34,"[74, 50, 46, 14, 34]","[397, 385, 171, 168]",13.126053184935504,0.2525819361716994,1,0
175,58,1,detour_2,Customer_3,Customer_9,74,34,"[74, 55, 50, 46, 14, 34]","[415, 395, 385, 171, 168]",13.219085079130995,0.26416738731680045,2,0
176,58,2,detour_3,Customer_3,Customer_9,74,34,"[74, 50, 46, 14, 47, 34]","[397, 385, 171, 162, 329]",14.21469475618281,0.2797979754528821,2,0
177,59,0,shortest,Customer_3,Customer_55,74,48,"[74, 17, 4, 48]","[205, 51, 52]",7.641759525537303,0.14216760016987112,3,0
178,59,1,detour_2,Customer_3,Customer_55,74,48,"[74, 31, 18, 48]","[309, 207, 212]",7.972892462334084,0.14622422849374708,3,0
179,59,2,detour_3,Customer_3,Customer_55,74,48,"[74, 72, 4, 48]","[461, 49, 52]",8.447462913677668,0.16190905142116524,3,0
180,60,0,same_node,Customer_4,Customer_45,56,56,[56],[],0.0,0.0,0,0
181,61,0,shortest,Customer_4,Customer_36,56,62,"[56, 62]",[422],6.364542174036592,0.11571894861884713,0,0
182,61,1,detour_2,Customer_4,Customer_36,56,62,"[56, 78, 62]","[420, 451]",10.498414289018283,0.1908802598003324,0,0
183,61,2,detour_3,Customer_4,Customer_36,56,62,"[56, 78, 16, 62]","[420, 191, 192]",21.558846148543672,0.3919790208826123,0,0
184,62,0,shortest,Customer_4,Customer_59,56,62,"[56, 62]",[422],6.364542174036592,0.11571894861884713,0,0
185,62,1,detour_2,Customer_4,Customer_59,56,62,"[56, 78, 62]","[420, 451]",10.498414289018283,0.1908802598003324,0,0
186,62,2,detour_3,Customer_4,Customer_59,56,62,"[56, 78, 16, 62]","[420, 191, 192]",21.558846148543672,0.3919790208826123,0,0
187,63,0,shortest,Customer_4,Customer_62,56,62,"[56, 62]",[422],6.364542174036592,0.11571894861884713,0,0
188,63,1,detour_2,Customer_4,Customer_62,56,62,"[56, 78, 62]","[420, 451]",10.498414289018283,0.1908802598003324,0,0
189,63,2,detour_3,Customer_4,Customer_62,56,62,"[56, 78, 16, 62]","[420, 191, 192]",21.558846148543672,0.3919790208826123,0,0
190,64,0,shortest,Customer_4,Customer_28,56,16,"[56, 78, 16]","[420, 191]",12.49563269858005,0.22719332179236454,0,0
191,64,1,detour_2,Customer_4,Customer_28,56,16,"[56, 78, 57, 16]","[420, 435, 185]",12.987276324105371,0.23780874170375094,0,0
192,64,2,detour_3,Customer_4,Customer_28,56,16,"[56, 62, 16]","[422, 193]",15.427755624000216,0.2805046477090949,0,0
193,65,0,shortest,Customer_4,Customer_66,56,16,"[56, 78, 16]","[420, 191]",12.49563269858005,0.22719332179236454,0,0
194,65,1,detour_2,Customer_4,Customer_66,56,16,"[56, 78, 57, 16]","[420, 435, 185]",12.987276324105371,0.23780874170375094,0,0
195,65,2,detour_3,Customer_4,Customer_66,56,16,"[56, 62, 16]","[422, 193]",15.427755624000216,0.2805046477090949,0,0
196,66,0,shortest,Customer_4,Customer_18,56,57,"[56, 78, 57]","[420, 435]",12.741397738502883,0.23166177706368873,0,0
197,66,1,detour_2,Customer_4,Customer_18,56,57,"[56, 78, 16, 57]","[420, 191, 184]",12.741511284182538,0.23334028643242674,0,0
198,66,2,detour_3,Customer_4,Customer_18,56,57,"[56, 62, 57]","[422, 433]",15.673621429235677,0.2849749350770123,0,0
199,67,0,shortest,Customer_4,Customer_1,56,1,"[56, 40, 1]","[367, 19]",11.859593368987007,0.2156289703452183,0,0
200,67,1,detour_2,Customer_4,Customer_1,56,1,"[56, 40, 9, 1]","[367, 117, 17]",14.693707062164355,0.2769808948737986,0,0
201,67,2,detour_3,Customer_4,Customer_1,56,1,"[56, 40, 26, 1]","[367, 269, 13]",16.969581487976434,0.3085378452359352,0,0
202,68,0,shortest,Customer_4,Customer_34,56,66,"[56, 78, 16, 66]","[420, 191, 186]",14.423898487201383,0.2753999665078979,0,0
203,68,1,detour_2,Customer_4,Customer_34,56,66,"[56, 78, 57, 66]","[420, 435, 430]",14.503689064432063,0.2757190602119182,0,0
204,68,2,detour_3,Customer_4,Customer_34,56,66,"[56, 78, 16, 57, 66]","[420, 191, 184, 430]",14.503802610111718,0.2773975695806562,0,0
205,69,0,shortest,Customer_4,Customer_73,56,66,"[56, 78, 16, 66]","[420, 191, 186]",14.423898487201383,0.2753999665078979,0,0
206,69,1,detour_2,Customer_4,Customer_73,56,66,"[56, 78, 57, 66]","[420, 435, 430]",14.503689064432063,0.2757190602119182,0,0
207,69,2,detour_3,Customer_4,Customer_73,56,66,"[56, 78, 16, 57, 66]","[420, 191, 184, 430]",14.503802610111718,0.2773975695806562,0,0
208,70,0,shortest,Customer_4,Customer_69,56,9,"[56, 40, 9]","[367, 117]",13.253061313112173,0.24096475114749405,0,0
209,70,1,detour_2,Customer_4,Customer_69,56,9,"[56, 40, 1, 9]","[367, 19, 16]",13.300239118039189,0.25164511407152285,0,0
210,70,2,detour_3,Customer_4,Customer_69,56,9,"[56, 40, 26, 9]","[367, 269, 109]",15.529933382871247,0.2902399229881295,0,0
211,71,0,shortest,Customer_4,Customer_19,56,71,"[56, 71]",[424],13.449625375227917,0.24453864318596213,0,0
212,71,1,detour_2,Customer_4,Customer_19,56,71,"[56, 37, 71]","[345, 348]",13.577851209853502,0.24687002199733643,0,0
213,71,2,detour_3,Customer_4,Customer_19,56,71,"[56, 40, 71]","[367, 368]",19.380177500710573,0.35236686364928316,0,0
214,72,0,shortest,Customer_4,Customer_50,56,26,"[56, 40, 26]","[367, 269]",14.374567032268914,0.26135576422307116,0,0
215,72,1,detour_2,Customer_4,Customer_50,56,26,"[56, 40, 1, 26]","[367, 19, 12]",14.454607824694527,0.2628110513580823,0,0
216,72,2,detour_3,Customer_4,Customer_50,56,26,"[56, 40, 9, 26]","[367, 117, 108]",14.408427663714507,0.2698489099125524,0,0
217,73,0,shortest,Customer_4,Customer_30,56,47,"[56, 40, 9, 47]","[367, 117, 112]",16.322617072813696,0.29677485586933994,0,0
218,73,1,detour_2,Customer_4,Customer_30,56,47,"[56, 40, 1, 47]","[367, 19, 14]",16.344705102516237,0.29717645640938617,0,0
219,73,2,detour_3,Customer_4,Customer_30,56,47,"[56, 40, 1, 9, 47]","[367, 19, 16, 112]",16.36979487774071,0.3074552187933687,0,0
220,74,0,shortest,Customer_4,Customer_60,56,47,"[56, 40, 9, 47]","[367, 117, 112]",16.322617072813696,0.29677485586933994,0,0
221,74,1,detour_2,Customer_4,Customer_60,56,47,"[56, 40, 1, 47]","[367, 19, 14]",16.344705102516237,0.29717645640938617,0,0
222,74,2,detour_3,Customer_4,Customer_60,56,47,"[56, 40, 1, 9, 47]","[367, 19, 16, 112]",16.36979487774071,0.3074552187933687,0,0
223,75,0,shortest,Customer_4,Customer_65,56,47,"[56, 40, 9, 47]","[367, 117, 112]",16.322617072813696,0.29677485586933994,0,0
224,75,1,detour_2,Customer_4,Customer_65,56,47,"[56, 40, 1, 47]","[367, 19, 14]",16.344705102516237,0.29717645640938617,0,0
225,75,2,detour_3,Customer_4,Customer_65,56,47,"[56, 40, 1, 9, 47]","[367, 19, 16, 112]",16.36979487774071,0.3074552187933687,0,0
226,76,0,shortest,Customer_4,Customer_38,56,14,"[56, 40, 26, 14]","[367, 269, 165]",17.56725410302427,0.3194046200549867,0,0
227,76,1,detour_2,Customer_4,Customer_38,56,14,"[56, 40, 1, 26, 14]","[367, 19, 12, 165]",17.647294895449882,0.32085990718999785,0,0
228,76,2,detour_3,Customer_4,Customer_38,56,14,"[56, 40, 9, 26, 14]","[367, 117, 108, 165]",17.601114734469864,0.32789776574446794,0,0
229,77,0,shortest,Customer_4,Customer_9,56,34,"[56, 40, 9, 34]","[367, 117, 110]",17.142197208845626,0.31167631288810227,0,0
230,77,1,detour_2,Customer_4,Customer_9,56,34,"[56, 40, 26, 34]","[367, 269, 266]",17.16170302881037,0.31203096416018855,0,0
231,77,2,detour_3,Customer_4,Customer_9,56,34,"[56, 40, 1, 26, 34]","[367, 19, 12, 266]",17.241743821235982,0.3134862512951997,0,0
232,78,0,shortest,Customer_4,Customer_25,56,19,"[56, 78, 57, 77, 19]","[420, 435, 426, 221]",21.858002261452764,0.3974182229355047,0,0
233,78,1,detour_2,Customer_4,Customer_25,56,19,"[56, 78, 16, 57, 77, 19]","[420, 191, 184, 426, 221]",21.85811580713242,0.39909673230424275,0,0
234,78,2,detour_3,Customer_4,Customer_25,56,19,"[56, 62, 57, 77, 19]","[422, 433, 426, 221]",24.79022595218556,0.4507313809488283,0,0
235,79,0,shortest,Customer_5,Customer_24,7,22,"[7, 22]",[86],3.1521982487429336,0.0573126954316897,0,0
236,79,1,detour_2,Customer_5,Customer_24,7,22,"[7, 44, 22]","[82, 241]",3.9091492025472028,0.07379522055526803,0,0
237,79,2,detour_3,Customer_5,Customer_24,7,22,"[7, 5, 22]","[61, 56]",3.984142331049332,0.07544887744662039,0,0
238,80,0,shortest,Customer_5,Customer_6,7,5,"[7, 5]",[61],3.5426865216765577,0.06441248221230104,0,0
239,80,1,detour_2,Customer_5,Customer_6,7,5,"[7, 22, 5]","[86, 57]",3.5936540581157077,0.06834909066600905,0,0
240,80,2,detour_3,Customer_5,Customer_6,7,5,"[7, 44, 5]","[82, 59]",4.308902984246917,0.08106347113162647,0,0
241,81,0,shortest,Customer_5,Customer_8,7,63,"[7, 45, 63]","[84, 382]",6.767888693060099,0.12305252169200182,0,0
242,81,1,detour_2,Customer_5,Customer_8,7,63,"[7, 13, 63]","[88, 152]",6.202203104231713,0.12572940672465566,0,0
243,81,2,detour_3,Customer_5,Customer_8,7,63,"[7, 44, 13, 63]","[82, 159, 152]",6.495366793777147,0.133779436134437,0,0
244,82,0,shortest,Customer_5,Customer_54,7,69,"[7, 22, 69]","[86, 238]",7.841906363529539,0.14258011570053708,0,0
245,82,1,detour_2,Customer_5,Customer_54,7,69,"[7, 5, 69]","[61, 54]",8.521321314665824,0.1549331148121059,0,0
246,82,2,detour_3,Customer_5,Customer_54,7,69,"[7, 22, 5, 69]","[86, 57, 54]",8.572288851104975,0.1588697232658139,0,0
247,83,0,shortest,Customer_5,Customer_26,7,31,"[7, 22, 69, 31]","[86, 238, 311]",11.289134125794769,0.20525698410535947,1,0
248,83,1,detour_2,Customer_5,Customer_26,7,31,"[7, 22, 69, 18, 31]","[86, 238, 215, 206]",11.485609678121865,0.2100918142353431,2,0
249,83,2,detour_3,Customer_5,Customer_26,7,31,"[7, 5, 69, 31]","[61, 54, 311]",11.968549076931055,0.21760998321692826,1,0
250,84,0,shortest,Customer_5,Customer_67,7,31,"[7, 22, 69, 31]","[86, 238, 311]",11.289134125794769,0.20525698410535947,1,0
251,84,1,detour_2,Customer_5,Customer_67,7,31,"[7, 22, 69, 18, 31]","[86, 238, 215, 206]",11.485609678121865,0.2100918142353431,2,0
252,84,2,detour_3,Customer_5,Customer_67,7,31,"[7, 5, 69, 31]","[61, 54, 311]",11.968549076931055,0.21760998321692826,1,0
253,85,0,shortest,Customer_5,Customer_55,7,48,"[7, 45, 63, 53, 48]","[84, 382, 409, 389]",14.055210039270477,0.2555492734412814,0,0
254,85,1,detour_2,Customer_5,Customer_55,7,48,"[7, 13, 63, 53, 48]","[88, 152, 409, 389]",13.48952445044209,0.25822615847393526,0,0
255,85,2,detour_3,Customer_5,Customer_55,7,48,"[7, 44, 13, 63, 53, 48]","[82, 159, 152, 409, 389]",13.782688139987524,0.2662761878837166,0,0
256,86,0,shortest,Customer_5,Customer_35,7,8,"[7, 22, 69, 31, 8]","[86, 238, 311, 93]",12.860934422695369,0.24455199152787446,2,0
257,86,1,detour_2,Customer_5,Customer_35,7,8,"[7, 22, 69, 72, 8]","[86, 238, 458, 95]",13.106307304565584,0.2467216380212637,2,0
258,86,2,detour_3,Customer_5,Customer_35,7,8,"[7, 22, 69, 18, 8]","[86, 238, 215, 99]",13.020241943438768,0.24845762086826567,2,0
259,87,0,shortest,Customer_5,Customer_41,7,8,"[7, 22, 69, 31, 8]","[86, 238, 311, 93]",12.860934422695369,0.24455199152787446,2,0
260,87,1,detour_2,Customer_5,Customer_41,7,8,"[7, 22, 69, 72, 8]","[86, 238, 458, 95]",13.106307304565584,0.2467216380212637,2,0
261,87,2,detour_3,Customer_5,Customer_41,7,8,"[7, 22, 69, 18, 8]","[86, 238, 215, 99]",13.020241943438768,0.24845762086826567,2,0
262,88,0,shortest,Customer_5,Customer_46,7,8,"[7, 22, 69, 31, 8]","[86, 238, 311, 93]",12.860934422695369,0.24455199152787446,2,0
263,88,1,detour_2,Customer_5,Customer_46,7,8,"[7, 22, 69, 72, 8]","[86, 238, 458, 95]",13.106307304565584,0.2467216380212637,2,0
264,88,2,detour_3,Customer_5,Customer_46,7,8,"[7, 22, 69, 18, 8]","[86, 238, 215, 99]",13.020241943438768,0.24845762086826567,2,0
265,89,0,shortest,Customer_5,Customer_70,7,53,"[7, 45, 63, 53]","[84, 382, 409]",9.828620224958978,0.17870218590834508,0,0
266,89,1,detour_2,Customer_5,Customer_70,7,53,"[7, 13, 63, 53]","[88, 152, 409]",9.262934636130591,0.18137907094099892,0,0
267,89,2,detour_3,Customer_5,Customer_70,7,53,"[7, 44, 13, 63, 53]","[82, 159, 152, 409]",9.556098325676025,0.18942910035078026,0,0
268,90,0,shortest,Customer_5,Customer_15,7,72,"[7, 22, 69, 72]","[86, 238, 458]",11.870619873621806,0.21582945224766922,1,0
269,90,1,detour_2,Customer_5,Customer_15,7,72,"[7, 5, 69, 72]","[61, 54, 458]",12.550034824758093,0.22818245135923804,1,0
270,90,2,detour_3,Customer_5,Customer_15,7,72,"[7, 22, 5, 69, 72]","[86, 57, 54, 458]",12.601002361197242,0.23211905981294603,1,0
271,91,0,shortest,Customer_5,Customer_14,7,17,"[7, 22, 69, 31, 17]","[86, 238, 311, 203]",14.359100381830817,0.261074552396924,2,0
272,91,1,detour_2,Customer_5,Customer_14,7,17,"[7, 22, 69, 18, 17]","[86, 238, 215, 201]",14.4787074352975,0.2632492260963182,2,0
273,91,2,detour_3,Customer_5,Customer_14,7,17,"[7, 22, 69, 18, 31, 17]","[86, 238, 215, 206, 203]",14.555575934157913,0.2659093825269076,3,0
274,92,0,shortest,Customer_5,Customer_29,7,17,"[7, 22, 69, 31, 17]","[86, 238, 311, 203]",14.359100381830817,0.261074552396924,2,0
275,92,1,detour_2,Customer_5,Customer_29,7,17,"[7, 22, 69, 18, 17]","[86, 238, 215, 201]",14.4787074352975,0.2632492260963182,2,0
276,92,2,detour_3,Customer_5,Customer_29,7,17,"[7, 22, 69, 18, 31, 17]","[86, 238, 215, 206, 203]",14.555575934157913,0.2659093825269076,3,0
277,93,0,shortest,Customer_5,Customer_31,7,17,"[7, 22, 69, 31, 17]","[86, 238, 311, 203]",14.359100381830817,0.261074552396924,2,0
278,93,1,detour_2,Customer_5,Customer_31,7,17,"[7, 22, 69, 18, 17]","[86, 238, 215, 201]",14.4787074352975,0.2632492260963182,2,0
279,93,2,detour_3,Customer_5,Customer_31,7,17,"[7, 22, 69, 18, 31, 17]","[86, 238, 215, 206, 203]",14.555575934157913,0.2659093825269076,3,0
280,94,0,shortest,Customer_5,Customer_33,7,4,"[7, 22, 69, 72, 4]","[86, 238, 458, 49]",14.807357324541186,0.2692246786280216,2,0
281,94,1,avoid_congestion,Customer_5,Customer_33,7,4,"[7, 45, 63, 53, 48, 4]","[84, 382, 409, 389, 53]",18.345842396731644,0.3335607708496663,1,0
282,94,2,detour_2,Customer_5,Customer_33,7,4,"[7, 22, 69, 31, 17, 4]","[86, 238, 311, 203, 51]",14.83232300531244,0.2729051179839646,3,0
283,94,3,detour_3,Customer_5,Customer_33,7,4,"[7, 22, 69, 18, 17, 4]","[86, 238, 215, 201, 51]",14.951930058779123,0.2750797916833588,3,0
284,95,0,shortest,Customer_5,Customer_11,7,52,"[7, 13, 52]","[88, 156]",8.371124299352935,0.1522022599882352,0,0
285,95,1,detour_2,Customer_5,Customer_11,7,52,"[7, 44, 13, 52]","[82, 159, 156]",8.66428798889837,0.16025228939801653,0,0
286,95,2,detour_3,Customer_5,Customer_11,7,52,"[7, 45, 13, 52]","[84, 155, 156]",9.060268884834455,0.1766313507380452,0,0
287,96,0,shortest,Customer_5,Customer_12,7,52,"[7, 13, 52]","[88, 156]",8.371124299352935,0.1522022599882352,0,0
288,96,1,detour_2,Customer_5,Customer_12,7,52,"[7, 44, 13, 52]","[82, 159, 156]",8.66428798889837,0.16025228939801653,0,0
289,96,2,detour_3,Customer_5,Customer_12,7,52,"[7, 45, 13, 52]","[84, 155, 156]",9.060268884834455,0.1766313507380452,0,0
290,97,0,shortest,Customer_5,Customer_20,7,52,"[7, 13, 52]","[88, 156]",8.371124299352935,0.1522022599882352,0,0
291,97,1,detour_2,Customer_5,Customer_20,7,52,"[7, 44, 13, 52]","[82, 159, 156]",8.66428798889837,0.16025228939801653,0,0
292,97,2,detour_3,Customer_5,Customer_20,7,52,"[7, 45, 13, 52]","[84, 155, 156]",9.060268884834455,0.1766313507380452,0,0
293,98,0,shortest,Customer_5,Customer_53,7,52,"[7, 13, 52]","[88, 156]",8.371124299352935,0.1522022599882352,0,0
294,98,1,detour_2,Customer_5,Customer_53,7,52,"[7, 44, 13, 52]","[82, 159, 156]",8.66428798889837,0.16025228939801653,0,0
295,98,2,detour_3,Customer_5,Customer_53,7,52,"[7, 45, 13, 52]","[84, 155, 156]",9.060268884834455,0.1766313507380452,0,0
296,99,0,shortest,Customer_6,Customer_24,5,22,"[5, 22]",[56],0.44145580937277396,0.01103639523431935,0,0
297,99,1,detour_2,Customer_6,Customer_24,5,22,"[5, 7, 22]","[60, 86]",6.694884770419492,0.12172517764399074,0,0
298,99,2,detour_3,Customer_6,Customer_24,5,22,"[5, 44, 22]","[58, 241]",7.420249904167243,0.1349136346212226,0,0
299,100,0,shortest,Customer_6,Customer_5,5,7,"[5, 7]",[60],3.5426865216765577,0.06441248221230104,0,0
300,100,1,detour_2,Customer_6,Customer_5,5,7,"[5, 22, 7]","[56, 87]",3.5936540581157077,0.06834909066600905,0,0
301,100,2,detour_3,Customer_6,Customer_5,5,7,"[5, 44, 7]","[58, 83]",4.308902984246917,0.08106347113162647,0,0
302,101,0,shortest,Customer_6,Customer_54,5,69,"[5, 69]",[54],4.978634792989267,0.09052063259980485,0,0
303,101,1,detour_2,Customer_6,Customer_54,5,69,"[5, 22, 69]","[56, 238]",5.131163924159379,0.09630381550316672,0,0
304,101,2,detour_3,Customer_6,Customer_54,5,69,"[5, 7, 22, 69]","[60, 86, 238]",11.384592885206096,0.2069925979128381,0,0
305,102,0,shortest,Customer_6,Customer_37,5,68,"[5, 68]",[62],5.227300133398324,0.09504182060724226,0,0
306,102,1,detour_2,Customer_6,Customer_37,5,68,"[5, 22, 68]","[56, 244]",5.863460695202883,0.10961830224941224,0,0
307,102,2,detour_3,Customer_6,Customer_37,5,68,"[5, 11, 68]","[64, 134]",10.444586473186313,0.18990157223975115,0,0
308,103,0,shortest,Customer_6,Customer_26,5,31,"[5, 69, 31]","[54, 311]",8.425862555254497,0.15319750100462723,1,0
309,103,1,detour_2,Customer_6,Customer_26,5,31,"[5, 69, 18, 31]","[54, 215, 206]",8.622338107581593,0.15803233113461088,2,0
310,103,2,detour_3,Customer_6,Customer_26,5,31,"[5, 22, 69, 31]","[56, 238, 311]",8.57839168642461,0.15898068390798908,1,0
311,104,0,shortest,Customer_6,Customer_67,5,31,"[5, 69, 31]","[54, 311]",8.425862555254497,0.15319750100462723,1,0
312,104,1,detour_2,Customer_6,Customer_67,5,31,"[5, 69, 18, 31]","[54, 215, 206]",8.622338107581593,0.15803233113461088,2,0
313,104,2,detour_3,Customer_6,Customer_67,5,31,"[5, 22, 69, 31]","[56, 238, 311]",8.57839168642461,0.15898068390798908,1,0
314,105,0,shortest,Customer_6,Customer_7,5,11,"[5, 11]",[64],7.612746478866841,0.13841357234303348,0,0
315,105,1,detour_2,Customer_6,Customer_7,5,11,"[5, 68, 11]","[62, 135]",8.059140127717797,0.14652982050395993,0,0
316,105,2,detour_3,Customer_6,Customer_7,5,11,"[5, 22, 68, 11]","[56, 244, 135]",8.695300689522355,0.16110630214612992,0,0
317,106,0,shortest,Customer_6,Customer_48,5,27,"[5, 69, 27]","[54, 275]",9.360060703877451,0.17018292188868092,0,0
318,106,1,detour_2,Customer_6,Customer_48,5,27,"[5, 22, 69, 27]","[56, 238, 275]",9.512589835047564,0.17596610479204278,0,0
319,106,2,detour_3,Customer_6,Customer_48,5,27,"[5, 68, 27]","[62, 277]",10.050569288788715,0.1827376234325221,0,0
320,107,0,shortest,Customer_6,Customer_8,5,63,"[5, 7, 45, 63]","[60, 84, 382]",10.310575214736657,0.18746500390430285,0,0
321,107,1,detour_2,Customer_6,Customer_8,5,63,"[5, 7, 13, 63]","[60, 88, 152]",9.74488962590827,0.19014188893695672,0,0
322,107,2,detour_3,Customer_6,Customer_8,5,63,"[5, 22, 7, 45, 63]","[56, 87, 84, 382]",10.361542751175808,0.19140161235801087,0,0
323,108,0,shortest,Customer_6,Customer_15,5,72,"[5, 69, 72]","[54, 458]",9.007348303081535,0.16376996914693698,1,0
324,108,1,detour_2,Customer_6,Customer_15,5,72,"[5, 22, 69, 72]","[56, 238, 458]",9.159877434251648,0.16955315205029886,1,0
325,108,2,detour_3,Customer_6,Customer_15,5,72,"[5, 69, 31, 72]","[54, 311, 306]",10.491615871601136,0.20484133391329318,2,0
326,109,0,shortest,Customer_6,Customer_35,5,8,"[5, 69, 31, 8]","[54, 311, 93]",9.997662852155097,0.19249250842714222,2,0
327,109,1,detour_2,Customer_6,Customer_35,5,8,"[5, 69, 72, 8]","[54, 458, 95]",10.243035734025314,0.19466215492053146,2,0
328,109,2,detour_3,Customer_6,Customer_35,5,8,"[5, 69, 18, 8]","[54, 215, 99]",10.156970372898495,0.19639813776753345,2,0
329,110,0,shortest,Customer_6,Customer_41,5,8,"[5, 69, 31, 8]","[54, 311, 93]",9.997662852155097,0.19249250842714222,2,0
330,110,1,detour_2,Customer_6,Customer_41,5,8,"[5, 69, 72, 8]","[54, 458, 95]",10.243035734025314,0.19466215492053146,2,0
331,110,2,detour_3,Customer_6,Customer_41,5,8,"[5, 69, 18, 8]","[54, 215, 99]",10.156970372898495,0.19639813776753345,2,0
332,111,0,shortest,Customer_6,Customer_46,5,8,"[5, 69, 31, 8]","[54, 311, 93]",9.997662852155097,0.19249250842714222,2,0
333,111,1,detour_2,Customer_6,Customer_46,5,8,"[5, 69, 72, 8]","[54, 458, 95]",10.243035734025314,0.19466215492053146,2,0
334,111,2,detour_3,Customer_6,Customer_46,5,8,"[5, 69, 18, 8]","[54, 215, 99]",10.156970372898495,0.19639813776753345,2,0
335,112,0,shortest,Customer_6,Customer_55,5,48,"[5, 69, 18, 48]","[54, 215, 212]",12.939178266518937,0.23525778666398064,2,0
336,112,1,avoid_congestion,Customer_6,Customer_55,5,48,"[5, 7, 45, 63, 53, 48]","[60, 84, 382, 409, 389]",17.597896560947035,0.3199617556535824,0,0
337,112,2,detour_2,Customer_6,Customer_55,5,48,"[5, 69, 31, 18, 48]","[54, 311, 207, 212]",13.113049939909207,0.23968163717693117,3,0
338,112,3,detour_3,Customer_6,Customer_55,5,48,"[5, 22, 69, 18, 48]","[56, 238, 215, 212]",13.09170739768905,0.24104096956734253,2,0
339,113,0,shortest,Customer_6,Customer_3,5,74,"[5, 69, 72, 74]","[54, 458, 460]",10.227441408378656,0.19427229677936497,2,0
340,113,1,avoid_congestion,Customer_6,Customer_3,5,74,"[5, 69, 27, 59, 74]","[54, 275, 270, 438]",15.764343851110638,0.2982293626440705,1,0
341,113,2,detour_2,Customer_6,Customer_3,5,74,"[5, 69, 59, 74]","[54, 443, 438]",10.34984538803233,0.19978393604264674,2,0
342,113,3,detour_3,Customer_6,Customer_3,5,74,"[5, 22, 69, 72, 74]","[56, 238, 458, 460]",10.379970539548768,0.20005547968272686,2,0
343,114,0,shortest,Customer_6,Customer_42,5,74,"[5, 69, 72, 74]","[54, 458, 460]",10.227441408378656,0.19427229677936497,2,0
344,114,1,avoid_congestion,Customer_6,Customer_42,5,74,"[5, 69, 27, 59, 74]","[54, 275, 270, 438]",15.764343851110638,0.2982293626440705,1,0
345,114,2,detour_2,Customer_6,Customer_42,5,74,"[5, 69, 59, 74]","[54, 443, 438]",10.34984538803233,0.19978393604264674,2,0
346,114,3,detour_3,Customer_6,Customer_42,5,74,"[5, 22, 69, 72, 74]","[56, 238, 458, 460]",10.379970539548768,0.20005547968272686,2,0
347,115,0,shortest,Customer_6,Customer_47,5,74,"[5, 69, 72, 74]","[54, 458, 460]",10.227441408378656,0.19427229677936497,2,0
348,115,1,avoid_congestion,Customer_6,Customer_47,5,74,"[5, 69, 27, 59, 74]","[54, 275, 270, 438]",15.764343851110638,0.2982293626440705,1,0
349,115,2,detour_2,Customer_6,Customer_47,5,74,"[5, 69, 59, 74]","[54, 443, 438]",10.34984538803233,0.19978393604264674,2,0
350,115,3,detour_3,Customer_6,Customer_47,5,74,"[5, 22, 69, 72, 74]","[56, 238, 458, 460]",10.379970539548768,0.20005547968272686,2,0
351,116,0,shortest,Customer_6,Customer_77,5,28,"[5, 69, 59, 28]","[54, 443, 283]",11.971317597729103,0.21766031995871093,2,0
352,116,1,avoid_congestion,Customer_6,Customer_77,5,28,"[5, 69, 27, 28]","[54, 275, 272]",12.433869934099148,0.2260703624381663,0,0
353,116,2,detour_2,Customer_6,Customer_77,5,28,"[5, 22, 69, 59, 28]","[56, 238, 443, 283]",12.123846728899215,0.22344350286207282,2,0
354,117,0,shortest,Customer_6,Customer_14,5,17,"[5, 69, 31, 17]","[54, 311, 203]",11.495828811290545,0.20901506929619174,2,0
355,117,1,detour_2,Customer_6,Customer_14,5,17,"[5, 69, 18, 17]","[54, 215, 201]",11.615435864757227,0.21118974299558596,2,0
356,117,2,detour_3,Customer_6,Customer_14,5,17,"[5, 69, 18, 31, 17]","[54, 215, 206, 203]",11.692304363617641,0.21384989942617538,3,0
357,118,0,shortest,Customer_6,Customer_29,5,17,"[5, 69, 31, 17]","[54, 311, 203]",11.495828811290545,0.20901506929619174,2,0
358,118,1,detour_2,Customer_6,Customer_29,5,17,"[5, 69, 18, 17]","[54, 215, 201]",11.615435864757227,0.21118974299558596,2,0
359,118,2,detour_3,Customer_6,Customer_29,5,17,"[5, 69, 18, 31, 17]","[54, 215, 206, 203]",11.692304363617641,0.21384989942617538,3,0
360,119,0,shortest,Customer_7,Customer_37,11,68,"[11, 68]",[134],2.8318399943194725,0.051487999896717686,0,0
361,119,1,detour_2,Customer_7,Customer_37,11,68,"[11, 51, 68]","[136, 400]",11.154309692475778,0.20280563077228686,0,0
362,119,2,detour_3,Customer_7,Customer_37,11,68,"[11, 27, 68]","[138, 276]",11.42966225785388,0.20781204105188872,0,0
363,120,0,shortest,Customer_7,Customer_48,11,27,"[11, 27]",[138],6.606393102463487,0.12011623822660886,0,0
364,120,1,detour_2,Customer_7,Customer_48,11,27,"[11, 68, 27]","[134, 277]",7.6551091497098644,0.13918380272199754,0,0
365,120,2,detour_3,Customer_7,Customer_48,11,27,"[11, 51, 27]","[136, 281]",14.673088111462253,0.26678342020840456,0,0
366,121,0,shortest,Customer_7,Customer_6,11,5,"[11, 5]",[65],7.612746478866841,0.13841357234303348,0,0
367,121,1,detour_2,Customer_7,Customer_6,11,5,"[11, 68, 5]","[134, 63]",8.059140127717797,0.14652982050395993,0,0
368,121,2,detour_3,Customer_7,Customer_6,11,5,"[11, 68, 22, 5]","[134, 245, 57]",8.695300689522357,0.16110630214612992,0,0
369,122,0,shortest,Customer_7,Customer_24,11,22,"[11, 5, 22]","[65, 56]",8.054202288239615,0.14944996757735282,0,0
370,122,1,detour_2,Customer_7,Customer_24,11,22,"[11, 68, 22]","[134, 245]",8.253844880149583,0.15006990691181057,0,0
371,122,2,detour_3,Customer_7,Customer_24,11,22,"[11, 68, 5, 22]","[134, 63, 56]",8.500595937090571,0.15756621573827928,0,0
372,123,0,shortest,Customer_7,Customer_54,11,69,"[11, 27, 69]","[138, 274]",10.987819013351672,0.19977852751548492,0,0
373,123,1,detour_2,Customer_7,Customer_54,11,69,"[11, 68, 27, 69]","[134, 277, 274]",12.036535060598048,0.21884609201087363,0,0
374,123,2,detour_3,Customer_7,Customer_54,11,69,"[11, 5, 69]","[65, 54]",12.591381271856108,0.22893420494283834,0,0
375,124,0,shortest,Customer_7,Customer_77,11,28,"[11, 27, 28]","[138, 272]",9.680202332685184,0.17600367877609424,0,0
376,124,1,detour_2,Customer_7,Customer_77,11,28,"[11, 68, 27, 28]","[134, 277, 272]",10.728918379931562,0.19507124327148295,0,0
377,124,2,detour_3,Customer_7,Customer_77,11,28,"[11, 27, 59, 28]","[138, 270, 283]",14.632148459393445,0.2660390628980627,1,0
378,125,0,shortest,Customer_7,Customer_5,11,7,"[11, 5, 7]","[65, 60]",11.155433000543399,0.20282605455533453,0,0
379,125,1,detour_2,Customer_7,Customer_5,11,7,"[11, 5, 22, 7]","[65, 56, 87]",11.20640053698255,0.20676266300904253,0,0
380,125,2,detour_3,Customer_7,Customer_5,11,7,"[11, 68, 22, 7]","[134, 245, 87]",11.406043128892517,0.20738260234350028,0,0
381,126,0,shortest,Customer_7,Customer_26,11,31,"[11, 27, 69, 31]","[138, 274, 311]",14.435046775616902,0.2624553959203073,1,0
382,126,1,detour_2,Customer_7,Customer_26,11,31,"[11, 27, 69, 18, 31]","[138, 274, 215, 206]",14.631522327943998,0.2672902260502909,2,0
383,126,2,detour_3,Customer_7,Customer_26,11,31,"[11, 68, 27, 69, 31]","[134, 277, 274, 311]",15.483762822863278,0.281522960415696,1,0
384,127,0,shortest,Customer_7,Customer_67,11,31,"[11, 27, 69, 31]","[138, 274, 311]",14.435046775616902,0.2624553959203073,1,0
385,127,1,detour_2,Customer_7,Customer_67,11,31,"[11, 27, 69, 18, 31]","[138, 274, 215, 206]",14.631522327943998,0.2672902260502909,2,0
386,127,2,detour_3,Customer_7,Customer_67,11,31,"[11, 68, 27, 69, 31]","[134, 277, 274, 311]",15.483762822863278,0.281522960415696,1,0
387,128,0,shortest,Customer_7,Customer_15,11,72,"[11, 27, 59, 72]","[138, 270, 440]",13.383600087823018,0.2574857749351571,1,0
388,128,1,detour_2,Customer_7,Customer_15,11,72,"[11, 27, 74, 72]","[138, 278, 461]",14.23009782525332,0.26704786799526803,2,0
389,128,2,detour_3,Customer_7,Customer_15,11,72,"[11, 27, 69, 72]","[138, 274, 458]",15.016532523443939,0.27302786406261703,1,0
390,129,0,shortest,Customer_7,Customer_3,11,74,"[11, 27, 74]","[138, 278]",13.0100047199562,0.23654554036284,1,0
391,129,1,avoid_congestion,Customer_7,Customer_3,11,74,"[11, 27, 59, 74]","[138, 270, 438]",13.010676249696672,0.24816267898199845,1,0
392,129,2,detour_3,Customer_7,Customer_3,11,74,"[11, 68, 27, 74]","[134, 277, 278]",14.058720767202578,0.2556131048582287,1,0
393,130,0,shortest,Customer_7,Customer_42,11,74,"[11, 27, 74]","[138, 278]",13.0100047199562,0.23654554036284,1,0
394,130,1,avoid_congestion,Customer_7,Customer_42,11,74,"[11, 27, 59, 74]","[138, 270, 438]",13.010676249696672,0.24816267898199845,1,0
395,130,2,detour_3,Customer_7,Customer_42,11,74,"[11, 68, 27, 74]","[134, 277, 278]",14.058720767202578,0.2556131048582287,1,0
396,131,0,shortest,Customer_7,Customer_47,11,74,"[11, 27, 74]","[138, 278]",13.0100047199562,0.23654554036284,1,0
397,131,1,avoid_congestion,Customer_7,Customer_47,11,74,"[11, 27, 59, 74]","[138, 270, 438]",13.010676249696672,0.24816267898199845,1,0
398,131,2,detour_3,Customer_7,Customer_47,11,74,"[11, 68, 27, 74]","[134, 277, 278]",14.058720767202578,0.2556131048582287,1,0
399,132,0,shortest,Customer_7,Customer_35,11,8,"[11, 27, 59, 8]","[138, 270, 105]",14.613807912070499,0.26570559840128183,1,0
400,132,1,detour_2,Customer_7,Customer_35,11,8,"[11, 68, 27, 59, 8]","[134, 277, 270, 105]",15.662523959316877,0.2847731628966705,1,0
401,132,2,detour_3,Customer_7,Customer_35,11,8,"[11, 27, 59, 72, 8]","[138, 270, 440, 95]",14.619287518766797,0.2883779607087516,2,0
402,133,0,shortest,Customer_7,Customer_41,11,8,"[11, 27, 59, 8]","[138, 270, 105]",14.613807912070499,0.26570559840128183,1,0
403,133,1,detour_2,Customer_7,Customer_41,11,8,"[11, 68, 27, 59, 8]","[134, 277, 270, 105]",15.662523959316877,0.2847731628966705,1,0
404,133,2,detour_3,Customer_7,Customer_41,11,8,"[11, 27, 59, 72, 8]","[138, 270, 440, 95]",14.619287518766797,0.2883779607087516,2,0
405,134,0,shortest,Customer_7,Customer_46,11,8,"[11, 27, 59, 8]","[138, 270, 105]",14.613807912070499,0.26570559840128183,1,0
406,134,1,detour_2,Customer_7,Customer_46,11,8,"[11, 68, 27, 59, 8]","[134, 277, 270, 105]",15.662523959316877,0.2847731628966705,1,0
407,134,2,detour_3,Customer_7,Customer_46,11,8,"[11, 27, 59, 72, 8]","[138, 270, 440, 95]",14.619287518766797,0.2883779607087516,2,0
408,135,0,shortest,Customer_7,Customer_57,11,58,"[11, 27, 28, 49, 58]","[138, 272, 290, 392]",23.576466559405983,0.42866302835283604,0,0
409,135,1,detour_2,Customer_7,Customer_57,11,58,"[11, 68, 27, 28, 49, 58]","[134, 277, 272, 290, 392]",24.625182606652363,0.44773059284822475,0,0
410,135,2,detour_3,Customer_7,Customer_57,11,58,"[11, 27, 59, 28, 49, 58]","[138, 270, 283, 290, 392]",28.528412686114244,0.5186984124748044,1,0
411,136,0,shortest,Customer_7,Customer_78,11,58,"[11, 27, 28, 49, 58]","[138, 272, 290, 392]",23.576466559405983,0.42866302835283604,0,0
412,136,1,detour_2,Customer_7,Customer_78,11,58,"[11, 68, 27, 28, 49, 58]","[134, 277, 272, 290, 392]",24.625182606652363,0.44773059284822475,0,0
413,136,2,detour_3,Customer_7,Customer_78,11,58,"[11, 27, 59, 28, 49, 58]","[138, 270, 283, 290, 392]",28.528412686114244,0.5186984124748044,1,0
414,137,0,shortest,Customer_7,Customer_2,11,55,"[11, 27, 59, 55]","[138, 270, 419]",14.370618567189979,0.26128397394890873,1,0
415,137,1,detour_2,Customer_7,Customer_2,11,55,"[11, 27, 74, 55]","[138, 278, 415]",14.46111917004971,0.2728234016151777,2,0
416,137,2,detour_3,Customer_7,Customer_2,11,55,"[11, 68, 27, 59, 55]","[134, 277, 270, 419]",15.419334614436355,0.2803515384442974,1,0
417,138,0,shortest,Customer_7,Customer_14,11,17,"[11, 27, 74, 17]","[138, 278, 205]",15.887909264550713,0.2888710775372857,2,0
418,138,1,avoid_congestion,Customer_7,Customer_14,11,17,"[11, 27, 59, 74, 17]","[138, 270, 438, 205]",15.888580794291185,0.30048821615644417,2,0
419,138,2,detour_3,Customer_7,Customer_14,11,17,"[11, 27, 59, 8, 17]","[138, 270, 105, 96]",16.241766355877292,0.3064045594964516,2,0
420,139,0,shortest,Customer_8,Customer_70,63,53,"[63, 53]",[409],3.060731531898879,0.05564966421634325,0,0
421,139,1,detour_2,Customer_8,Customer_70,63,53,"[63, 60, 53]","[445, 407]",6.69879786460158,0.12179632481093781,0,0
422,139,2,detour_3,Customer_8,Customer_70,63,53,"[63, 30, 53]","[305, 300]",6.5933809356125,0.13585185798164714,0,0
423,140,0,shortest,Customer_8,Customer_11,63,52,"[63, 52]",[403],4.691338068031211,0.08529705578238565,0,0
424,140,1,detour_2,Customer_8,Customer_11,63,52,"[63, 13, 52]","[153, 156]",5.9711306117844165,0.12152808868015937,0,0
425,140,2,detour_3,Customer_8,Customer_11,63,52,"[63, 45, 13, 52]","[383, 155, 156]",9.338100445840784,0.181682833665433,0,0
426,141,0,shortest,Customer_8,Customer_12,63,52,"[63, 52]",[403],4.691338068031211,0.08529705578238565,0,0
427,141,1,detour_2,Customer_8,Customer_12,63,52,"[63, 13, 52]","[153, 156]",5.9711306117844165,0.12152808868015937,0,0
428,141,2,detour_3,Customer_8,Customer_12,63,52,"[63, 45, 13, 52]","[383, 155, 156]",9.338100445840784,0.181682833665433,0,0
429,142,0,shortest,Customer_8,Customer_20,63,52,"[63, 52]",[403],4.691338068031211,0.08529705578238565,0,0
430,142,1,detour_2,Customer_8,Customer_20,63,52,"[63, 13, 52]","[153, 156]",5.9711306117844165,0.12152808868015937,0,0
431,142,2,detour_3,Customer_8,Customer_20,63,52,"[63, 45, 13, 52]","[383, 155, 156]",9.338100445840784,0.181682833665433,0,0
432,143,0,shortest,Customer_8,Customer_53,63,52,"[63, 52]",[403],4.691338068031211,0.08529705578238565,0,0
433,143,1,detour_2,Customer_8,Customer_53,63,52,"[63, 13, 52]","[153, 156]",5.9711306117844165,0.12152808868015937,0,0
434,143,2,detour_3,Customer_8,Customer_53,63,52,"[63, 45, 13, 52]","[383, 155, 156]",9.338100445840784,0.181682833665433,0,0
435,144,0,shortest,Customer_8,Customer_5,63,7,"[63, 45, 7]","[383, 85]",6.767888693060099,0.12305252169200182,0,0
436,144,1,detour_2,Customer_8,Customer_5,63,7,"[63, 13, 7]","[153, 89]",6.202203104231713,0.12572940672465566,0,0
437,144,2,detour_3,Customer_8,Customer_5,63,7,"[63, 13, 44, 7]","[153, 158, 83]",6.495366793777147,0.13377943613443702,0,0
438,145,0,shortest,Customer_8,Customer_80,63,3,"[63, 3]",[41],5.24437808376615,0.09535232879574818,0,0
439,145,1,detour_2,Customer_8,Customer_80,63,3,"[63, 53, 3]","[409, 35]",5.366149647807276,0.11328511711405317,0,0
440,145,2,detour_3,Customer_8,Customer_80,63,3,"[63, 30, 3]","[305, 33]",7.856897725347688,0.1428526859154125,0,0
441,146,0,shortest,Customer_8,Customer_55,63,48,"[63, 53, 48]","[409, 389]",7.287321346210376,0.13249675174927958,0,0
442,146,1,detour_2,Customer_8,Customer_55,63,48,"[63, 3, 48]","[41, 36]",8.859751181897288,0.16108638512540524,1,0
443,146,2,detour_3,Customer_8,Customer_55,63,48,"[63, 53, 3, 48]","[409, 35, 36]",8.981522745938415,0.17901917344371024,1,0
444,147,0,shortest,Customer_8,Customer_43,63,0,"[63, 52, 0]","[403, 1]",7.815393834614958,0.14209806972027195,0,0
445,147,1,detour_2,Customer_8,Customer_43,63,0,"[63, 13, 52, 0]","[153, 156, 1]",9.095186378368163,0.1783291026180457,0,0
446,147,2,detour_3,Customer_8,Customer_43,63,0,"[63, 52, 24, 0]","[403, 251, 3]",11.826131460814265,0.21502057201480484,0,0
447,148,0,shortest,Customer_8,Customer_76,63,0,"[63, 52, 0]","[403, 1]",7.815393834614958,0.14209806972027195,0,0
448,148,1,detour_2,Customer_8,Customer_76,63,0,"[63, 13, 52, 0]","[153, 156, 1]",9.095186378368163,0.1783291026180457,0,0
449,148,2,detour_3,Customer_8,Customer_76,63,0,"[63, 52, 24, 0]","[403, 251, 3]",11.826131460814265,0.21502057201480484,0,0
450,149,0,shortest,Customer_8,Customer_24,63,22,"[63, 45, 7, 22]","[383, 85, 86]",9.920086941803033,0.18036521712369152,0,0
451,149,1,detour_2,Customer_8,Customer_24,63,22,"[63, 13, 7, 22]","[153, 89, 86]",9.354401352974646,0.18304210215634537,0,0
452,149,2,detour_3,Customer_8,Customer_24,63,22,"[63, 13, 44, 22]","[153, 158, 241]",9.606713713697474,0.18762959962403314,0,0
453,150,0,shortest,Customer_8,Customer_26,63,31,"[63, 53, 48, 18, 31]","[409, 389, 213, 206]",11.974508730865086,0.21898088792158352,2,0
454,150,1,detour_2,Customer_8,Customer_26,63,31,"[63, 3, 48, 18, 31]","[41, 36, 213, 206]",13.546938566551997,0.24757052129770918,3,0
455,150,2,detour_3,Customer_8,Customer_26,63,31,"[63, 53, 48, 42, 18, 31]","[409, 389, 373, 211, 206]",13.005738173555418,0.2525426196231555,3,0
456,151,0,shortest,Customer_8,Customer_67,63,31,"[63, 53, 48, 18, 31]","[409, 389, 213, 206]",11.974508730865086,0.21898088792158352,2,0
457,151,1,detour_2,Customer_8,Customer_67,63,31,"[63, 3, 48, 18, 31]","[41, 36, 213, 206]",13.546938566551997,0.24757052129770918,3,0
458,151,2,detour_3,Customer_8,Customer_67,63,31,"[63, 53, 48, 42, 18, 31]","[409, 389, 373, 211, 206]",13.005738173555418,0.2525426196231555,3,0
459,152,0,shortest,Customer_8,Customer_23,63,39,"[63, 30, 64, 39]","[305, 302, 359]",11.17619338585565,0.2032035161064664,0,0
460,152,1,detour_2,Customer_8,Customer_23,63,39,"[63, 30, 12, 39]","[305, 149, 146]",11.369592171877922,0.20671985767050768,0,0
461,152,2,detour_3,Customer_8,Customer_23,63,39,"[63, 60, 12, 39]","[445, 151, 146]",11.614705927979966,0.21117647141781756,0,0
462,153,0,shortest,Customer_8,Customer_16,63,64,"[63, 30, 64]","[305, 302]",8.43992773367972,0.1534532315214495,0,0
463,153,1,detour_2,Customer_8,Customer_16,63,64,"[63, 30, 12, 64]","[305, 149, 140]",8.834880476580928,0.16698187754638302,0,0
464,153,2,detour_3,Customer_8,Customer_16,63,64,"[63, 60, 12, 64]","[445, 151, 140]",9.079994232682969,0.1714384912936929,0,0
465,154,0,shortest,Customer_8,Customer_56,63,64,"[63, 30, 64]","[305, 302]",8.43992773367972,0.1534532315214495,0,0
466,154,1,detour_2,Customer_8,Customer_56,63,64,"[63, 30, 12, 64]","[305, 149, 140]",8.834880476580928,0.16698187754638302,0,0
467,154,2,detour_3,Customer_8,Customer_56,63,64,"[63, 60, 12, 64]","[445, 151, 140]",9.079994232682969,0.1714384912936929,0,0
468,155,0,shortest,Customer_8,Customer_63,63,64,"[63, 30, 64]","[305, 302]",8.43992773367972,0.1534532315214495,0,0
469,155,1,detour_2,Customer_8,Customer_63,63,64,"[63, 30, 12, 64]","[305, 149, 140]",8.834880476580928,0.16698187754638302,0,0
470,155,2,detour_3,Customer_8,Customer_63,63,64,"[63, 60, 12, 64]","[445, 151, 140]",9.079994232682969,0.1714384912936929,0,0
471,156,0,shortest,Customer_8,Customer_64,63,64,"[63, 30, 64]","[305, 302]",8.43992773367972,0.1534532315214495,0,0
472,156,1,detour_2,Customer_8,Customer_64,63,64,"[63, 30, 12, 64]","[305, 149, 140]",8.834880476580928,0.16698187754638302,0,0
473,156,2,detour_3,Customer_8,Customer_64,63,64,"[63, 60, 12, 64]","[445, 151, 140]",9.079994232682969,0.1714384912936929,0,0
474,157,0,shortest,Customer_8,Customer_6,63,5,"[63, 45, 7, 5]","[383, 85, 61]",10.310575214736657,0.18746500390430287,0,0
475,157,1,detour_2,Customer_8,Customer_6,63,5,"[63, 13, 7, 5]","[153, 89, 61]",9.744889625908272,0.19014188893695672,0,0
476,157,2,detour_3,Customer_8,Customer_6,63,5,"[63, 45, 7, 22, 5]","[383, 85, 86, 57]",10.361542751175808,0.19140161235801087,0,0
477,158,0,shortest,Customer_8,Customer_35,63,8,"[63, 53, 48, 42, 8]","[409, 389, 373, 101]",12.38722393559471,0.24003435884528795,2,0
478,158,1,detour_2,Customer_8,Customer_35,63,8,"[63, 53, 48, 18, 8]","[409, 389, 213, 99]",13.509140996181989,0.2573466945545061,2,0
479,158,2,detour_3,Customer_8,Customer_35,63,8,"[63, 53, 48, 18, 31, 8]","[409, 389, 213, 206, 93]",13.546309027765686,0.2582758953440985,3,0
480,159,0,shortest,Customer_9,Customer_30,34,47,"[34, 47]",[328],0.8719426245600662,0.021798565614001654,1,0
481,159,1,detour_2,Customer_9,Customer_30,34,47,"[34, 65, 47]","[326, 387]",3.600998201395149,0.09002495503487873,1,0
482,159,2,detour_3,Customer_9,Customer_30,34,47,"[34, 26, 47]","[267, 262]",4.728037591598496,0.09919773981354338,0,0
483,160,0,shortest,Customer_9,Customer_60,34,47,"[34, 47]",[328],0.8719426245600662,0.021798565614001654,1,0
484,160,1,detour_2,Customer_9,Customer_60,34,47,"[34, 65, 47]","[326, 387]",3.600998201395149,0.09002495503487873,1,0
485,160,2,detour_3,Customer_9,Customer_60,34,47,"[34, 26, 47]","[267, 262]",4.728037591598496,0.09919773981354338,0,0
486,161,0,shortest,Customer_9,Customer_65,34,47,"[34, 47]",[328],0.8719426245600662,0.021798565614001654,1,0
487,161,1,detour_2,Customer_9,Customer_65,34,47,"[34, 65, 47]","[326, 387]",3.600998201395149,0.09002495503487873,1,0
488,161,2,detour_3,Customer_9,Customer_65,34,47,"[34, 26, 47]","[267, 262]",4.728037591598496,0.09919773981354338,0,0
489,162,0,shortest,Customer_9,Customer_38,34,14,"[34, 14]",[169],2.042542145354568,0.0510635536338642,0,0
490,162,1,detour_2,Customer_9,Customer_38,34,14,"[34, 47, 14]","[328, 163]",3.131183716601875,0.07827959291504688,1,0
491,162,2,detour_3,Customer_9,Customer_38,34,14,"[34, 26, 14]","[267, 165]",5.979823067296811,0.10872405576903293,0,0
492,163,0,shortest,Customer_9,Customer_50,34,26,"[34, 26]",[267],2.787135996541456,0.05067519993711739,0,0
493,163,1,detour_2,Customer_9,Customer_50,34,26,"[34, 47, 26]","[328, 263]",2.812844219617106,0.07032110549042764,1,0
494,163,2,detour_3,Customer_9,Customer_50,34,26,"[34, 9, 26]","[111, 108]",5.044502246335786,0.09959572050566658,0,0
495,164,0,shortest,Customer_9,Customer_69,34,9,"[34, 9]",[111],3.889135895733452,0.07071156174060822,0,0
496,164,1,detour_2,Customer_9,Customer_69,34,9,"[34, 47, 9]","[328, 113]",3.9414983842615885,0.07760867033584751,1,0
497,164,2,detour_3,Customer_9,Customer_69,34,9,"[34, 26, 9]","[267, 109]",3.9425023471437903,0.07955935870217574,0,0
498,165,0,shortest,Customer_9,Customer_33,34,4,"[34, 14, 46, 50, 55, 4]","[169, 170, 384, 394, 47]",14.630146711723885,0.2799290912042154,2,0
499,165,1,detour_2,Customer_9,Customer_33,34,4,"[34, 14, 46, 50, 55, 17, 4]","[169, 170, 384, 394, 199, 51]",14.738699543978246,0.3021577489379817,3,0
500,165,2,detour_3,Customer_9,Customer_33,34,4,"[34, 47, 14, 46, 50, 55, 4]","[328, 163, 170, 384, 394, 47]",15.71878828297119,0.3071451304853981,3,0
501,166,0,shortest,Customer_9,Customer_14,34,17,"[34, 14, 46, 50, 55, 17]","[169, 170, 384, 394, 199]",14.265476920496623,0.2903271833509411,2,0
502,166,1,detour_2,Customer_9,Customer_14,34,17,"[34, 14, 46, 50, 55, 4, 17]","[169, 170, 384, 394, 47, 50]",15.103369335205509,0.291759656791256,3,0
503,166,2,detour_3,Customer_9,Customer_14,34,17,"[34, 14, 46, 50, 74, 17]","[169, 170, 384, 396, 205]",16.003957729530015,0.3049074733461451,2,0
504,167,0,shortest,Customer_9,Customer_29,34,17,"[34, 14, 46, 50, 55, 17]","[169, 170, 384, 394, 199]",14.265476920496623,0.2903271833509411,2,0
505,167,1,detour_2,Customer_9,Customer_29,34,17,"[34, 14, 46, 50, 55, 4, 17]","[169, 170, 384, 394, 47, 50]",15.103369335205509,0.291759656791256,3,0
506,167,2,detour_3,Customer_9,Customer_29,34,17,"[34, 14, 46, 50, 74, 17]","[169, 170, 384, 396, 205]",16.003957729530015,0.3049074733461451,2,0
507,168,0,shortest,Customer_9,Customer_31,34,17,"[34, 14, 46, 50, 55, 17]","[169, 170, 384, 394, 199]",14.265476920496623,0.2903271833509411,2,0
508,168,1,detour_2,Customer_9,Customer_31,34,17,"[34, 14, 46, 50, 55, 4, 17]","[169, 170, 384, 394, 47, 50]",15.103369335205509,0.291759656791256,3,0
509,168,2,detour_3,Customer_9,Customer_31,34,17,"[34, 14, 46, 50, 74, 17]","[169, 170, 384, 396, 205]",16.003957729530015,0.3049074733461451,2,0
510,169,0,shortest,Customer_9,Customer_32,34,46,"[34, 14, 46]","[169, 170]",5.381677972955689,0.11177511413570278,0,0
511,169,1,detour_2,Customer_9,Customer_32,34,46,"[34, 47, 14, 46]","[328, 163, 170]",6.470319544202996,0.13899115341688545,1,0
512,169,2,detour_3,Customer_9,Customer_32,34,46,"[34, 26, 14, 46]","[267, 165, 170]",9.318958894897932,0.1694356162708715,0,0
513,170,0,shortest,Customer_9,Customer_49,34,46,"[34, 14, 46]","[169, 170]",5.381677972955689,0.11177511413570278,0,0
514,170,1,detour_2,Customer_9,Customer_49,34,46,"[34, 47, 14, 46]","[328, 163, 170]",6.470319544202996,0.13899115341688545,1,0
515,170,2,detour_3,Customer_9,Customer_49,34,46,"[34, 26, 14, 46]","[267, 165, 170]",9.318958894897932,0.1694356162708715,0,0
516,171,0,shortest,Customer_9,Customer_1,34,1,"[34, 26, 1]","[267, 13]",5.382150452248977,0.0978572809499814,0,0
517,171,1,detour_2,Customer_9,Customer_1,34,1,"[34, 47, 1]","[328, 15]",5.357054358089298,0.10334605167816951,1,0
518,171,2,detour_3,Customer_9,Customer_1,34,1,"[34, 9, 1]","[111, 17]",5.329781644785633,0.10672770546691276,0,0
519,172,0,shortest,Customer_9,Customer_2,34,55,"[34, 14, 46, 50, 55]","[169, 170, 384, 394]",11.767970629037485,0.2278895260644627,1,0
520,172,1,detour_2,Customer_9,Customer_2,34,55,"[34, 47, 14, 46, 50, 55]","[328, 163, 170, 384, 394]",12.856612200284792,0.2551055653456454,2,0
521,172,2,detour_3,Customer_9,Customer_2,34,55,"[34, 14, 46, 10, 50, 55]","[169, 170, 125, 120, 394]",14.017928765718965,0.26879785582230775,1,0
522,173,0,shortest,Customer_9,Customer_27,34,33,"[34, 14, 33]","[169, 172]",6.712337790056658,0.13596892899208401,0,0
523,173,1,detour_2,Customer_9,Customer_27,34,33,"[34, 14, 46, 33]","[169, 170, 325]",6.898638115207875,0.14969911769200744,0,0
524,173,2,detour_3,Customer_9,Customer_27,34,33,"[34, 47, 14, 33]","[328, 163, 172]",7.800979361303964,0.16318496827326667,1,0
525,174,0,shortest,Customer_9,Customer_79,34,33,"[34, 14, 33]","[169, 172]",6.712337790056658,0.13596892899208401,0,0
526,174,1,detour_2,Customer_9,Customer_79,34,33,"[34, 14, 46, 33]","[169, 170, 325]",6.898638115207875,0.14969911769200744,0,0
527,174,2,detour_3,Customer_9,Customer_79,34,33,"[34, 47, 14, 33]","[328, 163, 172]",7.800979361303964,0.16318496827326667,1,0
528,175,0,shortest,Customer_9,Customer_35,34,8,"[34, 14, 46, 50, 55, 8]","[169, 170, 384, 394, 103]",14.532004579193533,0.27814468879457266,2,0
529,175,1,detour_2,Customer_9,Customer_35,34,8,"[34, 47, 14, 46, 50, 55, 8]","[328, 163, 170, 384, 394, 103]",15.62064615044084,0.3053607280757553,3,0
530,175,2,detour_3,Customer_9,Customer_35,34,8,"[34, 14, 46, 50, 74, 8]","[169, 170, 384, 396, 107]",15.367079591303302,0.30860759633089435,2,0
531,176,0,shortest,Customer_9,Customer_41,34,8,"[34, 14, 46, 50, 55, 8]","[169, 170, 384, 394, 103]",14.532004579193533,0.27814468879457266,2,0
532,176,1,detour_2,Customer_9,Customer_41,34,8,"[34, 47, 14, 46, 50, 55, 8]","[328, 163, 170, 384, 394, 103]",15.62064615044084,0.3053607280757553,3,0
533,176,2,detour_3,Customer_9,Customer_41,34,8,"[34, 14, 46, 50, 74, 8]","[169, 170, 384, 396, 107]",15.367079591303302,0.30860759633089435,2,0
534,177,0,shortest,Customer_9,Customer_46,34,8,"[34, 14, 46, 50, 55, 8]","[169, 170, 384, 394, 103]",14.532004579193533,0.27814468879457266,2,0
535,177,1,detour_2,Customer_9,Customer_46,34,8,"[34, 47, 14, 46, 50, 55, 8]","[328, 163, 170, 384, 394, 103]",15.62064615044084,0.3053607280757553,3,0
536,177,2,detour_3,Customer_9,Customer_46,34,8,"[34, 14, 46, 50, 74, 8]","[169, 170, 384, 396, 107]",15.367079591303302,0.30860759633089435,2,0
537,178,0,shortest,Customer_9,Customer_51,34,10,"[34, 14, 46, 10]","[169, 170, 125]",8.355463502961289,0.1658439419539864,0,0
538,178,1,detour_2,Customer_9,Customer_51,34,10,"[34, 14, 33, 10]","[169, 172, 127]",9.743739824747143,0.1910853296228201,0,0
539,178,2,detour_3,Customer_9,Customer_51,34,10,"[34, 47, 14, 46, 10]","[328, 163, 170, 125]",9.444105074208597,0.1930599812351691,1,0
540,179,0,shortest,Customer_10,Customer_39,73,15,"[73, 15]",[181],4.293751357646036,0.0780682065026552,0,0
541,179,1,detour_2,Customer_10,Customer_39,73,15,"[73, 75, 15]","[462, 177]",6.776274422298368,0.12320498949633396,0,0
542,179,2,detour_3,Customer_10,Customer_39,73,15,"[73, 75, 25, 15]","[462, 261, 179]",15.721447692875046,0.285844503506819,0,0
543,180,0,shortest,Customer_10,Customer_75,73,15,"[73, 15]",[181],4.293751357646036,0.0780682065026552,0,0
544,180,1,detour_2,Customer_10,Customer_75,73,15,"[73, 75, 15]","[462, 177]",6.776274422298368,0.12320498949633396,0,0
545,180,2,detour_3,Customer_10,Customer_75,73,15,"[73, 75, 25, 15]","[462, 261, 179]",15.721447692875046,0.285844503506819,0,0
546,181,0,shortest,Customer_10,Customer_21,73,67,"[73, 67]",[455],4.659281892161241,0.08471421622111347,0,0
547,181,1,detour_2,Customer_10,Customer_21,73,67,"[73, 38, 67]","[357, 352]",7.995992262774223,0.14538167750498587,0,0
548,181,2,detour_3,Customer_10,Customer_21,73,67,"[73, 38, 43, 67]","[357, 350, 374]",8.503599781376442,0.16287111155315273,0,0
549,182,0,shortest,Customer_10,Customer_22,73,67,"[73, 67]",[455],4.659281892161241,0.08471421622111347,0,0
550,182,1,detour_2,Customer_10,Customer_22,73,67,"[73, 38, 67]","[357, 352]",7.995992262774223,0.14538167750498587,0,0
551,182,2,detour_3,Customer_10,Customer_22,73,67,"[73, 38, 43, 67]","[357, 350, 374]",8.503599781376442,0.16287111155315273,0,0
552,183,0,shortest,Customer_10,Customer_17,73,38,"[73, 38]",[357],4.777593677795996,0.08686533959629084,0,0
553,183,1,detour_2,Customer_10,Customer_17,73,38,"[73, 67, 38]","[455, 353]",7.877680477139469,0.1432305541298085,0,0
554,183,2,detour_3,Customer_10,Customer_17,73,38,"[73, 67, 43, 38]","[455, 375, 351]",8.385287995741688,0.1607199881779754,0,0
555,184,0,shortest,Customer_10,Customer_74,73,38,"[73, 38]",[357],4.777593677795996,0.08686533959629084,0,0
556,184,1,detour_2,Customer_10,Customer_74,73,38,"[73, 67, 38]","[455, 353]",7.877680477139469,0.1432305541298085,0,0
557,184,2,detour_3,Customer_10,Customer_74,73,38,"[73, 67, 43, 38]","[455, 375, 351]",8.385287995741688,0.1607199881779754,0,0
558,185,0,shortest,Customer_10,Customer_52,73,43,"[73, 67, 43]","[455, 375]",5.87077883628646,0.11500163982424397,0,0
559,185,1,detour_2,Customer_10,Customer_52,73,43,"[73, 38, 43]","[357, 350]",7.292102837251223,0.13258368795002223,0,0
560,185,2,detour_3,Customer_10,Customer_52,73,43,"[73, 38, 67, 43]","[357, 352, 375]",9.207489206899442,0.17566910110811637,0,0
561,186,0,shortest,Customer_10,Customer_58,73,43,"[73, 67, 43]","[455, 375]",5.87077883628646,0.11500163982424397,0,0
562,186,1,detour_2,Customer_10,Customer_58,73,43,"[73, 38, 43]","[357, 350]",7.292102837251223,0.13258368795002223,0,0
563,186,2,detour_3,Customer_10,Customer_58,73,43,"[73, 38, 67, 43]","[357, 352, 375]",9.207489206899442,0.17566910110811637,0,0
564,187,0,shortest,Customer_10,Customer_51,73,10,"[73, 38, 10]","[357, 129]",8.737598002570046,0.15886541822854627,0,0
565,187,1,detour_2,Customer_10,Customer_51,73,10,"[73, 67, 10]","[455, 133]",8.916395234456967,0.16211627699012668,0,0
566,187,2,detour_3,Customer_10,Customer_51,73,10,"[73, 67, 43, 10]","[455, 375, 131]",8.98984136761826,0.17171186766664032,0,0
567,188,0,shortest,Customer_10,Customer_27,73,33,"[73, 67, 33]","[455, 323]",8.307447739378954,0.15104450435234462,0,0
568,188,1,detour_2,Customer_10,Customer_27,73,33,"[73, 67, 43, 33]","[455, 375, 321]",9.116201751723382,0.17400932919582437,0,0
569,188,2,detour_3,Customer_10,Customer_27,73,33,"[73, 38, 43, 33]","[357, 350, 321]",10.537525752688145,0.19159137732160264,0,0
570,189,0,shortest,Customer_10,Customer_79,73,33,"[73, 67, 33]","[455, 323]",8.307447739378954,0.15104450435234462,0,0
571,189,1,detour_2,Customer_10,Customer_79,73,33,"[73, 67, 43, 33]","[455, 375, 321]",9.116201751723382,0.17400932919582437,0,0
572,189,2,detour_3,Customer_10,Customer_79,73,33,"[73, 38, 43, 33]","[357, 350, 321]",10.537525752688145,0.19159137732160264,0,0
573,190,0,shortest,Customer_10,Customer_13,73,35,"[73, 15, 35]","[181, 174]",9.603193816219033,0.1746035239312551,0,0
574,190,1,detour_2,Customer_10,Customer_13,73,35,"[73, 15, 25, 35]","[181, 178, 256]",10.997024703716082,0.21449285160623438,0,0
575,190,2,detour_3,Customer_10,Customer_13,73,35,"[73, 75, 15, 35]","[462, 177, 174]",12.085716880871363,0.2197403069249339,0,0
576,191,0,shortest,Customer_10,Customer_71,73,32,"[73, 38, 32]","[357, 313]",9.339225574315925,0.16980410135119867,0,0
577,191,1,detour_2,Customer_10,Customer_71,73,32,"[73, 38, 76, 32]","[357, 354, 315]",9.71579008774128,0.18526093799532609,0,0
578,191,2,detour_3,Customer_10,Customer_71,73,32,"[73, 38, 10, 32]","[357, 129, 118]",11.348282934950406,0.20633241699909827,0,0
579,192,0,shortest,Customer_10,Customer_32,73,46,"[73, 67, 33, 46]","[455, 323, 324]",9.82440788163114,0.18896850790864927,0,0
580,192,1,detour_2,Customer_10,Customer_32,73,46,"[73, 67, 43, 46]","[455, 375, 376]",10.288628689386016,0.19532618260787224,0,0
581,192,2,detour_3,Customer_10,Customer_32,73,46,"[73, 67, 43, 33, 46]","[455, 375, 321, 324]",10.633161893975569,0.21193333275212903,0,0
582,193,0,shortest,Customer_10,Customer_49,73,46,"[73, 67, 33, 46]","[455, 323, 324]",9.82440788163114,0.18896850790864927,0,0
583,193,1,detour_2,Customer_10,Customer_49,73,46,"[73, 67, 43, 46]","[455, 375, 376]",10.288628689386016,0.19532618260787224,0,0
584,193,2,detour_3,Customer_10,Customer_49,73,46,"[73, 67, 43, 33, 46]","[455, 375, 321, 324]",10.633161893975569,0.21193333275212903,0,0
585,194,0,shortest,Customer_10,Customer_38,73,14,"[73, 67, 33, 14]","[455, 323, 173]",12.977243384081044,0.23594987971056441,0,0
586,194,1,detour_2,Customer_10,Customer_38,73,14,"[73, 67, 33, 46, 14]","[455, 323, 324, 171]",13.163543709232261,0.24968006841048784,0,0
587,194,2,detour_3,Customer_10,Customer_38,73,14,"[73, 67, 43, 46, 14]","[455, 375, 376, 171]",13.627764516987138,0.25603774310971084,0,0
588,195,0,shortest,Customer_10,Customer_2,73,55,"[73, 38, 32, 55]","[357, 313, 316]",13.570152128630431,0.24673003870237148,1,0
589,195,1,avoid_congestion,Customer_10,Customer_2,73,55,"[73, 38, 10, 50, 55]","[357, 129, 120, 394]",14.400063265327722,0.26181933209686764,1,0
590,195,2,detour_3,Customer_10,Customer_2,73,55,"[73, 38, 76, 32, 55]","[357, 354, 315, 316]",13.946716642055785,0.2621868753464989,1,0
591,196,0,shortest,Customer_10,Customer_77,73,28,"[73, 38, 32, 28]","[357, 313, 289]",14.758078675265311,0.26832870318664204,0,0
592,196,1,detour_2,Customer_10,Customer_77,73,28,"[73, 38, 76, 32, 28]","[357, 354, 315, 289]",15.134643188690665,0.2837855398307695,0,0
593,196,2,detour_3,Customer_10,Customer_77,73,28,"[73, 38, 10, 32, 28]","[357, 129, 118, 289]",16.767136035899792,0.30485701883454164,0,0
594,197,0,shortest,Customer_10,Customer_3,73,74,"[73, 38, 32, 55, 74]","[357, 313, 316, 414]",15.02126657872394,0.2830078999547092,2,0
595,197,1,avoid_congestion,Customer_10,Customer_3,73,74,"[73, 38, 10, 50, 74]","[357, 129, 120, 396]",15.758145821225739,0.28651174220410436,1,0
596,197,2,detour_3,Customer_10,Customer_3,73,74,"[73, 67, 10, 50, 74]","[455, 133, 120, 396]",15.93694305311266,0.28976260096568474,1,0
597,198,0,shortest,Customer_10,Customer_42,73,74,"[73, 38, 32, 55, 74]","[357, 313, 316, 414]",15.02126657872394,0.2830078999547092,2,0
598,198,1,avoid_congestion,Customer_10,Customer_42,73,74,"[73, 38, 10, 50, 74]","[357, 129, 120, 396]",15.758145821225739,0.28651174220410436,1,0
599,198,2,detour_3,Customer_10,Customer_42,73,74,"[73, 67, 10, 50, 74]","[455, 133, 120, 396]",15.93694305311266,0.28976260096568474,1,0
600,199,0,same_node,Customer_11,Customer_12,52,52,[52],[],0.0,0.0,0,0
601,200,0,same_node,Customer_11,Customer_20,52,52,[52],[],0.0,0.0,0,0
602,201,0,same_node,Customer_11,Customer_53,52,52,[52],[],0.0,0.0,0,0
603,202,0,shortest,Customer_11,Customer_43,52,0,"[52, 0]",[1],3.124055766583747,0.05680101393788631,0,0
604,202,1,detour_2,Customer_11,Customer_43,52,0,"[52, 24, 0]","[251, 3]",7.134793392783054,0.12972351623241918,0,0
605,202,2,detour_3,Customer_11,Customer_43,52,0,"[52, 2, 0]","[29, 5]",10.261102809424886,0.186565505625907,0,0
606,203,0,shortest,Customer_11,Customer_76,52,0,"[52, 0]",[1],3.124055766583747,0.05680101393788631,0,0
607,203,1,detour_2,Customer_11,Customer_76,52,0,"[52, 24, 0]","[251, 3]",7.134793392783054,0.12972351623241918,0,0
608,203,2,detour_3,Customer_11,Customer_76,52,0,"[52, 2, 0]","[29, 5]",10.261102809424886,0.186565505625907,0,0
609,204,0,shortest,Customer_11,Customer_72,52,24,"[52, 24]",[251],4.540569279445613,0.08255580508082933,0,0
610,204,1,detour_2,Customer_11,Customer_72,52,24,"[52, 0, 24]","[1, 2]",5.718279879921189,0.10396872508947616,0,0
611,204,2,detour_3,Customer_11,Customer_72,52,24,"[52, 2, 24]","[29, 26]",11.926728523981984,0.21684960952694515,0,0
612,205,0,shortest,Customer_11,Customer_8,52,63,"[52, 63]",[402],4.691338068031211,0.08529705578238565,0,0
613,205,1,detour_2,Customer_11,Customer_8,52,63,"[52, 13, 63]","[157, 152]",5.9711306117844165,0.12152808868015937,0,0
614,205,2,detour_3,Customer_11,Customer_8,52,63,"[52, 13, 45, 63]","[157, 154, 382]",9.338100445840784,0.181682833665433,0,0
615,206,0,shortest,Customer_11,Customer_70,52,53,"[52, 63, 53]","[402, 409]",7.75206959993009,0.1409467199987289,0,0
616,206,1,detour_2,Customer_11,Customer_70,52,53,"[52, 13, 63, 53]","[157, 152, 409]",9.031862143683295,0.17717775289650262,0,0
617,206,2,detour_3,Customer_11,Customer_70,52,53,"[52, 63, 60, 53]","[402, 445, 407]",11.390135932632791,0.20709338059332347,0,0
618,207,0,shortest,Customer_11,Customer_23,52,39,"[52, 79, 39]","[404, 363]",9.409944680507547,0.1710899032819554,0,0
619,207,1,detour_2,Customer_11,Customer_23,52,39,"[52, 79, 6, 39]","[404, 77, 80]",15.473038163700725,0.28132796661274045,0,0
620,207,2,detour_3,Customer_11,Customer_23,52,39,"[52, 63, 30, 64, 39]","[402, 305, 302, 359]",15.86753145388686,0.28850057188885203,0,0
621,208,0,shortest,Customer_11,Customer_5,52,7,"[52, 13, 7]","[157, 89]",8.371124299352935,0.1522022599882352,0,0
622,208,1,detour_2,Customer_11,Customer_5,52,7,"[52, 13, 44, 7]","[157, 158, 83]",8.66428798889837,0.16025228939801653,0,0
623,208,2,detour_3,Customer_11,Customer_5,52,7,"[52, 13, 45, 7]","[157, 154, 85]",9.060268884834455,0.17663135073804523,0,0
624,209,0,shortest,Customer_11,Customer_80,52,3,"[52, 63, 3]","[402, 41]",9.935716151797362,0.18064938457813384,0,0
625,209,1,detour_2,Customer_11,Customer_80,52,3,"[52, 63, 53, 3]","[402, 409, 35]",10.057487715838487,0.1985821728964388,0,0
626,209,2,detour_3,Customer_11,Customer_80,52,3,"[52, 13, 63, 3]","[157, 152, 41]",11.215508695550566,0.21688041747590753,0,0
627,210,0,shortest,Customer_11,Customer_16,52,64,"[52, 79, 39, 64]","[404, 363, 358]",12.146210332683475,0.2208401878669723,0,0
628,210,1,detour_2,Customer_11,Customer_16,52,64,"[52, 63, 30, 64]","[402, 305, 302]",13.131265801710931,0.23875028730383513,0,0
629,210,2,detour_3,Customer_11,Customer_16,52,64,"[52, 79, 39, 54, 64]","[404, 363, 360, 410]",12.37450773924548,0.24520397975040376,0,0
630,211,0,shortest,Customer_11,Customer_56,52,64,"[52, 79, 39, 64]","[404, 363, 358]",12.146210332683475,0.2208401878669723,0,0
631,211,1,detour_2,Customer_11,Customer_56,52,64,"[52, 63, 30, 64]","[402, 305, 302]",13.131265801710931,0.23875028730383513,0,0
632,211,2,detour_3,Customer_11,Customer_56,52,64,"[52, 79, 39, 54, 64]","[404, 363, 360, 410]",12.37450773924548,0.24520397975040376,0,0
633,212,0,shortest,Customer_11,Customer_63,52,64,"[52, 79, 39, 64]","[404, 363, 358]",12.146210332683475,0.2208401878669723,0,0
634,212,1,detour_2,Customer_11,Customer_63,52,64,"[52, 63, 30, 64]","[402, 305, 302]",13.131265801710931,0.23875028730383513,0,0
635,212,2,detour_3,Customer_11,Customer_63,52,64,"[52, 79, 39, 54, 64]","[404, 363, 360, 410]",12.37450773924548,0.24520397975040376,0,0
636,213,0,shortest,Customer_11,Customer_64,52,64,"[52, 79, 39, 64]","[404, 363, 358]",12.146210332683475,0.2208401878669723,0,0
637,213,1,detour_2,Customer_11,Customer_64,52,64,"[52, 63, 30, 64]","[402, 305, 302]",13.131265801710931,0.23875028730383513,0,0
638,213,2,detour_3,Customer_11,Customer_64,52,64,"[52, 79, 39, 54, 64]","[404, 363, 360, 410]",12.37450773924548,0.24520397975040376,0,0
639,214,0,shortest,Customer_11,Customer_55,52,48,"[52, 63, 53, 48]","[402, 409, 389]",11.978659414241587,0.21779380753166522,0,0
640,214,1,detour_2,Customer_11,Customer_55,52,48,"[52, 63, 3, 48]","[402, 41, 36]",13.5510892499285,0.2463834409077909,1,0
641,214,2,detour_3,Customer_11,Customer_55,52,48,"[52, 13, 63, 53, 48]","[157, 152, 409, 389]",13.258451957994794,0.25402484042943896,0,0
642,215,0,shortest,Customer_11,Customer_24,52,22,"[52, 13, 7, 22]","[157, 89, 86]",11.52332254809587,0.2095149554199249,0,0
643,215,1,detour_2,Customer_11,Customer_24,52,22,"[52, 13, 44, 22]","[157, 158, 241]",11.775634908818695,0.21410245288761265,0,0
644,215,2,detour_3,Customer_11,Customer_24,52,22,"[52, 13, 44, 7, 22]","[157, 158, 83, 86]",11.816486237641303,0.21756498482970624,0,0
645,216,0,shortest,Customer_11,Customer_6,52,5,"[52, 13, 7, 5]","[157, 89, 61]",11.913810821029493,0.21661474220053623,0,0
646,216,1,detour_2,Customer_11,Customer_6,52,5,"[52, 13, 7, 22, 5]","[157, 89, 86, 57]",11.964778357468644,0.22055135065424425,0,0
647,216,2,detour_3,Customer_11,Customer_6,52,5,"[52, 13, 44, 5]","[157, 158, 59]",12.17538869051841,0.22137070346397109,0,0
648,217,0,shortest,Customer_11,Customer_26,52,31,"[52, 63, 53, 48, 18, 31]","[402, 409, 389, 213, 206]",16.665846798896297,0.30427794370396916,2,0
649,217,1,detour_2,Customer_11,Customer_26,52,31,"[52, 63, 3, 48, 18, 31]","[402, 41, 36, 213, 206]",18.23827663458321,0.3328675770800948,3,0
650,217,2,detour_3,Customer_11,Customer_26,52,31,"[52, 63, 53, 48, 42, 18, 31]","[402, 409, 389, 373, 211, 206]",17.69707624158663,0.3378396754055411,3,0
651,218,0,shortest,Customer_11,Customer_67,52,31,"[52, 63, 53, 48, 18, 31]","[402, 409, 389, 213, 206]",16.665846798896297,0.30427794370396916,2,0
652,218,1,detour_2,Customer_11,Customer_67,52,31,"[52, 63, 3, 48, 18, 31]","[402, 41, 36, 213, 206]",18.23827663458321,0.3328675770800948,3,0
653,218,2,detour_3,Customer_11,Customer_67,52,31,"[52, 63, 53, 48, 42, 18, 31]","[402, 409, 389, 373, 211, 206]",17.69707624158663,0.3378396754055411,3,0
654,219,0,same_node,Customer_12,Customer_11,52,52,[52],[],0.0,0.0,0,0
655,220,0,same_node,Customer_12,Customer_20,52,52,[52],[],0.0,0.0,0,0
656,221,0,same_node,Customer_12,Customer_53,52,52,[52],[],0.0,0.0,0,0
657,222,0,shortest,Customer_12,Customer_43,52,0,"[52, 0]",[1],3.124055766583747,0.05680101393788631,0,0
658,222,1,detour_2,Customer_12,Customer_43,52,0,"[52, 24, 0]","[251, 3]",7.134793392783054,0.12972351623241918,0,0
659,222,2,detour_3,Customer_12,Customer_43,52,0,"[52, 2, 0]","[29, 5]",10.261102809424886,0.186565505625907,0,0
660,223,0,shortest,Customer_12,Customer_76,52,0,"[52, 0]",[1],3.124055766583747,0.05680101393788631,0,0
661,223,1,detour_2,Customer_12,Customer_76,52,0,"[52, 24, 0]","[251, 3]",7.134793392783054,0.12972351623241918,0,0
662,223,2,detour_3,Customer_12,Customer_76,52,0,"[52, 2, 0]","[29, 5]",10.261102809424886,0.186565505625907,0,0
663,224,0,shortest,Customer_12,Customer_72,52,24,"[52, 24]",[251],4.540569279445613,0.08255580508082933,0,0
664,224,1,detour_2,Customer_12,Customer_72,52,24,"[52, 0, 24]","[1, 2]",5.718279879921189,0.10396872508947616,0,0
665,224,2,detour_3,Customer_12,Customer_72,52,24,"[52, 2, 24]","[29, 26]",11.926728523981984,0.21684960952694515,0,0
666,225,0,shortest,Customer_12,Customer_8,52,63,"[52, 63]",[402],4.691338068031211,0.08529705578238565,0,0
667,225,1,detour_2,Customer_12,Customer_8,52,63,"[52, 13, 63]","[157, 152]",5.9711306117844165,0.12152808868015937,0,0
668,225,2,detour_3,Customer_12,Customer_8,52,63,"[52, 13, 45, 63]","[157, 154, 382]",9.338100445840784,0.181682833665433,0,0
669,226,0,shortest,Customer_12,Customer_70,52,53,"[52, 63, 53]","[402, 409]",7.75206959993009,0.1409467199987289,0,0
670,226,1,detour_2,Customer_12,Customer_70,52,53,"[52, 13, 63, 53]","[157, 152, 409]",9.031862143683295,0.17717775289650262,0,0
671,226,2,detour_3,Customer_12,Customer_70,52,53,"[52, 63, 60, 53]","[402, 445, 407]",11.390135932632791,0.20709338059332347,0,0
672,227,0,shortest,Customer_12,Customer_23,52,39,"[52, 79, 39]","[404, 363]",9.409944680507547,0.1710899032819554,0,0
673,227,1,detour_2,Customer_12,Customer_23,52,39,"[52, 79, 6, 39]","[404, 77, 80]",15.473038163700725,0.28132796661274045,0,0
674,227,2,detour_3,Customer_12,Customer_23,52,39,"[52, 63, 30, 64, 39]","[402, 305, 302, 359]",15.86753145388686,0.28850057188885203,0,0
675,228,0,shortest,Customer_12,Customer_5,52,7,"[52, 13, 7]","[157, 89]",8.371124299352935,0.1522022599882352,0,0
676,228,1,detour_2,Customer_12,Customer_5,52,7,"[52, 13, 44, 7]","[157, 158, 83]",8.66428798889837,0.16025228939801653,0,0
677,228,2,detour_3,Customer_12,Customer_5,52,7,"[52, 13, 45, 7]","[157, 154, 85]",9.060268884834455,0.17663135073804523,0,0
678,229,0,shortest,Customer_12,Customer_80,52,3,"[52, 63, 3]","[402, 41]",9.935716151797362,0.18064938457813384,0,0
679,229,1,detour_2,Customer_12,Customer_80,52,3,"[52, 63, 53, 3]","[402, 409, 35]",10.057487715838487,0.1985821728964388,0,0
680,229,2,detour_3,Customer_12,Customer_80,52,3,"[52, 13, 63, 3]","[157, 152, 41]",11.215508695550566,0.21688041747590753,0,0
681,230,0,shortest,Customer_12,Customer_16,52,64,"[52, 79, 39, 64]","[404, 363, 358]",12.146210332683475,0.2208401878669723,0,0
682,230,1,detour_2,Customer_12,Customer_16,52,64,"[52, 63, 30, 64]","[402, 305, 302]",13.131265801710931,0.23875028730383513,0,0
683,230,2,detour_3,Customer_12,Customer_16,52,64,"[52, 79, 39, 54, 64]","[404, 363, 360, 410]",12.37450773924548,0.24520397975040376,0,0
684,231,0,shortest,Customer_12,Customer_56,52,64,"[52, 79, 39, 64]","[404, 363, 358]",12.146210332683475,0.2208401878669723,0,0
685,231,1,detour_2,Customer_12,Customer_56,52,64,"[52, 63, 30, 64]","[402, 305, 302]",13.131265801710931,0.23875028730383513,0,0
686,231,2,detour_3,Customer_12,Customer_56,52,64,"[52, 79, 39, 54, 64]","[404, 363, 360, 410]",12.37450773924548,0.24520397975040376,0,0
687,232,0,shortest,Customer_12,Customer_63,52,64,"[52, 79, 39, 64]","[404, 363, 358]",12.146210332683475,0.2208401878669723,0,0
688,232,1,detour_2,Customer_12,Customer_63,52,64,"[52, 63, 30, 64]","[402, 305, 302]",13.131265801710931,0.23875028730383513,0,0
689,232,2,detour_3,Customer_12,Customer_63,52,64,"[52, 79, 39, 54, 64]","[404, 363, 360, 410]",12.37450773924548,0.24520397975040376,0,0
690,233,0,shortest,Customer_12,Customer_64,52,64,"[52, 79, 39, 64]","[404, 363, 358]",12.146210332683475,0.2208401878669723,0,0
691,233,1,detour_2,Customer_12,Customer_64,52,64,"[52, 63, 30, 64]","[402, 305, 302]",13.131265801710931,0.23875028730383513,0,0
692,233,2,detour_3,Customer_12,Customer_64,52,64,"[52, 79, 39, 54, 64]","[404, 363, 360, 410]",12.37450773924548,0.24520397975040376,0,0
693,234,0,shortest,Customer_12,Customer_55,52,48,"[52, 63, 53, 48]","[402, 409, 389]",11.978659414241587,0.21779380753166522,0,0
694,234,1,detour_2,Customer_12,Customer_55,52,48,"[52, 63, 3, 48]","[402, 41, 36]",13.5510892499285,0.2463834409077909,1,0
695,234,2,detour_3,Customer_12,Customer_55,52,48,"[52, 13, 63, 53, 48]","[157, 152, 409, 389]",13.258451957994794,0.25402484042943896,0,0
696,235,0,shortest,Customer_12,Customer_24,52,22,"[52, 13, 7, 22]","[157, 89, 86]",11.52332254809587,0.2095149554199249,0,0
697,235,1,detour_2,Customer_12,Customer_24,52,22,"[52, 13, 44, 22]","[157, 158, 241]",11.775634908818695,0.21410245288761265,0,0
698,235,2,detour_3,Customer_12,Customer_24,52,22,"[52, 13, 44, 7, 22]","[157, 158, 83, 86]",11.816486237641303,0.21756498482970624,0,0
699,236,0,shortest,Customer_12,Customer_6,52,5,"[52, 13, 7, 5]","[157, 89, 61]",11.913810821029493,0.21661474220053623,0,0
700,236,1,detour_2,Customer_12,Customer_6,52,5,"[52, 13, 7, 22, 5]","[157, 89, 86, 57]",11.964778357468644,0.22055135065424425,0,0
701,236,2,detour_3,Customer_12,Customer_6,52,5,"[52, 13, 44, 5]","[157, 158, 59]",12.17538869051841,0.22137070346397109,0,0
702,237,0,shortest,Customer_12,Customer_26,52,31,"[52, 63, 53, 48, 18, 31]","[402, 409, 389, 213, 206]",16.665846798896297,0.30427794370396916,2,0
703,237,1,detour_2,Customer_12,Customer_26,52,31,"[52, 63, 3, 48, 18, 31]","[402, 41, 36, 213, 206]",18.23827663458321,0.3328675770800948,3,0
704,237,2,detour_3,Customer_12,Customer_26,52,31,"[52, 63, 53, 48, 42, 18, 31]","[402, 409, 389, 373, 211, 206]",17.69707624158663,0.3378396754055411,3,0
705,238,0,shortest,Customer_12,Customer_67,52,31,"[52, 63, 53, 48, 18, 31]","[402, 409, 389, 213, 206]",16.665846798896297,0.30427794370396916,2,0
706,238,1,detour_2,Customer_12,Customer_67,52,31,"[52, 63, 3, 48, 18, 31]","[402, 41, 36, 213, 206]",18.23827663458321,0.3328675770800948,3,0
707,238,2,detour_3,Customer_12,Customer_67,52,31,"[52, 63, 53, 48, 42, 18, 31]","[402, 409, 389, 373, 211, 206]",17.69707624158663,0.3378396754055411,3,0
708,239,0,shortest,Customer_13,Customer_39,35,15,"[35, 15]",[175],5.309442458572996,0.09653531742859993,0,0
709,239,1,detour_2,Customer_13,Customer_39,35,15,"[35, 25, 15]","[257, 179]",6.703273346070046,0.1364246451035792,0,0
710,239,2,detour_3,Customer_13,Customer_39,35,15,"[35, 70, 15]","[330, 183]",12.715200941612384,0.2311854716656797,0,0
711,240,0,shortest,Customer_13,Customer_75,35,15,"[35, 15]",[175],5.309442458572996,0.09653531742859993,0,0
712,240,1,detour_2,Customer_13,Customer_75,35,15,"[35, 25, 15]","[257, 179]",6.703273346070046,0.1364246451035792,0,0
713,240,2,detour_3,Customer_13,Customer_75,35,15,"[35, 70, 15]","[330, 183]",12.715200941612384,0.2311854716656797,0,0
714,241,0,shortest,Customer_13,Customer_57,35,58,"[35, 58]",[336],8.326588022668895,0.15139250950307082,0,0
715,241,1,detour_2,Customer_13,Customer_57,35,58,"[35, 36, 58]","[334, 340]",13.268960909452321,0.24125383471731493,0,0
716,241,2,detour_3,Customer_13,Customer_57,35,58,"[35, 70, 58]","[330, 437]",13.35329395996719,0.24278716290849434,0,0
717,242,0,shortest,Customer_13,Customer_78,35,58,"[35, 58]",[336],8.326588022668895,0.15139250950307082,0,0
718,242,1,detour_2,Customer_13,Customer_78,35,58,"[35, 36, 58]","[334, 340]",13.268960909452321,0.24125383471731493,0,0
719,242,2,detour_3,Customer_13,Customer_78,35,58,"[35, 70, 58]","[330, 437]",13.35329395996719,0.24278716290849434,0,0
720,243,0,shortest,Customer_13,Customer_10,35,73,"[35, 15, 73]","[175, 180]",9.603193816219033,0.1746035239312551,0,0
721,243,1,detour_2,Customer_13,Customer_10,35,73,"[35, 25, 15, 73]","[257, 179, 180]",10.997024703716082,0.2144928516062344,0,0
722,243,2,detour_3,Customer_13,Customer_10,35,73,"[35, 15, 75, 73]","[175, 176, 463]",12.085716880871363,0.2197403069249339,0,0
723,244,0,shortest,Customer_13,Customer_17,35,38,"[35, 15, 73, 38]","[175, 180, 357]",14.380787494015028,0.26146886352754595,0,0
724,244,1,detour_2,Customer_13,Customer_17,35,38,"[35, 49, 76, 38]","[332, 390, 355]",16.288359968888134,0.2961519994343297,0,0
725,244,2,detour_3,Customer_13,Customer_17,35,38,"[35, 25, 15, 73, 38]","[257, 179, 180, 357]",15.774618381512077,0.30135819120252527,0,0
726,245,0,shortest,Customer_13,Customer_74,35,38,"[35, 15, 73, 38]","[175, 180, 357]",14.380787494015028,0.26146886352754595,0,0
727,245,1,detour_2,Customer_13,Customer_74,35,38,"[35, 49, 76, 38]","[332, 390, 355]",16.288359968888134,0.2961519994343297,0,0
728,245,2,detour_3,Customer_13,Customer_74,35,38,"[35, 25, 15, 73, 38]","[257, 179, 180, 357]",15.774618381512077,0.30135819120252527,0,0
729,246,0,shortest,Customer_13,Customer_40,35,36,"[35, 36]",[334],9.236458175200164,0.16793560318545753,0,0
730,246,1,detour_2,Customer_13,Customer_40,35,36,"[35, 70, 36]","[330, 339]",12.0909017715178,0.21983457766396,0,0
731,246,2,detour_3,Customer_13,Customer_40,35,36,"[35, 58, 36]","[336, 341]",12.359090756921052,0.22471074103492822,0,0
732,247,0,shortest,Customer_13,Customer_44,35,36,"[35, 36]",[334],9.236458175200164,0.16793560318545753,0,0
733,247,1,detour_2,Customer_13,Customer_44,35,36,"[35, 70, 36]","[330, 339]",12.0909017715178,0.21983457766396,0,0
734,247,2,detour_3,Customer_13,Customer_44,35,36,"[35, 58, 36]","[336, 341]",12.359090756921052,0.22471074103492822,0,0
735,248,0,shortest,Customer_13,Customer_52,35,43,"[35, 15, 73, 67, 43]","[175, 180, 455, 375]",15.473972652505493,0.28960516375549905,0,0
736,248,1,detour_2,Customer_13,Customer_52,35,43,"[35, 15, 73, 38, 43]","[175, 180, 357, 350]",16.895296653470254,0.30718721188127734,0,0
737,248,2,detour_3,Customer_13,Customer_52,35,43,"[35, 49, 76, 43]","[332, 390, 379]",17.39105554493569,0.3162010099079216,0,0
738,249,0,shortest,Customer_13,Customer_58,35,43,"[35, 15, 73, 67, 43]","[175, 180, 455, 375]",15.473972652505493,0.28960516375549905,0,0
739,249,1,detour_2,Customer_13,Customer_58,35,43,"[35, 15, 73, 38, 43]","[175, 180, 357, 350]",16.895296653470254,0.30718721188127734,0,0
740,249,2,detour_3,Customer_13,Customer_58,35,43,"[35, 49, 76, 43]","[332, 390, 379]",17.39105554493569,0.3162010099079216,0,0
741,250,0,shortest,Customer_13,Customer_21,35,67,"[35, 15, 73, 67]","[175, 180, 455]",14.262475708380274,0.2593177401523686,0,0
742,250,1,detour_2,Customer_13,Customer_21,35,67,"[35, 25, 15, 73, 67]","[257, 179, 180, 455]",15.656306595877323,0.29920706782734785,0,0
743,250,2,detour_3,Customer_13,Customer_21,35,67,"[35, 15, 75, 67]","[175, 176, 457]",16.635946849516536,0.3024717609003007,0,0
744,251,0,shortest,Customer_13,Customer_22,35,67,"[35, 15, 73, 67]","[175, 180, 455]",14.262475708380274,0.2593177401523686,0,0
745,251,1,detour_2,Customer_13,Customer_22,35,67,"[35, 25, 15, 73, 67]","[257, 179, 180, 455]",15.656306595877323,0.29920706782734785,0,0
746,251,2,detour_3,Customer_13,Customer_22,35,67,"[35, 15, 75, 67]","[175, 176, 457]",16.635946849516536,0.3024717609003007,0,0
747,252,0,shortest,Customer_13,Customer_71,35,32,"[35, 49, 76, 32]","[332, 390, 315]",13.875824902951685,0.26089793463551525,0,0
748,252,1,detour_2,Customer_13,Customer_71,35,32,"[35, 25, 49, 76, 32]","[257, 254, 390, 315]",14.99043691194267,0.29571055542856606,0,0
749,252,2,detour_3,Customer_13,Customer_71,35,32,"[35, 49, 28, 32]","[332, 291, 288]",17.964823919049387,0.32663316216453425,0,0
750,253,0,shortest,Customer_13,Customer_77,35,28,"[35, 49, 28]","[332, 291]",12.545970818099999,0.22810856032909088,0,0
751,253,1,detour_2,Customer_13,Customer_77,35,28,"[35, 25, 49, 28]","[257, 254, 291]",13.660582827090984,0.2629211811221417,0,0
752,253,2,detour_3,Customer_13,Customer_77,35,28,"[35, 49, 76, 32, 28]","[332, 390, 315, 289]",19.29467800390107,0.3594225364709586,0,0
753,254,0,shortest,Customer_13,Customer_51,35,10,"[35, 49, 76, 10]","[332, 390, 123]",15.692562472684225,0.2853193176851677,0,0
754,254,1,detour_2,Customer_13,Customer_51,35,10,"[35, 49, 76, 32, 10]","[332, 390, 315, 119]",16.486509835332043,0.30836493340606724,0,0
755,254,2,detour_3,Customer_13,Customer_51,35,10,"[35, 25, 49, 76, 10]","[257, 254, 390, 123]",16.80717448167521,0.3201319384782185,0,0
756,255,0,shortest,Customer_13,Customer_48,35,27,"[35, 49, 28, 27]","[332, 291, 273]",15.619780048321696,0.2839960008785763,0,0
757,255,1,detour_2,Customer_13,Customer_48,35,27,"[35, 25, 49, 28, 27]","[257, 254, 291, 273]",16.734392057312682,0.3188086216716271,0,0
758,255,2,detour_3,Customer_13,Customer_48,35,27,"[35, 49, 28, 59, 27]","[332, 291, 282, 271]",20.57172617502996,0.37403138500054467,1,0
759,256,0,shortest,Customer_13,Customer_27,35,33,"[35, 15, 73, 67, 33]","[175, 180, 455, 323]",17.910641555597987,0.32564802828359973,0,0
760,256,1,detour_2,Customer_13,Customer_27,35,33,"[35, 49, 76, 10, 33]","[332, 390, 123, 126]",18.72396450737471,0.3404357183159038,0,0
761,256,2,detour_3,Customer_13,Customer_27,35,33,"[35, 15, 73, 67, 43, 33]","[175, 180, 455, 375, 321]",18.719395567942417,0.34861285312707946,0,0
762,257,0,shortest,Customer_13,Customer_79,35,33,"[35, 15, 73, 67, 33]","[175, 180, 455, 323]",17.910641555597987,0.32564802828359973,0,0
763,257,1,detour_2,Customer_13,Customer_79,35,33,"[35, 49, 76, 10, 33]","[332, 390, 123, 126]",18.72396450737471,0.3404357183159038,0,0
764,257,2,detour_3,Customer_13,Customer_79,35,33,"[35, 15, 73, 67, 43, 33]","[175, 180, 455, 375, 321]",18.719395567942417,0.34861285312707946,0,0
765,258,0,shortest,Customer_13,Customer_32,35,46,"[35, 49, 76, 10, 46]","[332, 390, 123, 124]",18.666348002689823,0.33938814550345137,0,0
766,258,1,detour_2,Customer_13,Customer_32,35,46,"[35, 49, 76, 32, 10, 46]","[332, 390, 315, 119, 124]",19.460295365337643,0.3624337612243509,0,0
767,258,2,detour_3,Customer_13,Customer_32,35,46,"[35, 15, 73, 67, 33, 46]","[175, 180, 455, 323, 324]",19.42760169785017,0.3635720318399044,0,0
768,259,0,same_node,Customer_14,Customer_29,17,17,[17],[],0.0,0.0,0,0
769,260,0,same_node,Customer_14,Customer_31,17,17,[17],[],0.0,0.0,0,0
770,261,0,shortest,Customer_14,Customer_33,17,4,"[17, 4]",[51],0.47322262348162386,0.011830565587040596,1,0
771,261,1,detour_2,Customer_14,Customer_33,17,4,"[17, 8, 4]","[97, 43]",3.6489456709242374,0.09122364177310593,2,0
772,261,2,detour_3,Customer_14,Customer_33,17,4,"[17, 42, 4]","[194, 45]",4.508285929532732,0.11270714823831832,2,0
773,262,0,shortest,Customer_14,Customer_35,17,8,"[17, 8]",[97],1.6279584438067927,0.040698961095169815,1,0
774,262,1,detour_2,Customer_14,Customer_35,17,8,"[17, 4, 8]","[51, 42]",2.4942098505990686,0.06235524626497672,2,0
775,262,2,detour_3,Customer_14,Customer_35,17,8,"[17, 72, 8]","[196, 95]",3.7082713176300715,0.09270678294075178,2,0
776,263,0,shortest,Customer_14,Customer_41,17,8,"[17, 8]",[97],1.6279584438067927,0.040698961095169815,1,0
777,263,1,detour_2,Customer_14,Customer_41,17,8,"[17, 4, 8]","[51, 42]",2.4942098505990686,0.06235524626497672,2,0
778,263,2,detour_3,Customer_14,Customer_41,17,8,"[17, 72, 8]","[196, 95]",3.7082713176300715,0.09270678294075178,2,0
779,264,0,shortest,Customer_14,Customer_46,17,8,"[17, 8]",[97],1.6279584438067927,0.040698961095169815,1,0
780,264,1,detour_2,Customer_14,Customer_46,17,8,"[17, 4, 8]","[51, 42]",2.4942098505990686,0.06235524626497672,2,0
781,264,2,detour_3,Customer_14,Customer_46,17,8,"[17, 72, 8]","[196, 95]",3.7082713176300715,0.09270678294075178,2,0
782,265,0,shortest,Customer_14,Customer_15,17,72,"[17, 72]",[196],2.472583886686292,0.0618145971671573,1,0
783,265,1,detour_2,Customer_14,Customer_15,17,72,"[17, 4, 72]","[51, 48]",3.4099600744010043,0.06522579196739296,2,0
784,265,2,detour_3,Customer_14,Customer_15,17,72,"[17, 8, 72]","[97, 94]",2.863645874750572,0.0715911468687643,2,0
785,266,0,shortest,Customer_14,Customer_2,17,55,"[17, 55]",[198],2.497506291459137,0.06243765728647842,1,0
786,266,1,detour_2,Customer_14,Customer_2,17,55,"[17, 4, 55]","[51, 46]",3.335398706168023,0.0638701307267933,2,0
787,266,2,detour_3,Customer_14,Customer_2,17,55,"[17, 74, 55]","[204, 415]",4.329018994688021,0.08860339842678341,2,0
788,267,0,shortest,Customer_14,Customer_3,17,74,"[17, 74]",[204],2.8779045445945126,0.052325537174445685,1,0
789,267,1,detour_2,Customer_14,Customer_3,17,74,"[17, 72, 74]","[196, 460]",3.6926769919834124,0.09231692479958531,2,0
790,267,2,detour_3,Customer_14,Customer_3,17,74,"[17, 4, 72, 74]","[51, 48, 460]",4.630053179698124,0.09572811959982097,3,0
791,268,0,shortest,Customer_14,Customer_42,17,74,"[17, 74]",[204],2.8779045445945126,0.052325537174445685,1,0
792,268,1,detour_2,Customer_14,Customer_42,17,74,"[17, 72, 74]","[196, 460]",3.6926769919834124,0.09231692479958531,2,0
793,268,2,detour_3,Customer_14,Customer_42,17,74,"[17, 4, 72, 74]","[51, 48, 460]",4.630053179698124,0.09572811959982097,3,0
794,269,0,shortest,Customer_14,Customer_47,17,74,"[17, 74]",[204],2.8779045445945126,0.052325537174445685,1,0
795,269,1,detour_2,Customer_14,Customer_47,17,74,"[17, 72, 74]","[196, 460]",3.6926769919834124,0.09231692479958531,2,0
796,269,2,detour_3,Customer_14,Customer_47,17,74,"[17, 4, 72, 74]","[51, 48, 460]",4.630053179698124,0.09572811959982097,3,0
797,270,0,shortest,Customer_14,Customer_26,17,31,"[17, 31]",[202],3.069966256036049,0.05581756829156452,1,0
798,270,1,detour_2,Customer_14,Customer_26,17,31,"[17, 18, 31]","[200, 206]",3.363444982893002,0.06241609250390924,2,0
799,270,2,detour_3,Customer_14,Customer_26,17,31,"[17, 8, 31]","[97, 92]",3.1997587407073924,0.07999396851768481,2,0
800,271,0,shortest,Customer_14,Customer_67,17,31,"[17, 31]",[202],3.069966256036049,0.05581756829156452,1,0
801,271,1,detour_2,Customer_14,Customer_67,17,31,"[17, 18, 31]","[200, 206]",3.363444982893002,0.06241609250390924,2,0
802,271,2,detour_3,Customer_14,Customer_67,17,31,"[17, 8, 31]","[97, 92]",3.1997587407073924,0.07999396851768481,2,0
803,272,0,shortest,Customer_14,Customer_55,17,48,"[17, 4, 48]","[51, 52]",4.76385498094279,0.08984206299542545,2,0
804,272,1,detour_2,Customer_14,Customer_55,17,48,"[17, 42, 48]","[194, 372]",4.562234062671527,0.11405585156678819,2,0
805,272,2,detour_3,Customer_14,Customer_55,17,48,"[17, 4, 42, 48]","[51, 44, 372]",4.76415876178884,0.119103969044721,3,0
806,273,0,shortest,Customer_14,Customer_9,17,34,"[17, 55, 50, 46, 14, 34]","[198, 395, 385, 171, 168]",14.265476920496623,0.2903271833509411,2,0
807,273,1,detour_2,Customer_14,Customer_9,17,34,"[17, 4, 55, 50, 46, 14, 34]","[51, 46, 395, 385, 171, 168]",15.103369335205509,0.291759656791256,3,0
808,273,2,detour_3,Customer_14,Customer_9,17,34,"[17, 74, 50, 46, 14, 34]","[204, 397, 385, 171, 168]",16.003957729530015,0.3049074733461451,2,0
809,274,0,shortest,Customer_14,Customer_30,17,47,"[17, 55, 50, 46, 14, 47]","[198, 395, 385, 171, 162]",14.482175867183862,0.29574465701812214,2,0
810,274,1,detour_2,Customer_14,Customer_30,17,47,"[17, 4, 55, 50, 46, 14, 47]","[51, 46, 395, 385, 171, 162]",15.320068281892748,0.297177130458437,3,0
811,274,2,detour_3,Customer_14,Customer_30,17,47,"[17, 74, 50, 46, 14, 47]","[204, 397, 385, 171, 162]",16.220656676217256,0.3103249470133261,2,0
812,275,0,shortest,Customer_14,Customer_60,17,47,"[17, 55, 50, 46, 14, 47]","[198, 395, 385, 171, 162]",14.482175867183862,0.29574465701812214,2,0
813,275,1,detour_2,Customer_14,Customer_60,17,47,"[17, 4, 55, 50, 46, 14, 47]","[51, 46, 395, 385, 171, 162]",15.320068281892748,0.297177130458437,3,0
814,275,2,detour_3,Customer_14,Customer_60,17,47,"[17, 74, 50, 46, 14, 47]","[204, 397, 385, 171, 162]",16.220656676217256,0.3103249470133261,2,0
815,276,0,shortest,Customer_14,Customer_65,17,47,"[17, 55, 50, 46, 14, 47]","[198, 395, 385, 171, 162]",14.482175867183862,0.29574465701812214,2,0
816,276,1,detour_2,Customer_14,Customer_65,17,47,"[17, 4, 55, 50, 46, 14, 47]","[51, 46, 395, 385, 171, 162]",15.320068281892748,0.297177130458437,3,0
817,276,2,detour_3,Customer_14,Customer_65,17,47,"[17, 74, 50, 46, 14, 47]","[204, 397, 385, 171, 162]",16.220656676217256,0.3103249470133261,2,0
818,277,0,shortest,Customer_14,Customer_54,17,69,"[17, 31, 69]","[202, 310]",6.5171940183012795,0.1184944366963869,2,0
819,277,1,detour_2,Customer_14,Customer_54,17,69,"[17, 18, 69]","[200, 214]",6.636801071767961,0.1206691103957811,2,0
820,277,2,detour_3,Customer_14,Customer_54,17,69,"[17, 31, 18, 69]","[202, 207, 214]",6.713669570628374,0.12332926682637055,3,0
821,278,0,shortest,Customer_14,Customer_38,17,14,"[17, 55, 50, 46, 14]","[198, 395, 385, 171]",12.222934775142054,0.2392636297170769,2,0
822,278,1,detour_2,Customer_14,Customer_38,17,14,"[17, 4, 55, 50, 46, 14]","[51, 46, 395, 385, 171]",13.06082718985094,0.2406961031573918,3,0
823,278,2,detour_3,Customer_14,Customer_38,17,14,"[17, 74, 50, 46, 14]","[204, 397, 385, 171]",13.961415584175448,0.2538439197122809,2,0
824,279,0,shortest,Customer_15,Customer_3,72,74,"[72, 74]",[460],1.22009310529712,0.030502327632428,1,0
825,279,1,detour_2,Customer_15,Customer_3,72,74,"[72, 8, 74]","[95, 106]",3.476713837311578,0.08691784593278945,2,0
826,279,2,detour_3,Customer_15,Customer_3,72,74,"[72, 55, 74]","[417, 414]",3.7535501704661716,0.09383875426165429,2,0
827,280,0,shortest,Customer_15,Customer_42,72,74,"[72, 74]",[460],1.22009310529712,0.030502327632428,1,0
828,280,1,detour_2,Customer_15,Customer_42,72,74,"[72, 8, 74]","[95, 106]",3.476713837311578,0.08691784593278945,2,0
829,280,2,detour_3,Customer_15,Customer_42,72,74,"[72, 55, 74]","[417, 414]",3.7535501704661716,0.09383875426165429,2,0
830,281,0,shortest,Customer_15,Customer_47,72,74,"[72, 74]",[460],1.22009310529712,0.030502327632428,1,0
831,281,1,detour_2,Customer_15,Customer_47,72,74,"[72, 8, 74]","[95, 106]",3.476713837311578,0.08691784593278945,2,0
832,281,2,detour_3,Customer_15,Customer_47,72,74,"[72, 55, 74]","[417, 414]",3.7535501704661716,0.09383875426165429,2,0
833,282,0,shortest,Customer_15,Customer_35,72,8,"[72, 8]",[95],1.2356874309437793,0.030892185773594483,1,0
834,282,1,detour_2,Customer_15,Customer_35,72,8,"[72, 74, 8]","[460, 107]",3.4611195116649185,0.08652798779162296,2,0
835,282,2,detour_3,Customer_15,Customer_35,72,8,"[72, 31, 8]","[307, 93]",3.6375536132472384,0.09093884033118096,2,0
836,283,0,shortest,Customer_15,Customer_41,72,8,"[72, 8]",[95],1.2356874309437793,0.030892185773594483,1,0
837,283,1,detour_2,Customer_15,Customer_41,72,8,"[72, 74, 8]","[460, 107]",3.4611195116649185,0.08652798779162296,2,0
838,283,2,detour_3,Customer_15,Customer_41,72,8,"[72, 31, 8]","[307, 93]",3.6375536132472384,0.09093884033118096,2,0
839,284,0,shortest,Customer_15,Customer_46,72,8,"[72, 8]",[95],1.2356874309437793,0.030892185773594483,1,0
840,284,1,detour_2,Customer_15,Customer_46,72,8,"[72, 74, 8]","[460, 107]",3.4611195116649185,0.08652798779162296,2,0
841,284,2,detour_3,Customer_15,Customer_46,72,8,"[72, 31, 8]","[307, 93]",3.6375536132472384,0.09093884033118096,2,0
842,285,0,shortest,Customer_15,Customer_26,72,31,"[72, 31]",[307],2.0657533163466386,0.05164383290866596,1,0
843,285,1,detour_2,Customer_15,Customer_26,72,31,"[72, 18, 31]","[209, 206]",2.4359653710918088,0.060899134277295215,2,0
844,285,2,detour_3,Customer_15,Customer_26,72,31,"[72, 8, 31]","[95, 92]",2.807487727844379,0.07018719319610947,2,0
845,286,0,shortest,Customer_15,Customer_67,72,31,"[72, 31]",[307],2.0657533163466386,0.05164383290866596,1,0
846,286,1,detour_2,Customer_15,Customer_67,72,31,"[72, 18, 31]","[209, 206]",2.4359653710918088,0.060899134277295215,2,0
847,286,2,detour_3,Customer_15,Customer_67,72,31,"[72, 8, 31]","[95, 92]",2.807487727844379,0.07018719319610947,2,0
848,287,0,shortest,Customer_15,Customer_2,72,55,"[72, 55]",[417],2.302435720372663,0.05756089300931657,1,0
849,287,1,detour_2,Customer_15,Customer_2,72,55,"[72, 74, 55]","[460, 415]",2.671207555390629,0.06678018888476572,2,0
850,287,2,detour_3,Customer_15,Customer_2,72,55,"[72, 8, 55]","[95, 102]",3.9997213810998273,0.08114734850370445,2,0
851,288,0,shortest,Customer_15,Customer_14,72,17,"[72, 17]",[197],2.472583886686292,0.0618145971671573,1,0
852,288,1,detour_2,Customer_15,Customer_14,72,17,"[72, 4, 17]","[49, 50]",3.4099600744010043,0.06522579196739296,2,0
853,288,2,detour_3,Customer_15,Customer_14,72,17,"[72, 8, 17]","[95, 96]",2.863645874750572,0.0715911468687643,2,0
854,289,0,shortest,Customer_15,Customer_29,72,17,"[72, 17]",[197],2.472583886686292,0.0618145971671573,1,0
855,289,1,detour_2,Customer_15,Customer_29,72,17,"[72, 4, 17]","[49, 50]",3.4099600744010043,0.06522579196739296,2,0
856,289,2,detour_3,Customer_15,Customer_29,72,17,"[72, 8, 17]","[95, 96]",2.863645874750572,0.0715911468687643,2,0
857,290,0,shortest,Customer_15,Customer_31,72,17,"[72, 17]",[197],2.472583886686292,0.0618145971671573,1,0
858,290,1,detour_2,Customer_15,Customer_31,72,17,"[72, 4, 17]","[49, 50]",3.4099600744010043,0.06522579196739296,2,0
859,290,2,detour_3,Customer_15,Customer_31,72,17,"[72, 8, 17]","[95, 96]",2.863645874750572,0.0715911468687643,2,0
860,291,0,shortest,Customer_15,Customer_33,72,4,"[72, 4]",[49],2.9367374509193804,0.05339522638035237,1,0
861,291,1,detour_2,Customer_15,Customer_33,72,4,"[72, 17, 4]","[197, 51]",2.945806510167916,0.0736451627541979,2,0
862,291,2,detour_3,Customer_15,Customer_33,72,4,"[72, 8, 4]","[95, 43]",3.256674658061224,0.0814168664515306,2,0
863,292,0,shortest,Customer_15,Customer_54,72,69,"[72, 69]",[459],4.028713510092268,0.07324933654713214,1,0
864,292,1,detour_2,Customer_15,Customer_54,72,69,"[72, 31, 69]","[307, 310]",5.512981078611869,0.11432070131348834,2,0
865,292,2,detour_3,Customer_15,Customer_54,72,69,"[72, 59, 69]","[441, 442]",5.7441344331694095,0.11858639939600055,2,0
866,293,0,shortest,Customer_15,Customer_77,72,28,"[72, 28]",[287],5.390198841865636,0.09800361530664792,1,0
867,293,1,detour_2,Customer_15,Customer_77,72,28,"[72, 59, 28]","[441, 283]",5.398508550827069,0.11230229244432163,2,0
868,293,2,detour_3,Customer_15,Customer_77,72,28,"[72, 74, 28]","[460, 285]",5.940081265633058,0.11632029418399051,2,0
869,294,0,shortest,Customer_15,Customer_55,72,48,"[72, 4, 48]","[49, 52]",7.227369808380548,0.13140672378873722,2,0
870,294,1,detour_2,Customer_15,Customer_55,72,48,"[72, 18, 48]","[209, 212]",6.7528055300291525,0.13812458980666498,2,0
871,294,2,detour_3,Customer_15,Customer_55,72,48,"[72, 31, 18, 48]","[307, 207, 212]",6.752940701001348,0.1381279690809699,3,0
872,295,0,shortest,Customer_15,Customer_71,72,32,"[72, 55, 32]","[417, 317]",6.5333622746871685,0.1344868303604894,2,0
873,295,1,avoid_congestion,Customer_15,Customer_71,72,32,"[72, 28, 32]","[287, 288]",10.809051942815021,0.1965282171420913,1,0
874,295,2,detour_2,Customer_15,Customer_71,72,32,"[72, 74, 55, 32]","[460, 415, 317]",6.902134109705134,0.14370612623593854,3,0
875,295,3,detour_3,Customer_15,Customer_71,72,32,"[72, 8, 55, 32]","[95, 102, 317]",8.230647935414332,0.1580732858548773,3,0
876,296,0,shortest,Customer_15,Customer_48,72,27,"[72, 59, 27]","[441, 271]",6.777206985359532,0.13736953670854823,1,0
877,296,1,detour_2,Customer_15,Customer_48,72,27,"[72, 74, 27]","[460, 279]",7.623704722789833,0.14693162976865914,2,0
878,296,2,detour_3,Customer_15,Customer_48,72,27,"[72, 69, 27]","[459, 275]",8.410139420980451,0.1529116258360082,1,0
879,297,0,shortest,Customer_15,Customer_9,72,34,"[72, 74, 50, 46, 14, 34]","[460, 397, 385, 171, 168]",14.346146290232623,0.2830842638041274,2,0
880,297,1,detour_2,Customer_15,Customer_9,72,34,"[72, 55, 50, 46, 14, 34]","[417, 395, 385, 171, 168]",14.070406349410147,0.28545041907377927,2,0
881,297,2,detour_3,Customer_15,Customer_9,72,34,"[72, 74, 55, 50, 46, 14, 34]","[460, 415, 395, 385, 171, 168]",14.439178184428114,0.29466971494922845,3,0
882,298,0,shortest,Customer_15,Customer_5,72,7,"[72, 69, 22, 7]","[459, 239, 87]",11.870619873621807,0.21582945224766922,1,0
883,298,1,detour_2,Customer_15,Customer_5,72,7,"[72, 69, 5, 7]","[459, 55, 60]",12.550034824758093,0.22818245135923804,1,0
884,298,2,detour_3,Customer_15,Customer_5,72,7,"[72, 69, 5, 22, 7]","[459, 55, 56, 87]",12.601002361197244,0.23211905981294603,1,0
885,299,0,same_node,Customer_16,Customer_56,64,64,[64],[],0.0,0.0,0,0
886,300,0,same_node,Customer_16,Customer_63,64,64,[64],[],0.0,0.0,0,0
887,301,0,same_node,Customer_16,Customer_64,64,64,[64],[],0.0,0.0,0,0
888,302,0,shortest,Customer_16,Customer_23,64,39,"[64, 39]",[359],2.736265652175929,0.049750284585016895,0,0
889,302,1,detour_2,Customer_16,Customer_23,64,39,"[64, 54, 39]","[411, 361]",2.9645630587379346,0.07411407646844836,0,0
890,302,2,detour_3,Customer_16,Customer_23,64,39,"[64, 12, 39]","[141, 146]",4.396699900471073,0.08628768525347658,0,0
891,303,0,shortest,Customer_16,Customer_25,64,19,"[64, 19]",[219],3.791578288244652,0.06893778705899367,0,0
892,303,1,detour_2,Customer_16,Customer_25,64,19,"[64, 54, 19]","[411, 217]",3.9659012327357095,0.0758128556245736,0,0
893,303,2,detour_3,Customer_16,Customer_25,64,19,"[64, 77, 19]","[452, 221]",6.666624871026636,0.12121136129139337,0,0
894,304,0,shortest,Customer_16,Customer_70,64,53,"[64, 30, 53]","[303, 300]",6.531726816083715,0.1347308739902147,0,0
895,304,1,detour_2,Customer_16,Customer_70,64,53,"[64, 12, 30, 53]","[141, 148, 300]",6.9266795589849215,0.14825952001514825,0,0
896,304,2,detour_3,Customer_16,Customer_70,64,53,"[64, 12, 60, 53]","[141, 150, 407]",8.292717452351889,0.15712436801494598,0,0
897,305,0,shortest,Customer_16,Customer_80,64,3,"[64, 30, 3]","[303, 33]",7.795243605818902,0.14173170192398005,0,0
898,305,1,detour_2,Customer_16,Customer_80,64,3,"[64, 12, 30, 3]","[141, 148, 33]",8.190196348720109,0.15526034794891358,0,0
899,305,2,detour_3,Customer_16,Customer_80,64,3,"[64, 54, 12, 30, 3]","[411, 143, 148, 33]",9.275495268875348,0.18239282095279458,0,0
900,306,0,shortest,Customer_16,Customer_18,64,57,"[64, 77, 57]","[452, 427]",8.805107021102863,0.16009285492914294,0,0
901,306,1,detour_2,Customer_16,Customer_18,64,57,"[64, 54, 77, 57]","[411, 412, 427]",9.516838935656724,0.17673899567768295,0,0
902,306,2,detour_3,Customer_16,Customer_18,64,57,"[64, 12, 77, 57]","[141, 144, 427]",9.563539892955779,0.18023023057138032,0,0
903,307,0,shortest,Customer_16,Customer_28,64,16,"[64, 77, 57, 16]","[452, 427, 185]",9.050985606705352,0.16623981956920514,0,0
904,307,1,detour_2,Customer_16,Customer_28,64,16,"[64, 54, 77, 57, 16]","[411, 412, 427, 185]",9.762717521259212,0.18288596031774515,0,0
905,307,2,detour_3,Customer_16,Customer_28,64,16,"[64, 12, 77, 57, 16]","[141, 144, 427, 185]",9.809418478558268,0.18637719521144253,0,0
906,308,0,shortest,Customer_16,Customer_66,64,16,"[64, 77, 57, 16]","[452, 427, 185]",9.050985606705352,0.16623981956920514,0,0
907,308,1,detour_2,Customer_16,Customer_66,64,16,"[64, 54, 77, 57, 16]","[411, 412, 427, 185]",9.762717521259212,0.18288596031774515,0,0
908,308,2,detour_3,Customer_16,Customer_66,64,16,"[64, 12, 77, 57, 16]","[141, 144, 427, 185]",9.809418478558268,0.18637719521144253,0,0
909,309,0,shortest,Customer_16,Customer_8,64,63,"[64, 30, 63]","[303, 304]",8.43992773367972,0.1534532315214495,0,0
910,309,1,detour_2,Customer_16,Customer_8,64,63,"[64, 12, 30, 63]","[141, 148, 304]",8.834880476580928,0.16698187754638305,0,0
911,309,2,detour_3,Customer_16,Customer_8,64,63,"[64, 12, 60, 63]","[141, 150, 444]",9.07999423268297,0.17143849129369287,0,0
912,310,0,shortest,Customer_16,Customer_34,64,66,"[64, 77, 57, 66]","[452, 427, 430]",10.567398347032043,0.20415013807737242,0,0
913,310,1,detour_2,Customer_16,Customer_34,64,66,"[64, 77, 57, 16, 66]","[452, 427, 185, 186]",10.979251395326685,0.21444646428473846,0,0
914,310,2,detour_3,Customer_16,Customer_34,64,66,"[64, 54, 77, 57, 66]","[411, 412, 427, 430]",11.279130261585903,0.22079627882591243,0,0
915,311,0,shortest,Customer_16,Customer_73,64,66,"[64, 77, 57, 66]","[452, 427, 430]",10.567398347032043,0.20415013807737242,0,0
916,311,1,detour_2,Customer_16,Customer_73,64,66,"[64, 77, 57, 16, 66]","[452, 427, 185, 186]",10.979251395326685,0.21444646428473846,0,0
917,311,2,detour_3,Customer_16,Customer_73,64,66,"[64, 54, 77, 57, 66]","[411, 412, 427, 430]",11.279130261585903,0.22079627882591243,0,0
918,312,0,shortest,Customer_16,Customer_11,64,52,"[64, 39, 79, 52]","[359, 362, 405]",12.146210332683474,0.22084018786697227,0,0
919,312,1,detour_2,Customer_16,Customer_11,64,52,"[64, 30, 63, 52]","[303, 304, 403]",13.131265801710931,0.23875028730383513,0,0
920,312,2,detour_3,Customer_16,Customer_11,64,52,"[64, 54, 39, 79, 52]","[411, 361, 362, 405]",12.37450773924548,0.24520397975040376,0,0
921,313,0,shortest,Customer_16,Customer_12,64,52,"[64, 39, 79, 52]","[359, 362, 405]",12.146210332683474,0.22084018786697227,0,0
922,313,1,detour_2,Customer_16,Customer_12,64,52,"[64, 30, 63, 52]","[303, 304, 403]",13.131265801710931,0.23875028730383513,0,0
923,313,2,detour_3,Customer_16,Customer_12,64,52,"[64, 54, 39, 79, 52]","[411, 361, 362, 405]",12.37450773924548,0.24520397975040376,0,0
924,314,0,shortest,Customer_16,Customer_20,64,52,"[64, 39, 79, 52]","[359, 362, 405]",12.146210332683474,0.22084018786697227,0,0
925,314,1,detour_2,Customer_16,Customer_20,64,52,"[64, 30, 63, 52]","[303, 304, 403]",13.131265801710931,0.23875028730383513,0,0
926,314,2,detour_3,Customer_16,Customer_20,64,52,"[64, 54, 39, 79, 52]","[411, 361, 362, 405]",12.37450773924548,0.24520397975040376,0,0
927,315,0,shortest,Customer_16,Customer_53,64,52,"[64, 39, 79, 52]","[359, 362, 405]",12.146210332683474,0.22084018786697227,0,0
928,315,1,detour_2,Customer_16,Customer_53,64,52,"[64, 30, 63, 52]","[303, 304, 403]",13.131265801710931,0.23875028730383513,0,0
929,315,2,detour_3,Customer_16,Customer_53,64,52,"[64, 54, 39, 79, 52]","[411, 361, 362, 405]",12.37450773924548,0.24520397975040376,0,0
930,316,0,shortest,Customer_16,Customer_55,64,48,"[64, 30, 3, 48]","[303, 33, 36]",11.41061670395004,0.2074657582536371,1,0
931,316,1,avoid_congestion,Customer_16,Customer_55,64,48,"[64, 30, 53, 48]","[303, 300, 389]",10.758316630395214,0.211577961523151,0,0
932,316,2,detour_3,Customer_16,Customer_55,64,48,"[64, 12, 30, 3, 48]","[141, 148, 33, 36]",11.805569446851248,0.22099440427857064,1,0
933,317,0,shortest,Customer_16,Customer_72,64,24,"[64, 39, 6, 24]","[359, 81, 78]",14.760664184730594,0.2683757124496472,0,0
934,317,1,detour_2,Customer_16,Customer_72,64,24,"[64, 39, 79, 6, 24]","[359, 362, 77, 78]",15.395406632656556,0.2799164842301192,0,0
935,317,2,detour_3,Customer_16,Customer_72,64,24,"[64, 39, 79, 20, 24]","[359, 362, 225, 226]",15.88008458696966,0.2887288106721756,0,0
936,318,0,shortest,Customer_16,Customer_43,64,0,"[64, 39, 79, 52, 0]","[359, 362, 405, 1]",15.270266099267221,0.2776412018048586,0,0
937,318,1,detour_2,Customer_16,Customer_43,64,0,"[64, 30, 63, 52, 0]","[303, 304, 403, 1]",16.25532156829468,0.29555130124172146,0,0
938,318,2,detour_3,Customer_16,Customer_43,64,0,"[64, 54, 39, 79, 52, 0]","[411, 361, 362, 405, 1]",15.498563505829228,0.30200499368829004,0,0
939,319,0,same_node,Customer_17,Customer_74,38,38,[38],[],0.0,0.0,0,0
940,320,0,shortest,Customer_17,Customer_52,38,43,"[38, 43]",[350],2.5145091594552276,0.04571834835373141,0,0
941,320,1,detour_2,Customer_17,Customer_52,38,43,"[38, 67, 43]","[352, 375]",4.429895529103447,0.08880376151182554,0,0
942,320,2,detour_3,Customer_17,Customer_52,38,43,"[38, 10, 43]","[129, 130]",7.079066856105849,0.12871030647465181,0,0
943,321,0,shortest,Customer_17,Customer_58,38,43,"[38, 43]",[350],2.5145091594552276,0.04571834835373141,0,0
944,321,1,detour_2,Customer_17,Customer_58,38,43,"[38, 67, 43]","[352, 375]",4.429895529103447,0.08880376151182554,0,0
945,321,2,detour_3,Customer_17,Customer_58,38,43,"[38, 10, 43]","[129, 130]",7.079066856105849,0.12871030647465181,0,0
946,322,0,shortest,Customer_17,Customer_21,38,67,"[38, 67]",[352],3.2183985849782277,0.05851633790869505,0,0
947,322,1,detour_2,Customer_17,Customer_21,38,67,"[38, 43, 67]","[350, 374]",3.7260061035804473,0.0760057719568619,0,0
948,322,2,detour_3,Customer_17,Customer_21,38,67,"[38, 10, 67]","[129, 132]",8.217117667069775,0.14940213940126867,0,0
949,323,0,shortest,Customer_17,Customer_22,38,67,"[38, 67]",[352],3.2183985849782277,0.05851633790869505,0,0
950,323,1,detour_2,Customer_17,Customer_22,38,67,"[38, 43, 67]","[350, 374]",3.7260061035804473,0.0760057719568619,0,0
951,323,2,detour_3,Customer_17,Customer_22,38,67,"[38, 10, 67]","[129, 132]",8.217117667069775,0.14940213940126867,0,0
952,324,0,shortest,Customer_17,Customer_51,38,10,"[38, 10]",[129],3.96000432477405,0.07200007863225545,0,0
953,324,1,detour_2,Customer_17,Customer_51,38,10,"[38, 43, 10]","[350, 131]",5.6335716907870275,0.10242857619612777,0,0
954,324,2,detour_3,Customer_17,Customer_51,38,10,"[38, 76, 10]","[354, 123]",6.754933979677824,0.12281698144868772,0,0
955,325,0,shortest,Customer_17,Customer_71,38,32,"[38, 32]",[313],4.56163189651993,0.08293876175490782,0,0
956,325,1,detour_2,Customer_17,Customer_71,38,32,"[38, 76, 32]","[354, 315]",4.938196409945283,0.09839559839903525,0,0
957,325,2,detour_3,Customer_17,Customer_71,38,32,"[38, 10, 32]","[129, 118]",6.5706892571544095,0.11946707740280746,0,0
958,326,0,shortest,Customer_17,Customer_10,38,73,"[38, 73]",[356],4.777593677795996,0.08686533959629084,0,0
959,326,1,detour_2,Customer_17,Customer_10,38,73,"[38, 67, 73]","[352, 454]",7.877680477139469,0.1432305541298085,0,0
960,326,2,detour_3,Customer_17,Customer_10,38,73,"[38, 43, 67, 73]","[350, 374, 454]",8.385287995741688,0.16071998817797536,0,0
961,327,0,shortest,Customer_17,Customer_27,38,33,"[38, 43, 33]","[350, 321]",5.75993207489215,0.10472603772531183,0,0
962,327,1,detour_2,Customer_17,Customer_27,38,33,"[38, 67, 33]","[352, 323]",6.866564432195942,0.12484662603992622,0,0
963,327,2,detour_3,Customer_17,Customer_27,38,33,"[38, 10, 33]","[129, 126]",6.991406359464534,0.12711647926299152,0,0
964,328,0,shortest,Customer_17,Customer_79,38,33,"[38, 43, 33]","[350, 321]",5.75993207489215,0.10472603772531183,0,0
965,328,1,detour_2,Customer_17,Customer_79,38,33,"[38, 67, 33]","[352, 323]",6.866564432195942,0.12484662603992622,0,0
966,328,2,detour_3,Customer_17,Customer_79,38,33,"[38, 10, 33]","[129, 126]",6.991406359464534,0.12711647926299152,0,0
967,329,0,shortest,Customer_17,Customer_32,38,46,"[38, 43, 46]","[350, 376]",6.932359012554782,0.12604289113735967,0,0
968,329,1,detour_2,Customer_17,Customer_32,38,46,"[38, 10, 46]","[129, 124]",6.93378985477965,0.1260689064505391,0,0
969,329,2,detour_3,Customer_17,Customer_32,38,46,"[38, 43, 33, 46]","[350, 321, 324]",7.276892217144336,0.14265004128161649,0,0
970,330,0,shortest,Customer_17,Customer_49,38,46,"[38, 43, 46]","[350, 376]",6.932359012554782,0.12604289113735967,0,0
971,330,1,detour_2,Customer_17,Customer_49,38,46,"[38, 10, 46]","[129, 124]",6.93378985477965,0.1260689064505391,0,0
972,330,2,detour_3,Customer_17,Customer_49,38,46,"[38, 43, 33, 46]","[350, 321, 324]",7.276892217144336,0.14265004128161649,0,0
973,331,0,shortest,Customer_17,Customer_39,38,15,"[38, 73, 15]","[356, 181]",9.071345035442032,0.16493354609894603,0,0
974,331,1,detour_2,Customer_17,Customer_39,38,15,"[38, 73, 75, 15]","[356, 462, 177]",11.553868100094364,0.2100703290926248,0,0
975,331,2,detour_3,Customer_17,Customer_39,38,15,"[38, 67, 73, 15]","[352, 454, 181]",12.171431834785505,0.2212987606324637,0,0
976,332,0,shortest,Customer_17,Customer_75,38,15,"[38, 73, 15]","[356, 181]",9.071345035442032,0.16493354609894603,0,0
977,332,1,detour_2,Customer_17,Customer_75,38,15,"[38, 73, 75, 15]","[356, 462, 177]",11.553868100094364,0.2100703290926248,0,0
978,332,2,detour_3,Customer_17,Customer_75,38,15,"[38, 67, 73, 15]","[352, 454, 181]",12.171431834785505,0.2212987606324637,0,0
979,333,0,shortest,Customer_17,Customer_2,38,55,"[38, 32, 55]","[313, 316]",8.792558450834434,0.15986469910608064,1,0
980,333,1,avoid_congestion,Customer_17,Customer_2,38,55,"[38, 10, 50, 55]","[129, 120, 394]",9.622469587531725,0.17495399250057683,1,0
981,333,2,detour_3,Customer_17,Customer_2,38,55,"[38, 76, 32, 55]","[354, 315, 316]",9.169122964259788,0.1753215357502081,1,0
982,334,0,shortest,Customer_17,Customer_77,38,28,"[38, 32, 28]","[313, 289]",9.980484997469315,0.1814633635903512,0,0
983,334,1,detour_2,Customer_17,Customer_77,38,28,"[38, 76, 32, 28]","[354, 315, 289]",10.357049510894669,0.19692020023447865,0,0
984,334,2,detour_3,Customer_17,Customer_77,38,28,"[38, 10, 32, 28]","[129, 118, 289]",11.989542358103796,0.21799167923825086,0,0
985,335,0,shortest,Customer_17,Customer_13,38,35,"[38, 73, 15, 35]","[356, 181, 174]",14.380787494015028,0.26146886352754595,0,0
986,335,1,detour_2,Customer_17,Customer_13,38,35,"[38, 76, 49, 35]","[354, 391, 333]",16.288359968888134,0.2961519994343297,0,0
987,335,2,detour_3,Customer_17,Customer_13,38,35,"[38, 73, 15, 25, 35]","[356, 181, 178, 256]",15.774618381512077,0.3013581912025252,0,0
988,336,0,shortest,Customer_17,Customer_3,38,74,"[38, 32, 55, 74]","[313, 316, 414]",10.243672900927944,0.19614256035841837,2,0
989,336,1,avoid_congestion,Customer_17,Customer_3,38,74,"[38, 10, 50, 74]","[129, 120, 396]",10.980552143429744,0.19964640260781352,1,0
990,336,2,detour_3,Customer_17,Customer_3,38,74,"[38, 32, 50, 74]","[313, 318, 396]",11.581329129385018,0.21056962053427306,2,0
991,337,0,shortest,Customer_17,Customer_42,38,74,"[38, 32, 55, 74]","[313, 316, 414]",10.243672900927944,0.19614256035841837,2,0
992,337,1,avoid_congestion,Customer_17,Customer_42,38,74,"[38, 10, 50, 74]","[129, 120, 396]",10.980552143429744,0.19964640260781352,1,0
993,337,2,detour_3,Customer_17,Customer_42,38,74,"[38, 32, 50, 74]","[313, 318, 396]",11.581329129385018,0.21056962053427306,2,0
994,338,0,shortest,Customer_17,Customer_47,38,74,"[38, 32, 55, 74]","[313, 316, 414]",10.243672900927944,0.19614256035841837,2,0
995,338,1,avoid_congestion,Customer_17,Customer_47,38,74,"[38, 10, 50, 74]","[129, 120, 396]",10.980552143429744,0.19964640260781352,1,0
996,338,2,detour_3,Customer_17,Customer_47,38,74,"[38, 32, 50, 74]","[313, 318, 396]",11.581329129385018,0.21056962053427306,2,0
997,339,0,shortest,Customer_18,Customer_28,57,16,"[57, 16]",[185],0.24587858560248813,0.006146964640062203,0,0
998,339,1,detour_2,Customer_18,Customer_28,57,16,"[57, 66, 16]","[430, 187]",3.6905571145505123,0.0922639278637628,0,0
999,339,2,detour_3,Customer_18,Customer_28,57,16,"[57, 61, 16]","[428, 189]",6.598901503249266,0.11998002733180482,0,0
1000,340,0,shortest,Customer_18,Customer_66,57,16,"[57, 16]",[185],0.24587858560248813,0.006146964640062203,0,0
1001,340,1,detour_2,Customer_18,Customer_66,57,16,"[57, 66, 16]","[430, 187]",3.6905571145505123,0.0922639278637628,0,0
1002,340,2,detour_3,Customer_18,Customer_66,57,16,"[57, 61, 16]","[428, 189]",6.598901503249266,0.11998002733180482,0,0
1003,341,0,shortest,Customer_18,Customer_34,57,66,"[57, 66]",[430],1.7622913259291795,0.04405728314822949,0,0
1004,341,1,detour_2,Customer_18,Customer_34,57,66,"[57, 16, 66]","[185, 186]",2.1741443742238213,0.05435360935559553,0,0
1005,341,2,detour_3,Customer_18,Customer_34,57,66,"[57, 61, 66]","[428, 446]",5.48492770042669,0.11467975441929233,0,0
1006,342,0,shortest,Customer_18,Customer_73,57,66,"[57, 66]",[430],1.7622913259291795,0.04405728314822949,0,0
1007,342,1,detour_2,Customer_18,Customer_73,57,66,"[57, 16, 66]","[185, 186]",2.1741443742238213,0.05435360935559553,0,0
1008,342,2,detour_3,Customer_18,Customer_73,57,66,"[57, 61, 66]","[428, 446]",5.48492770042669,0.11467975441929233,0,0
1009,343,0,shortest,Customer_18,Customer_1,57,1,"[57, 61, 1]","[428, 11]",6.937046451808445,0.12612811730560808,0,0
1010,343,1,detour_2,Customer_18,Customer_1,57,1,"[57, 16, 61, 1]","[185, 188, 11]",7.198418033856887,0.1325567727901422,0,0
1011,343,2,detour_3,Customer_18,Customer_1,57,1,"[57, 66, 1]","[430, 23]",6.782418738957581,0.13533232702147316,0,0
1012,344,0,shortest,Customer_18,Customer_69,57,9,"[57, 61, 1, 9]","[428, 11, 16]",8.377692200860627,0.16214426103191262,0,0
1013,344,1,detour_2,Customer_18,Customer_69,57,9,"[57, 16, 61, 1, 9]","[185, 188, 11, 16]",8.63906378290907,0.16857291651644674,0,0
1014,344,2,detour_3,Customer_18,Customer_69,57,9,"[57, 66, 1, 9]","[430, 23, 16]",8.223064488009763,0.1713484707477777,0,0
1015,345,0,shortest,Customer_18,Customer_50,57,26,"[57, 61, 1, 26]","[428, 11, 12]",9.532060907515966,0.1733101983184721,0,0
1016,345,1,detour_2,Customer_18,Customer_50,57,26,"[57, 16, 61, 1, 26]","[185, 188, 11, 12]",9.793432489564408,0.1797388538030062,0,0
1017,345,2,detour_3,Customer_18,Customer_50,57,26,"[57, 66, 1, 26]","[430, 23, 12]",9.377433194665102,0.18251440803433716,0,0
1018,346,0,shortest,Customer_18,Customer_80,57,3,"[57, 77, 12, 30, 3]","[426, 145, 148, 33]",15.891748036501811,0.288940873390942,0,0
1019,346,1,detour_2,Customer_18,Customer_80,57,3,"[57, 77, 64, 30, 3]","[426, 453, 303, 33]",16.600350626921763,0.301824556853123,0,0
1020,346,2,detour_3,Customer_18,Customer_80,57,3,"[57, 77, 64, 12, 30, 3]","[426, 453, 141, 148, 33]",16.99530336982297,0.3153532028780565,0,0
1021,347,0,shortest,Customer_18,Customer_16,57,64,"[57, 77, 64]","[426, 453]",8.805107021102863,0.16009285492914294,0,0
1022,347,1,detour_2,Customer_18,Customer_16,57,64,"[57, 77, 54, 64]","[426, 413, 410]",9.516838935656724,0.17673899567768295,0,0
1023,347,2,detour_3,Customer_18,Customer_16,57,64,"[57, 77, 12, 64]","[426, 145, 140]",9.563539892955777,0.18023023057138032,0,0
1024,348,0,shortest,Customer_18,Customer_56,57,64,"[57, 77, 64]","[426, 453]",8.805107021102863,0.16009285492914294,0,0
1025,348,1,detour_2,Customer_18,Customer_56,57,64,"[57, 77, 54, 64]","[426, 413, 410]",9.516838935656724,0.17673899567768295,0,0
1026,348,2,detour_3,Customer_18,Customer_56,57,64,"[57, 77, 12, 64]","[426, 145, 140]",9.563539892955777,0.18023023057138032,0,0
1027,349,0,shortest,Customer_18,Customer_63,57,64,"[57, 77, 64]","[426, 453]",8.805107021102863,0.16009285492914294,0,0
1028,349,1,detour_2,Customer_18,Customer_63,57,64,"[57, 77, 54, 64]","[426, 413, 410]",9.516838935656724,0.17673899567768295,0,0
1029,349,2,detour_3,Customer_18,Customer_63,57,64,"[57, 77, 12, 64]","[426, 145, 140]",9.563539892955777,0.18023023057138032,0,0
1030,350,0,shortest,Customer_18,Customer_64,57,64,"[57, 77, 64]","[426, 453]",8.805107021102863,0.16009285492914294,0,0
1031,350,1,detour_2,Customer_18,Customer_64,57,64,"[57, 77, 54, 64]","[426, 413, 410]",9.516838935656724,0.17673899567768295,0,0
1032,350,2,detour_3,Customer_18,Customer_64,57,64,"[57, 77, 12, 64]","[426, 145, 140]",9.563539892955777,0.18023023057138032,0,0
1033,351,0,shortest,Customer_18,Customer_30,57,47,"[57, 61, 1, 47]","[428, 11, 14]",11.422158185337677,0.20767560336977592,0,0
1034,351,1,detour_2,Customer_18,Customer_30,57,47,"[57, 16, 61, 1, 47]","[185, 188, 11, 14]",11.68352976738612,0.21410425885431006,0,0
1035,351,2,detour_3,Customer_18,Customer_30,57,47,"[57, 66, 1, 47]","[430, 23, 14]",11.267530472486813,0.21687981308564103,0,0
1036,352,0,shortest,Customer_18,Customer_60,57,47,"[57, 61, 1, 47]","[428, 11, 14]",11.422158185337677,0.20767560336977592,0,0
1037,352,1,detour_2,Customer_18,Customer_60,57,47,"[57, 16, 61, 1, 47]","[185, 188, 11, 14]",11.68352976738612,0.21410425885431006,0,0
1038,352,2,detour_3,Customer_18,Customer_60,57,47,"[57, 66, 1, 47]","[430, 23, 14]",11.267530472486813,0.21687981308564103,0,0
1039,353,0,shortest,Customer_18,Customer_65,57,47,"[57, 61, 1, 47]","[428, 11, 14]",11.422158185337677,0.20767560336977592,0,0
1040,353,1,detour_2,Customer_18,Customer_65,57,47,"[57, 16, 61, 1, 47]","[185, 188, 11, 14]",11.68352976738612,0.21410425885431006,0,0
1041,353,2,detour_3,Customer_18,Customer_65,57,47,"[57, 66, 1, 47]","[430, 23, 14]",11.267530472486813,0.21687981308564103,0,0
1042,354,0,shortest,Customer_18,Customer_25,57,19,"[57, 77, 19]","[426, 221]",9.11660452294988,0.16575644587181598,0,0
1043,354,1,detour_2,Customer_18,Customer_25,57,19,"[57, 77, 54, 19]","[426, 413, 217]",12.39577575977463,0.22537774108681147,0,0
1044,354,2,detour_3,Customer_18,Customer_25,57,19,"[57, 77, 64, 19]","[426, 453, 219]",12.596685309347516,0.2290306419881366,0,0
1045,355,0,shortest,Customer_18,Customer_36,57,62,"[57, 62]",[432],9.309079255199084,0.16925598645816517,0,0
1046,355,1,detour_2,Customer_18,Customer_36,57,62,"[57, 78, 62]","[434, 451]",9.312026426589693,0.16930957139253985,0,0
1047,355,2,detour_3,Customer_18,Customer_36,57,62,"[57, 16, 62]","[185, 192]",9.309092035566113,0.17093266373030994,0,0
1048,356,0,shortest,Customer_18,Customer_59,57,62,"[57, 62]",[432],9.309079255199084,0.16925598645816517,0,0
1049,356,1,detour_2,Customer_18,Customer_59,57,62,"[57, 78, 62]","[434, 451]",9.312026426589693,0.16930957139253985,0,0
1050,356,2,detour_3,Customer_18,Customer_59,57,62,"[57, 16, 62]","[185, 192]",9.309092035566113,0.17093266373030994,0,0
1051,357,0,shortest,Customer_18,Customer_62,57,62,"[57, 62]",[432],9.309079255199084,0.16925598645816517,0,0
1052,357,1,detour_2,Customer_18,Customer_62,57,62,"[57, 78, 62]","[434, 451]",9.312026426589693,0.16930957139253985,0,0
1053,357,2,detour_3,Customer_18,Customer_62,57,62,"[57, 16, 62]","[185, 192]",9.309092035566113,0.17093266373030994,0,0
1054,358,0,shortest,Customer_18,Customer_9,57,34,"[57, 61, 1, 26, 34]","[428, 11, 12, 266]",12.319196904057423,0.2239853982555895,0,0
1055,358,1,detour_2,Customer_18,Customer_9,57,34,"[57, 61, 1, 47, 34]","[428, 11, 14, 329]",12.294100809897744,0.22947416898377757,1,0
1056,358,2,detour_3,Customer_18,Customer_9,57,34,"[57, 16, 61, 1, 26, 34]","[185, 188, 11, 12, 266]",12.580568486105864,0.23041405374012358,0,0
1057,359,0,shortest,Customer_19,Customer_4,71,56,"[71, 56]",[425],13.449625375227917,0.24453864318596213,0,0
1058,359,1,detour_2,Customer_19,Customer_4,71,56,"[71, 37, 56]","[349, 344]",13.577851209853502,0.24687002199733643,0,0
1059,359,2,detour_3,Customer_19,Customer_4,71,56,"[71, 40, 56]","[369, 366]",19.380177500710573,0.35236686364928316,0,0
1060,360,0,shortest,Customer_19,Customer_45,71,56,"[71, 56]",[425],13.449625375227917,0.24453864318596213,0,0
1061,360,1,detour_2,Customer_19,Customer_45,71,56,"[71, 37, 56]","[349, 344]",13.577851209853502,0.24687002199733643,0,0
1062,360,2,detour_3,Customer_19,Customer_45,71,56,"[71, 40, 56]","[369, 366]",19.380177500710573,0.35236686364928316,0,0
1063,361,0,shortest,Customer_19,Customer_1,71,1,"[71, 40, 1]","[369, 19]",14.208619830445034,0.25833854237172793,0,0
1064,361,1,detour_2,Customer_19,Customer_1,71,1,"[71, 37, 1]","[349, 21]",15.606488383713561,0.2837543342493375,0,0
1065,361,2,detour_3,Customer_19,Customer_1,71,1,"[71, 37, 40, 1]","[349, 346, 19]",15.654987327296878,0.2846361332235796,0,0
1066,362,0,shortest,Customer_19,Customer_27,71,33,"[71, 21, 33]","[237, 230]",15.115676135596942,0.2748304751926717,0,0
1067,362,1,detour_2,Customer_19,Customer_27,71,33,"[71, 21, 67, 33]","[237, 228, 323]",18.423427071630147,0.3349714013023663,0,0
1068,362,2,detour_3,Customer_19,Customer_27,71,33,"[71, 21, 46, 33]","[237, 234, 325]",17.85502652156152,0.33497975590738344,0,0
1069,363,0,shortest,Customer_19,Customer_79,71,33,"[71, 21, 33]","[237, 230]",15.115676135596942,0.2748304751926717,0,0
1070,363,1,detour_2,Customer_19,Customer_79,71,33,"[71, 21, 67, 33]","[237, 228, 323]",18.423427071630147,0.3349714013023663,0,0
1071,363,2,detour_3,Customer_19,Customer_79,71,33,"[71, 21, 46, 33]","[237, 234, 325]",17.85502652156152,0.33497975590738344,0,0
1072,364,0,shortest,Customer_19,Customer_69,71,9,"[71, 40, 9]","[369, 117]",15.602087774570201,0.28367432317400365,0,0
1073,364,1,detour_2,Customer_19,Customer_69,71,9,"[71, 40, 1, 9]","[369, 19, 16]",15.649265579497216,0.2943546860980325,0,0
1074,364,2,detour_3,Customer_19,Customer_69,71,9,"[71, 37, 40, 9]","[349, 346, 117]",17.048455271422043,0.30997191402585533,0,0
1075,365,0,shortest,Customer_19,Customer_21,71,67,"[71, 21, 67]","[237, 228]",14.775261224412434,0.26864111317113515,0,0
1076,365,1,detour_2,Customer_19,Customer_21,71,67,"[71, 21, 43, 67]","[237, 232, 374]",16.954986215401576,0.3165326830808824,0,0
1077,365,2,detour_3,Customer_19,Customer_21,71,67,"[71, 21, 33, 67]","[237, 230, 322]",18.763841982814657,0.3411607633239028,0,0
1078,366,0,shortest,Customer_19,Customer_22,71,67,"[71, 21, 67]","[237, 228]",14.775261224412434,0.26864111317113515,0,0
1079,366,1,detour_2,Customer_19,Customer_22,71,67,"[71, 21, 43, 67]","[237, 232, 374]",16.954986215401576,0.3165326830808824,0,0
1080,366,2,detour_3,Customer_19,Customer_22,71,67,"[71, 21, 33, 67]","[237, 230, 322]",18.763841982814657,0.3411607633239028,0,0
1081,367,0,shortest,Customer_19,Customer_32,71,46,"[71, 21, 46]","[237, 234]",16.338066379309332,0.2970557523510788,0,0
1082,367,1,detour_2,Customer_19,Customer_32,71,46,"[71, 21, 33, 46]","[237, 230, 324]",16.63263627784913,0.31275447874897633,0,0
1083,367,2,detour_3,Customer_19,Customer_32,71,46,"[71, 21, 43, 46]","[237, 232, 376]",20.16133912437591,0.3665698022613802,0,0
1084,368,0,shortest,Customer_19,Customer_49,71,46,"[71, 21, 46]","[237, 234]",16.338066379309332,0.2970557523510788,0,0
1085,368,1,detour_2,Customer_19,Customer_49,71,46,"[71, 21, 33, 46]","[237, 230, 324]",16.63263627784913,0.31275447874897633,0,0
1086,368,2,detour_3,Customer_19,Customer_49,71,46,"[71, 21, 43, 46]","[237, 232, 376]",20.16133912437591,0.3665698022613802,0,0
1087,369,0,shortest,Customer_19,Customer_38,71,14,"[71, 21, 46, 14]","[237, 234, 171]",19.677202206910454,0.35776731285291735,0,0
1088,369,1,detour_2,Customer_19,Customer_38,71,14,"[71, 21, 33, 14]","[237, 230, 173]",19.785471780299034,0.35973585055089147,0,0
1089,369,2,detour_3,Customer_19,Customer_38,71,14,"[71, 40, 26, 14]","[369, 269, 165]",19.916280564482296,0.3621141920814963,0,0
1090,370,0,shortest,Customer_19,Customer_50,71,26,"[71, 40, 26]","[369, 269]",16.72359349372694,0.30406533624958076,0,0
1091,370,1,detour_2,Customer_19,Customer_50,71,26,"[71, 40, 1, 26]","[369, 19, 12]",16.803634286152555,0.30552062338459196,0,0
1092,370,2,detour_3,Customer_19,Customer_50,71,26,"[71, 40, 9, 26]","[369, 117, 108]",16.757454125172536,0.312558481939062,0,0
1093,371,0,shortest,Customer_19,Customer_52,71,43,"[71, 21, 43]","[237, 232]",15.743489271276356,0.2862452594777519,0,0
1094,371,1,detour_2,Customer_19,Customer_52,71,43,"[71, 21, 67, 43]","[237, 228, 375]",15.986758168537653,0.2989285367742656,0,0
1095,371,2,detour_3,Customer_19,Customer_52,71,43,"[71, 21, 33, 43]","[237, 230, 320]",18.361099051033865,0.3338381645642521,0,0
1096,372,0,shortest,Customer_19,Customer_58,71,43,"[71, 21, 43]","[237, 232]",15.743489271276356,0.2862452594777519,0,0
1097,372,1,detour_2,Customer_19,Customer_58,71,43,"[71, 21, 67, 43]","[237, 228, 375]",15.986758168537653,0.2989285367742656,0,0
1098,372,2,detour_3,Customer_19,Customer_58,71,43,"[71, 21, 33, 43]","[237, 230, 320]",18.361099051033865,0.3338381645642521,0,0
1099,373,0,shortest,Customer_19,Customer_30,71,47,"[71, 40, 9, 47]","[369, 117, 112]",18.671643534271723,0.33948442789584954,0,0
1100,373,1,detour_2,Customer_19,Customer_30,71,47,"[71, 40, 1, 47]","[369, 19, 14]",18.693731563974268,0.33988602843589577,0,0
1101,373,2,detour_3,Customer_19,Customer_30,71,47,"[71, 40, 1, 9, 47]","[369, 19, 16, 112]",18.71882133919874,0.3501647908198784,0,0
1102,374,0,shortest,Customer_19,Customer_60,71,47,"[71, 40, 9, 47]","[369, 117, 112]",18.671643534271723,0.33948442789584954,0,0
1103,374,1,detour_2,Customer_19,Customer_60,71,47,"[71, 40, 1, 47]","[369, 19, 14]",18.693731563974268,0.33988602843589577,0,0
1104,374,2,detour_3,Customer_19,Customer_60,71,47,"[71, 40, 1, 9, 47]","[369, 19, 16, 112]",18.71882133919874,0.3501647908198784,0,0
1105,375,0,shortest,Customer_19,Customer_65,71,47,"[71, 40, 9, 47]","[369, 117, 112]",18.671643534271723,0.33948442789584954,0,0
1106,375,1,detour_2,Customer_19,Customer_65,71,47,"[71, 40, 1, 47]","[369, 19, 14]",18.693731563974268,0.33988602843589577,0,0
1107,375,2,detour_3,Customer_19,Customer_65,71,47,"[71, 40, 1, 9, 47]","[369, 19, 16, 112]",18.71882133919874,0.3501647908198784,0,0
1108,376,0,shortest,Customer_19,Customer_10,71,73,"[71, 21, 67, 73]","[237, 228, 454]",19.434543116573675,0.3533553293922486,0,0
1109,376,1,detour_2,Customer_19,Customer_10,71,73,"[71, 21, 43, 67, 73]","[237, 232, 374, 454]",21.614268107562815,0.40124689930199586,0,0
1110,376,2,detour_3,Customer_19,Customer_10,71,73,"[71, 21, 67, 38, 73]","[237, 228, 353, 356]",22.771253487186655,0.414022790676121,0,0
1111,377,0,shortest,Customer_19,Customer_9,71,34,"[71, 40, 9, 34]","[369, 117, 110]",19.491223670303654,0.35438588491461187,0,0
1112,377,1,detour_2,Customer_19,Customer_9,71,34,"[71, 40, 26, 34]","[369, 269, 266]",19.510729490268396,0.35474053618669815,0,0
1113,377,2,detour_3,Customer_19,Customer_9,71,34,"[71, 40, 1, 26, 34]","[369, 19, 12, 266]",19.59077028269401,0.35619582332170935,0,0
1114,378,0,shortest,Customer_19,Customer_51,71,10,"[71, 21, 33, 10]","[237, 230, 127]",18.147078170287426,0.32994687582340776,0,0
1115,378,1,detour_2,Customer_19,Customer_51,71,10,"[71, 21, 43, 10]","[237, 232, 131]",18.862551802608156,0.3429554873201483,0,0
1116,378,2,detour_3,Customer_19,Customer_51,71,10,"[71, 21, 67, 10]","[237, 228, 133]",19.03237456670816,0.3460431739401484,0,0
1117,379,0,same_node,Customer_20,Customer_11,52,52,[52],[],0.0,0.0,0,0
1118,380,0,same_node,Customer_20,Customer_12,52,52,[52],[],0.0,0.0,0,0
1119,381,0,same_node,Customer_20,Customer_53,52,52,[52],[],0.0,0.0,0,0
1120,382,0,shortest,Customer_20,Customer_43,52,0,"[52, 0]",[1],3.124055766583747,0.05680101393788631,0,0
1121,382,1,detour_2,Customer_20,Customer_43,52,0,"[52, 24, 0]","[251, 3]",7.134793392783054,0.12972351623241918,0,0
1122,382,2,detour_3,Customer_20,Customer_43,52,0,"[52, 2, 0]","[29, 5]",10.261102809424886,0.186565505625907,0,0
1123,383,0,shortest,Customer_20,Customer_76,52,0,"[52, 0]",[1],3.124055766583747,0.05680101393788631,0,0
1124,383,1,detour_2,Customer_20,Customer_76,52,0,"[52, 24, 0]","[251, 3]",7.134793392783054,0.12972351623241918,0,0
1125,383,2,detour_3,Customer_20,Customer_76,52,0,"[52, 2, 0]","[29, 5]",10.261102809424886,0.186565505625907,0,0
1126,384,0,shortest,Customer_20,Customer_72,52,24,"[52, 24]",[251],4.540569279445613,0.08255580508082933,0,0
1127,384,1,detour_2,Customer_20,Customer_72,52,24,"[52, 0, 24]","[1, 2]",5.718279879921189,0.10396872508947616,0,0
1128,384,2,detour_3,Customer_20,Customer_72,52,24,"[52, 2, 24]","[29, 26]",11.926728523981984,0.21684960952694515,0,0
1129,385,0,shortest,Customer_20,Customer_8,52,63,"[52, 63]",[402],4.691338068031211,0.08529705578238565,0,0
1130,385,1,detour_2,Customer_20,Customer_8,52,63,"[52, 13, 63]","[157, 152]",5.9711306117844165,0.12152808868015937,0,0
1131,385,2,detour_3,Customer_20,Customer_8,52,63,"[52, 13, 45, 63]","[157, 154, 382]",9.338100445840784,0.181682833665433,0,0
1132,386,0,shortest,Customer_20,Customer_70,52,53,"[52, 63, 53]","[402, 409]",7.75206959993009,0.1409467199987289,0,0
1133,386,1,detour_2,Customer_20,Customer_70,52,53,"[52, 13, 63, 53]","[157, 152, 409]",9.031862143683295,0.17717775289650262,0,0
1134,386,2,detour_3,Customer_20,Customer_70,52,53,"[52, 63, 60, 53]","[402, 445, 407]",11.390135932632791,0.20709338059332347,0,0
1135,387,0,shortest,Customer_20,Customer_23,52,39,"[52, 79, 39]","[404, 363]",9.409944680507547,0.1710899032819554,0,0
1136,387,1,detour_2,Customer_20,Customer_23,52,39,"[52, 79, 6, 39]","[404, 77, 80]",15.473038163700725,0.28132796661274045,0,0
1137,387,2,detour_3,Customer_20,Customer_23,52,39,"[52, 63, 30, 64, 39]","[402, 305, 302, 359]",15.86753145388686,0.28850057188885203,0,0
1138,388,0,shortest,Customer_20,Customer_5,52,7,"[52, 13, 7]","[157, 89]",8.371124299352935,0.1522022599882352,0,0
1139,388,1,detour_2,Customer_20,Customer_5,52,7,"[52, 13, 44, 7]","[157, 158, 83]",8.66428798889837,0.16025228939801653,0,0
1140,388,2,detour_3,Customer_20,Customer_5,52,7,"[52, 13, 45, 7]","[157, 154, 85]",9.060268884834455,0.17663135073804523,0,0
1141,389,0,shortest,Customer_20,Customer_80,52,3,"[52, 63, 3]","[402, 41]",9.935716151797362,0.18064938457813384,0,0
1142,389,1,detour_2,Customer_20,Customer_80,52,3,"[52, 63, 53, 3]","[402, 409, 35]",10.057487715838487,0.1985821728964388,0,0
1143,389,2,detour_3,Customer_20,Customer_80,52,3,"[52, 13, 63, 3]","[157, 152, 41]",11.215508695550566,0.21688041747590753,0,0
1144,390,0,shortest,Customer_20,Customer_16,52,64,"[52, 79, 39, 64]","[404, 363, 358]",12.146210332683475,0.2208401878669723,0,0
1145,390,1,detour_2,Customer_20,Customer_16,52,64,"[52, 63, 30, 64]","[402, 305, 302]",13.131265801710931,0.23875028730383513,0,0
1146,390,2,detour_3,Customer_20,Customer_16,52,64,"[52, 79, 39, 54, 64]","[404, 363, 360, 410]",12.37450773924548,0.24520397975040376,0,0
1147,391,0,shortest,Customer_20,Customer_56,52,64,"[52, 79, 39, 64]","[404, 363, 358]",12.146210332683475,0.2208401878669723,0,0
1148,391,1,detour_2,Customer_20,Customer_56,52,64,"[52, 63, 30, 64]","[402, 305, 302]",13.131265801710931,0.23875028730383513,0,0
1149,391,2,detour_3,Customer_20,Customer_56,52,64,"[52, 79, 39, 54, 64]","[404, 363, 360, 410]",12.37450773924548,0.24520397975040376,0,0
1150,392,0,shortest,Customer_20,Customer_63,52,64,"[52, 79, 39, 64]","[404, 363, 358]",12.146210332683475,0.2208401878669723,0,0
1151,392,1,detour_2,Customer_20,Customer_63,52,64,"[52, 63, 30, 64]","[402, 305, 302]",13.131265801710931,0.23875028730383513,0,0
1152,392,2,detour_3,Customer_20,Customer_63,52,64,"[52, 79, 39, 54, 64]","[404, 363, 360, 410]",12.37450773924548,0.24520397975040376,0,0
1153,393,0,shortest,Customer_20,Customer_64,52,64,"[52, 79, 39, 64]","[404, 363, 358]",12.146210332683475,0.2208401878669723,0,0
1154,393,1,detour_2,Customer_20,Customer_64,52,64,"[52, 63, 30, 64]","[402, 305, 302]",13.131265801710931,0.23875028730383513,0,0
1155,393,2,detour_3,Customer_20,Customer_64,52,64,"[52, 79, 39, 54, 64]","[404, 363, 360, 410]",12.37450773924548,0.24520397975040376,0,0
1156,394,0,shortest,Customer_20,Customer_55,52,48,"[52, 63, 53, 48]","[402, 409, 389]",11.978659414241587,0.21779380753166522,0,0
1157,394,1,detour_2,Customer_20,Customer_55,52,48,"[52, 63, 3, 48]","[402, 41, 36]",13.5510892499285,0.2463834409077909,1,0
1158,394,2,detour_3,Customer_20,Customer_55,52,48,"[52, 13, 63, 53, 48]","[157, 152, 409, 389]",13.258451957994794,0.25402484042943896,0,0
1159,395,0,shortest,Customer_20,Customer_24,52,22,"[52, 13, 7, 22]","[157, 89, 86]",11.52332254809587,0.2095149554199249,0,0
1160,395,1,detour_2,Customer_20,Customer_24,52,22,"[52, 13, 44, 22]","[157, 158, 241]",11.775634908818695,0.21410245288761265,0,0
1161,395,2,detour_3,Customer_20,Customer_24,52,22,"[52, 13, 44, 7, 22]","[157, 158, 83, 86]",11.816486237641303,0.21756498482970624,0,0
1162,396,0,shortest,Customer_20,Customer_6,52,5,"[52, 13, 7, 5]","[157, 89, 61]",11.913810821029493,0.21661474220053623,0,0
1163,396,1,detour_2,Customer_20,Customer_6,52,5,"[52, 13, 7, 22, 5]","[157, 89, 86, 57]",11.964778357468644,0.22055135065424425,0,0
1164,396,2,detour_3,Customer_20,Customer_6,52,5,"[52, 13, 44, 5]","[157, 158, 59]",12.17538869051841,0.22137070346397109,0,0
1165,397,0,shortest,Customer_20,Customer_26,52,31,"[52, 63, 53, 48, 18, 31]","[402, 409, 389, 213, 206]",16.665846798896297,0.30427794370396916,2,0
1166,397,1,detour_2,Customer_20,Customer_26,52,31,"[52, 63, 3, 48, 18, 31]","[402, 41, 36, 213, 206]",18.23827663458321,0.3328675770800948,3,0
1167,397,2,detour_3,Customer_20,Customer_26,52,31,"[52, 63, 53, 48, 42, 18, 31]","[402, 409, 389, 373, 211, 206]",17.69707624158663,0.3378396754055411,3,0
1168,398,0,shortest,Customer_20,Customer_67,52,31,"[52, 63, 53, 48, 18, 31]","[402, 409, 389, 213, 206]",16.665846798896297,0.30427794370396916,2,0
1169,398,1,detour_2,Customer_20,Customer_67,52,31,"[52, 63, 3, 48, 18, 31]","[402, 41, 36, 213, 206]",18.23827663458321,0.3328675770800948,3,0
1170,398,2,detour_3,Customer_20,Customer_67,52,31,"[52, 63, 53, 48, 42, 18, 31]","[402, 409, 389, 373, 211, 206]",17.69707624158663,0.3378396754055411,3,0
1171,399,0,same_node,Customer_21,Customer_22,67,67,[67],[],0.0,0.0,0,0
1172,400,0,shortest,Customer_21,Customer_52,67,43,"[67, 43]",[375],1.2114969441252197,0.03028742360313049,0,0
1173,400,1,detour_2,Customer_21,Customer_52,67,43,"[67, 38, 43]","[353, 350]",5.732907744433455,0.10423468626242646,0,0
1174,400,2,detour_3,Customer_21,Customer_52,67,43,"[67, 33, 43]","[323, 320]",6.8935887626546375,0.1253379775028116,0,0
1175,401,0,shortest,Customer_21,Customer_58,67,43,"[67, 43]",[375],1.2114969441252197,0.03028742360313049,0,0
1176,401,1,detour_2,Customer_21,Customer_58,67,43,"[67, 38, 43]","[353, 350]",5.732907744433455,0.10423468626242646,0,0
1177,401,2,detour_3,Customer_21,Customer_58,67,43,"[67, 33, 43]","[323, 320]",6.8935887626546375,0.1253379775028116,0,0
1178,402,0,shortest,Customer_21,Customer_17,67,38,"[67, 38]",[353],3.2183985849782277,0.05851633790869505,0,0
1179,402,1,detour_2,Customer_21,Customer_17,67,38,"[67, 43, 38]","[375, 351]",3.7260061035804473,0.0760057719568619,0,0
1180,402,2,detour_3,Customer_21,Customer_17,67,38,"[67, 10, 38]","[133, 128]",8.217117667069775,0.14940213940126867,0,0
1181,403,0,shortest,Customer_21,Customer_74,67,38,"[67, 38]",[353],3.2183985849782277,0.05851633790869505,0,0
1182,403,1,detour_2,Customer_21,Customer_74,67,38,"[67, 43, 38]","[375, 351]",3.7260061035804473,0.0760057719568619,0,0
1183,403,2,detour_3,Customer_21,Customer_74,67,38,"[67, 10, 38]","[133, 128]",8.217117667069775,0.14940213940126867,0,0
1184,404,0,shortest,Customer_21,Customer_27,67,33,"[67, 33]",[323],3.6481658472177143,0.06633028813123117,0,0
1185,404,1,detour_2,Customer_21,Customer_27,67,33,"[67, 43, 33]","[375, 321]",4.456919859562142,0.0892951129747109,0,0
1186,404,2,detour_3,Customer_21,Customer_27,67,33,"[67, 10, 33]","[133, 126]",7.288515376986211,0.1325184613997493,0,0
1187,405,0,shortest,Customer_21,Customer_79,67,33,"[67, 33]",[323],3.6481658472177143,0.06633028813123117,0,0
1188,405,1,detour_2,Customer_21,Customer_79,67,33,"[67, 43, 33]","[375, 321]",4.456919859562142,0.0892951129747109,0,0
1189,405,2,detour_3,Customer_21,Customer_79,67,33,"[67, 10, 33]","[133, 126]",7.288515376986211,0.1325184613997493,0,0
1190,406,0,shortest,Customer_21,Customer_51,67,10,"[67, 10]",[133],4.257113342295726,0.07740206076901321,0,0
1191,406,1,detour_2,Customer_21,Customer_51,67,10,"[67, 43, 10]","[375, 131]",4.330559475457019,0.08699765144552685,0,0
1192,406,2,detour_3,Customer_21,Customer_51,67,10,"[67, 33, 10]","[323, 127]",6.6795678819081985,0.12144668876196725,0,0
1193,407,0,shortest,Customer_21,Customer_10,67,73,"[67, 73]",[454],4.659281892161241,0.08471421622111347,0,0
1194,407,1,detour_2,Customer_21,Customer_10,67,73,"[67, 38, 73]","[353, 356]",7.995992262774223,0.14538167750498587,0,0
1195,407,2,detour_3,Customer_21,Customer_10,67,73,"[67, 43, 38, 73]","[375, 351, 356]",8.503599781376444,0.16287111155315273,0,0
1196,408,0,shortest,Customer_21,Customer_32,67,46,"[67, 33, 46]","[323, 324]",5.1651259894699,0.10425429168753582,0,0
1197,408,1,detour_2,Customer_21,Customer_32,67,46,"[67, 43, 46]","[375, 376]",5.629346797224775,0.11061196638675877,0,0
1198,408,2,detour_3,Customer_21,Customer_32,67,46,"[67, 43, 33, 46]","[375, 321, 324]",5.9738800018143285,0.12721911653101556,0,0
1199,409,0,shortest,Customer_21,Customer_49,67,46,"[67, 33, 46]","[323, 324]",5.1651259894699,0.10425429168753582,0,0
1200,409,1,detour_2,Customer_21,Customer_49,67,46,"[67, 43, 46]","[375, 376]",5.629346797224775,0.11061196638675877,0,0
1201,409,2,detour_3,Customer_21,Customer_49,67,46,"[67, 43, 33, 46]","[375, 321, 324]",5.9738800018143285,0.12721911653101556,0,0
1202,410,0,shortest,Customer_21,Customer_71,67,32,"[67, 10, 32]","[133, 118]",6.867798274676087,0.1248690595395652,0,0
1203,410,1,detour_2,Customer_21,Customer_71,67,32,"[67, 43, 10, 32]","[375, 131, 118]",6.941244407837379,0.13446465021607884,0,0
1204,410,2,detour_3,Customer_21,Customer_71,67,32,"[67, 38, 32]","[353, 313]",7.780030481498157,0.14145509966360287,0,0
1205,411,0,shortest,Customer_21,Customer_38,67,14,"[67, 33, 14]","[323, 173]",8.317961491919803,0.15123566348945097,0,0
1206,411,1,detour_2,Customer_21,Customer_38,67,14,"[67, 33, 46, 14]","[323, 324, 171]",8.504261817071022,0.1649658521893744,0,0
1207,411,2,detour_3,Customer_21,Customer_38,67,14,"[67, 43, 46, 14]","[375, 376, 171]",8.968482624825896,0.17132352688859734,0,0
1208,412,0,shortest,Customer_21,Customer_39,67,15,"[67, 73, 15]","[454, 181]",8.953033249807277,0.16278242272376867,0,0
1209,412,1,detour_2,Customer_21,Customer_39,67,15,"[67, 75, 15]","[456, 177]",11.326504390943542,0.20593644347170076,0,0
1210,412,2,detour_3,Customer_21,Customer_39,67,15,"[67, 73, 75, 15]","[454, 462, 177]",11.435556314459609,0.20791920571744743,0,0
1211,413,0,shortest,Customer_21,Customer_75,67,15,"[67, 73, 15]","[454, 181]",8.953033249807277,0.16278242272376867,0,0
1212,413,1,detour_2,Customer_21,Customer_75,67,15,"[67, 75, 15]","[456, 177]",11.326504390943542,0.20593644347170076,0,0
1213,413,2,detour_3,Customer_21,Customer_75,67,15,"[67, 73, 75, 15]","[454, 462, 177]",11.435556314459609,0.20791920571744743,0,0
1214,414,0,shortest,Customer_21,Customer_2,67,55,"[67, 10, 50, 55]","[133, 120, 394]",9.919578605053402,0.18035597463733458,1,0
1215,414,1,detour_2,Customer_21,Customer_2,67,55,"[67, 43, 10, 50, 55]","[375, 131, 120, 394]",9.993024738214695,0.18995156531384824,1,0
1216,414,2,detour_3,Customer_21,Customer_2,67,55,"[67, 10, 32, 55]","[133, 118, 316]",11.098724828990592,0.20179499689073804,1,0
1217,415,0,shortest,Customer_21,Customer_9,67,34,"[67, 33, 14, 34]","[323, 173, 168]",10.360503637274372,0.20229921712331517,0,0
1218,415,1,detour_2,Customer_21,Customer_9,67,34,"[67, 33, 46, 14, 34]","[323, 324, 171, 168]",10.54680396242559,0.2160294058232386,0,0
1219,415,2,detour_3,Customer_21,Customer_9,67,34,"[67, 43, 46, 14, 34]","[375, 376, 171, 168]",11.011024770180464,0.22238708052246153,0,0
1220,416,0,shortest,Customer_21,Customer_30,67,47,"[67, 33, 14, 47]","[323, 173, 162]",10.577202583961611,0.2077166907904962,0,0
1221,416,1,detour_2,Customer_21,Customer_30,67,47,"[67, 33, 46, 14, 47]","[323, 324, 171, 162]",10.76350290911283,0.22144687949041963,0,0
1222,416,2,detour_3,Customer_21,Customer_30,67,47,"[67, 33, 14, 34, 47]","[323, 173, 168, 328]",11.232446261834438,0.22409778273731681,1,0
1223,417,0,shortest,Customer_21,Customer_60,67,47,"[67, 33, 14, 47]","[323, 173, 162]",10.577202583961611,0.2077166907904962,0,0
1224,417,1,detour_2,Customer_21,Customer_60,67,47,"[67, 33, 46, 14, 47]","[323, 324, 171, 162]",10.76350290911283,0.22144687949041963,0,0
1225,417,2,detour_3,Customer_21,Customer_60,67,47,"[67, 33, 14, 34, 47]","[323, 173, 168, 328]",11.232446261834438,0.22409778273731681,1,0
1226,418,0,shortest,Customer_21,Customer_65,67,47,"[67, 33, 14, 47]","[323, 173, 162]",10.577202583961611,0.2077166907904962,0,0
1227,418,1,detour_2,Customer_21,Customer_65,67,47,"[67, 33, 46, 14, 47]","[323, 324, 171, 162]",10.76350290911283,0.22144687949041963,0,0
1228,418,2,detour_3,Customer_21,Customer_65,67,47,"[67, 33, 14, 34, 47]","[323, 173, 168, 328]",11.232446261834438,0.22409778273731681,1,0
1229,419,0,same_node,Customer_22,Customer_21,67,67,[67],[],0.0,0.0,0,0
1230,420,0,shortest,Customer_22,Customer_52,67,43,"[67, 43]",[375],1.2114969441252197,0.03028742360313049,0,0
1231,420,1,detour_2,Customer_22,Customer_52,67,43,"[67, 38, 43]","[353, 350]",5.732907744433455,0.10423468626242646,0,0
1232,420,2,detour_3,Customer_22,Customer_52,67,43,"[67, 33, 43]","[323, 320]",6.8935887626546375,0.1253379775028116,0,0
1233,421,0,shortest,Customer_22,Customer_58,67,43,"[67, 43]",[375],1.2114969441252197,0.03028742360313049,0,0
1234,421,1,detour_2,Customer_22,Customer_58,67,43,"[67, 38, 43]","[353, 350]",5.732907744433455,0.10423468626242646,0,0
1235,421,2,detour_3,Customer_22,Customer_58,67,43,"[67, 33, 43]","[323, 320]",6.8935887626546375,0.1253379775028116,0,0
1236,422,0,shortest,Customer_22,Customer_17,67,38,"[67, 38]",[353],3.2183985849782277,0.05851633790869505,0,0
1237,422,1,detour_2,Customer_22,Customer_17,67,38,"[67, 43, 38]","[375, 351]",3.7260061035804473,0.0760057719568619,0,0
1238,422,2,detour_3,Customer_22,Customer_17,67,38,"[67, 10, 38]","[133, 128]",8.217117667069775,0.14940213940126867,0,0
1239,423,0,shortest,Customer_22,Customer_74,67,38,"[67, 38]",[353],3.2183985849782277,0.05851633790869505,0,0
1240,423,1,detour_2,Customer_22,Customer_74,67,38,"[67, 43, 38]","[375, 351]",3.7260061035804473,0.0760057719568619,0,0
1241,423,2,detour_3,Customer_22,Customer_74,67,38,"[67, 10, 38]","[133, 128]",8.217117667069775,0.14940213940126867,0,0
1242,424,0,shortest,Customer_22,Customer_27,67,33,"[67, 33]",[323],3.6481658472177143,0.06633028813123117,0,0
1243,424,1,detour_2,Customer_22,Customer_27,67,33,"[67, 43, 33]","[375, 321]",4.456919859562142,0.0892951129747109,0,0
1244,424,2,detour_3,Customer_22,Customer_27,67,33,"[67, 10, 33]","[133, 126]",7.288515376986211,0.1325184613997493,0,0
1245,425,0,shortest,Customer_22,Customer_79,67,33,"[67, 33]",[323],3.6481658472177143,0.06633028813123117,0,0
1246,425,1,detour_2,Customer_22,Customer_79,67,33,"[67, 43, 33]","[375, 321]",4.456919859562142,0.0892951129747109,0,0
1247,425,2,detour_3,Customer_22,Customer_79,67,33,"[67, 10, 33]","[133, 126]",7.288515376986211,0.1325184613997493,0,0
1248,426,0,shortest,Customer_22,Customer_51,67,10,"[67, 10]",[133],4.257113342295726,0.07740206076901321,0,0
1249,426,1,detour_2,Customer_22,Customer_51,67,10,"[67, 43, 10]","[375, 131]",4.330559475457019,0.08699765144552685,0,0
1250,426,2,detour_3,Customer_22,Customer_51,67,10,"[67, 33, 10]","[323, 127]",6.6795678819081985,0.12144668876196725,0,0
1251,427,0,shortest,Customer_22,Customer_10,67,73,"[67, 73]",[454],4.659281892161241,0.08471421622111347,0,0
1252,427,1,detour_2,Customer_22,Customer_10,67,73,"[67, 38, 73]","[353, 356]",7.995992262774223,0.14538167750498587,0,0
1253,427,2,detour_3,Customer_22,Customer_10,67,73,"[67, 43, 38, 73]","[375, 351, 356]",8.503599781376444,0.16287111155315273,0,0
1254,428,0,shortest,Customer_22,Customer_32,67,46,"[67, 33, 46]","[323, 324]",5.1651259894699,0.10425429168753582,0,0
1255,428,1,detour_2,Customer_22,Customer_32,67,46,"[67, 43, 46]","[375, 376]",5.629346797224775,0.11061196638675877,0,0
1256,428,2,detour_3,Customer_22,Customer_32,67,46,"[67, 43, 33, 46]","[375, 321, 324]",5.9738800018143285,0.12721911653101556,0,0
1257,429,0,shortest,Customer_22,Customer_49,67,46,"[67, 33, 46]","[323, 324]",5.1651259894699,0.10425429168753582,0,0
1258,429,1,detour_2,Customer_22,Customer_49,67,46,"[67, 43, 46]","[375, 376]",5.629346797224775,0.11061196638675877,0,0
1259,429,2,detour_3,Customer_22,Customer_49,67,46,"[67, 43, 33, 46]","[375, 321, 324]",5.9738800018143285,0.12721911653101556,0,0
1260,430,0,shortest,Customer_22,Customer_71,67,32,"[67, 10, 32]","[133, 118]",6.867798274676087,0.1248690595395652,0,0
1261,430,1,detour_2,Customer_22,Customer_71,67,32,"[67, 43, 10, 32]","[375, 131, 118]",6.941244407837379,0.13446465021607884,0,0
1262,430,2,detour_3,Customer_22,Customer_71,67,32,"[67, 38, 32]","[353, 313]",7.780030481498157,0.14145509966360287,0,0
1263,431,0,shortest,Customer_22,Customer_38,67,14,"[67, 33, 14]","[323, 173]",8.317961491919803,0.15123566348945097,0,0
1264,431,1,detour_2,Customer_22,Customer_38,67,14,"[67, 33, 46, 14]","[323, 324, 171]",8.504261817071022,0.1649658521893744,0,0
1265,431,2,detour_3,Customer_22,Customer_38,67,14,"[67, 43, 46, 14]","[375, 376, 171]",8.968482624825896,0.17132352688859734,0,0
1266,432,0,shortest,Customer_22,Customer_39,67,15,"[67, 73, 15]","[454, 181]",8.953033249807277,0.16278242272376867,0,0
1267,432,1,detour_2,Customer_22,Customer_39,67,15,"[67, 75, 15]","[456, 177]",11.326504390943542,0.20593644347170076,0,0
1268,432,2,detour_3,Customer_22,Customer_39,67,15,"[67, 73, 75, 15]","[454, 462, 177]",11.435556314459609,0.20791920571744743,0,0
1269,433,0,shortest,Customer_22,Customer_75,67,15,"[67, 73, 15]","[454, 181]",8.953033249807277,0.16278242272376867,0,0
1270,433,1,detour_2,Customer_22,Customer_75,67,15,"[67, 75, 15]","[456, 177]",11.326504390943542,0.20593644347170076,0,0
1271,433,2,detour_3,Customer_22,Customer_75,67,15,"[67, 73, 75, 15]","[454, 462, 177]",11.435556314459609,0.20791920571744743,0,0
1272,434,0,shortest,Customer_22,Customer_2,67,55,"[67, 10, 50, 55]","[133, 120, 394]",9.919578605053402,0.18035597463733458,1,0
1273,434,1,detour_2,Customer_22,Customer_2,67,55,"[67, 43, 10, 50, 55]","[375, 131, 120, 394]",9.993024738214695,0.18995156531384824,1,0
1274,434,2,detour_3,Customer_22,Customer_2,67,55,"[67, 10, 32, 55]","[133, 118, 316]",11.098724828990592,0.20179499689073804,1,0
1275,435,0,shortest,Customer_22,Customer_9,67,34,"[67, 33, 14, 34]","[323, 173, 168]",10.360503637274372,0.20229921712331517,0,0
1276,435,1,detour_2,Customer_22,Customer_9,67,34,"[67, 33, 46, 14, 34]","[323, 324, 171, 168]",10.54680396242559,0.2160294058232386,0,0
1277,435,2,detour_3,Customer_22,Customer_9,67,34,"[67, 43, 46, 14, 34]","[375, 376, 171, 168]",11.011024770180464,0.22238708052246153,0,0
1278,436,0,shortest,Customer_22,Customer_30,67,47,"[67, 33, 14, 47]","[323, 173, 162]",10.577202583961611,0.2077166907904962,0,0
1279,436,1,detour_2,Customer_22,Customer_30,67,47,"[67, 33, 46, 14, 47]","[323, 324, 171, 162]",10.76350290911283,0.22144687949041963,0,0
1280,436,2,detour_3,Customer_22,Customer_30,67,47,"[67, 33, 14, 34, 47]","[323, 173, 168, 328]",11.232446261834438,0.22409778273731681,1,0
1281,437,0,shortest,Customer_22,Customer_60,67,47,"[67, 33, 14, 47]","[323, 173, 162]",10.577202583961611,0.2077166907904962,0,0
1282,437,1,detour_2,Customer_22,Customer_60,67,47,"[67, 33, 46, 14, 47]","[323, 324, 171, 162]",10.76350290911283,0.22144687949041963,0,0
1283,437,2,detour_3,Customer_22,Customer_60,67,47,"[67, 33, 14, 34, 47]","[323, 173, 168, 328]",11.232446261834438,0.22409778273731681,1,0
1284,438,0,shortest,Customer_22,Customer_65,67,47,"[67, 33, 14, 47]","[323, 173, 162]",10.577202583961611,0.2077166907904962,0,0
1285,438,1,detour_2,Customer_22,Customer_65,67,47,"[67, 33, 46, 14, 47]","[323, 324, 171, 162]",10.76350290911283,0.22144687949041963,0,0
1286,438,2,detour_3,Customer_22,Customer_65,67,47,"[67, 33, 14, 34, 47]","[323, 173, 168, 328]",11.232446261834438,0.22409778273731681,1,0
1287,439,0,shortest,Customer_23,Customer_16,39,64,"[39, 64]",[358],2.736265652175929,0.049750284585016895,0,0
1288,439,1,detour_2,Customer_23,Customer_16,39,64,"[39, 54, 64]","[360, 410]",2.9645630587379346,0.07411407646844836,0,0
1289,439,2,detour_3,Customer_23,Customer_16,39,64,"[39, 12, 64]","[147, 140]",4.396699900471073,0.08628768525347658,0,0
1290,440,0,shortest,Customer_23,Customer_56,39,64,"[39, 64]",[358],2.736265652175929,0.049750284585016895,0,0
1291,440,1,detour_2,Customer_23,Customer_56,39,64,"[39, 54, 64]","[360, 410]",2.9645630587379346,0.07411407646844836,0,0
1292,440,2,detour_3,Customer_23,Customer_56,39,64,"[39, 12, 64]","[147, 140]",4.396699900471073,0.08628768525347658,0,0
1293,441,0,shortest,Customer_23,Customer_63,39,64,"[39, 64]",[358],2.736265652175929,0.049750284585016895,0,0
1294,441,1,detour_2,Customer_23,Customer_63,39,64,"[39, 54, 64]","[360, 410]",2.9645630587379346,0.07411407646844836,0,0
1295,441,2,detour_3,Customer_23,Customer_63,39,64,"[39, 12, 64]","[147, 140]",4.396699900471073,0.08628768525347658,0,0
1296,442,0,shortest,Customer_23,Customer_64,39,64,"[39, 64]",[358],2.736265652175929,0.049750284585016895,0,0
1297,442,1,detour_2,Customer_23,Customer_64,39,64,"[39, 54, 64]","[360, 410]",2.9645630587379346,0.07411407646844836,0,0
1298,442,2,detour_3,Customer_23,Customer_64,39,64,"[39, 12, 64]","[147, 140]",4.396699900471073,0.08628768525347658,0,0
1299,443,0,shortest,Customer_23,Customer_25,39,19,"[39, 64, 19]","[358, 219]",6.527843940420581,0.11868807164401057,0,0
1300,443,1,detour_2,Customer_23,Customer_25,39,19,"[39, 54, 19]","[360, 217]",5.843499882855841,0.12275282187757688,0,0
1301,443,2,detour_3,Customer_23,Customer_25,39,19,"[39, 64, 54, 19]","[358, 411, 217]",6.702166884911639,0.12556314020959047,0,0
1302,444,0,shortest,Customer_23,Customer_70,39,53,"[39, 64, 30, 53]","[358, 303, 300]",9.267992468259646,0.18448115857523156,0,0
1303,444,1,detour_2,Customer_23,Customer_70,39,53,"[39, 12, 30, 53]","[147, 148, 300]",9.461391254281917,0.1879975001392729,0,0
1304,444,2,detour_3,Customer_23,Customer_70,39,53,"[39, 12, 60, 53]","[147, 150, 407]",10.827429147648886,0.19686234813907064,0,0
1305,445,0,shortest,Customer_23,Customer_11,39,52,"[39, 79, 52]","[362, 405]",9.409944680507547,0.1710899032819554,0,0
1306,445,1,detour_2,Customer_23,Customer_11,39,52,"[39, 6, 79, 52]","[81, 76, 405]",15.473038163700725,0.28132796661274045,0,0
1307,445,2,detour_3,Customer_23,Customer_11,39,52,"[39, 64, 30, 63, 52]","[358, 303, 304, 403]",15.867531453886862,0.28850057188885203,0,0
1308,446,0,shortest,Customer_23,Customer_12,39,52,"[39, 79, 52]","[362, 405]",9.409944680507547,0.1710899032819554,0,0
1309,446,1,detour_2,Customer_23,Customer_12,39,52,"[39, 6, 79, 52]","[81, 76, 405]",15.473038163700725,0.28132796661274045,0,0
1310,446,2,detour_3,Customer_23,Customer_12,39,52,"[39, 64, 30, 63, 52]","[358, 303, 304, 403]",15.867531453886862,0.28850057188885203,0,0
1311,447,0,shortest,Customer_23,Customer_20,39,52,"[39, 79, 52]","[362, 405]",9.409944680507547,0.1710899032819554,0,0
1312,447,1,detour_2,Customer_23,Customer_20,39,52,"[39, 6, 79, 52]","[81, 76, 405]",15.473038163700725,0.28132796661274045,0,0
1313,447,2,detour_3,Customer_23,Customer_20,39,52,"[39, 64, 30, 63, 52]","[358, 303, 304, 403]",15.867531453886862,0.28850057188885203,0,0
1314,448,0,shortest,Customer_23,Customer_53,39,52,"[39, 79, 52]","[362, 405]",9.409944680507547,0.1710899032819554,0,0
1315,448,1,detour_2,Customer_23,Customer_53,39,52,"[39, 6, 79, 52]","[81, 76, 405]",15.473038163700725,0.28132796661274045,0,0
1316,448,2,detour_3,Customer_23,Customer_53,39,52,"[39, 64, 30, 63, 52]","[358, 303, 304, 403]",15.867531453886862,0.28850057188885203,0,0
1317,449,0,shortest,Customer_23,Customer_80,39,3,"[39, 64, 30, 3]","[358, 303, 33]",10.531509257994832,0.19148198650899695,0,0
1318,449,1,detour_2,Customer_23,Customer_80,39,3,"[39, 12, 30, 3]","[147, 148, 33]",10.724908044017104,0.19499832807303824,0,0
1319,449,2,detour_3,Customer_23,Customer_80,39,3,"[39, 64, 12, 30, 3]","[358, 141, 148, 33]",10.926462000896038,0.20501063253393048,0,0
1320,450,0,shortest,Customer_23,Customer_8,39,63,"[39, 64, 30, 63]","[358, 303, 304]",11.176193385855651,0.20320351610646636,0,0
1321,450,1,detour_2,Customer_23,Customer_8,39,63,"[39, 12, 30, 63]","[147, 148, 304]",11.369592171877922,0.2067198576705077,0,0
1322,450,2,detour_3,Customer_23,Customer_8,39,63,"[39, 12, 60, 63]","[147, 150, 444]",11.614705927979966,0.21117647141781754,0,0
1323,451,0,shortest,Customer_23,Customer_72,39,24,"[39, 6, 24]","[81, 78]",12.024398532554665,0.2186254278646303,0,0
1324,451,1,detour_2,Customer_23,Customer_72,39,24,"[39, 79, 6, 24]","[362, 77, 78]",12.659140980480625,0.23016619964510232,0,0
1325,451,2,detour_3,Customer_23,Customer_72,39,24,"[39, 79, 20, 24]","[362, 225, 226]",13.143818934793732,0.23897852608715875,0,0
1326,452,0,shortest,Customer_23,Customer_43,39,0,"[39, 79, 52, 0]","[362, 405, 1]",12.534000447091294,0.2278909172198417,0,0
1327,452,1,detour_2,Customer_23,Customer_43,39,0,"[39, 6, 24, 0]","[81, 78, 3]",14.618622645892106,0.26579313901622015,0,0
1328,452,2,detour_3,Customer_23,Customer_43,39,0,"[39, 79, 6, 24, 0]","[362, 77, 78, 3]",15.253365093818067,0.2773339107966922,0,0
1329,453,0,shortest,Customer_23,Customer_76,39,0,"[39, 79, 52, 0]","[362, 405, 1]",12.534000447091294,0.2278909172198417,0,0
1330,453,1,detour_2,Customer_23,Customer_76,39,0,"[39, 6, 24, 0]","[81, 78, 3]",14.618622645892106,0.26579313901622015,0,0
1331,453,2,detour_3,Customer_23,Customer_76,39,0,"[39, 79, 6, 24, 0]","[362, 77, 78, 3]",15.253365093818067,0.2773339107966922,0,0
1332,454,0,shortest,Customer_23,Customer_18,39,57,"[39, 64, 77, 57]","[358, 452, 427]",11.541372673278792,0.20984313951415984,0,0
1333,454,1,detour_2,Customer_23,Customer_18,39,57,"[39, 12, 77, 57]","[147, 144, 427]",12.098251588252774,0.21996821069550498,0,0
1334,454,2,detour_3,Customer_23,Customer_18,39,57,"[39, 54, 77, 57]","[360, 412, 427]",11.394437585776856,0.22367896193068626,0,0
1335,455,0,shortest,Customer_23,Customer_28,39,16,"[39, 64, 77, 57, 16]","[358, 452, 427, 185]",11.78725125888128,0.21599010415422204,0,0
1336,455,1,detour_2,Customer_23,Customer_28,39,16,"[39, 12, 77, 57, 16]","[147, 144, 427, 185]",12.344130173855262,0.2261151753355672,0,0
1337,455,2,detour_3,Customer_23,Customer_28,39,16,"[39, 54, 77, 57, 16]","[360, 412, 427, 185]",11.640316171379345,0.22982592657074846,0,0
1338,456,0,shortest,Customer_23,Customer_66,39,16,"[39, 64, 77, 57, 16]","[358, 452, 427, 185]",11.78725125888128,0.21599010415422204,0,0
1339,456,1,detour_2,Customer_23,Customer_66,39,16,"[39, 12, 77, 57, 16]","[147, 144, 427, 185]",12.344130173855262,0.2261151753355672,0,0
1340,456,2,detour_3,Customer_23,Customer_66,39,16,"[39, 54, 77, 57, 16]","[360, 412, 427, 185]",11.640316171379345,0.22982592657074846,0,0
1341,457,0,shortest,Customer_23,Customer_55,39,48,"[39, 64, 30, 3, 48]","[358, 303, 33, 36]",14.146882356125971,0.257216042838654,1,0
1342,457,1,avoid_congestion,Customer_23,Customer_55,39,48,"[39, 64, 30, 53, 48]","[358, 303, 300, 389]",13.494582282571145,0.2613282461081679,0,0
1343,457,2,detour_2,Customer_23,Customer_55,39,48,"[39, 12, 30, 3, 48]","[147, 148, 33, 36]",14.340281142148243,0.2607323844026953,1,0
1344,458,0,shortest,Customer_23,Customer_34,39,66,"[39, 64, 77, 57, 66]","[358, 452, 427, 430]",13.303663999207972,0.2539004226623893,0,0
1345,458,1,detour_2,Customer_23,Customer_34,39,66,"[39, 12, 77, 57, 66]","[147, 144, 427, 430]",13.860542914181954,0.26402549384373447,0,0
1346,458,2,detour_3,Customer_23,Customer_34,39,66,"[39, 64, 77, 57, 16, 66]","[358, 452, 427, 185, 186]",13.715517047502614,0.26419674886975536,0,0
1347,459,0,shortest,Customer_24,Customer_6,22,5,"[22, 5]",[57],0.44145580937277396,0.01103639523431935,0,0
1348,459,1,detour_2,Customer_24,Customer_6,22,5,"[22, 7, 5]","[87, 61]",6.694884770419492,0.12172517764399074,0,0
1349,459,2,detour_3,Customer_24,Customer_6,22,5,"[22, 44, 5]","[240, 59]",7.420249904167243,0.1349136346212226,0,0
1350,460,0,shortest,Customer_24,Customer_5,22,7,"[22, 7]",[87],3.1521982487429336,0.0573126954316897,0,0
1351,460,1,detour_2,Customer_24,Customer_5,22,7,"[22, 44, 7]","[240, 83]",3.9091492025472028,0.07379522055526803,0,0
1352,460,2,detour_3,Customer_24,Customer_5,22,7,"[22, 5, 7]","[57, 60]",3.984142331049332,0.07544887744662039,0,0
1353,461,0,shortest,Customer_24,Customer_54,22,69,"[22, 69]",[238],4.6897081147866055,0.08526742026884737,0,0
1354,461,1,detour_2,Customer_24,Customer_54,22,69,"[22, 5, 69]","[57, 54]",5.42009060236204,0.1015570278341242,0,0
1355,461,2,detour_3,Customer_24,Customer_54,22,69,"[22, 7, 5, 69]","[87, 61, 54]",11.673519563408759,0.21224581024379557,0,0
1356,462,0,shortest,Customer_24,Customer_37,22,68,"[22, 68]",[244],5.422004885830109,0.0985819070150929,0,0
1357,462,1,detour_2,Customer_24,Customer_37,22,68,"[22, 5, 68]","[57, 62]",5.668755942771098,0.1060782158415616,0,0
1358,462,2,detour_3,Customer_24,Customer_37,22,68,"[22, 5, 11, 68]","[57, 64, 134]",10.886042282559089,0.2009379674740705,0,0
1359,463,0,shortest,Customer_24,Customer_26,22,31,"[22, 69, 31]","[238, 311]",8.136935877051837,0.14794428867366977,1,0
1360,463,1,detour_2,Customer_24,Customer_26,22,31,"[22, 69, 18, 31]","[238, 215, 206]",8.33341142937893,0.15277911880365339,2,0
1361,463,2,detour_3,Customer_24,Customer_26,22,31,"[22, 5, 69, 31]","[57, 54, 311]",8.867318364627272,0.16423389623894658,1,0
1362,464,0,shortest,Customer_24,Customer_67,22,31,"[22, 69, 31]","[238, 311]",8.136935877051837,0.14794428867366977,1,0
1363,464,1,detour_2,Customer_24,Customer_67,22,31,"[22, 69, 18, 31]","[238, 215, 206]",8.33341142937893,0.15277911880365339,2,0
1364,464,2,detour_3,Customer_24,Customer_67,22,31,"[22, 5, 69, 31]","[57, 54, 311]",8.867318364627272,0.16423389623894658,1,0
1365,465,0,shortest,Customer_24,Customer_48,22,27,"[22, 69, 27]","[238, 275]",9.07113402567479,0.16492970955772346,0,0
1366,465,1,detour_2,Customer_24,Customer_48,22,27,"[22, 5, 69, 27]","[57, 54, 275]",9.801516513250224,0.18121931712300027,0,0
1367,465,2,detour_3,Customer_24,Customer_48,22,27,"[22, 68, 27]","[244, 277]",10.245274041220501,0.18627770984037273,0,0
1368,466,0,shortest,Customer_24,Customer_7,22,11,"[22, 5, 11]","[57, 64]",8.054202288239615,0.14944996757735282,0,0
1369,466,1,detour_2,Customer_24,Customer_7,22,11,"[22, 68, 11]","[244, 135]",8.253844880149583,0.15006990691181057,0,0
1370,466,2,detour_3,Customer_24,Customer_7,22,11,"[22, 5, 68, 11]","[57, 62, 135]",8.50059593709057,0.15756621573827928,0,0
1371,467,0,shortest,Customer_24,Customer_8,22,63,"[22, 7, 45, 63]","[87, 84, 382]",9.920086941803033,0.18036521712369152,0,0
1372,467,1,detour_2,Customer_24,Customer_8,22,63,"[22, 7, 13, 63]","[87, 88, 152]",9.354401352974646,0.18304210215634537,0,0
1373,467,2,detour_3,Customer_24,Customer_8,22,63,"[22, 44, 13, 63]","[240, 159, 152]",9.606713713697474,0.18762959962403314,0,0
1374,468,0,shortest,Customer_24,Customer_15,22,72,"[22, 69, 72]","[238, 458]",8.718421624878873,0.15851675681597951,1,0
1375,468,1,detour_2,Customer_24,Customer_15,22,72,"[22, 5, 69, 72]","[57, 54, 458]",9.448804112454308,0.17480636438125635,1,0
1376,468,2,detour_3,Customer_24,Customer_15,22,72,"[22, 69, 31, 72]","[238, 311, 306]",10.202689193398475,0.19958812158233574,2,0
1377,469,0,shortest,Customer_24,Customer_35,22,8,"[22, 69, 31, 8]","[238, 311, 93]",9.708736173952436,0.18723929609618475,2,0
1378,469,1,detour_2,Customer_24,Customer_35,22,8,"[22, 69, 72, 8]","[238, 458, 95]",9.954109055822652,0.189408942589574,2,0
1379,469,2,detour_3,Customer_24,Customer_35,22,8,"[22, 69, 18, 8]","[238, 215, 99]",9.868043694695833,0.19114492543657596,2,0
1380,470,0,shortest,Customer_24,Customer_41,22,8,"[22, 69, 31, 8]","[238, 311, 93]",9.708736173952436,0.18723929609618475,2,0
1381,470,1,detour_2,Customer_24,Customer_41,22,8,"[22, 69, 72, 8]","[238, 458, 95]",9.954109055822652,0.189408942589574,2,0
1382,470,2,detour_3,Customer_24,Customer_41,22,8,"[22, 69, 18, 8]","[238, 215, 99]",9.868043694695833,0.19114492543657596,2,0
1383,471,0,shortest,Customer_24,Customer_46,22,8,"[22, 69, 31, 8]","[238, 311, 93]",9.708736173952436,0.18723929609618475,2,0
1384,471,1,detour_2,Customer_24,Customer_46,22,8,"[22, 69, 72, 8]","[238, 458, 95]",9.954109055822652,0.189408942589574,2,0
1385,471,2,detour_3,Customer_24,Customer_46,22,8,"[22, 69, 18, 8]","[238, 215, 99]",9.868043694695833,0.19114492543657596,2,0
1386,472,0,shortest,Customer_24,Customer_55,22,48,"[22, 69, 18, 48]","[238, 215, 212]",12.650251588316273,0.23000457433302315,2,0
1387,472,1,avoid_congestion,Customer_24,Customer_55,22,48,"[22, 7, 45, 63, 53, 48]","[87, 84, 382, 409, 389]",17.20740828801341,0.31286196887297113,0,0
1388,472,2,detour_2,Customer_24,Customer_55,22,48,"[22, 69, 31, 18, 48]","[238, 311, 207, 212]",12.824123261706546,0.2344284248459737,3,0
1389,472,3,detour_3,Customer_24,Customer_55,22,48,"[22, 5, 69, 18, 48]","[57, 54, 215, 212]",13.38063407589171,0.2462941818983,2,0
1390,473,0,shortest,Customer_24,Customer_3,22,74,"[22, 69, 72, 74]","[238, 458, 460]",9.938514730175994,0.1890190844484075,2,0
1391,473,1,avoid_congestion,Customer_24,Customer_3,22,74,"[22, 69, 27, 59, 74]","[238, 275, 270, 438]",15.475417172907974,0.292976150313113,1,0
1392,473,2,detour_2,Customer_24,Customer_3,22,74,"[22, 69, 59, 74]","[238, 443, 438]",10.06091870982967,0.19453072371168928,2,0
1393,473,3,detour_3,Customer_24,Customer_3,22,74,"[22, 5, 69, 72, 74]","[57, 54, 458, 460]",10.668897217751429,0.20530869201368435,2,0
1394,474,0,shortest,Customer_24,Customer_42,22,74,"[22, 69, 72, 74]","[238, 458, 460]",9.938514730175994,0.1890190844484075,2,0
1395,474,1,avoid_congestion,Customer_24,Customer_42,22,74,"[22, 69, 27, 59, 74]","[238, 275, 270, 438]",15.475417172907974,0.292976150313113,1,0
1396,474,2,detour_2,Customer_24,Customer_42,22,74,"[22, 69, 59, 74]","[238, 443, 438]",10.06091870982967,0.19453072371168928,2,0
1397,474,3,detour_3,Customer_24,Customer_42,22,74,"[22, 5, 69, 72, 74]","[57, 54, 458, 460]",10.668897217751429,0.20530869201368435,2,0
1398,475,0,shortest,Customer_24,Customer_47,22,74,"[22, 69, 72, 74]","[238, 458, 460]",9.938514730175994,0.1890190844484075,2,0
1399,475,1,avoid_congestion,Customer_24,Customer_47,22,74,"[22, 69, 27, 59, 74]","[238, 275, 270, 438]",15.475417172907974,0.292976150313113,1,0
1400,475,2,detour_2,Customer_24,Customer_47,22,74,"[22, 69, 59, 74]","[238, 443, 438]",10.06091870982967,0.19453072371168928,2,0
1401,475,3,detour_3,Customer_24,Customer_47,22,74,"[22, 5, 69, 72, 74]","[57, 54, 458, 460]",10.668897217751429,0.20530869201368435,2,0
1402,476,0,shortest,Customer_24,Customer_14,22,17,"[22, 69, 31, 17]","[238, 311, 203]",11.206902133087885,0.2037618569652343,2,0
1403,476,1,detour_2,Customer_24,Customer_14,22,17,"[22, 69, 18, 17]","[238, 215, 201]",11.326509186554565,0.20593653066462847,2,0
1404,476,2,detour_3,Customer_24,Customer_14,22,17,"[22, 69, 18, 31, 17]","[238, 215, 206, 203]",11.403377685414979,0.2085966870952179,3,0
1405,477,0,shortest,Customer_24,Customer_29,22,17,"[22, 69, 31, 17]","[238, 311, 203]",11.206902133087885,0.2037618569652343,2,0
1406,477,1,detour_2,Customer_24,Customer_29,22,17,"[22, 69, 18, 17]","[238, 215, 201]",11.326509186554565,0.20593653066462847,2,0
1407,477,2,detour_3,Customer_24,Customer_29,22,17,"[22, 69, 18, 31, 17]","[238, 215, 206, 203]",11.403377685414979,0.2085966870952179,3,0
1408,478,0,shortest,Customer_24,Customer_31,22,17,"[22, 69, 31, 17]","[238, 311, 203]",11.206902133087885,0.2037618569652343,2,0
1409,478,1,detour_2,Customer_24,Customer_31,22,17,"[22, 69, 18, 17]","[238, 215, 201]",11.326509186554565,0.20593653066462847,2,0
1410,478,2,detour_3,Customer_24,Customer_31,22,17,"[22, 69, 18, 31, 17]","[238, 215, 206, 203]",11.403377685414979,0.2085966870952179,3,0
1411,479,0,shortest,Customer_25,Customer_16,19,64,"[19, 64]",[218],3.791578288244652,0.06893778705899367,0,0
1412,479,1,detour_2,Customer_25,Customer_16,19,64,"[19, 54, 64]","[216, 410]",3.9659012327357095,0.0758128556245736,0,0
1413,479,2,detour_3,Customer_25,Customer_16,19,64,"[19, 77, 64]","[220, 453]",6.666624871026636,0.12121136129139337,0,0
1414,480,0,shortest,Customer_25,Customer_56,19,64,"[19, 64]",[218],3.791578288244652,0.06893778705899367,0,0
1415,480,1,detour_2,Customer_25,Customer_56,19,64,"[19, 54, 64]","[216, 410]",3.9659012327357095,0.0758128556245736,0,0
1416,480,2,detour_3,Customer_25,Customer_56,19,64,"[19, 77, 64]","[220, 453]",6.666624871026636,0.12121136129139337,0,0
1417,481,0,shortest,Customer_25,Customer_63,19,64,"[19, 64]",[218],3.791578288244652,0.06893778705899367,0,0
1418,481,1,detour_2,Customer_25,Customer_63,19,64,"[19, 54, 64]","[216, 410]",3.9659012327357095,0.0758128556245736,0,0
1419,481,2,detour_3,Customer_25,Customer_63,19,64,"[19, 77, 64]","[220, 453]",6.666624871026636,0.12121136129139337,0,0
1420,482,0,shortest,Customer_25,Customer_64,19,64,"[19, 64]",[218],3.791578288244652,0.06893778705899367,0,0
1421,482,1,detour_2,Customer_25,Customer_64,19,64,"[19, 54, 64]","[216, 410]",3.9659012327357095,0.0758128556245736,0,0
1422,482,2,detour_3,Customer_25,Customer_64,19,64,"[19, 77, 64]","[220, 453]",6.666624871026636,0.12121136129139337,0,0
1423,483,0,shortest,Customer_25,Customer_23,19,39,"[19, 64, 39]","[218, 359]",6.527843940420581,0.11868807164401057,0,0
1424,483,1,detour_2,Customer_25,Customer_23,19,39,"[19, 54, 39]","[216, 361]",5.843499882855841,0.12275282187757688,0,0
1425,483,2,detour_3,Customer_25,Customer_23,19,39,"[19, 54, 64, 39]","[216, 410, 359]",6.702166884911639,0.1255631402095905,0,0
1426,484,0,shortest,Customer_25,Customer_28,19,16,"[19, 77, 57, 16]","[220, 427, 185]",9.362483108552368,0.17190341051187819,0,0
1427,484,1,detour_2,Customer_25,Customer_28,19,16,"[19, 54, 77, 57, 16]","[216, 412, 427, 185]",12.641654345377118,0.23152470572687367,0,0
1428,484,2,detour_3,Customer_25,Customer_28,19,16,"[19, 64, 77, 57, 16]","[218, 452, 427, 185]",12.842563894950002,0.2351776066281988,0,0
1429,485,0,shortest,Customer_25,Customer_66,19,16,"[19, 77, 57, 16]","[220, 427, 185]",9.362483108552368,0.17190341051187819,0,0
1430,485,1,detour_2,Customer_25,Customer_66,19,16,"[19, 54, 77, 57, 16]","[216, 412, 427, 185]",12.641654345377118,0.23152470572687367,0,0
1431,485,2,detour_3,Customer_25,Customer_66,19,16,"[19, 64, 77, 57, 16]","[218, 452, 427, 185]",12.842563894950002,0.2351776066281988,0,0
1432,486,0,shortest,Customer_25,Customer_18,19,57,"[19, 77, 57]","[220, 427]",9.11660452294988,0.16575644587181598,0,0
1433,486,1,detour_2,Customer_25,Customer_18,19,57,"[19, 54, 77, 57]","[216, 412, 427]",12.39577575977463,0.22537774108681147,0,0
1434,486,2,detour_3,Customer_25,Customer_18,19,57,"[19, 64, 77, 57]","[218, 452, 427]",12.596685309347514,0.2290306419881366,0,0
1435,487,0,shortest,Customer_25,Customer_80,19,3,"[19, 64, 30, 3]","[218, 303, 33]",11.586821894063554,0.21066948898297372,0,0
1436,487,1,detour_2,Customer_25,Customer_80,19,3,"[19, 54, 64, 30, 3]","[216, 410, 303, 33]",11.761144838554612,0.21754455754855362,0,0
1437,487,2,detour_3,Customer_25,Customer_80,19,3,"[19, 64, 12, 30, 3]","[218, 141, 148, 33]",11.98177463696476,0.22419813500790725,0,0
1438,488,0,shortest,Customer_25,Customer_70,19,53,"[19, 64, 30, 53]","[218, 303, 300]",10.323305104328366,0.2036686610492084,0,0
1439,488,1,detour_2,Customer_25,Customer_70,19,53,"[19, 54, 64, 30, 53]","[216, 410, 303, 300]",10.497628048819426,0.2105437296147883,0,0
1440,488,2,detour_3,Customer_25,Customer_70,19,53,"[19, 64, 12, 30, 53]","[218, 141, 148, 300]",10.718257847229573,0.21719730707414192,0,0
1441,489,0,shortest,Customer_25,Customer_34,19,66,"[19, 77, 57, 66]","[220, 427, 430]",10.87889584887906,0.20981372902004547,0,0
1442,489,1,detour_2,Customer_25,Customer_34,19,66,"[19, 77, 57, 16, 66]","[220, 427, 185, 186]",11.290748897173701,0.2201100552274115,0,0
1443,489,2,detour_3,Customer_25,Customer_34,19,66,"[19, 54, 77, 57, 66]","[216, 412, 427, 430]",14.15806708570381,0.26943502423504095,0,0
1444,490,0,shortest,Customer_25,Customer_73,19,66,"[19, 77, 57, 66]","[220, 427, 430]",10.87889584887906,0.20981372902004547,0,0
1445,490,1,detour_2,Customer_25,Customer_73,19,66,"[19, 77, 57, 16, 66]","[220, 427, 185, 186]",11.290748897173701,0.2201100552274115,0,0
1446,490,2,detour_3,Customer_25,Customer_73,19,66,"[19, 54, 77, 57, 66]","[216, 412, 427, 430]",14.15806708570381,0.26943502423504095,0,0
1447,491,0,shortest,Customer_25,Customer_8,19,63,"[19, 64, 30, 63]","[218, 303, 304]",12.231506021924373,0.2223910185804432,0,0
1448,491,1,detour_2,Customer_25,Customer_8,19,63,"[19, 54, 64, 30, 63]","[216, 410, 303, 304]",12.40582896641543,0.2292660871460231,0,0
1449,491,2,detour_3,Customer_25,Customer_8,19,63,"[19, 64, 12, 30, 63]","[218, 141, 148, 304]",12.626458764825578,0.23591966460537672,0,0
1450,492,0,shortest,Customer_25,Customer_36,19,62,"[19, 77, 57, 62]","[220, 427, 432]",18.425683778148965,0.3350124323299811,0,0
1451,492,1,detour_2,Customer_25,Customer_36,19,62,"[19, 77, 57, 78, 62]","[220, 427, 434, 451]",18.42863094953957,0.33506601726435586,0,0
1452,492,2,detour_3,Customer_25,Customer_36,19,62,"[19, 77, 57, 16, 62]","[220, 427, 185, 192]",18.425696558515995,0.33668910960212595,0,0
1453,493,0,shortest,Customer_25,Customer_59,19,62,"[19, 77, 57, 62]","[220, 427, 432]",18.425683778148965,0.3350124323299811,0,0
1454,493,1,detour_2,Customer_25,Customer_59,19,62,"[19, 77, 57, 78, 62]","[220, 427, 434, 451]",18.42863094953957,0.33506601726435586,0,0
1455,493,2,detour_3,Customer_25,Customer_59,19,62,"[19, 77, 57, 16, 62]","[220, 427, 185, 192]",18.425696558515995,0.33668910960212595,0,0
1456,494,0,shortest,Customer_25,Customer_62,19,62,"[19, 77, 57, 62]","[220, 427, 432]",18.425683778148965,0.3350124323299811,0,0
1457,494,1,detour_2,Customer_25,Customer_62,19,62,"[19, 77, 57, 78, 62]","[220, 427, 434, 451]",18.42863094953957,0.33506601726435586,0,0
1458,494,2,detour_3,Customer_25,Customer_62,19,62,"[19, 77, 57, 16, 62]","[220, 427, 185, 192]",18.425696558515995,0.33668910960212595,0,0
1459,495,0,shortest,Customer_25,Customer_11,19,52,"[19, 64, 39, 79, 52]","[218, 359, 362, 405]",15.937788620928128,0.28977797492596596,0,0
1460,495,1,detour_2,Customer_25,Customer_11,19,52,"[19, 54, 39, 79, 52]","[216, 361, 362, 405]",15.253444563363388,0.29384272515953225,0,0
1461,495,2,detour_3,Customer_25,Customer_11,19,52,"[19, 54, 64, 39, 79, 52]","[216, 410, 359, 362, 405]",16.112111565419184,0.29665304349154586,0,0
1462,496,0,shortest,Customer_25,Customer_12,19,52,"[19, 64, 39, 79, 52]","[218, 359, 362, 405]",15.937788620928128,0.28977797492596596,0,0
1463,496,1,detour_2,Customer_25,Customer_12,19,52,"[19, 54, 39, 79, 52]","[216, 361, 362, 405]",15.253444563363388,0.29384272515953225,0,0
1464,496,2,detour_3,Customer_25,Customer_12,19,52,"[19, 54, 64, 39, 79, 52]","[216, 410, 359, 362, 405]",16.112111565419184,0.29665304349154586,0,0
1465,497,0,shortest,Customer_25,Customer_20,19,52,"[19, 64, 39, 79, 52]","[218, 359, 362, 405]",15.937788620928128,0.28977797492596596,0,0
1466,497,1,detour_2,Customer_25,Customer_20,19,52,"[19, 54, 39, 79, 52]","[216, 361, 362, 405]",15.253444563363388,0.29384272515953225,0,0
1467,497,2,detour_3,Customer_25,Customer_20,19,52,"[19, 54, 64, 39, 79, 52]","[216, 410, 359, 362, 405]",16.112111565419184,0.29665304349154586,0,0
1468,498,0,shortest,Customer_25,Customer_53,19,52,"[19, 64, 39, 79, 52]","[218, 359, 362, 405]",15.937788620928128,0.28977797492596596,0,0
1469,498,1,detour_2,Customer_25,Customer_53,19,52,"[19, 54, 39, 79, 52]","[216, 361, 362, 405]",15.253444563363388,0.29384272515953225,0,0
1470,498,2,detour_3,Customer_25,Customer_53,19,52,"[19, 54, 64, 39, 79, 52]","[216, 410, 359, 362, 405]",16.112111565419184,0.29665304349154586,0,0
1471,499,0,same_node,Customer_26,Customer_67,31,31,[31],[],0.0,0.0,0,0
1472,500,0,shortest,Customer_26,Customer_35,31,8,"[31, 8]",[93],1.5718002969005997,0.039295007422514995,1,0
1473,500,1,detour_2,Customer_26,Customer_35,31,8,"[31, 18, 8]","[207, 99]",1.9049794910342701,0.047624487275856754,2,0
1474,500,2,detour_3,Customer_26,Customer_35,31,8,"[31, 72, 8]","[306, 95]",3.301440747290418,0.08253601868226045,2,0
1475,501,0,shortest,Customer_26,Customer_41,31,8,"[31, 8]",[93],1.5718002969005997,0.039295007422514995,1,0
1476,501,1,detour_2,Customer_26,Customer_41,31,8,"[31, 18, 8]","[207, 99]",1.9049794910342701,0.047624487275856754,2,0
1477,501,2,detour_3,Customer_26,Customer_41,31,8,"[31, 72, 8]","[306, 95]",3.301440747290418,0.08253601868226045,2,0
1478,502,0,shortest,Customer_26,Customer_46,31,8,"[31, 8]",[93],1.5718002969005997,0.039295007422514995,1,0
1479,502,1,detour_2,Customer_26,Customer_46,31,8,"[31, 18, 8]","[207, 99]",1.9049794910342701,0.047624487275856754,2,0
1480,502,2,detour_3,Customer_26,Customer_46,31,8,"[31, 72, 8]","[306, 95]",3.301440747290418,0.08253601868226045,2,0
1481,503,0,shortest,Customer_26,Customer_15,31,72,"[31, 72]",[306],2.0657533163466386,0.05164383290866596,1,0
1482,503,1,detour_2,Customer_26,Customer_15,31,72,"[31, 18, 72]","[207, 208]",2.4359653710918088,0.060899134277295215,2,0
1483,503,2,detour_3,Customer_26,Customer_15,31,72,"[31, 8, 72]","[93, 94]",2.807487727844379,0.07018719319610947,2,0
1484,504,0,shortest,Customer_26,Customer_14,31,17,"[31, 17]",[203],3.069966256036049,0.05581756829156452,1,0
1485,504,1,detour_2,Customer_26,Customer_14,31,17,"[31, 18, 17]","[207, 201]",3.363444982893002,0.06241609250390924,2,0
1486,504,2,detour_3,Customer_26,Customer_14,31,17,"[31, 8, 17]","[93, 96]",3.1997587407073924,0.07999396851768481,2,0
1487,505,0,shortest,Customer_26,Customer_29,31,17,"[31, 17]",[203],3.069966256036049,0.05581756829156452,1,0
1488,505,1,detour_2,Customer_26,Customer_29,31,17,"[31, 18, 17]","[207, 201]",3.363444982893002,0.06241609250390924,2,0
1489,505,2,detour_3,Customer_26,Customer_29,31,17,"[31, 8, 17]","[93, 96]",3.1997587407073924,0.07999396851768481,2,0
1490,506,0,shortest,Customer_26,Customer_31,31,17,"[31, 17]",[203],3.069966256036049,0.05581756829156452,1,0
1491,506,1,detour_2,Customer_26,Customer_31,31,17,"[31, 18, 17]","[207, 201]",3.363444982893002,0.06241609250390924,2,0
1492,506,2,detour_3,Customer_26,Customer_31,31,17,"[31, 8, 17]","[93, 96]",3.1997587407073924,0.07999396851768481,2,0
1493,507,0,shortest,Customer_26,Customer_3,31,74,"[31, 74]",[308],3.2857050776793733,0.05974009232144315,1,0
1494,507,1,detour_2,Customer_26,Customer_3,31,74,"[31, 72, 74]","[306, 460]",3.2858464216437584,0.08214616054109397,2,0
1495,507,2,detour_3,Customer_26,Customer_3,31,74,"[31, 18, 72, 74]","[207, 208, 460]",3.656058476388929,0.09140146190972322,3,0
1496,508,0,shortest,Customer_26,Customer_42,31,74,"[31, 74]",[308],3.2857050776793733,0.05974009232144315,1,0
1497,508,1,detour_2,Customer_26,Customer_42,31,74,"[31, 72, 74]","[306, 460]",3.2858464216437584,0.08214616054109397,2,0
1498,508,2,detour_3,Customer_26,Customer_42,31,74,"[31, 18, 72, 74]","[207, 208, 460]",3.656058476388929,0.09140146190972322,3,0
1499,509,0,shortest,Customer_26,Customer_47,31,74,"[31, 74]",[308],3.2857050776793733,0.05974009232144315,1,0
1500,509,1,detour_2,Customer_26,Customer_47,31,74,"[31, 72, 74]","[306, 460]",3.2858464216437584,0.08214616054109397,2,0
1501,509,2,detour_3,Customer_26,Customer_47,31,74,"[31, 18, 72, 74]","[207, 208, 460]",3.656058476388929,0.09140146190972322,3,0
1502,510,0,shortest,Customer_26,Customer_33,31,4,"[31, 17, 4]","[203, 51]",3.5431888795176727,0.06764813387860512,2,0
1503,510,1,detour_2,Customer_26,Customer_33,31,4,"[31, 18, 17, 4]","[207, 201, 51]",3.836667606374626,0.07424665809094984,3,0
1504,510,2,detour_3,Customer_26,Customer_33,31,4,"[31, 8, 4]","[93, 43]",3.5927875240180445,0.08981968810045111,2,0
1505,511,0,shortest,Customer_26,Customer_54,31,69,"[31, 69]",[310],3.4472277622652308,0.06267686840482238,1,0
1506,511,1,detour_2,Customer_26,Customer_54,31,69,"[31, 18, 69]","[207, 214]",3.643703314592325,0.06751169853480601,2,0
1507,511,2,detour_3,Customer_26,Customer_54,31,69,"[31, 72, 69]","[306, 459]",6.094466826438906,0.1248931694557981,2,0
1508,512,0,shortest,Customer_26,Customer_2,31,55,"[31, 8, 55]","[93, 102]",4.335834247056647,0.08955017015262495,2,0
1509,512,1,detour_2,Customer_26,Customer_2,31,55,"[31, 74, 55]","[308, 415]",4.736819527772882,0.09601795357378087,2,0
1510,512,2,detour_3,Customer_26,Customer_2,31,55,"[31, 18, 8, 55]","[207, 99, 102]",4.669013441190318,0.09787965000596671,3,0
1511,513,0,shortest,Customer_26,Customer_55,31,48,"[31, 18, 48]","[207, 212]",4.68718738465471,0.08648413617230392,2,0
1512,513,1,detour_2,Customer_26,Customer_55,31,48,"[31, 18, 42, 48]","[207, 210, 372]",5.718416827345042,0.1200458678738759,3,0
1513,513,2,detour_3,Customer_26,Customer_55,31,48,"[31, 17, 4, 48]","[203, 51, 52]",7.83382123697884,0.14565963128698997,3,0
1514,514,0,shortest,Customer_26,Customer_5,31,7,"[31, 69, 22, 7]","[310, 239, 87]",11.28913412579477,0.20525698410535947,1,0
1515,514,1,detour_2,Customer_26,Customer_5,31,7,"[31, 18, 69, 22, 7]","[207, 214, 239, 87]",11.485609678121865,0.2100918142353431,2,0
1516,514,2,detour_3,Customer_26,Customer_5,31,7,"[31, 69, 5, 7]","[310, 55, 60]",11.968549076931055,0.21760998321692826,1,0
1517,515,0,shortest,Customer_26,Customer_24,31,22,"[31, 69, 22]","[310, 239]",8.136935877051837,0.14794428867366977,1,0
1518,515,1,detour_2,Customer_26,Customer_24,31,22,"[31, 18, 69, 22]","[207, 214, 239]",8.33341142937893,0.15277911880365339,2,0
1519,515,2,detour_3,Customer_26,Customer_24,31,22,"[31, 69, 5, 22]","[310, 55, 56]",8.867318364627272,0.16423389623894658,1,0
1520,516,0,shortest,Customer_26,Customer_77,31,28,"[31, 74, 28]","[308, 285]",8.005693238015311,0.14555805887300566,2,0
1521,516,1,avoid_congestion,Customer_26,Customer_77,31,28,"[31, 69, 27, 28]","[310, 275, 272]",10.902462903375111,0.19822659824318384,1,0
1522,516,2,detour_2,Customer_26,Customer_77,31,28,"[31, 72, 28]","[306, 287]",7.455952158212274,0.1496474482153139,2,0
1523,516,3,detour_3,Customer_26,Customer_77,31,28,"[31, 18, 72, 28]","[207, 208, 287]",7.826164212957444,0.15890274958394313,3,0
1524,517,0,shortest,Customer_26,Customer_6,31,5,"[31, 69, 5]","[310, 55]",8.425862555254497,0.15319750100462723,1,0
1525,517,1,detour_2,Customer_26,Customer_6,31,5,"[31, 18, 69, 5]","[207, 214, 55]",8.62233810758159,0.15803233113461085,2,0
1526,517,2,detour_3,Customer_26,Customer_6,31,5,"[31, 69, 22, 5]","[310, 239, 57]",8.578391686424611,0.1589806839079891,1,0
1527,518,0,shortest,Customer_26,Customer_48,31,27,"[31, 69, 27]","[310, 275]",7.828653673153415,0.14233915769369845,1,0
1528,518,1,detour_2,Customer_26,Customer_48,31,27,"[31, 18, 69, 27]","[207, 214, 275]",8.025129225480509,0.14717398782368207,2,0
1529,518,2,detour_3,Customer_26,Customer_48,31,27,"[31, 74, 27]","[308, 279]",9.689316695172087,0.1761693944576743,2,0
1530,519,0,same_node,Customer_27,Customer_79,33,33,[33],[],0.0,0.0,0,0
1531,520,0,shortest,Customer_27,Customer_32,33,46,"[33, 46]",[324],1.5169601422521861,0.03792400355630465,0,0
1532,520,1,detour_2,Customer_27,Customer_32,33,46,"[33, 10, 46]","[127, 124]",6.005187564696085,0.10918522844901972,0,0
1533,520,2,detour_3,Customer_27,Customer_32,33,46,"[33, 43, 46]","[320, 376]",7.663272768536478,0.13933223215520868,0,0
1534,521,0,shortest,Customer_27,Customer_49,33,46,"[33, 46]",[324],1.5169601422521861,0.03792400355630465,0,0
1535,521,1,detour_2,Customer_27,Customer_49,33,46,"[33, 10, 46]","[127, 124]",6.005187564696085,0.10918522844901972,0,0
1536,521,2,detour_3,Customer_27,Customer_49,33,46,"[33, 43, 46]","[320, 376]",7.663272768536478,0.13933223215520868,0,0
1537,522,0,shortest,Customer_27,Customer_51,33,10,"[33, 10]",[127],3.0314020346904846,0.055116400630736084,0,0
1538,522,1,detour_2,Customer_27,Customer_51,33,10,"[33, 46, 10]","[324, 125]",4.490745672257786,0.09199283137458829,0,0
1539,522,2,detour_3,Customer_27,Customer_51,33,10,"[33, 43, 10]","[320, 131]",6.364485446768722,0.11571791721397677,0,0
1540,523,0,shortest,Customer_27,Customer_52,33,43,"[33, 43]",[320],3.2454229154369227,0.059007689371580414,0,0
1541,523,1,detour_2,Customer_27,Customer_52,33,43,"[33, 67, 43]","[322, 375]",4.859662791342934,0.09661771173436165,0,0
1542,523,2,detour_3,Customer_27,Customer_52,33,43,"[33, 10, 43]","[127, 130]",6.1504645660222845,0.11182662847313243,0,0
1543,524,0,shortest,Customer_27,Customer_58,33,43,"[33, 43]",[320],3.2454229154369227,0.059007689371580414,0,0
1544,524,1,detour_2,Customer_27,Customer_58,33,43,"[33, 67, 43]","[322, 375]",4.859662791342934,0.09661771173436165,0,0
1545,524,2,detour_3,Customer_27,Customer_58,33,43,"[33, 10, 43]","[127, 130]",6.1504645660222845,0.11182662847313243,0,0
1546,525,0,shortest,Customer_27,Customer_21,33,67,"[33, 67]",[322],3.6481658472177143,0.06633028813123117,0,0
1547,525,1,detour_2,Customer_27,Customer_21,33,67,"[33, 43, 67]","[320, 374]",4.456919859562142,0.0892951129747109,0,0
1548,525,2,detour_3,Customer_27,Customer_21,33,67,"[33, 10, 67]","[127, 132]",7.288515376986211,0.1325184613997493,0,0
1549,526,0,shortest,Customer_27,Customer_22,33,67,"[33, 67]",[322],3.6481658472177143,0.06633028813123117,0,0
1550,526,1,detour_2,Customer_27,Customer_22,33,67,"[33, 43, 67]","[320, 374]",4.456919859562142,0.0892951129747109,0,0
1551,526,2,detour_3,Customer_27,Customer_22,33,67,"[33, 10, 67]","[127, 132]",7.288515376986211,0.1325184613997493,0,0
1552,527,0,shortest,Customer_27,Customer_38,33,14,"[33, 14]",[173],4.66979564470209,0.0849053753582198,0,0
1553,527,1,detour_2,Customer_27,Customer_38,33,14,"[33, 46, 14]","[324, 171]",4.856095969853308,0.09863556405814322,0,0
1554,527,2,detour_3,Customer_27,Customer_38,33,14,"[33, 10, 46, 14]","[127, 124, 171]",9.344323392297206,0.1698967889508583,0,0
1555,528,0,shortest,Customer_27,Customer_17,33,38,"[33, 43, 38]","[320, 351]",5.75993207489215,0.10472603772531183,0,0
1556,528,1,detour_2,Customer_27,Customer_17,33,38,"[33, 67, 38]","[322, 353]",6.866564432195942,0.12484662603992622,0,0
1557,528,2,detour_3,Customer_27,Customer_17,33,38,"[33, 10, 38]","[127, 128]",6.991406359464534,0.12711647926299152,0,0
1558,529,0,shortest,Customer_27,Customer_74,33,38,"[33, 43, 38]","[320, 351]",5.75993207489215,0.10472603772531183,0,0
1559,529,1,detour_2,Customer_27,Customer_74,33,38,"[33, 67, 38]","[322, 353]",6.866564432195942,0.12484662603992622,0,0
1560,529,2,detour_3,Customer_27,Customer_74,33,38,"[33, 10, 38]","[127, 128]",6.991406359464534,0.12711647926299152,0,0
1561,530,0,shortest,Customer_27,Customer_71,33,32,"[33, 10, 32]","[127, 118]",5.642086967070845,0.10258339940128808,0,0
1562,530,1,detour_2,Customer_27,Customer_71,33,32,"[33, 46, 10, 32]","[324, 125, 118]",7.101430604638146,0.1394598301451403,0,0
1563,530,2,detour_3,Customer_27,Customer_71,33,32,"[33, 10, 76, 32]","[127, 122, 315]",7.373800948431859,0.14267931728060937,0,0
1564,531,0,shortest,Customer_27,Customer_9,33,34,"[33, 14, 34]","[173, 168]",6.712337790056658,0.13596892899208401,0,0
1565,531,1,detour_2,Customer_27,Customer_9,33,34,"[33, 46, 14, 34]","[324, 171, 168]",6.898638115207875,0.14969911769200742,0,0
1566,531,2,detour_3,Customer_27,Customer_9,33,34,"[33, 14, 47, 34]","[173, 162, 329]",7.800979361303964,0.16318496827326667,1,0
1567,532,0,shortest,Customer_27,Customer_30,33,47,"[33, 14, 47]","[173, 162]",6.929036736743898,0.14138640265926503,0,0
1568,532,1,detour_2,Customer_27,Customer_30,33,47,"[33, 46, 14, 47]","[324, 171, 162]",7.115337061895117,0.15511659135918843,0,0
1569,532,2,detour_3,Customer_27,Customer_30,33,47,"[33, 14, 34, 47]","[173, 168, 328]",7.584280414616725,0.15776749460608566,1,0
1570,533,0,shortest,Customer_27,Customer_60,33,47,"[33, 14, 47]","[173, 162]",6.929036736743898,0.14138640265926503,0,0
1571,533,1,detour_2,Customer_27,Customer_60,33,47,"[33, 46, 14, 47]","[324, 171, 162]",7.115337061895117,0.15511659135918843,0,0
1572,533,2,detour_3,Customer_27,Customer_60,33,47,"[33, 14, 34, 47]","[173, 168, 328]",7.584280414616725,0.15776749460608566,1,0
1573,534,0,shortest,Customer_27,Customer_65,33,47,"[33, 14, 47]","[173, 162]",6.929036736743898,0.14138640265926503,0,0
1574,534,1,detour_2,Customer_27,Customer_65,33,47,"[33, 46, 14, 47]","[324, 171, 162]",7.115337061895117,0.15511659135918843,0,0
1575,534,2,detour_3,Customer_27,Customer_65,33,47,"[33, 14, 34, 47]","[173, 168, 328]",7.584280414616725,0.15776749460608566,1,0
1576,535,0,shortest,Customer_27,Customer_2,33,55,"[33, 46, 50, 55]","[324, 384, 394]",7.903252798333982,0.15403841548506458,1,0
1577,535,1,detour_2,Customer_27,Customer_2,33,55,"[33, 10, 50, 55]","[127, 120, 394]",8.693867297448161,0.15807031449905745,1,0
1578,535,2,detour_3,Customer_27,Customer_2,33,55,"[33, 10, 32, 55]","[127, 118, 316]",9.87301352138535,0.1795093367524609,1,0
1579,536,0,shortest,Customer_27,Customer_50,33,26,"[33, 14, 26]","[173, 164]",7.862482715457444,0.14295423119013534,0,0
1580,536,1,detour_2,Customer_27,Customer_50,33,26,"[33, 46, 14, 26]","[324, 171, 164]",8.048783040608663,0.15668441989005877,0,0
1581,536,2,detour_3,Customer_27,Customer_50,33,26,"[33, 14, 34, 26]","[173, 168, 267]",9.499473786598115,0.1866441289292014,0,0
1582,537,0,shortest,Customer_27,Customer_69,33,9,"[33, 14, 26, 9]","[173, 164, 109]",9.017849066059778,0.17183838995519368,0,0
1583,537,1,detour_2,Customer_27,Customer_69,33,9,"[33, 46, 14, 26, 9]","[324, 171, 164, 109]",9.204149391210997,0.1855685786551171,0,0
1584,537,2,detour_3,Customer_27,Customer_69,33,9,"[33, 14, 47, 9]","[173, 162, 113]",9.99859249644542,0.19719650738111089,0,0
1585,538,0,shortest,Customer_27,Customer_10,33,73,"[33, 67, 73]","[322, 454]",8.307447739378954,0.15104450435234462,0,0
1586,538,1,detour_2,Customer_27,Customer_10,33,73,"[33, 43, 67, 73]","[320, 374, 454]",9.116201751723384,0.17400932919582437,0,0
1587,538,2,detour_3,Customer_27,Customer_10,33,73,"[33, 43, 38, 73]","[320, 351, 356]",10.537525752688147,0.19159137732160267,0,0
1588,539,0,same_node,Customer_28,Customer_66,16,16,[16],[],0.0,0.0,0,0
1589,540,0,shortest,Customer_28,Customer_18,16,57,"[16, 57]",[184],0.24587858560248813,0.006146964640062203,0,0
1590,540,1,detour_2,Customer_28,Customer_18,16,57,"[16, 66, 57]","[186, 431]",3.6905571145505123,0.0922639278637628,0,0
1591,540,2,detour_3,Customer_28,Customer_18,16,57,"[16, 61, 57]","[188, 429]",6.598901503249266,0.11998002733180482,0,0
1592,541,0,shortest,Customer_28,Customer_34,16,66,"[16, 66]",[186],1.928265788621333,0.04820664471553333,0,0
1593,541,1,detour_2,Customer_28,Customer_34,16,66,"[16, 57, 66]","[184, 430]",2.0081699115316676,0.05020424778829169,0,0
1594,541,2,detour_3,Customer_28,Customer_34,16,66,"[16, 61, 66]","[188, 446]",5.500420696872644,0.11496144526376423,0,0
1595,542,0,shortest,Customer_28,Customer_73,16,66,"[16, 66]",[186],1.928265788621333,0.04820664471553333,0,0
1596,542,1,detour_2,Customer_28,Customer_73,16,66,"[16, 57, 66]","[184, 430]",2.0081699115316676,0.05020424778829169,0,0
1597,542,2,detour_3,Customer_28,Customer_73,16,66,"[16, 61, 66]","[188, 446]",5.500420696872644,0.11496144526376423,0,0
1598,543,0,shortest,Customer_28,Customer_1,16,1,"[16, 61, 1]","[188, 11]",6.952539448254399,0.12640980815008,0,0
1599,543,1,detour_2,Customer_28,Customer_1,16,1,"[16, 57, 61, 1]","[184, 428, 11]",7.182925037410933,0.13227508194567028,0,0
1600,543,2,detour_3,Customer_28,Customer_1,16,1,"[16, 66, 1]","[186, 23]",6.948393201649735,0.139481688588777,0,0
1601,544,0,shortest,Customer_28,Customer_69,16,9,"[16, 61, 1, 9]","[188, 11, 16]",8.39318519730658,0.16242595187638453,0,0
1602,544,1,detour_2,Customer_28,Customer_69,16,9,"[16, 57, 61, 1, 9]","[184, 428, 11, 16]",8.623570786463114,0.16829122567197483,0,0
1603,544,2,detour_3,Customer_28,Customer_69,16,9,"[16, 66, 1, 9]","[186, 23, 16]",8.389038950701917,0.17549783231508154,0,0
1604,545,0,shortest,Customer_28,Customer_50,16,26,"[16, 61, 1, 26]","[188, 11, 12]",9.54755390396192,0.173591889162944,0,0
1605,545,1,detour_2,Customer_28,Customer_50,16,26,"[16, 57, 61, 1, 26]","[184, 428, 11, 12]",9.777939493118454,0.1794571629585343,0,0
1606,545,2,detour_3,Customer_28,Customer_50,16,26,"[16, 66, 1, 26]","[186, 23, 12]",9.543407657357257,0.186663769601641,0,0
1607,546,0,shortest,Customer_28,Customer_80,16,3,"[16, 57, 77, 12, 30, 3]","[184, 426, 145, 148, 33]",16.137626622104296,0.2950878380310042,0,0
1608,546,1,detour_2,Customer_28,Customer_80,16,3,"[16, 57, 77, 64, 30, 3]","[184, 426, 453, 303, 33]",16.84622921252425,0.3079715214931852,0,0
1609,546,2,detour_3,Customer_28,Customer_80,16,3,"[16, 57, 77, 64, 12, 30, 3]","[184, 426, 453, 141, 148, 33]",17.241181955425457,0.3215001675181187,0,0
1610,547,0,shortest,Customer_28,Customer_16,16,64,"[16, 57, 77, 64]","[184, 426, 453]",9.05098560670535,0.16623981956920514,0,0
1611,547,1,detour_2,Customer_28,Customer_16,16,64,"[16, 57, 77, 54, 64]","[184, 426, 413, 410]",9.762717521259212,0.18288596031774515,0,0
1612,547,2,detour_3,Customer_28,Customer_16,16,64,"[16, 57, 77, 12, 64]","[184, 426, 145, 140]",9.809418478558266,0.18637719521144253,0,0
1613,548,0,shortest,Customer_28,Customer_56,16,64,"[16, 57, 77, 64]","[184, 426, 453]",9.05098560670535,0.16623981956920514,0,0
1614,548,1,detour_2,Customer_28,Customer_56,16,64,"[16, 57, 77, 54, 64]","[184, 426, 413, 410]",9.762717521259212,0.18288596031774515,0,0
1615,548,2,detour_3,Customer_28,Customer_56,16,64,"[16, 57, 77, 12, 64]","[184, 426, 145, 140]",9.809418478558266,0.18637719521144253,0,0
1616,549,0,shortest,Customer_28,Customer_63,16,64,"[16, 57, 77, 64]","[184, 426, 453]",9.05098560670535,0.16623981956920514,0,0
1617,549,1,detour_2,Customer_28,Customer_63,16,64,"[16, 57, 77, 54, 64]","[184, 426, 413, 410]",9.762717521259212,0.18288596031774515,0,0
1618,549,2,detour_3,Customer_28,Customer_63,16,64,"[16, 57, 77, 12, 64]","[184, 426, 145, 140]",9.809418478558266,0.18637719521144253,0,0
1619,550,0,shortest,Customer_28,Customer_64,16,64,"[16, 57, 77, 64]","[184, 426, 453]",9.05098560670535,0.16623981956920514,0,0
1620,550,1,detour_2,Customer_28,Customer_64,16,64,"[16, 57, 77, 54, 64]","[184, 426, 413, 410]",9.762717521259212,0.18288596031774515,0,0
1621,550,2,detour_3,Customer_28,Customer_64,16,64,"[16, 57, 77, 12, 64]","[184, 426, 145, 140]",9.809418478558266,0.18637719521144253,0,0
1622,551,0,shortest,Customer_28,Customer_30,16,47,"[16, 61, 1, 47]","[188, 11, 14]",11.43765118178363,0.20795729421424786,0,0
1623,551,1,detour_2,Customer_28,Customer_30,16,47,"[16, 57, 61, 1, 47]","[184, 428, 11, 14]",11.668036770940166,0.21382256800983812,0,0
1624,551,2,detour_3,Customer_28,Customer_30,16,47,"[16, 61, 1, 9, 47]","[188, 11, 16, 112]",11.462740957008103,0.2182360565982304,0,0
1625,552,0,shortest,Customer_28,Customer_60,16,47,"[16, 61, 1, 47]","[188, 11, 14]",11.43765118178363,0.20795729421424786,0,0
1626,552,1,detour_2,Customer_28,Customer_60,16,47,"[16, 57, 61, 1, 47]","[184, 428, 11, 14]",11.668036770940166,0.21382256800983812,0,0
1627,552,2,detour_3,Customer_28,Customer_60,16,47,"[16, 61, 1, 9, 47]","[188, 11, 16, 112]",11.462740957008103,0.2182360565982304,0,0
1628,553,0,shortest,Customer_28,Customer_65,16,47,"[16, 61, 1, 47]","[188, 11, 14]",11.43765118178363,0.20795729421424786,0,0
1629,553,1,detour_2,Customer_28,Customer_65,16,47,"[16, 57, 61, 1, 47]","[184, 428, 11, 14]",11.668036770940166,0.21382256800983812,0,0
1630,553,2,detour_3,Customer_28,Customer_65,16,47,"[16, 61, 1, 9, 47]","[188, 11, 16, 112]",11.462740957008103,0.2182360565982304,0,0
1631,554,0,shortest,Customer_28,Customer_25,16,19,"[16, 57, 77, 19]","[184, 426, 221]",9.362483108552368,0.17190341051187819,0,0
1632,554,1,detour_2,Customer_28,Customer_25,16,19,"[16, 57, 77, 54, 19]","[184, 426, 413, 217]",12.64165434537712,0.23152470572687367,0,0
1633,554,2,detour_3,Customer_28,Customer_25,16,19,"[16, 57, 77, 64, 19]","[184, 426, 453, 219]",12.842563894950002,0.2351776066281988,0,0
1634,555,0,shortest,Customer_28,Customer_36,16,62,"[16, 62]",[192],9.063213449963625,0.16478569909024773,0,0
1635,555,1,detour_2,Customer_28,Customer_36,16,62,"[16, 78, 62]","[190, 451]",9.06626138666686,0.16484111612121566,0,0
1636,555,2,detour_3,Customer_28,Customer_36,16,62,"[16, 57, 62]","[184, 432]",9.554957840801572,0.17540295109822737,0,0
1637,556,0,shortest,Customer_28,Customer_59,16,62,"[16, 62]",[192],9.063213449963625,0.16478569909024773,0,0
1638,556,1,detour_2,Customer_28,Customer_59,16,62,"[16, 78, 62]","[190, 451]",9.06626138666686,0.16484111612121566,0,0
1639,556,2,detour_3,Customer_28,Customer_59,16,62,"[16, 57, 62]","[184, 432]",9.554957840801572,0.17540295109822737,0,0
1640,557,0,shortest,Customer_28,Customer_62,16,62,"[16, 62]",[192],9.063213449963625,0.16478569909024773,0,0
1641,557,1,detour_2,Customer_28,Customer_62,16,62,"[16, 78, 62]","[190, 451]",9.06626138666686,0.16484111612121566,0,0
1642,557,2,detour_3,Customer_28,Customer_62,16,62,"[16, 57, 62]","[184, 432]",9.554957840801572,0.17540295109822737,0,0
1643,558,0,shortest,Customer_28,Customer_9,16,34,"[16, 61, 1, 26, 34]","[188, 11, 12, 266]",12.334689900503376,0.22426708910006138,0,0
1644,558,1,detour_2,Customer_28,Customer_9,16,34,"[16, 61, 1, 47, 34]","[188, 11, 14, 329]",12.309593806343697,0.2297558598282495,1,0
1645,558,2,detour_3,Customer_28,Customer_9,16,34,"[16, 57, 61, 1, 26, 34]","[184, 428, 11, 12, 266]",12.565075489659911,0.2301323628956517,0,0
1646,559,0,same_node,Customer_29,Customer_14,17,17,[17],[],0.0,0.0,0,0
1647,560,0,same_node,Customer_29,Customer_31,17,17,[17],[],0.0,0.0,0,0
1648,561,0,shortest,Customer_29,Customer_33,17,4,"[17, 4]",[51],0.47322262348162386,0.011830565587040596,1,0
1649,561,1,detour_2,Customer_29,Customer_33,17,4,"[17, 8, 4]","[97, 43]",3.6489456709242374,0.09122364177310593,2,0
1650,561,2,detour_3,Customer_29,Customer_33,17,4,"[17, 42, 4]","[194, 45]",4.508285929532732,0.11270714823831832,2,0
1651,562,0,shortest,Customer_29,Customer_35,17,8,"[17, 8]",[97],1.6279584438067927,0.040698961095169815,1,0
1652,562,1,detour_2,Customer_29,Customer_35,17,8,"[17, 4, 8]","[51, 42]",2.4942098505990686,0.06235524626497672,2,0
1653,562,2,detour_3,Customer_29,Customer_35,17,8,"[17, 72, 8]","[196, 95]",3.7082713176300715,0.09270678294075178,2,0
1654,563,0,shortest,Customer_29,Customer_41,17,8,"[17, 8]",[97],1.6279584438067927,0.040698961095169815,1,0
1655,563,1,detour_2,Customer_29,Customer_41,17,8,"[17, 4, 8]","[51, 42]",2.4942098505990686,0.06235524626497672,2,0
1656,563,2,detour_3,Customer_29,Customer_41,17,8,"[17, 72, 8]","[196, 95]",3.7082713176300715,0.09270678294075178,2,0
1657,564,0,shortest,Customer_29,Customer_46,17,8,"[17, 8]",[97],1.6279584438067927,0.040698961095169815,1,0
1658,564,1,detour_2,Customer_29,Customer_46,17,8,"[17, 4, 8]","[51, 42]",2.4942098505990686,0.06235524626497672,2,0
1659,564,2,detour_3,Customer_29,Customer_46,17,8,"[17, 72, 8]","[196, 95]",3.7082713176300715,0.09270678294075178,2,0
1660,565,0,shortest,Customer_29,Customer_15,17,72,"[17, 72]",[196],2.472583886686292,0.0618145971671573,1,0
1661,565,1,detour_2,Customer_29,Customer_15,17,72,"[17, 4, 72]","[51, 48]",3.4099600744010043,0.06522579196739296,2,0
1662,565,2,detour_3,Customer_29,Customer_15,17,72,"[17, 8, 72]","[97, 94]",2.863645874750572,0.0715911468687643,2,0
1663,566,0,shortest,Customer_29,Customer_2,17,55,"[17, 55]",[198],2.497506291459137,0.06243765728647842,1,0
1664,566,1,detour_2,Customer_29,Customer_2,17,55,"[17, 4, 55]","[51, 46]",3.335398706168023,0.0638701307267933,2,0
1665,566,2,detour_3,Customer_29,Customer_2,17,55,"[17, 74, 55]","[204, 415]",4.329018994688021,0.08860339842678341,2,0
1666,567,0,shortest,Customer_29,Customer_3,17,74,"[17, 74]",[204],2.8779045445945126,0.052325537174445685,1,0
1667,567,1,detour_2,Customer_29,Customer_3,17,74,"[17, 72, 74]","[196, 460]",3.6926769919834124,0.09231692479958531,2,0
1668,567,2,detour_3,Customer_29,Customer_3,17,74,"[17, 4, 72, 74]","[51, 48, 460]",4.630053179698124,0.09572811959982097,3,0
1669,568,0,shortest,Customer_29,Customer_42,17,74,"[17, 74]",[204],2.8779045445945126,0.052325537174445685,1,0
1670,568,1,detour_2,Customer_29,Customer_42,17,74,"[17, 72, 74]","[196, 460]",3.6926769919834124,0.09231692479958531,2,0
1671,568,2,detour_3,Customer_29,Customer_42,17,74,"[17, 4, 72, 74]","[51, 48, 460]",4.630053179698124,0.09572811959982097,3,0
1672,569,0,shortest,Customer_29,Customer_47,17,74,"[17, 74]",[204],2.8779045445945126,0.052325537174445685,1,0
1673,569,1,detour_2,Customer_29,Customer_47,17,74,"[17, 72, 74]","[196, 460]",3.6926769919834124,0.09231692479958531,2,0
1674,569,2,detour_3,Customer_29,Customer_47,17,74,"[17, 4, 72, 74]","[51, 48, 460]",4.630053179698124,0.09572811959982097,3,0
1675,570,0,shortest,Customer_29,Customer_26,17,31,"[17, 31]",[202],3.069966256036049,0.05581756829156452,1,0
1676,570,1,detour_2,Customer_29,Customer_26,17,31,"[17, 18, 31]","[200, 206]",3.363444982893002,0.06241609250390924,2,0
1677,570,2,detour_3,Customer_29,Customer_26,17,31,"[17, 8, 31]","[97, 92]",3.1997587407073924,0.07999396851768481,2,0
1678,571,0,shortest,Customer_29,Customer_67,17,31,"[17, 31]",[202],3.069966256036049,0.05581756829156452,1,0
1679,571,1,detour_2,Customer_29,Customer_67,17,31,"[17, 18, 31]","[200, 206]",3.363444982893002,0.06241609250390924,2,0
1680,571,2,detour_3,Customer_29,Customer_67,17,31,"[17, 8, 31]","[97, 92]",3.1997587407073924,0.07999396851768481,2,0
1681,572,0,shortest,Customer_29,Customer_55,17,48,"[17, 4, 48]","[51, 52]",4.76385498094279,0.08984206299542545,2,0
1682,572,1,detour_2,Customer_29,Customer_55,17,48,"[17, 42, 48]","[194, 372]",4.562234062671527,0.11405585156678819,2,0
1683,572,2,detour_3,Customer_29,Customer_55,17,48,"[17, 4, 42, 48]","[51, 44, 372]",4.76415876178884,0.119103969044721,3,0
1684,573,0,shortest,Customer_29,Customer_9,17,34,"[17, 55, 50, 46, 14, 34]","[198, 395, 385, 171, 168]",14.265476920496623,0.2903271833509411,2,0
1685,573,1,detour_2,Customer_29,Customer_9,17,34,"[17, 4, 55, 50, 46, 14, 34]","[51, 46, 395, 385, 171, 168]",15.103369335205509,0.291759656791256,3,0
1686,573,2,detour_3,Customer_29,Customer_9,17,34,"[17, 74, 50, 46, 14, 34]","[204, 397, 385, 171, 168]",16.003957729530015,0.3049074733461451,2,0
1687,574,0,shortest,Customer_29,Customer_30,17,47,"[17, 55, 50, 46, 14, 47]","[198, 395, 385, 171, 162]",14.482175867183862,0.29574465701812214,2,0
1688,574,1,detour_2,Customer_29,Customer_30,17,47,"[17, 4, 55, 50, 46, 14, 47]","[51, 46, 395, 385, 171, 162]",15.320068281892748,0.297177130458437,3,0
1689,574,2,detour_3,Customer_29,Customer_30,17,47,"[17, 74, 50, 46, 14, 47]","[204, 397, 385, 171, 162]",16.220656676217256,0.3103249470133261,2,0
1690,575,0,shortest,Customer_29,Customer_60,17,47,"[17, 55, 50, 46, 14, 47]","[198, 395, 385, 171, 162]",14.482175867183862,0.29574465701812214,2,0
1691,575,1,detour_2,Customer_29,Customer_60,17,47,"[17, 4, 55, 50, 46, 14, 47]","[51, 46, 395, 385, 171, 162]",15.320068281892748,0.297177130458437,3,0
1692,575,2,detour_3,Customer_29,Customer_60,17,47,"[17, 74, 50, 46, 14, 47]","[204, 397, 385, 171, 162]",16.220656676217256,0.3103249470133261,2,0
1693,576,0,shortest,Customer_29,Customer_65,17,47,"[17, 55, 50, 46, 14, 47]","[198, 395, 385, 171, 162]",14.482175867183862,0.29574465701812214,2,0
1694,576,1,detour_2,Customer_29,Customer_65,17,47,"[17, 4, 55, 50, 46, 14, 47]","[51, 46, 395, 385, 171, 162]",15.320068281892748,0.297177130458437,3,0
1695,576,2,detour_3,Customer_29,Customer_65,17,47,"[17, 74, 50, 46, 14, 47]","[204, 397, 385, 171, 162]",16.220656676217256,0.3103249470133261,2,0
1696,577,0,shortest,Customer_29,Customer_54,17,69,"[17, 31, 69]","[202, 310]",6.5171940183012795,0.1184944366963869,2,0
1697,577,1,detour_2,Customer_29,Customer_54,17,69,"[17, 18, 69]","[200, 214]",6.636801071767961,0.1206691103957811,2,0
1698,577,2,detour_3,Customer_29,Customer_54,17,69,"[17, 31, 18, 69]","[202, 207, 214]",6.713669570628374,0.12332926682637055,3,0
1699,578,0,shortest,Customer_29,Customer_38,17,14,"[17, 55, 50, 46, 14]","[198, 395, 385, 171]",12.222934775142054,0.2392636297170769,2,0
1700,578,1,detour_2,Customer_29,Customer_38,17,14,"[17, 4, 55, 50, 46, 14]","[51, 46, 395, 385, 171]",13.06082718985094,0.2406961031573918,3,0
1701,578,2,detour_3,Customer_29,Customer_38,17,14,"[17, 74, 50, 46, 14]","[204, 397, 385, 171]",13.961415584175448,0.2538439197122809,2,0
1702,579,0,same_node,Customer_30,Customer_60,47,47,[47],[],0.0,0.0,0,0
1703,580,0,same_node,Customer_30,Customer_65,47,47,[47],[],0.0,0.0,0,0
1704,581,0,shortest,Customer_30,Customer_9,47,34,"[47, 34]",[329],0.8719426245600662,0.021798565614001654,1,0
1705,581,1,detour_2,Customer_30,Customer_9,47,34,"[47, 65, 34]","[386, 327]",3.600998201395149,0.09002495503487873,1,0
1706,581,2,detour_3,Customer_30,Customer_9,47,34,"[47, 26, 34]","[263, 266]",4.728037591598496,0.09919773981354338,0,0
1707,582,0,shortest,Customer_30,Customer_50,47,26,"[47, 26]",[263],1.9409015950570396,0.04852253987642599,0,0
1708,582,1,detour_2,Customer_30,Customer_50,47,26,"[47, 34, 26]","[329, 267]",3.6590786211015223,0.07247376555111903,1,0
1709,582,2,detour_3,Customer_30,Customer_50,47,26,"[47, 9, 26]","[113, 108]",4.224922110303856,0.08469426348690422,0,0
1710,583,0,shortest,Customer_30,Customer_38,47,14,"[47, 14]",[163],2.2592410920418087,0.05648102730104522,0,0
1711,583,1,detour_2,Customer_30,Customer_38,47,14,"[47, 34, 14]","[329, 169]",2.914484769914634,0.07286211924786586,1,0
1712,583,2,detour_3,Customer_30,Customer_38,47,14,"[47, 65, 14]","[386, 167]",5.236906374868708,0.10540037036343283,0,0
1713,584,0,shortest,Customer_30,Customer_69,47,9,"[47, 9]",[113],3.0695557597015224,0.05581010472184586,0,0
1714,584,1,detour_2,Customer_30,Customer_69,47,9,"[47, 26, 9]","[263, 109]",3.096267945659374,0.07740669864148435,0,0
1715,584,2,detour_3,Customer_30,Customer_69,47,9,"[47, 34, 9]","[329, 111]",4.761078520293518,0.09251012735460987,1,0
1716,585,0,shortest,Customer_30,Customer_1,47,1,"[47, 1]",[15],4.485111733529232,0.08154748606416785,0,0
1717,585,1,detour_2,Customer_30,Customer_1,47,1,"[47, 9, 1]","[113, 17]",4.510201508753704,0.0918262484481504,0,0
1718,585,2,detour_3,Customer_30,Customer_1,47,1,"[47, 26, 1]","[263, 13]",4.535916050764561,0.09570462088929,0,0
1719,586,0,shortest,Customer_30,Customer_33,47,4,"[47, 14, 46, 50, 55, 4]","[163, 170, 384, 394, 47]",14.846845658411127,0.2853465648713964,2,0
1720,586,1,detour_2,Customer_30,Customer_33,47,4,"[47, 34, 14, 46, 50, 55, 4]","[329, 169, 170, 384, 394, 47]",15.502089336283952,0.30172765681821706,3,0
1721,586,2,detour_3,Customer_30,Customer_33,47,4,"[47, 14, 46, 50, 55, 17, 4]","[163, 170, 384, 394, 199, 51]",14.955398490665488,0.30757522260516273,3,0
1722,587,0,shortest,Customer_30,Customer_32,47,46,"[47, 14, 46]","[163, 170]",5.598376919642931,0.1171925878028838,0,0
1723,587,1,detour_2,Customer_30,Customer_32,47,46,"[47, 34, 14, 46]","[329, 169, 170]",6.253620597515756,0.13357367974970444,1,0
1724,587,2,detour_3,Customer_30,Customer_32,47,46,"[47, 65, 14, 46]","[386, 167, 170]",8.576042202469829,0.1661119308652714,0,0
1725,588,0,shortest,Customer_30,Customer_49,47,46,"[47, 14, 46]","[163, 170]",5.598376919642931,0.1171925878028838,0,0
1726,588,1,detour_2,Customer_30,Customer_49,47,46,"[47, 34, 14, 46]","[329, 169, 170]",6.253620597515756,0.13357367974970444,1,0
1727,588,2,detour_3,Customer_30,Customer_49,47,46,"[47, 65, 14, 46]","[386, 167, 170]",8.576042202469829,0.1661119308652714,0,0
1728,589,0,shortest,Customer_30,Customer_14,47,17,"[47, 14, 46, 50, 55, 17]","[163, 170, 384, 394, 199]",14.482175867183864,0.29574465701812214,2,0
1729,589,1,detour_2,Customer_30,Customer_14,47,17,"[47, 14, 46, 50, 55, 4, 17]","[163, 170, 384, 394, 47, 50]",15.32006828189275,0.297177130458437,3,0
1730,589,2,detour_3,Customer_30,Customer_14,47,17,"[47, 14, 46, 50, 74, 17]","[163, 170, 384, 396, 205]",16.22065667621726,0.31032494701332614,2,0
1731,590,0,shortest,Customer_30,Customer_29,47,17,"[47, 14, 46, 50, 55, 17]","[163, 170, 384, 394, 199]",14.482175867183864,0.29574465701812214,2,0
1732,590,1,detour_2,Customer_30,Customer_29,47,17,"[47, 14, 46, 50, 55, 4, 17]","[163, 170, 384, 394, 47, 50]",15.32006828189275,0.297177130458437,3,0
1733,590,2,detour_3,Customer_30,Customer_29,47,17,"[47, 14, 46, 50, 74, 17]","[163, 170, 384, 396, 205]",16.22065667621726,0.31032494701332614,2,0
1734,591,0,shortest,Customer_30,Customer_31,47,17,"[47, 14, 46, 50, 55, 17]","[163, 170, 384, 394, 199]",14.482175867183864,0.29574465701812214,2,0
1735,591,1,detour_2,Customer_30,Customer_31,47,17,"[47, 14, 46, 50, 55, 4, 17]","[163, 170, 384, 394, 47, 50]",15.32006828189275,0.297177130458437,3,0
1736,591,2,detour_3,Customer_30,Customer_31,47,17,"[47, 14, 46, 50, 74, 17]","[163, 170, 384, 396, 205]",16.22065667621726,0.31032494701332614,2,0
1737,592,0,shortest,Customer_30,Customer_2,47,55,"[47, 14, 46, 50, 55]","[163, 170, 384, 394]",11.984669575724727,0.23330699973164373,1,0
1738,592,1,detour_2,Customer_30,Customer_2,47,55,"[47, 34, 14, 46, 50, 55]","[329, 169, 170, 384, 394]",12.639913253597552,0.24968809167846437,2,0
1739,592,2,detour_3,Customer_30,Customer_2,47,55,"[47, 14, 46, 10, 50, 55]","[163, 170, 125, 120, 394]",14.234627712406207,0.2742153294894888,1,0
1740,593,0,shortest,Customer_30,Customer_27,47,33,"[47, 14, 33]","[163, 172]",6.929036736743898,0.14138640265926503,0,0
1741,593,1,detour_2,Customer_30,Customer_27,47,33,"[47, 14, 46, 33]","[163, 170, 325]",7.115337061895117,0.15511659135918845,0,0
1742,593,2,detour_3,Customer_30,Customer_27,47,33,"[47, 34, 14, 33]","[329, 169, 172]",7.584280414616724,0.15776749460608566,1,0
1743,594,0,shortest,Customer_30,Customer_79,47,33,"[47, 14, 33]","[163, 172]",6.929036736743898,0.14138640265926503,0,0
1744,594,1,detour_2,Customer_30,Customer_79,47,33,"[47, 14, 46, 33]","[163, 170, 325]",7.115337061895117,0.15511659135918845,0,0
1745,594,2,detour_3,Customer_30,Customer_79,47,33,"[47, 34, 14, 33]","[329, 169, 172]",7.584280414616724,0.15776749460608566,1,0
1746,595,0,shortest,Customer_30,Customer_34,47,66,"[47, 1, 66]","[15, 22]",9.505239146557635,0.17282252993741154,0,0
1747,595,1,detour_2,Customer_30,Customer_34,47,66,"[47, 9, 1, 66]","[113, 17, 22]",9.530328921782107,0.18310129232139408,0,0
1748,595,2,detour_3,Customer_30,Customer_34,47,66,"[47, 26, 1, 66]","[263, 13, 22]",9.556043463792964,0.1869796647625337,0,0
1749,596,0,shortest,Customer_30,Customer_73,47,66,"[47, 1, 66]","[15, 22]",9.505239146557635,0.17282252993741154,0,0
1750,596,1,detour_2,Customer_30,Customer_73,47,66,"[47, 9, 1, 66]","[113, 17, 22]",9.530328921782107,0.18310129232139408,0,0
1751,596,2,detour_3,Customer_30,Customer_73,47,66,"[47, 26, 1, 66]","[263, 13, 22]",9.556043463792964,0.1869796647625337,0,0
1752,597,0,shortest,Customer_30,Customer_55,47,48,"[47, 14, 46, 50, 55, 4, 48]","[163, 170, 384, 394, 47, 52]",19.137478015872293,0.3633580622797813,3,0
1753,597,1,avoid_congestion,Customer_30,Customer_55,47,48,"[47, 1, 61, 57, 77, 12, 30, 53, 48]","[15, 10, 429, 426, 145, 148, 300, 389]",30.2769792464158,0.5664627363598889,0,0
1754,597,2,detour_2,Customer_30,Customer_55,47,48,"[47, 34, 14, 46, 50, 55, 4, 48]","[329, 169, 170, 384, 394, 47, 52]",19.79272169374512,0.3797391542266019,4,0
1755,597,3,detour_3,Customer_30,Customer_55,47,48,"[47, 14, 46, 50, 55, 17, 4, 48]","[163, 170, 384, 394, 199, 51, 52]",19.246030848126654,0.3855867200135476,4,0
1756,598,0,shortest,Customer_30,Customer_35,47,8,"[47, 14, 46, 50, 55, 8]","[163, 170, 384, 394, 103]",14.748703525880774,0.2835621624617537,2,0
1757,598,1,detour_2,Customer_30,Customer_35,47,8,"[47, 34, 14, 46, 50, 55, 8]","[329, 169, 170, 384, 394, 103]",15.4039472037536,0.29994325440857433,3,0
1758,598,2,detour_3,Customer_30,Customer_35,47,8,"[47, 14, 46, 50, 74, 8]","[163, 170, 384, 396, 107]",15.583778537990543,0.3140250699980754,2,0
1759,599,0,same_node,Customer_31,Customer_14,17,17,[17],[],0.0,0.0,0,0
1760,600,0,same_node,Customer_31,Customer_29,17,17,[17],[],0.0,0.0,0,0
1761,601,0,shortest,Customer_31,Customer_33,17,4,"[17, 4]",[51],0.47322262348162386,0.011830565587040596,1,0
1762,601,1,detour_2,Customer_31,Customer_33,17,4,"[17, 8, 4]","[97, 43]",3.6489456709242374,0.09122364177310593,2,0
1763,601,2,detour_3,Customer_31,Customer_33,17,4,"[17, 42, 4]","[194, 45]",4.508285929532732,0.11270714823831832,2,0
1764,602,0,shortest,Customer_31,Customer_35,17,8,"[17, 8]",[97],1.6279584438067927,0.040698961095169815,1,0
1765,602,1,detour_2,Customer_31,Customer_35,17,8,"[17, 4, 8]","[51, 42]",2.4942098505990686,0.06235524626497672,2,0
1766,602,2,detour_3,Customer_31,Customer_35,17,8,"[17, 72, 8]","[196, 95]",3.7082713176300715,0.09270678294075178,2,0
1767,603,0,shortest,Customer_31,Customer_41,17,8,"[17, 8]",[97],1.6279584438067927,0.040698961095169815,1,0
1768,603,1,detour_2,Customer_31,Customer_41,17,8,"[17, 4, 8]","[51, 42]",2.4942098505990686,0.06235524626497672,2,0
1769,603,2,detour_3,Customer_31,Customer_41,17,8,"[17, 72, 8]","[196, 95]",3.7082713176300715,0.09270678294075178,2,0
1770,604,0,shortest,Customer_31,Customer_46,17,8,"[17, 8]",[97],1.6279584438067927,0.040698961095169815,1,0
1771,604,1,detour_2,Customer_31,Customer_46,17,8,"[17, 4, 8]","[51, 42]",2.4942098505990686,0.06235524626497672,2,0
1772,604,2,detour_3,Customer_31,Customer_46,17,8,"[17, 72, 8]","[196, 95]",3.7082713176300715,0.09270678294075178,2,0
1773,605,0,shortest,Customer_31,Customer_15,17,72,"[17, 72]",[196],2.472583886686292,0.0618145971671573,1,0
1774,605,1,detour_2,Customer_31,Customer_15,17,72,"[17, 4, 72]","[51, 48]",3.4099600744010043,0.06522579196739296,2,0
1775,605,2,detour_3,Customer_31,Customer_15,17,72,"[17, 8, 72]","[97, 94]",2.863645874750572,0.0715911468687643,2,0
1776,606,0,shortest,Customer_31,Customer_2,17,55,"[17, 55]",[198],2.497506291459137,0.06243765728647842,1,0
1777,606,1,detour_2,Customer_31,Customer_2,17,55,"[17, 4, 55]","[51, 46]",3.335398706168023,0.0638701307267933,2,0
1778,606,2,detour_3,Customer_31,Customer_2,17,55,"[17, 74, 55]","[204, 415]",4.329018994688021,0.08860339842678341,2,0
1779,607,0,shortest,Customer_31,Customer_3,17,74,"[17, 74]",[204],2.8779045445945126,0.052325537174445685,1,0
1780,607,1,detour_2,Customer_31,Customer_3,17,74,"[17, 72, 74]","[196, 460]",3.6926769919834124,0.09231692479958531,2,0
1781,607,2,detour_3,Customer_31,Customer_3,17,74,"[17, 4, 72, 74]","[51, 48, 460]",4.630053179698124,0.09572811959982097,3,0
1782,608,0,shortest,Customer_31,Customer_42,17,74,"[17, 74]",[204],2.8779045445945126,0.052325537174445685,1,0
1783,608,1,detour_2,Customer_31,Customer_42,17,74,"[17, 72, 74]","[196, 460]",3.6926769919834124,0.09231692479958531,2,0
1784,608,2,detour_3,Customer_31,Customer_42,17,74,"[17, 4, 72, 74]","[51, 48, 460]",4.630053179698124,0.09572811959982097,3,0
1785,609,0,shortest,Customer_31,Customer_47,17,74,"[17, 74]",[204],2.8779045445945126,0.052325537174445685,1,0
1786,609,1,detour_2,Customer_31,Customer_47,17,74,"[17, 72, 74]","[196, 460]",3.6926769919834124,0.09231692479958531,2,0
1787,609,2,detour_3,Customer_31,Customer_47,17,74,"[17, 4, 72, 74]","[51, 48, 460]",4.630053179698124,0.09572811959982097,3,0
1788,610,0,shortest,Customer_31,Customer_26,17,31,"[17, 31]",[202],3.069966256036049,0.05581756829156452,1,0
1789,610,1,detour_2,Customer_31,Customer_26,17,31,"[17, 18, 31]","[200, 206]",3.363444982893002,0.06241609250390924,2,0
1790,610,2,detour_3,Customer_31,Customer_26,17,31,"[17, 8, 31]","[97, 92]",3.1997587407073924,0.07999396851768481,2,0
1791,611,0,shortest,Customer_31,Customer_67,17,31,"[17, 31]",[202],3.069966256036049,0.05581756829156452,1,0
1792,611,1,detour_2,Customer_31,Customer_67,17,31,"[17, 18, 31]","[200, 206]",3.363444982893002,0.06241609250390924,2,0
1793,611,2,detour_3,Customer_31,Customer_67,17,31,"[17, 8, 31]","[97, 92]",3.1997587407073924,0.07999396851768481,2,0
1794,612,0,shortest,Customer_31,Customer_55,17,48,"[17, 4, 48]","[51, 52]",4.76385498094279,0.08984206299542545,2,0
1795,612,1,detour_2,Customer_31,Customer_55,17,48,"[17, 42, 48]","[194, 372]",4.562234062671527,0.11405585156678819,2,0
1796,612,2,detour_3,Customer_31,Customer_55,17,48,"[17, 4, 42, 48]","[51, 44, 372]",4.76415876178884,0.119103969044721,3,0
1797,613,0,shortest,Customer_31,Customer_9,17,34,"[17, 55, 50, 46, 14, 34]","[198, 395, 385, 171, 168]",14.265476920496623,0.2903271833509411,2,0
1798,613,1,detour_2,Customer_31,Customer_9,17,34,"[17, 4, 55, 50, 46, 14, 34]","[51, 46, 395, 385, 171, 168]",15.103369335205509,0.291759656791256,3,0
1799,613,2,detour_3,Customer_31,Customer_9,17,34,"[17, 74, 50, 46, 14, 34]","[204, 397, 385, 171, 168]",16.003957729530015,0.3049074733461451,2,0
1800,614,0,shortest,Customer_31,Customer_30,17,47,"[17, 55, 50, 46, 14, 47]","[198, 395, 385, 171, 162]",14.482175867183862,0.29574465701812214,2,0
1801,614,1,detour_2,Customer_31,Customer_30,17,47,"[17, 4, 55, 50, 46, 14, 47]","[51, 46, 395, 385, 171, 162]",15.320068281892748,0.297177130458437,3,0
1802,614,2,detour_3,Customer_31,Customer_30,17,47,"[17, 74, 50, 46, 14, 47]","[204, 397, 385, 171, 162]",16.220656676217256,0.3103249470133261,2,0
1803,615,0,shortest,Customer_31,Customer_60,17,47,"[17, 55, 50, 46, 14, 47]","[198, 395, 385, 171, 162]",14.482175867183862,0.29574465701812214,2,0
1804,615,1,detour_2,Customer_31,Customer_60,17,47,"[17, 4, 55, 50, 46, 14, 47]","[51, 46, 395, 385, 171, 162]",15.320068281892748,0.297177130458437,3,0
1805,615,2,detour_3,Customer_31,Customer_60,17,47,"[17, 74, 50, 46, 14, 47]","[204, 397, 385, 171, 162]",16.220656676217256,0.3103249470133261,2,0
1806,616,0,shortest,Customer_31,Customer_65,17,47,"[17, 55, 50, 46, 14, 47]","[198, 395, 385, 171, 162]",14.482175867183862,0.29574465701812214,2,0
1807,616,1,detour_2,Customer_31,Customer_65,17,47,"[17, 4, 55, 50, 46, 14, 47]","[51, 46, 395, 385, 171, 162]",15.320068281892748,0.297177130458437,3,0
1808,616,2,detour_3,Customer_31,Customer_65,17,47,"[17, 74, 50, 46, 14, 47]","[204, 397, 385, 171, 162]",16.220656676217256,0.3103249470133261,2,0
1809,617,0,shortest,Customer_31,Customer_54,17,69,"[17, 31, 69]","[202, 310]",6.5171940183012795,0.1184944366963869,2,0
1810,617,1,detour_2,Customer_31,Customer_54,17,69,"[17, 18, 69]","[200, 214]",6.636801071767961,0.1206691103957811,2,0
1811,617,2,detour_3,Customer_31,Customer_54,17,69,"[17, 31, 18, 69]","[202, 207, 214]",6.713669570628374,0.12332926682637055,3,0
1812,618,0,shortest,Customer_31,Customer_38,17,14,"[17, 55, 50, 46, 14]","[198, 395, 385, 171]",12.222934775142054,0.2392636297170769,2,0
1813,618,1,detour_2,Customer_31,Customer_38,17,14,"[17, 4, 55, 50, 46, 14]","[51, 46, 395, 385, 171]",13.06082718985094,0.2406961031573918,3,0
1814,618,2,detour_3,Customer_31,Customer_38,17,14,"[17, 74, 50, 46, 14]","[204, 397, 385, 171]",13.961415584175448,0.2538439197122809,2,0
1815,619,0,same_node,Customer_32,Customer_49,46,46,[46],[],0.0,0.0,0,0
1816,620,0,shortest,Customer_32,Customer_27,46,33,"[46, 33]",[325],1.5169601422521861,0.03792400355630465,0,0
1817,620,1,detour_2,Customer_32,Customer_27,46,33,"[46, 10, 33]","[125, 126]",6.005187564696085,0.10918522844901972,0,0
1818,620,2,detour_3,Customer_32,Customer_27,46,33,"[46, 43, 33]","[377, 321]",7.663272768536478,0.13933223215520868,0,0
1819,621,0,shortest,Customer_32,Customer_79,46,33,"[46, 33]",[325],1.5169601422521861,0.03792400355630465,0,0
1820,621,1,detour_2,Customer_32,Customer_79,46,33,"[46, 10, 33]","[125, 126]",6.005187564696085,0.10918522844901972,0,0
1821,621,2,detour_3,Customer_32,Customer_79,46,33,"[46, 43, 33]","[377, 321]",7.663272768536478,0.13933223215520868,0,0
1822,622,0,shortest,Customer_32,Customer_51,46,10,"[46, 10]",[125],2.9737855300055998,0.054068827818283635,0,0
1823,622,1,detour_2,Customer_32,Customer_51,46,10,"[46, 33, 10]","[325, 127]",4.548362176942671,0.09304040418704074,0,0
1824,622,2,detour_3,Customer_32,Customer_51,46,10,"[46, 50, 10]","[384, 121]",6.840486519764978,0.12437248217754505,0,0
1825,623,0,shortest,Customer_32,Customer_38,46,14,"[46, 14]",[171],3.3391358276011216,0.060711560501838575,0,0
1826,623,1,detour_2,Customer_32,Customer_38,46,14,"[46, 33, 14]","[325, 173]",6.186755786954276,0.12282937891452446,0,0
1827,623,2,detour_3,Customer_32,Customer_38,46,14,"[46, 10, 33, 14]","[125, 126, 173]",10.674983209398174,0.19409060380723953,0,0
1828,624,0,shortest,Customer_32,Customer_52,46,43,"[46, 43]",[377],4.417849853099555,0.08032454278362827,0,0
1829,624,1,detour_2,Customer_32,Customer_52,46,43,"[46, 33, 43]","[325, 320]",4.762383057689108,0.09693169292788506,0,0
1830,624,2,detour_3,Customer_32,Customer_52,46,43,"[46, 10, 43]","[125, 130]",6.092848061337399,0.11077905566068,0,0
1831,625,0,shortest,Customer_32,Customer_58,46,43,"[46, 43]",[377],4.417849853099555,0.08032454278362827,0,0
1832,625,1,detour_2,Customer_32,Customer_58,46,43,"[46, 33, 43]","[325, 320]",4.762383057689108,0.09693169292788506,0,0
1833,625,2,detour_3,Customer_32,Customer_58,46,43,"[46, 10, 43]","[125, 130]",6.092848061337399,0.11077905566068,0,0
1834,626,0,shortest,Customer_32,Customer_9,46,34,"[46, 14, 34]","[171, 168]",5.381677972955689,0.11177511413570278,0,0
1835,626,1,detour_2,Customer_32,Customer_9,46,34,"[46, 14, 47, 34]","[171, 162, 329]",6.470319544202997,0.13899115341688545,1,0
1836,626,2,detour_3,Customer_32,Customer_9,46,34,"[46, 14, 26, 34]","[171, 164, 266]",9.318958894897934,0.1694356162708715,0,0
1837,627,0,shortest,Customer_32,Customer_21,46,67,"[46, 33, 67]","[325, 322]",5.1651259894699,0.10425429168753582,0,0
1838,627,1,detour_2,Customer_32,Customer_21,46,67,"[46, 43, 67]","[377, 374]",5.629346797224775,0.11061196638675877,0,0
1839,627,2,detour_3,Customer_32,Customer_21,46,67,"[46, 33, 43, 67]","[325, 320, 374]",5.973880001814328,0.12721911653101556,0,0
1840,628,0,shortest,Customer_32,Customer_22,46,67,"[46, 33, 67]","[325, 322]",5.1651259894699,0.10425429168753582,0,0
1841,628,1,detour_2,Customer_32,Customer_22,46,67,"[46, 43, 67]","[377, 374]",5.629346797224775,0.11061196638675877,0,0
1842,628,2,detour_3,Customer_32,Customer_22,46,67,"[46, 33, 43, 67]","[325, 320, 374]",5.973880001814328,0.12721911653101556,0,0
1843,629,0,shortest,Customer_32,Customer_71,46,32,"[46, 10, 32]","[125, 118]",5.58447046238596,0.10153582658883564,0,0
1844,629,1,detour_2,Customer_32,Customer_71,46,32,"[46, 50, 32]","[384, 319]",6.839635933974372,0.12435701698135222,1,0
1845,629,2,detour_3,Customer_32,Customer_71,46,32,"[46, 33, 10, 32]","[325, 127, 118]",7.159047109323032,0.14050740295759273,0,0
1846,630,0,shortest,Customer_32,Customer_30,46,47,"[46, 14, 47]","[171, 162]",5.598376919642931,0.1171925878028838,0,0
1847,630,1,detour_2,Customer_32,Customer_30,46,47,"[46, 14, 34, 47]","[171, 168, 328]",6.253620597515756,0.13357367974970444,1,0
1848,630,2,detour_3,Customer_32,Customer_30,46,47,"[46, 14, 65, 47]","[171, 166, 387]",8.57604220246983,0.1661119308652714,0,0
1849,631,0,shortest,Customer_32,Customer_60,46,47,"[46, 14, 47]","[171, 162]",5.598376919642931,0.1171925878028838,0,0
1850,631,1,detour_2,Customer_32,Customer_60,46,47,"[46, 14, 34, 47]","[171, 168, 328]",6.253620597515756,0.13357367974970444,1,0
1851,631,2,detour_3,Customer_32,Customer_60,46,47,"[46, 14, 65, 47]","[171, 166, 387]",8.57604220246983,0.1661119308652714,0,0
1852,632,0,shortest,Customer_32,Customer_65,46,47,"[46, 14, 47]","[171, 162]",5.598376919642931,0.1171925878028838,0,0
1853,632,1,detour_2,Customer_32,Customer_65,46,47,"[46, 14, 34, 47]","[171, 168, 328]",6.253620597515756,0.13357367974970444,1,0
1854,632,2,detour_3,Customer_32,Customer_65,46,47,"[46, 14, 65, 47]","[171, 166, 387]",8.57604220246983,0.1661119308652714,0,0
1855,633,0,shortest,Customer_32,Customer_2,46,55,"[46, 50, 55]","[384, 394]",6.386292656081796,0.11611441192875993,1,0
1856,633,1,detour_2,Customer_32,Customer_2,46,55,"[46, 10, 50, 55]","[125, 120, 394]",8.636250792763276,0.15702274168660502,1,0
1857,633,2,detour_3,Customer_32,Customer_2,46,55,"[46, 50, 74, 55]","[384, 396, 415]",9.195489662073323,0.17708468328833435,2,0
1858,634,0,shortest,Customer_32,Customer_17,46,38,"[46, 43, 38]","[377, 351]",6.932359012554782,0.12604289113735967,0,0
1859,634,1,detour_2,Customer_32,Customer_17,46,38,"[46, 10, 38]","[125, 128]",6.93378985477965,0.1260689064505391,0,0
1860,634,2,detour_3,Customer_32,Customer_17,46,38,"[46, 33, 43, 38]","[325, 320, 351]",7.276892217144336,0.14265004128161646,0,0
1861,635,0,shortest,Customer_32,Customer_74,46,38,"[46, 43, 38]","[377, 351]",6.932359012554782,0.12604289113735967,0,0
1862,635,1,detour_2,Customer_32,Customer_74,46,38,"[46, 10, 38]","[125, 128]",6.93378985477965,0.1260689064505391,0,0
1863,635,2,detour_3,Customer_32,Customer_74,46,38,"[46, 33, 43, 38]","[325, 320, 351]",7.276892217144336,0.14265004128161646,0,0
1864,636,0,shortest,Customer_32,Customer_50,46,26,"[46, 14, 26]","[171, 164]",6.531822898356477,0.11876041633375412,0,0
1865,636,1,detour_2,Customer_32,Customer_50,46,26,"[46, 14, 34, 26]","[171, 168, 267]",8.168813969497146,0.16245031407282018,0,0
1866,636,2,detour_3,Customer_32,Customer_50,46,26,"[46, 14, 47, 26]","[171, 162, 263]",7.53927851469997,0.1657151276793098,0,0
1867,637,0,shortest,Customer_32,Customer_69,46,9,"[46, 14, 26, 9]","[171, 164, 109]",7.687189248958811,0.14764457509881246,0,0
1868,637,1,detour_2,Customer_32,Customer_69,46,9,"[46, 14, 47, 9]","[171, 162, 113]",8.667932679344453,0.17300269252472966,0,0
1869,637,2,detour_3,Customer_32,Customer_69,46,9,"[46, 14, 34, 9]","[171, 168, 111]",9.27081386868914,0.182486675876311,0,0
1870,638,0,shortest,Customer_32,Customer_33,46,4,"[46, 50, 55, 4]","[384, 394, 47]",9.248468738768196,0.16815397706851265,2,0
1871,638,1,detour_2,Customer_32,Customer_33,46,4,"[46, 50, 55, 17, 4]","[384, 394, 199, 51]",9.357021571022557,0.19038263480227896,3,0
1872,638,2,detour_3,Customer_32,Customer_33,46,4,"[46, 50, 74, 17, 4]","[384, 396, 205, 51]",11.09550238005595,0.2049629247974829,3,0
1873,639,0,shortest,Customer_33,Customer_14,4,17,"[4, 17]",[50],0.47322262348162386,0.011830565587040596,1,0
1874,639,1,detour_2,Customer_33,Customer_14,4,17,"[4, 8, 17]","[42, 96]",3.6489456709242374,0.09122364177310593,2,0
1875,639,2,detour_3,Customer_33,Customer_14,4,17,"[4, 42, 17]","[44, 195]",4.508285929532732,0.11270714823831832,2,0
1876,640,0,shortest,Customer_33,Customer_29,4,17,"[4, 17]",[50],0.47322262348162386,0.011830565587040596,1,0
1877,640,1,detour_2,Customer_33,Customer_29,4,17,"[4, 8, 17]","[42, 96]",3.6489456709242374,0.09122364177310593,2,0
1878,640,2,detour_3,Customer_33,Customer_29,4,17,"[4, 42, 17]","[44, 195]",4.508285929532732,0.11270714823831832,2,0
1879,641,0,shortest,Customer_33,Customer_31,4,17,"[4, 17]",[50],0.47322262348162386,0.011830565587040596,1,0
1880,641,1,detour_2,Customer_33,Customer_31,4,17,"[4, 8, 17]","[42, 96]",3.6489456709242374,0.09122364177310593,2,0
1881,641,2,detour_3,Customer_33,Customer_31,4,17,"[4, 42, 17]","[44, 195]",4.508285929532732,0.11270714823831832,2,0
1882,642,0,shortest,Customer_33,Customer_35,4,8,"[4, 8]",[42],2.0209872271174447,0.05052468067793612,1,0
1883,642,1,detour_2,Customer_33,Customer_35,4,8,"[4, 17, 8]","[50, 97]",2.1011810672884166,0.05252952668221041,2,0
1884,642,2,detour_3,Customer_33,Customer_35,4,8,"[4, 72, 8]","[48, 95]",4.17242488186316,0.08428741215394686,2,0
1885,643,0,shortest,Customer_33,Customer_41,4,8,"[4, 8]",[42],2.0209872271174447,0.05052468067793612,1,0
1886,643,1,detour_2,Customer_33,Customer_41,4,8,"[4, 17, 8]","[50, 97]",2.1011810672884166,0.05252952668221041,2,0
1887,643,2,detour_3,Customer_33,Customer_41,4,8,"[4, 72, 8]","[48, 95]",4.17242488186316,0.08428741215394686,2,0
1888,644,0,shortest,Customer_33,Customer_46,4,8,"[4, 8]",[42],2.0209872271174447,0.05052468067793612,1,0
1889,644,1,detour_2,Customer_33,Customer_46,4,8,"[4, 17, 8]","[50, 97]",2.1011810672884166,0.05252952668221041,2,0
1890,644,2,detour_3,Customer_33,Customer_46,4,8,"[4, 72, 8]","[48, 95]",4.17242488186316,0.08428741215394686,2,0
1891,645,0,shortest,Customer_33,Customer_2,4,55,"[4, 55]",[46],2.862176082686399,0.052039565139752705,1,0
1892,645,1,detour_2,Customer_33,Customer_2,4,55,"[4, 17, 55]","[50, 198]",2.9707289149407607,0.07426822287351902,2,0
1893,645,2,detour_3,Customer_33,Customer_2,4,55,"[4, 17, 74, 55]","[50, 204, 415]",4.802241618169646,0.10043396401382401,3,0
1894,646,0,shortest,Customer_33,Customer_15,4,72,"[4, 72]",[48],2.9367374509193804,0.05339522638035237,1,0
1895,646,1,detour_2,Customer_33,Customer_15,4,72,"[4, 17, 72]","[50, 196]",2.945806510167916,0.0736451627541979,2,0
1896,646,2,detour_3,Customer_33,Customer_15,4,72,"[4, 8, 72]","[42, 94]",3.256674658061224,0.0814168664515306,2,0
1897,647,0,shortest,Customer_33,Customer_3,4,74,"[4, 17, 74]","[50, 204]",3.3511271680761365,0.06415610276148628,2,0
1898,647,1,detour_2,Customer_33,Customer_3,4,74,"[4, 72, 74]","[48, 460]",4.156830556216501,0.08389755401278037,2,0
1899,647,2,detour_3,Customer_33,Customer_3,4,74,"[4, 55, 74]","[46, 414]",4.313290532779908,0.08831742639209042,2,0
1900,648,0,shortest,Customer_33,Customer_42,4,74,"[4, 17, 74]","[50, 204]",3.3511271680761365,0.06415610276148628,2,0
1901,648,1,detour_2,Customer_33,Customer_42,4,74,"[4, 72, 74]","[48, 460]",4.156830556216501,0.08389755401278037,2,0
1902,648,2,detour_3,Customer_33,Customer_42,4,74,"[4, 55, 74]","[46, 414]",4.313290532779908,0.08831742639209042,2,0
1903,649,0,shortest,Customer_33,Customer_47,4,74,"[4, 17, 74]","[50, 204]",3.3511271680761365,0.06415610276148628,2,0
1904,649,1,detour_2,Customer_33,Customer_47,4,74,"[4, 72, 74]","[48, 460]",4.156830556216501,0.08389755401278037,2,0
1905,649,2,detour_3,Customer_33,Customer_47,4,74,"[4, 55, 74]","[46, 414]",4.313290532779908,0.08831742639209042,2,0
1906,650,0,shortest,Customer_33,Customer_26,4,31,"[4, 17, 31]","[50, 202]",3.5431888795176727,0.06764813387860512,2,0
1907,650,1,detour_2,Customer_33,Customer_26,4,31,"[4, 17, 18, 31]","[50, 200, 206]",3.836667606374626,0.07424665809094982,3,0
1908,650,2,detour_3,Customer_33,Customer_26,4,31,"[4, 8, 31]","[42, 92]",3.5927875240180445,0.08981968810045111,2,0
1909,651,0,shortest,Customer_33,Customer_67,4,31,"[4, 17, 31]","[50, 202]",3.5431888795176727,0.06764813387860512,2,0
1910,651,1,detour_2,Customer_33,Customer_67,4,31,"[4, 17, 18, 31]","[50, 200, 206]",3.836667606374626,0.07424665809094982,3,0
1911,651,2,detour_3,Customer_33,Customer_67,4,31,"[4, 8, 31]","[42, 92]",3.5927875240180445,0.08981968810045111,2,0
1912,652,0,shortest,Customer_33,Customer_55,4,48,"[4, 48]",[52],4.290632357461167,0.07801149740838485,1,0
1913,652,1,detour_2,Customer_33,Customer_55,4,48,"[4, 42, 48]","[44, 372]",4.290936138307216,0.1072734034576804,2,0
1914,652,2,detour_3,Customer_33,Customer_55,4,48,"[4, 17, 42, 48]","[50, 194, 372]",5.035456686153151,0.12588641715382876,3,0
1915,653,0,shortest,Customer_33,Customer_9,4,34,"[4, 55, 50, 46, 14, 34]","[46, 395, 385, 171, 168]",14.630146711723883,0.2799290912042154,2,0
1916,653,1,detour_2,Customer_33,Customer_9,4,34,"[4, 17, 55, 50, 46, 14, 34]","[50, 198, 395, 385, 171, 168]",14.738699543978248,0.30215774893798175,3,0
1917,653,2,detour_3,Customer_33,Customer_9,4,34,"[4, 55, 50, 46, 14, 47, 34]","[46, 395, 385, 171, 162, 329]",15.71878828297119,0.3071451304853981,3,0
1918,654,0,shortest,Customer_33,Customer_30,4,47,"[4, 55, 50, 46, 14, 47]","[46, 395, 385, 171, 162]",14.846845658411123,0.2853465648713964,2,0
1919,654,1,detour_2,Customer_33,Customer_30,4,47,"[4, 55, 50, 46, 14, 34, 47]","[46, 395, 385, 171, 168, 328]",15.50208933628395,0.30172765681821706,3,0
1920,654,2,detour_3,Customer_33,Customer_30,4,47,"[4, 17, 55, 50, 46, 14, 47]","[50, 198, 395, 385, 171, 162]",14.955398490665488,0.30757522260516273,3,0
1921,655,0,shortest,Customer_33,Customer_60,4,47,"[4, 55, 50, 46, 14, 47]","[46, 395, 385, 171, 162]",14.846845658411123,0.2853465648713964,2,0
1922,655,1,detour_2,Customer_33,Customer_60,4,47,"[4, 55, 50, 46, 14, 34, 47]","[46, 395, 385, 171, 168, 328]",15.50208933628395,0.30172765681821706,3,0
1923,655,2,detour_3,Customer_33,Customer_60,4,47,"[4, 17, 55, 50, 46, 14, 47]","[50, 198, 395, 385, 171, 162]",14.955398490665488,0.30757522260516273,3,0
1924,656,0,shortest,Customer_33,Customer_65,4,47,"[4, 55, 50, 46, 14, 47]","[46, 395, 385, 171, 162]",14.846845658411123,0.2853465648713964,2,0
1925,656,1,detour_2,Customer_33,Customer_65,4,47,"[4, 55, 50, 46, 14, 34, 47]","[46, 395, 385, 171, 168, 328]",15.50208933628395,0.30172765681821706,3,0
1926,656,2,detour_3,Customer_33,Customer_65,4,47,"[4, 17, 55, 50, 46, 14, 47]","[50, 198, 395, 385, 171, 162]",14.955398490665488,0.30757522260516273,3,0
1927,657,0,shortest,Customer_33,Customer_38,4,14,"[4, 55, 50, 46, 14]","[46, 395, 385, 171]",12.587604566369315,0.2288655375703512,2,0
1928,657,1,detour_2,Customer_33,Customer_38,4,14,"[4, 17, 55, 50, 46, 14]","[50, 198, 395, 385, 171]",12.69615739862368,0.25109419530411753,3,0
1929,657,2,detour_3,Customer_33,Customer_38,4,14,"[4, 17, 74, 50, 46, 14]","[50, 204, 397, 385, 171]",14.434638207657073,0.2656744852993215,3,0
1930,658,0,shortest,Customer_33,Customer_54,4,69,"[4, 72, 69]","[48, 459]",6.965450961011648,0.12664456292748452,2,0
1931,658,1,detour_2,Customer_33,Customer_54,4,69,"[4, 17, 31, 69]","[50, 202, 310]",6.990416641782904,0.1303250022834275,3,0
1932,658,2,detour_3,Customer_33,Customer_54,4,69,"[4, 17, 18, 69]","[50, 200, 214]",7.110023695249584,0.1324996759828217,3,0
1933,659,0,same_node,Customer_34,Customer_73,66,66,[66],[],0.0,0.0,0,0
1934,660,0,shortest,Customer_34,Customer_18,66,57,"[66, 57]",[431],1.7622913259291795,0.04405728314822949,0,0
1935,660,1,detour_2,Customer_34,Customer_18,66,57,"[66, 16, 57]","[187, 184]",2.1741443742238213,0.05435360935559553,0,0
1936,660,2,detour_3,Customer_34,Customer_18,66,57,"[66, 61, 57]","[447, 429]",5.48492770042669,0.11467975441929233,0,0
1937,661,0,shortest,Customer_34,Customer_28,66,16,"[66, 16]",[187],1.928265788621333,0.04820664471553333,0,0
1938,661,1,detour_2,Customer_34,Customer_28,66,16,"[66, 57, 16]","[431, 185]",2.0081699115316676,0.05020424778829169,0,0
1939,661,2,detour_3,Customer_34,Customer_28,66,16,"[66, 61, 16]","[447, 189]",5.500420696872644,0.11496144526376423,0,0
1940,662,0,shortest,Customer_34,Customer_66,66,16,"[66, 16]",[187],1.928265788621333,0.04820664471553333,0,0
1941,662,1,detour_2,Customer_34,Customer_66,66,16,"[66, 57, 16]","[431, 185]",2.0081699115316676,0.05020424778829169,0,0
1942,662,2,detour_3,Customer_34,Customer_66,66,16,"[66, 61, 16]","[447, 189]",5.500420696872644,0.11496144526376423,0,0
1943,663,0,shortest,Customer_34,Customer_1,66,1,"[66, 1]",[23],5.020127413028402,0.09127504387324367,0,0
1944,663,1,detour_2,Customer_34,Customer_1,66,1,"[66, 61, 1]","[447, 11]",5.8385656454318235,0.12110953523756748,0,0
1945,663,2,detour_3,Customer_34,Customer_1,66,1,"[66, 57, 61, 1]","[431, 428, 11]",8.699337777737625,0.17018540045383757,0,0
1946,664,0,shortest,Customer_34,Customer_69,66,9,"[66, 1, 9]","[23, 16]",6.460773162080584,0.12729118759954822,0,0
1947,664,1,detour_2,Customer_34,Customer_69,66,9,"[66, 61, 1, 9]","[447, 11, 16]",7.279211394484006,0.15712567896387203,0,0
1948,664,2,detour_3,Customer_34,Customer_69,66,9,"[66, 1, 26, 9]","[23, 12, 109]",8.770508219338257,0.16734128365116602,0,0
1949,665,0,shortest,Customer_34,Customer_50,66,26,"[66, 1, 26]","[23, 12]",7.615141868735924,0.13845712488610767,0,0
1950,665,1,detour_2,Customer_34,Customer_50,66,26,"[66, 1, 9, 26]","[23, 16, 108]",7.616139512682919,0.15617534636460656,0,0
1951,665,2,detour_3,Customer_34,Customer_50,66,26,"[66, 61, 1, 26]","[447, 11, 12]",8.433580101139345,0.16829161625043149,0,0
1952,666,0,shortest,Customer_34,Customer_30,66,47,"[66, 1, 47]","[23, 14]",9.505239146557635,0.17282252993741154,0,0
1953,666,1,detour_2,Customer_34,Customer_30,66,47,"[66, 1, 9, 47]","[23, 16, 112]",9.530328921782107,0.18310129232139408,0,0
1954,666,2,detour_3,Customer_34,Customer_30,66,47,"[66, 1, 26, 47]","[23, 12, 262]",9.556043463792964,0.18697966476253366,0,0
1955,667,0,shortest,Customer_34,Customer_60,66,47,"[66, 1, 47]","[23, 14]",9.505239146557635,0.17282252993741154,0,0
1956,667,1,detour_2,Customer_34,Customer_60,66,47,"[66, 1, 9, 47]","[23, 16, 112]",9.530328921782107,0.18310129232139408,0,0
1957,667,2,detour_3,Customer_34,Customer_60,66,47,"[66, 1, 26, 47]","[23, 12, 262]",9.556043463792964,0.18697966476253366,0,0
1958,668,0,shortest,Customer_34,Customer_65,66,47,"[66, 1, 47]","[23, 14]",9.505239146557635,0.17282252993741154,0,0
1959,668,1,detour_2,Customer_34,Customer_65,66,47,"[66, 1, 9, 47]","[23, 16, 112]",9.530328921782107,0.18310129232139408,0,0
1960,668,2,detour_3,Customer_34,Customer_65,66,47,"[66, 1, 26, 47]","[23, 12, 262]",9.556043463792964,0.18697966476253366,0,0
1961,669,0,shortest,Customer_34,Customer_80,66,3,"[66, 57, 77, 12, 30, 3]","[431, 426, 145, 148, 33]",17.65403936243099,0.3329981565391715,0,0
1962,669,1,detour_2,Customer_34,Customer_80,66,3,"[66, 16, 57, 77, 12, 30, 3]","[187, 184, 426, 145, 148, 33]",18.06589241072563,0.34329448274653757,0,0
1963,669,2,detour_3,Customer_34,Customer_80,66,3,"[66, 57, 77, 64, 30, 3]","[431, 426, 453, 303, 33]",18.362641952850943,0.34588184000135247,0,0
1964,670,0,shortest,Customer_34,Customer_9,66,34,"[66, 1, 26, 34]","[23, 12, 266]",10.40227786527738,0.18913232482322506,0,0
1965,670,1,detour_2,Customer_34,Customer_9,66,34,"[66, 1, 47, 34]","[23, 14, 329]",10.377181771117701,0.1946210955514132,1,0
1966,670,2,detour_3,Customer_34,Customer_9,66,34,"[66, 1, 9, 34]","[23, 16, 110]",10.349909057814036,0.19800274934015644,0,0
1967,671,0,shortest,Customer_34,Customer_38,66,14,"[66, 1, 26, 14]","[23, 12, 165]",10.807828939491278,0.19650598071802322,0,0
1968,671,1,detour_2,Customer_34,Customer_38,66,14,"[66, 1, 9, 26, 14]","[23, 16, 108, 165]",10.808826583438274,0.2142242021965221,0,0
1969,671,2,detour_3,Customer_34,Customer_38,66,14,"[66, 61, 1, 26, 14]","[447, 11, 12, 165]",11.6262671718947,0.22634047208234703,0,0
1970,672,0,shortest,Customer_34,Customer_55,66,48,"[66, 57, 77, 12, 30, 3, 48]","[431, 426, 145, 148, 33, 36]",21.269412460562126,0.39873221286882854,1,0
1971,672,1,avoid_congestion,Customer_34,Customer_55,66,48,"[66, 57, 77, 12, 30, 53, 48]","[431, 426, 145, 148, 300, 389]",20.617112387007303,0.4028444161383425,0,0
1972,672,2,detour_3,Customer_34,Customer_55,66,48,"[66, 16, 57, 77, 12, 30, 3, 48]","[187, 184, 426, 145, 148, 33, 36]",21.681265508856768,0.40902853907619463,1,0
1973,673,0,shortest,Customer_34,Customer_16,66,64,"[66, 57, 77, 64]","[431, 426, 453]",10.567398347032043,0.20415013807737242,0,0
1974,673,1,detour_2,Customer_34,Customer_16,66,64,"[66, 16, 57, 77, 64]","[187, 184, 426, 453]",10.979251395326685,0.21444646428473849,0,0
1975,673,2,detour_3,Customer_34,Customer_16,66,64,"[66, 57, 77, 54, 64]","[431, 426, 413, 410]",11.279130261585903,0.22079627882591243,0,0
1976,674,0,shortest,Customer_34,Customer_56,66,64,"[66, 57, 77, 64]","[431, 426, 453]",10.567398347032043,0.20415013807737242,0,0
1977,674,1,detour_2,Customer_34,Customer_56,66,64,"[66, 16, 57, 77, 64]","[187, 184, 426, 453]",10.979251395326685,0.21444646428473849,0,0
1978,674,2,detour_3,Customer_34,Customer_56,66,64,"[66, 57, 77, 54, 64]","[431, 426, 413, 410]",11.279130261585903,0.22079627882591243,0,0
1979,675,0,shortest,Customer_34,Customer_63,66,64,"[66, 57, 77, 64]","[431, 426, 453]",10.567398347032043,0.20415013807737242,0,0
1980,675,1,detour_2,Customer_34,Customer_63,66,64,"[66, 16, 57, 77, 64]","[187, 184, 426, 453]",10.979251395326685,0.21444646428473849,0,0
1981,675,2,detour_3,Customer_34,Customer_63,66,64,"[66, 57, 77, 54, 64]","[431, 426, 413, 410]",11.279130261585903,0.22079627882591243,0,0
1982,676,0,shortest,Customer_34,Customer_64,66,64,"[66, 57, 77, 64]","[431, 426, 453]",10.567398347032043,0.20415013807737242,0,0
1983,676,1,detour_2,Customer_34,Customer_64,66,64,"[66, 16, 57, 77, 64]","[187, 184, 426, 453]",10.979251395326685,0.21444646428473849,0,0
1984,676,2,detour_3,Customer_34,Customer_64,66,64,"[66, 57, 77, 54, 64]","[431, 426, 413, 410]",11.279130261585903,0.22079627882591243,0,0
1985,677,0,shortest,Customer_34,Customer_70,66,53,"[66, 57, 77, 12, 30, 53]","[431, 426, 145, 148, 300]",16.390522572695804,0.32599732860540614,0,0
1986,677,1,detour_2,Customer_34,Customer_70,66,53,"[66, 57, 77, 12, 60, 53]","[431, 426, 145, 150, 407]",17.75656046606277,0.33486217660520384,0,0
1987,677,2,detour_3,Customer_34,Customer_70,66,53,"[66, 16, 57, 77, 12, 30, 53]","[187, 184, 426, 145, 148, 300]",16.802375620990446,0.33629365481277224,0,0
1988,678,0,shortest,Customer_34,Customer_33,66,4,"[66, 1, 26, 14, 46, 50, 55, 4]","[23, 12, 165, 170, 384, 394, 47]",23.39543350586059,0.4253715182883744,2,0
1989,678,1,detour_2,Customer_34,Customer_33,66,4,"[66, 1, 9, 26, 14, 46, 50, 55, 4]","[23, 16, 108, 165, 170, 384, 394, 47]",23.396431149807587,0.44308973976687327,2,0
1990,678,2,detour_3,Customer_34,Customer_33,66,4,"[66, 1, 26, 14, 46, 50, 55, 17, 4]","[23, 12, 165, 170, 384, 394, 199, 51]",23.503986338114952,0.4476001760221407,3,0
1991,679,0,same_node,Customer_35,Customer_41,8,8,[8],[],0.0,0.0,0,0
1992,680,0,same_node,Customer_35,Customer_46,8,8,[8],[],0.0,0.0,0,0
1993,681,0,shortest,Customer_35,Customer_15,8,72,"[8, 72]",[94],1.2356874309437793,0.030892185773594483,1,0
1994,681,1,detour_2,Customer_35,Customer_15,8,72,"[8, 74, 72]","[106, 461]",3.4611195116649185,0.08652798779162296,2,0
1995,681,2,detour_3,Customer_35,Customer_15,8,72,"[8, 31, 72]","[92, 306]",3.6375536132472384,0.09093884033118096,2,0
1996,682,0,shortest,Customer_35,Customer_26,8,31,"[8, 31]",[92],1.5718002969005997,0.039295007422514995,1,0
1997,682,1,detour_2,Customer_35,Customer_26,8,31,"[8, 18, 31]","[98, 206]",1.9049794910342701,0.047624487275856754,2,0
1998,682,2,detour_3,Customer_35,Customer_26,8,31,"[8, 72, 31]","[94, 307]",3.301440747290418,0.08253601868226045,2,0
1999,683,0,shortest,Customer_35,Customer_67,8,31,"[8, 31]",[92],1.5718002969005997,0.039295007422514995,1,0
2000,683,1,detour_2,Customer_35,Customer_67,8,31,"[8, 18, 31]","[98, 206]",1.9049794910342701,0.047624487275856754,2,0
2001,683,2,detour_3,Customer_35,Customer_67,8,31,"[8, 72, 31]","[94, 307]",3.301440747290418,0.08253601868226045,2,0
2002,684,0,shortest,Customer_35,Customer_14,8,17,"[8, 17]",[96],1.6279584438067927,0.040698961095169815,1,0
2003,684,1,detour_2,Customer_35,Customer_14,8,17,"[8, 4, 17]","[43, 50]",2.4942098505990686,0.06235524626497672,2,0
2004,684,2,detour_3,Customer_35,Customer_14,8,17,"[8, 72, 17]","[94, 197]",3.7082713176300715,0.09270678294075178,2,0
2005,685,0,shortest,Customer_35,Customer_29,8,17,"[8, 17]",[96],1.6279584438067927,0.040698961095169815,1,0
2006,685,1,detour_2,Customer_35,Customer_29,8,17,"[8, 4, 17]","[43, 50]",2.4942098505990686,0.06235524626497672,2,0
2007,685,2,detour_3,Customer_35,Customer_29,8,17,"[8, 72, 17]","[94, 197]",3.7082713176300715,0.09270678294075178,2,0
2008,686,0,shortest,Customer_35,Customer_31,8,17,"[8, 17]",[96],1.6279584438067927,0.040698961095169815,1,0
2009,686,1,detour_2,Customer_35,Customer_31,8,17,"[8, 4, 17]","[43, 50]",2.4942098505990686,0.06235524626497672,2,0
2010,686,2,detour_3,Customer_35,Customer_31,8,17,"[8, 72, 17]","[94, 197]",3.7082713176300715,0.09270678294075178,2,0
2011,687,0,shortest,Customer_35,Customer_33,8,4,"[8, 4]",[43],2.0209872271174447,0.05052468067793612,1,0
2012,687,1,detour_2,Customer_35,Customer_33,8,4,"[8, 17, 4]","[96, 51]",2.1011810672884166,0.05252952668221041,2,0
2013,687,2,detour_3,Customer_35,Customer_33,8,4,"[8, 72, 4]","[94, 49]",4.17242488186316,0.08428741215394686,2,0
2014,688,0,shortest,Customer_35,Customer_3,8,74,"[8, 74]",[106],2.2410264063677987,0.05602566015919497,1,0
2015,688,1,detour_2,Customer_35,Customer_3,8,74,"[8, 72, 74]","[94, 460]",2.4557805362408995,0.061394513406022484,2,0
2016,688,2,detour_3,Customer_35,Customer_3,8,74,"[8, 55, 74]","[102, 414]",4.215148400249557,0.0865330239824477,2,0
2017,689,0,shortest,Customer_35,Customer_42,8,74,"[8, 74]",[106],2.2410264063677987,0.05602566015919497,1,0
2018,689,1,detour_2,Customer_35,Customer_42,8,74,"[8, 72, 74]","[94, 460]",2.4557805362408995,0.061394513406022484,2,0
2019,689,2,detour_3,Customer_35,Customer_42,8,74,"[8, 55, 74]","[102, 414]",4.215148400249557,0.0865330239824477,2,0
2020,690,0,shortest,Customer_35,Customer_47,8,74,"[8, 74]",[106],2.2410264063677987,0.05602566015919497,1,0
2021,690,1,detour_2,Customer_35,Customer_47,8,74,"[8, 72, 74]","[94, 460]",2.4557805362408995,0.061394513406022484,2,0
2022,690,2,detour_3,Customer_35,Customer_47,8,74,"[8, 55, 74]","[102, 414]",4.215148400249557,0.0865330239824477,2,0
2023,691,0,shortest,Customer_35,Customer_2,8,55,"[8, 55]",[102],2.764033950156048,0.050255162730109965,1,0
2024,691,1,detour_2,Customer_35,Customer_2,8,55,"[8, 72, 55]","[94, 417]",3.538123151316442,0.08845307878291106,2,0
2025,691,2,detour_3,Customer_35,Customer_2,8,55,"[8, 74, 55]","[106, 415]",3.6921408564613074,0.0923035214115327,2,0
2026,692,0,shortest,Customer_35,Customer_54,8,69,"[8, 31, 69]","[92, 310]",5.01902805916583,0.10197187582733738,2,0
2027,692,1,detour_2,Customer_35,Customer_54,8,69,"[8, 72, 69]","[94, 459]",5.2644009410360475,0.10414152232072663,2,0
2028,692,2,detour_3,Customer_35,Customer_54,8,69,"[8, 18, 69]","[98, 214]",5.178335579909229,0.10587750516772862,2,0
2029,693,0,shortest,Customer_35,Customer_55,8,48,"[8, 42, 48]","[100, 372]",5.0999025893843335,0.10753760709600838,2,0
2030,693,1,detour_2,Customer_35,Customer_55,8,48,"[8, 18, 48]","[98, 212]",6.221819649971614,0.12484994280522653,2,0
2031,693,2,detour_3,Customer_35,Customer_55,8,48,"[8, 31, 18, 48]","[92, 207, 212]",6.258987681555309,0.12577914359481893,3,0
2032,694,0,shortest,Customer_35,Customer_9,8,34,"[8, 55, 50, 46, 14, 34]","[102, 395, 385, 171, 168]",14.532004579193535,0.27814468879457266,2,0
2033,694,1,detour_2,Customer_35,Customer_9,8,34,"[8, 55, 50, 46, 14, 47, 34]","[102, 395, 385, 171, 162, 329]",15.620646150440841,0.30536072807575537,3,0
2034,694,2,detour_3,Customer_35,Customer_9,8,34,"[8, 74, 50, 46, 14, 34]","[106, 397, 385, 171, 168]",15.367079591303304,0.3086075963308944,2,0
2035,695,0,shortest,Customer_35,Customer_77,8,28,"[8, 59, 28]","[104, 283]",6.628716375074549,0.12052211591044634,2,0
2036,695,1,avoid_congestion,Customer_35,Customer_77,8,28,"[8, 59, 27, 28]","[104, 271, 272]",11.081224039828708,0.20147680072415836,1,0
2037,695,2,detour_2,Customer_35,Customer_77,8,28,"[8, 72, 28]","[94, 287]",6.6258862728094154,0.1288958010802424,2,0
2038,695,3,detour_3,Customer_35,Customer_77,8,28,"[8, 74, 28]","[106, 285]",6.961014566703737,0.14184362671075748,2,0
2039,696,0,shortest,Customer_35,Customer_5,8,7,"[8, 31, 69, 22, 7]","[92, 310, 239, 87]",12.860934422695369,0.24455199152787446,2,0
2040,696,1,detour_2,Customer_35,Customer_5,8,7,"[8, 72, 69, 22, 7]","[94, 459, 239, 87]",13.106307304565586,0.2467216380212637,2,0
2041,696,2,detour_3,Customer_35,Customer_5,8,7,"[8, 18, 69, 22, 7]","[98, 214, 239, 87]",13.02024194343877,0.2484576208682657,2,0
2042,697,0,shortest,Customer_35,Customer_71,8,32,"[8, 55, 32]","[102, 317]",6.994960504470553,0.1271811000812828,2,0
2043,697,1,detour_2,Customer_35,Customer_71,8,32,"[8, 55, 50, 32]","[102, 395, 319]",8.425648627123117,0.15319361140223853,3,0
2044,697,2,detour_3,Customer_35,Customer_71,8,32,"[8, 72, 55, 32]","[94, 417, 317]",7.769049705630948,0.1653790161340839,3,0
2045,698,0,shortest,Customer_35,Customer_30,8,47,"[8, 55, 50, 46, 14, 47]","[102, 395, 385, 171, 162]",14.748703525880774,0.2835621624617537,2,0
2046,698,1,detour_2,Customer_35,Customer_30,8,47,"[8, 55, 50, 46, 14, 34, 47]","[102, 395, 385, 171, 168, 328]",15.403947203753601,0.29994325440857433,3,0
2047,698,2,detour_3,Customer_35,Customer_30,8,47,"[8, 74, 50, 46, 14, 47]","[106, 397, 385, 171, 162]",15.583778537990543,0.3140250699980754,2,0
2048,699,0,same_node,Customer_36,Customer_59,62,62,[62],[],0.0,0.0,0,0
2049,700,0,same_node,Customer_36,Customer_62,62,62,[62],[],0.0,0.0,0,0
2050,701,0,shortest,Customer_36,Customer_4,62,56,"[62, 56]",[423],6.364542174036592,0.11571894861884713,0,0
2051,701,1,detour_2,Customer_36,Customer_4,62,56,"[62, 78, 56]","[450, 421]",10.498414289018283,0.1908802598003324,0,0
2052,701,2,detour_3,Customer_36,Customer_4,62,56,"[62, 16, 78, 56]","[193, 190, 421]",21.558846148543676,0.3919790208826123,0,0
2053,702,0,shortest,Customer_36,Customer_45,62,56,"[62, 56]",[423],6.364542174036592,0.11571894861884713,0,0
2054,702,1,detour_2,Customer_36,Customer_45,62,56,"[62, 78, 56]","[450, 421]",10.498414289018283,0.1908802598003324,0,0
2055,702,2,detour_3,Customer_36,Customer_45,62,56,"[62, 16, 78, 56]","[193, 190, 421]",21.558846148543676,0.3919790208826123,0,0
2056,703,0,shortest,Customer_36,Customer_28,62,16,"[62, 16]",[193],9.063213449963625,0.16478569909024773,0,0
2057,703,1,detour_2,Customer_36,Customer_28,62,16,"[62, 78, 16]","[450, 191]",9.06626138666686,0.16484111612121566,0,0
2058,703,2,detour_3,Customer_36,Customer_28,62,16,"[62, 57, 16]","[433, 185]",9.554957840801572,0.17540295109822737,0,0
2059,704,0,shortest,Customer_36,Customer_66,62,16,"[62, 16]",[193],9.063213449963625,0.16478569909024773,0,0
2060,704,1,detour_2,Customer_36,Customer_66,62,16,"[62, 78, 16]","[450, 191]",9.06626138666686,0.16484111612121566,0,0
2061,704,2,detour_3,Customer_36,Customer_66,62,16,"[62, 57, 16]","[433, 185]",9.554957840801572,0.17540295109822737,0,0
2062,705,0,shortest,Customer_36,Customer_18,62,57,"[62, 57]",[433],9.309079255199084,0.16925598645816517,0,0
2063,705,1,detour_2,Customer_36,Customer_18,62,57,"[62, 78, 57]","[450, 435]",9.312026426589693,0.16930957139253985,0,0
2064,705,2,detour_3,Customer_36,Customer_18,62,57,"[62, 16, 57]","[193, 184]",9.309092035566113,0.17093266373030994,0,0
2065,706,0,shortest,Customer_36,Customer_34,62,66,"[62, 16, 66]","[193, 186]",10.991479238584958,0.21299234380578105,0,0
2066,706,1,detour_2,Customer_36,Customer_34,62,66,"[62, 78, 16, 66]","[450, 191, 186]",10.994527175288193,0.21304776083674898,0,0
2067,706,2,detour_3,Customer_36,Customer_34,62,66,"[62, 57, 66]","[433, 430]",11.071370581128264,0.21331326960639466,0,0
2068,707,0,shortest,Customer_36,Customer_73,62,66,"[62, 16, 66]","[193, 186]",10.991479238584958,0.21299234380578105,0,0
2069,707,1,detour_2,Customer_36,Customer_73,62,66,"[62, 78, 16, 66]","[450, 191, 186]",10.994527175288193,0.21304776083674898,0,0
2070,707,2,detour_3,Customer_36,Customer_73,62,66,"[62, 57, 66]","[433, 430]",11.071370581128264,0.21331326960639466,0,0
2071,708,0,shortest,Customer_36,Customer_25,62,19,"[62, 57, 77, 19]","[433, 426, 221]",18.425683778148965,0.3350124323299812,0,0
2072,708,1,detour_2,Customer_36,Customer_25,62,19,"[62, 78, 57, 77, 19]","[450, 435, 426, 221]",18.428630949539574,0.33506601726435586,0,0
2073,708,2,detour_3,Customer_36,Customer_25,62,19,"[62, 16, 57, 77, 19]","[193, 184, 426, 221]",18.425696558515995,0.33668910960212595,0,0
2074,709,0,shortest,Customer_36,Customer_1,62,1,"[62, 78, 61, 1]","[450, 449, 11]",13.8180569589284,0.2512373992532436,0,0
2075,709,1,detour_2,Customer_36,Customer_1,62,1,"[62, 16, 61, 1]","[193, 188, 11]",16.015752898218025,0.2911955072403277,0,0
2076,709,2,detour_3,Customer_36,Customer_1,62,1,"[62, 78, 16, 61, 1]","[450, 191, 188, 11]",16.018800834921258,0.2912509242712956,0,0
2077,710,0,shortest,Customer_36,Customer_69,62,9,"[62, 78, 61, 1, 9]","[450, 449, 11, 16]",15.258702707980582,0.2872535429795482,0,0
2078,710,1,detour_2,Customer_36,Customer_69,62,9,"[62, 16, 61, 1, 9]","[193, 188, 11, 16]",17.456398647270206,0.3272116509666323,0,0
2079,710,2,detour_3,Customer_36,Customer_69,62,9,"[62, 78, 16, 61, 1, 9]","[450, 191, 188, 11, 16]",17.45944658397344,0.3272670679976002,0,0
2080,711,0,shortest,Customer_36,Customer_16,62,64,"[62, 57, 77, 64]","[433, 426, 453]",18.114186276301947,0.32934884138730813,0,0
2081,711,1,detour_2,Customer_36,Customer_16,62,64,"[62, 78, 57, 77, 64]","[450, 435, 426, 453]",18.117133447692556,0.3294024263216828,0,0
2082,711,2,detour_3,Customer_36,Customer_16,62,64,"[62, 16, 57, 77, 64]","[193, 184, 426, 453]",18.114199056668976,0.3310255186594529,0,0
2083,712,0,shortest,Customer_36,Customer_56,62,64,"[62, 57, 77, 64]","[433, 426, 453]",18.114186276301947,0.32934884138730813,0,0
2084,712,1,detour_2,Customer_36,Customer_56,62,64,"[62, 78, 57, 77, 64]","[450, 435, 426, 453]",18.117133447692556,0.3294024263216828,0,0
2085,712,2,detour_3,Customer_36,Customer_56,62,64,"[62, 16, 57, 77, 64]","[193, 184, 426, 453]",18.114199056668976,0.3310255186594529,0,0
2086,713,0,shortest,Customer_36,Customer_63,62,64,"[62, 57, 77, 64]","[433, 426, 453]",18.114186276301947,0.32934884138730813,0,0
2087,713,1,detour_2,Customer_36,Customer_63,62,64,"[62, 78, 57, 77, 64]","[450, 435, 426, 453]",18.117133447692556,0.3294024263216828,0,0
2088,713,2,detour_3,Customer_36,Customer_63,62,64,"[62, 16, 57, 77, 64]","[193, 184, 426, 453]",18.114199056668976,0.3310255186594529,0,0
2089,714,0,shortest,Customer_36,Customer_64,62,64,"[62, 57, 77, 64]","[433, 426, 453]",18.114186276301947,0.32934884138730813,0,0
2090,714,1,detour_2,Customer_36,Customer_64,62,64,"[62, 78, 57, 77, 64]","[450, 435, 426, 453]",18.117133447692556,0.3294024263216828,0,0
2091,714,2,detour_3,Customer_36,Customer_64,62,64,"[62, 16, 57, 77, 64]","[193, 184, 426, 453]",18.114199056668976,0.3310255186594529,0,0
2092,715,0,shortest,Customer_36,Customer_50,62,26,"[62, 78, 61, 1, 26]","[450, 449, 11, 12]",16.413071414635922,0.29841948026610765,0,0
2093,715,1,detour_2,Customer_36,Customer_50,62,26,"[62, 78, 61, 1, 9, 26]","[450, 449, 11, 16, 108]",16.414069058582918,0.31613770174460654,0,0
2094,715,2,detour_3,Customer_36,Customer_50,62,26,"[62, 16, 61, 1, 26]","[193, 188, 11, 12]",18.610767353925546,0.33837758825319175,0,0
2095,716,0,shortest,Customer_36,Customer_80,62,3,"[62, 57, 77, 12, 30, 3]","[433, 426, 145, 148, 33]",25.200827291700893,0.45819685984910713,0,0
2096,716,1,detour_2,Customer_36,Customer_80,62,3,"[62, 78, 57, 77, 12, 30, 3]","[450, 435, 426, 145, 148, 33]",25.203774463091502,0.4582504447834818,0,0
2097,716,2,detour_3,Customer_36,Customer_80,62,3,"[62, 16, 57, 77, 12, 30, 3]","[193, 184, 426, 145, 148, 33]",25.200840072067923,0.45987353712125195,0,0
2098,717,0,shortest,Customer_36,Customer_23,62,39,"[62, 57, 77, 64, 39]","[433, 426, 453, 359]",20.850451928477877,0.37909912597232504,0,0
2099,717,1,detour_2,Customer_36,Customer_23,62,39,"[62, 78, 57, 77, 64, 39]","[450, 435, 426, 453, 359]",20.853399099868486,0.3791527109066997,0,0
2100,717,2,detour_3,Customer_36,Customer_23,62,39,"[62, 16, 57, 77, 64, 39]","[193, 184, 426, 453, 359]",20.850464708844907,0.3807758032444698,0,0
2101,718,0,shortest,Customer_36,Customer_30,62,47,"[62, 78, 61, 1, 47]","[450, 449, 11, 14]",18.303168692457632,0.33278488531741146,0,0
2102,718,1,detour_2,Customer_36,Customer_30,62,47,"[62, 78, 61, 1, 9, 47]","[450, 449, 11, 16, 112]",18.328258467682105,0.3430636477013941,0,0
2103,718,2,detour_3,Customer_36,Customer_30,62,47,"[62, 78, 61, 1, 26, 47]","[450, 449, 11, 12, 262]",18.35397300969296,0.3469420201425336,0,0
2104,719,0,shortest,Customer_37,Customer_7,68,11,"[68, 11]",[135],2.8318399943194725,0.051487999896717686,0,0
2105,719,1,detour_2,Customer_37,Customer_7,68,11,"[68, 51, 11]","[401, 137]",11.154309692475778,0.20280563077228686,0,0
2106,719,2,detour_3,Customer_37,Customer_7,68,11,"[68, 27, 11]","[277, 139]",11.42966225785388,0.20781204105188872,0,0
2107,720,0,shortest,Customer_37,Customer_48,68,27,"[68, 27]",[277],4.823269155390392,0.08769580282527985,0,0
2108,720,1,detour_2,Customer_37,Customer_48,68,27,"[68, 11, 27]","[135, 138]",9.438233096782959,0.17160423812332654,0,0
2109,720,2,detour_3,Customer_37,Customer_48,68,27,"[68, 22, 69, 27]","[245, 238, 275]",14.493138911504897,0.26351161657281635,0,0
2110,721,0,shortest,Customer_37,Customer_6,68,5,"[68, 5]",[63],5.227300133398324,0.09504182060724226,0,0
2111,721,1,detour_2,Customer_37,Customer_6,68,5,"[68, 22, 5]","[245, 57]",5.863460695202883,0.10961830224941224,0,0
2112,721,2,detour_3,Customer_37,Customer_6,68,5,"[68, 11, 5]","[135, 65]",10.444586473186313,0.18990157223975115,0,0
2113,722,0,shortest,Customer_37,Customer_24,68,22,"[68, 22]",[245],5.422004885830109,0.0985819070150929,0,0
2114,722,1,detour_2,Customer_37,Customer_24,68,22,"[68, 5, 22]","[63, 56]",5.668755942771098,0.1060782158415616,0,0
2115,722,2,detour_3,Customer_37,Customer_24,68,22,"[68, 11, 5, 22]","[135, 65, 56]",10.886042282559087,0.2009379674740705,0,0
2116,723,0,shortest,Customer_37,Customer_54,68,69,"[68, 27, 69]","[277, 274]",9.204695066278575,0.16735809211415592,0,0
2117,723,1,detour_2,Customer_37,Customer_54,68,69,"[68, 22, 69]","[245, 238]",10.111713000616714,0.18384932728394027,0,0
2118,723,2,detour_3,Customer_37,Customer_54,68,69,"[68, 5, 69]","[63, 54]",10.205934926387592,0.18556245320704712,0,0
2119,724,0,shortest,Customer_37,Customer_77,68,28,"[68, 27, 28]","[277, 272]",7.8970783856120885,0.14358324337476525,0,0
2120,724,1,detour_2,Customer_37,Customer_77,68,28,"[68, 11, 27, 28]","[135, 138, 272]",12.512042327004655,0.22749167867281195,0,0
2121,724,2,detour_3,Customer_37,Customer_77,68,28,"[68, 27, 59, 28]","[277, 270, 283]",12.849024512320351,0.23361862749673362,1,0
2122,725,0,shortest,Customer_37,Customer_5,68,7,"[68, 22, 7]","[245, 87]",8.574203134573043,0.1558946024467826,0,0
2123,725,1,detour_2,Customer_37,Customer_5,68,7,"[68, 5, 7]","[63, 60]",8.76998665507488,0.15945430281954331,0,0
2124,725,2,detour_3,Customer_37,Customer_5,68,7,"[68, 5, 22, 7]","[63, 56, 87]",8.820954191514032,0.1633909112732513,0,0
2125,726,0,shortest,Customer_37,Customer_26,68,31,"[68, 27, 69, 31]","[277, 274, 311]",12.651922828543805,0.23003496051897832,1,0
2126,726,1,detour_2,Customer_37,Customer_26,68,31,"[68, 27, 69, 18, 31]","[277, 274, 215, 206]",12.8483983808709,0.23486979064896193,2,0
2127,726,2,detour_3,Customer_37,Customer_26,68,31,"[68, 22, 69, 31]","[245, 238, 311]",13.558940762881944,0.24652619568876266,1,0
2128,727,0,shortest,Customer_37,Customer_67,68,31,"[68, 27, 69, 31]","[277, 274, 311]",12.651922828543805,0.23003496051897832,1,0
2129,727,1,detour_2,Customer_37,Customer_67,68,31,"[68, 27, 69, 18, 31]","[277, 274, 215, 206]",12.8483983808709,0.23486979064896193,2,0
2130,727,2,detour_3,Customer_37,Customer_67,68,31,"[68, 22, 69, 31]","[245, 238, 311]",13.558940762881944,0.24652619568876266,1,0
2131,728,0,shortest,Customer_37,Customer_15,68,72,"[68, 27, 59, 72]","[277, 270, 440]",11.600476140749924,0.22506533953382807,1,0
2132,728,1,detour_2,Customer_37,Customer_15,68,72,"[68, 27, 74, 72]","[277, 278, 461]",12.446973878180227,0.23462743259393898,2,0
2133,728,2,detour_3,Customer_37,Customer_15,68,72,"[68, 27, 69, 72]","[277, 274, 458]",13.233408576370842,0.24060742866128806,1,0
2134,729,0,shortest,Customer_37,Customer_3,68,74,"[68, 27, 74]","[277, 278]",11.226880772883106,0.20412510496151098,1,0
2135,729,1,avoid_congestion,Customer_37,Customer_3,68,74,"[68, 27, 59, 74]","[277, 270, 438]",11.227552302623579,0.21574224358066943,1,0
2136,729,2,detour_3,Customer_37,Customer_3,68,74,"[68, 27, 28, 74]","[277, 272, 284]",12.617066545948028,0.22940120992632776,1,0
2137,730,0,shortest,Customer_37,Customer_42,68,74,"[68, 27, 74]","[277, 278]",11.226880772883106,0.20412510496151098,1,0
2138,730,1,avoid_congestion,Customer_37,Customer_42,68,74,"[68, 27, 59, 74]","[277, 270, 438]",11.227552302623579,0.21574224358066943,1,0
2139,730,2,detour_3,Customer_37,Customer_42,68,74,"[68, 27, 28, 74]","[277, 272, 284]",12.617066545948028,0.22940120992632776,1,0
2140,731,0,shortest,Customer_37,Customer_47,68,74,"[68, 27, 74]","[277, 278]",11.226880772883106,0.20412510496151098,1,0
2141,731,1,avoid_congestion,Customer_37,Customer_47,68,74,"[68, 27, 59, 74]","[277, 270, 438]",11.227552302623579,0.21574224358066943,1,0
2142,731,2,detour_3,Customer_37,Customer_47,68,74,"[68, 27, 28, 74]","[277, 272, 284]",12.617066545948028,0.22940120992632776,1,0
2143,732,0,shortest,Customer_37,Customer_35,68,8,"[68, 27, 59, 8]","[277, 270, 105]",12.830683964997405,0.23328516299995278,1,0
2144,732,1,detour_2,Customer_37,Customer_35,68,8,"[68, 27, 59, 72, 8]","[277, 270, 440, 95]",12.836163571693703,0.25595752530742255,2,0
2145,732,2,detour_3,Customer_37,Customer_35,68,8,"[68, 27, 74, 8]","[277, 278, 107]",13.467907179250904,0.26015076512070595,2,0
2146,733,0,shortest,Customer_37,Customer_41,68,8,"[68, 27, 59, 8]","[277, 270, 105]",12.830683964997405,0.23328516299995278,1,0
2147,733,1,detour_2,Customer_37,Customer_41,68,8,"[68, 27, 59, 72, 8]","[277, 270, 440, 95]",12.836163571693703,0.25595752530742255,2,0
2148,733,2,detour_3,Customer_37,Customer_41,68,8,"[68, 27, 74, 8]","[277, 278, 107]",13.467907179250904,0.26015076512070595,2,0
2149,734,0,shortest,Customer_37,Customer_46,68,8,"[68, 27, 59, 8]","[277, 270, 105]",12.830683964997405,0.23328516299995278,1,0
2150,734,1,detour_2,Customer_37,Customer_46,68,8,"[68, 27, 59, 72, 8]","[277, 270, 440, 95]",12.836163571693703,0.25595752530742255,2,0
2151,734,2,detour_3,Customer_37,Customer_46,68,8,"[68, 27, 74, 8]","[277, 278, 107]",13.467907179250904,0.26015076512070595,2,0
2152,735,0,shortest,Customer_37,Customer_2,68,55,"[68, 27, 59, 55]","[277, 270, 419]",12.587494620116885,0.2288635385475797,1,0
2153,735,1,detour_2,Customer_37,Customer_2,68,55,"[68, 27, 74, 55]","[277, 278, 415]",12.677995222976616,0.2404029662138487,2,0
2154,735,2,detour_3,Customer_37,Customer_2,68,55,"[68, 27, 59, 74, 55]","[277, 270, 438, 415]",12.678666752717088,0.25202010483300713,2,0
2155,736,0,shortest,Customer_37,Customer_14,68,17,"[68, 27, 74, 17]","[277, 278, 205]",14.104785317477619,0.2564506421359567,2,0
2156,736,1,avoid_congestion,Customer_37,Customer_14,68,17,"[68, 27, 59, 74, 17]","[277, 270, 438, 205]",14.105456847218091,0.2680677807551151,2,0
2157,736,2,detour_3,Customer_37,Customer_14,68,17,"[68, 27, 59, 8, 17]","[277, 270, 105, 96]",14.458642408804199,0.27398412409512257,2,0
2158,737,0,shortest,Customer_37,Customer_29,68,17,"[68, 27, 74, 17]","[277, 278, 205]",14.104785317477619,0.2564506421359567,2,0
2159,737,1,avoid_congestion,Customer_37,Customer_29,68,17,"[68, 27, 59, 74, 17]","[277, 270, 438, 205]",14.105456847218091,0.2680677807551151,2,0
2160,737,2,detour_3,Customer_37,Customer_29,68,17,"[68, 27, 59, 8, 17]","[277, 270, 105, 96]",14.458642408804199,0.27398412409512257,2,0
2161,738,0,shortest,Customer_37,Customer_31,68,17,"[68, 27, 74, 17]","[277, 278, 205]",14.104785317477619,0.2564506421359567,2,0
2162,738,1,avoid_congestion,Customer_37,Customer_31,68,17,"[68, 27, 59, 74, 17]","[277, 270, 438, 205]",14.105456847218091,0.2680677807551151,2,0
2163,738,2,detour_3,Customer_37,Customer_31,68,17,"[68, 27, 59, 8, 17]","[277, 270, 105, 96]",14.458642408804199,0.27398412409512257,2,0
2164,739,0,shortest,Customer_38,Customer_9,14,34,"[14, 34]",[168],2.042542145354568,0.0510635536338642,0,0
2165,739,1,detour_2,Customer_38,Customer_9,14,34,"[14, 47, 34]","[162, 329]",3.131183716601875,0.07827959291504688,1,0
2166,739,2,detour_3,Customer_38,Customer_9,14,34,"[14, 26, 34]","[164, 266]",5.979823067296811,0.10872405576903293,0,0
2167,740,0,shortest,Customer_38,Customer_30,14,47,"[14, 47]",[162],2.2592410920418087,0.05648102730104522,0,0
2168,740,1,detour_2,Customer_38,Customer_30,14,47,"[14, 34, 47]","[168, 328]",2.914484769914634,0.07286211924786586,1,0
2169,740,2,detour_3,Customer_38,Customer_30,14,47,"[14, 65, 47]","[166, 387]",5.236906374868708,0.10540037036343283,0,0
2170,741,0,shortest,Customer_38,Customer_60,14,47,"[14, 47]",[162],2.2592410920418087,0.05648102730104522,0,0
2171,741,1,detour_2,Customer_38,Customer_60,14,47,"[14, 34, 47]","[168, 328]",2.914484769914634,0.07286211924786586,1,0
2172,741,2,detour_3,Customer_38,Customer_60,14,47,"[14, 65, 47]","[166, 387]",5.236906374868708,0.10540037036343283,0,0
2173,742,0,shortest,Customer_38,Customer_65,14,47,"[14, 47]",[162],2.2592410920418087,0.05648102730104522,0,0
2174,742,1,detour_2,Customer_38,Customer_65,14,47,"[14, 34, 47]","[168, 328]",2.914484769914634,0.07286211924786586,1,0
2175,742,2,detour_3,Customer_38,Customer_65,14,47,"[14, 65, 47]","[166, 387]",5.236906374868708,0.10540037036343283,0,0
2176,743,0,shortest,Customer_38,Customer_50,14,26,"[14, 26]",[164],3.192687070755355,0.05804885583191555,0,0
2177,743,1,detour_2,Customer_38,Customer_50,14,26,"[14, 34, 26]","[168, 267]",4.829678141896024,0.10173875357098158,0,0
2178,743,2,detour_3,Customer_38,Customer_50,14,26,"[14, 47, 26]","[162, 263]",4.2001426870988485,0.10500356717747121,0,0
2179,744,0,shortest,Customer_38,Customer_32,14,46,"[14, 46]",[170],3.3391358276011216,0.060711560501838575,0,0
2180,744,1,detour_2,Customer_38,Customer_32,14,46,"[14, 33, 46]","[172, 324]",6.186755786954276,0.12282937891452446,0,0
2181,744,2,detour_3,Customer_38,Customer_32,14,46,"[14, 33, 10, 46]","[172, 127, 124]",10.674983209398174,0.19409060380723953,0,0
2182,745,0,shortest,Customer_38,Customer_49,14,46,"[14, 46]",[170],3.3391358276011216,0.060711560501838575,0,0
2183,745,1,detour_2,Customer_38,Customer_49,14,46,"[14, 33, 46]","[172, 324]",6.186755786954276,0.12282937891452446,0,0
2184,745,2,detour_3,Customer_38,Customer_49,14,46,"[14, 33, 10, 46]","[172, 127, 124]",10.674983209398174,0.19409060380723953,0,0
2185,746,0,shortest,Customer_38,Customer_69,14,9,"[14, 26, 9]","[164, 109]",4.348053421357689,0.0869330145969739,0,0
2186,746,1,detour_2,Customer_38,Customer_69,14,9,"[14, 47, 9]","[162, 113]",5.328796851743331,0.11229113202289108,0,0
2187,746,2,detour_3,Customer_38,Customer_69,14,9,"[14, 34, 9]","[168, 111]",5.93167804108802,0.12177511537447241,0,0
2188,747,0,shortest,Customer_38,Customer_27,14,33,"[14, 33]",[172],4.66979564470209,0.0849053753582198,0,0
2189,747,1,detour_2,Customer_38,Customer_27,14,33,"[14, 46, 33]","[170, 325]",4.856095969853308,0.09863556405814322,0,0
2190,747,2,detour_3,Customer_38,Customer_27,14,33,"[14, 46, 10, 33]","[170, 125, 126]",9.344323392297206,0.1698967889508583,0,0
2191,748,0,shortest,Customer_38,Customer_79,14,33,"[14, 33]",[172],4.66979564470209,0.0849053753582198,0,0
2192,748,1,detour_2,Customer_38,Customer_79,14,33,"[14, 46, 33]","[170, 325]",4.856095969853308,0.09863556405814322,0,0
2193,748,2,detour_3,Customer_38,Customer_79,14,33,"[14, 46, 10, 33]","[170, 125, 126]",9.344323392297206,0.1698967889508583,0,0
2194,749,0,shortest,Customer_38,Customer_1,14,1,"[14, 26, 1]","[164, 13]",5.787701526462876,0.10523093684477956,0,0
2195,749,1,detour_2,Customer_38,Customer_1,14,1,"[14, 26, 9, 1]","[164, 109, 17]",5.788699170409871,0.12294915832327845,0,0
2196,749,2,detour_3,Customer_38,Customer_1,14,1,"[14, 47, 1]","[162, 15]",6.74435282557104,0.13802851336521307,0,0
2197,750,0,shortest,Customer_38,Customer_51,14,10,"[14, 46, 10]","[170, 125]",6.312921357606721,0.11478038832012222,0,0
2198,750,1,detour_2,Customer_38,Customer_51,14,10,"[14, 33, 10]","[172, 127]",7.701197679392575,0.14002177598895588,0,0
2199,750,2,detour_3,Customer_38,Customer_51,14,10,"[14, 46, 33, 10]","[170, 325, 127]",7.887498004543792,0.1537519646888793,0,0
2200,751,0,shortest,Customer_38,Customer_33,14,4,"[14, 46, 50, 55, 4]","[170, 384, 394, 47]",12.587604566369315,0.22886553757035122,2,0
2201,751,1,detour_2,Customer_38,Customer_33,14,4,"[14, 46, 50, 55, 17, 4]","[170, 384, 394, 199, 51]",12.696157398623678,0.25109419530411753,3,0
2202,751,2,detour_3,Customer_38,Customer_33,14,4,"[14, 46, 50, 74, 17, 4]","[170, 384, 396, 205, 51]",14.434638207657072,0.2656744852993215,3,0
2203,752,0,shortest,Customer_38,Customer_14,14,17,"[14, 46, 50, 55, 17]","[170, 384, 394, 199]",12.222934775142054,0.23926362971707693,2,0
2204,752,1,detour_2,Customer_38,Customer_14,14,17,"[14, 46, 50, 55, 4, 17]","[170, 384, 394, 47, 50]",13.060827189850938,0.24069610315739182,3,0
2205,752,2,detour_3,Customer_38,Customer_14,14,17,"[14, 46, 50, 74, 17]","[170, 384, 396, 205]",13.961415584175448,0.2538439197122809,2,0
2206,753,0,shortest,Customer_38,Customer_29,14,17,"[14, 46, 50, 55, 17]","[170, 384, 394, 199]",12.222934775142054,0.23926362971707693,2,0
2207,753,1,detour_2,Customer_38,Customer_29,14,17,"[14, 46, 50, 55, 4, 17]","[170, 384, 394, 47, 50]",13.060827189850938,0.24069610315739182,3,0
2208,753,2,detour_3,Customer_38,Customer_29,14,17,"[14, 46, 50, 74, 17]","[170, 384, 396, 205]",13.961415584175448,0.2538439197122809,2,0
2209,754,0,shortest,Customer_38,Customer_31,14,17,"[14, 46, 50, 55, 17]","[170, 384, 394, 199]",12.222934775142054,0.23926362971707693,2,0
2210,754,1,detour_2,Customer_38,Customer_31,14,17,"[14, 46, 50, 55, 4, 17]","[170, 384, 394, 47, 50]",13.060827189850938,0.24069610315739182,3,0
2211,754,2,detour_3,Customer_38,Customer_31,14,17,"[14, 46, 50, 74, 17]","[170, 384, 396, 205]",13.961415584175448,0.2538439197122809,2,0
2212,755,0,shortest,Customer_38,Customer_2,14,55,"[14, 46, 50, 55]","[170, 384, 394]",9.725428483682917,0.1768259724305985,1,0
2213,755,1,detour_2,Customer_38,Customer_2,14,55,"[14, 46, 10, 50, 55]","[170, 125, 120, 394]",11.975386620364398,0.2177343021884436,1,0
2214,755,2,detour_3,Customer_38,Customer_2,14,55,"[14, 46, 50, 74, 55]","[170, 384, 396, 415]",12.534625489674445,0.23779624379017292,2,0
2215,756,0,shortest,Customer_38,Customer_71,14,32,"[14, 46, 10, 32]","[170, 125, 118]",8.923606289987081,0.1622473870906742,0,0
2216,756,1,detour_2,Customer_38,Customer_71,14,32,"[14, 46, 50, 32]","[170, 384, 319]",10.178771761575494,0.18506857748319078,1,0
2217,756,2,detour_3,Customer_38,Customer_71,14,32,"[14, 33, 10, 32]","[172, 127, 118]",10.311882611772935,0.18748877475950787,0,0
2218,757,0,shortest,Customer_38,Customer_52,14,43,"[14, 46, 43]","[170, 377]",7.7569856807006765,0.14103610328546684,0,0
2219,757,1,detour_2,Customer_38,Customer_52,14,43,"[14, 33, 43]","[172, 320]",7.915218560139012,0.14391306472980023,0,0
2220,757,2,detour_3,Customer_38,Customer_52,14,43,"[14, 46, 33, 43]","[170, 325, 320]",8.101518885290231,0.15764325342972363,0,0
2221,758,0,shortest,Customer_38,Customer_58,14,43,"[14, 46, 43]","[170, 377]",7.7569856807006765,0.14103610328546684,0,0
2222,758,1,detour_2,Customer_38,Customer_58,14,43,"[14, 33, 43]","[172, 320]",7.915218560139012,0.14391306472980023,0,0
2223,758,2,detour_3,Customer_38,Customer_58,14,43,"[14, 46, 33, 43]","[170, 325, 320]",8.101518885290231,0.15764325342972363,0,0
2224,759,0,same_node,Customer_39,Customer_75,15,15,[15],[],0.0,0.0,0,0
2225,760,0,shortest,Customer_39,Customer_10,15,73,"[15, 73]",[180],4.293751357646036,0.0780682065026552,0,0
2226,760,1,detour_2,Customer_39,Customer_10,15,73,"[15, 75, 73]","[176, 463]",6.776274422298368,0.12320498949633396,0,0
2227,760,2,detour_3,Customer_39,Customer_10,15,73,"[15, 25, 75, 73]","[178, 260, 463]",15.721447692875046,0.285844503506819,0,0
2228,761,0,shortest,Customer_39,Customer_13,15,35,"[15, 35]",[174],5.309442458572996,0.09653531742859993,0,0
2229,761,1,detour_2,Customer_39,Customer_13,15,35,"[15, 25, 35]","[178, 256]",6.703273346070046,0.1364246451035792,0,0
2230,761,2,detour_3,Customer_39,Customer_13,15,35,"[15, 70, 35]","[182, 331]",12.715200941612384,0.2311854716656797,0,0
2231,762,0,shortest,Customer_39,Customer_17,15,38,"[15, 73, 38]","[180, 357]",9.071345035442032,0.16493354609894603,0,0
2232,762,1,detour_2,Customer_39,Customer_17,15,38,"[15, 75, 73, 38]","[176, 463, 357]",11.553868100094363,0.2100703290926248,0,0
2233,762,2,detour_3,Customer_39,Customer_17,15,38,"[15, 73, 67, 38]","[180, 455, 353]",12.171431834785505,0.22129876063246373,0,0
2234,763,0,shortest,Customer_39,Customer_74,15,38,"[15, 73, 38]","[180, 357]",9.071345035442032,0.16493354609894603,0,0
2235,763,1,detour_2,Customer_39,Customer_74,15,38,"[15, 75, 73, 38]","[176, 463, 357]",11.553868100094363,0.2100703290926248,0,0
2236,763,2,detour_3,Customer_39,Customer_74,15,38,"[15, 73, 67, 38]","[180, 455, 353]",12.171431834785505,0.22129876063246373,0,0
2237,764,0,shortest,Customer_39,Customer_21,15,67,"[15, 73, 67]","[180, 455]",8.953033249807277,0.16278242272376867,0,0
2238,764,1,detour_2,Customer_39,Customer_21,15,67,"[15, 75, 67]","[176, 457]",11.326504390943542,0.20593644347170076,0,0
2239,764,2,detour_3,Customer_39,Customer_21,15,67,"[15, 75, 73, 67]","[176, 463, 455]",11.435556314459609,0.20791920571744743,0,0
2240,765,0,shortest,Customer_39,Customer_22,15,67,"[15, 73, 67]","[180, 455]",8.953033249807277,0.16278242272376867,0,0
2241,765,1,detour_2,Customer_39,Customer_22,15,67,"[15, 75, 67]","[176, 457]",11.326504390943542,0.20593644347170076,0,0
2242,765,2,detour_3,Customer_39,Customer_22,15,67,"[15, 75, 73, 67]","[176, 463, 455]",11.435556314459609,0.20791920571744743,0,0
2243,766,0,shortest,Customer_39,Customer_52,15,43,"[15, 73, 67, 43]","[180, 455, 375]",10.164530193932496,0.19306984632689916,0,0
2244,766,1,detour_2,Customer_39,Customer_52,15,43,"[15, 73, 38, 43]","[180, 357, 350]",11.58585419489726,0.21065189445267746,0,0
2245,766,2,detour_3,Customer_39,Customer_52,15,43,"[15, 75, 67, 43]","[176, 457, 375]",12.538001335068762,0.23622386707483126,0,0
2246,767,0,shortest,Customer_39,Customer_58,15,43,"[15, 73, 67, 43]","[180, 455, 375]",10.164530193932496,0.19306984632689916,0,0
2247,767,1,detour_2,Customer_39,Customer_58,15,43,"[15, 73, 38, 43]","[180, 357, 350]",11.58585419489726,0.21065189445267746,0,0
2248,767,2,detour_3,Customer_39,Customer_58,15,43,"[15, 75, 67, 43]","[176, 457, 375]",12.538001335068762,0.23622386707483126,0,0
2249,768,0,shortest,Customer_39,Customer_51,15,10,"[15, 73, 38, 10]","[180, 357, 129]",13.031349360216083,0.2369336247312015,0,0
2250,768,1,detour_2,Customer_39,Customer_51,15,10,"[15, 73, 67, 10]","[180, 455, 133]",13.210146592103003,0.24018448349278188,0,0
2251,768,2,detour_3,Customer_39,Customer_51,15,10,"[15, 73, 67, 43, 10]","[180, 455, 375, 131]",13.283592725264295,0.2497800741692955,0,0
2252,769,0,shortest,Customer_39,Customer_71,15,32,"[15, 73, 38, 32]","[180, 357, 313]",13.632976931961963,0.24787230785385383,0,0
2253,769,1,detour_2,Customer_39,Customer_71,15,32,"[15, 73, 38, 76, 32]","[180, 357, 354, 315]",14.009541445387313,0.2633291444979813,0,0
2254,769,2,detour_3,Customer_39,Customer_71,15,32,"[15, 73, 38, 10, 32]","[180, 357, 129, 118]",15.642034292596444,0.2844006235017535,0,0
2255,770,0,shortest,Customer_39,Customer_27,15,33,"[15, 73, 67, 33]","[180, 455, 323]",12.601199097024992,0.22911271085499985,0,0
2256,770,1,detour_2,Customer_39,Customer_27,15,33,"[15, 73, 67, 43, 33]","[180, 455, 375, 321]",13.409953109369418,0.25207753569847957,0,0
2257,770,2,detour_3,Customer_39,Customer_27,15,33,"[15, 73, 38, 43, 33]","[180, 357, 350, 321]",14.831277110334183,0.26965958382425786,0,0
2258,771,0,shortest,Customer_39,Customer_79,15,33,"[15, 73, 67, 33]","[180, 455, 323]",12.601199097024992,0.22911271085499985,0,0
2259,771,1,detour_2,Customer_39,Customer_79,15,33,"[15, 73, 67, 43, 33]","[180, 455, 375, 321]",13.409953109369418,0.25207753569847957,0,0
2260,771,2,detour_3,Customer_39,Customer_79,15,33,"[15, 73, 38, 43, 33]","[180, 357, 350, 321]",14.831277110334183,0.26965958382425786,0,0
2261,772,0,shortest,Customer_39,Customer_32,15,46,"[15, 73, 67, 33, 46]","[180, 455, 323, 324]",14.118159239277178,0.2670367144113045,0,0
2262,772,1,detour_2,Customer_39,Customer_32,15,46,"[15, 73, 67, 43, 46]","[180, 455, 375, 376]",14.58238004703205,0.27339438911052744,0,0
2263,772,2,detour_3,Customer_39,Customer_32,15,46,"[15, 73, 67, 43, 33, 46]","[180, 455, 375, 321, 324]",14.926913251621604,0.2900015392547842,0,0
2264,773,0,shortest,Customer_39,Customer_49,15,46,"[15, 73, 67, 33, 46]","[180, 455, 323, 324]",14.118159239277178,0.2670367144113045,0,0
2265,773,1,detour_2,Customer_39,Customer_49,15,46,"[15, 73, 67, 43, 46]","[180, 455, 375, 376]",14.58238004703205,0.27339438911052744,0,0
2266,773,2,detour_3,Customer_39,Customer_49,15,46,"[15, 73, 67, 43, 33, 46]","[180, 455, 375, 321, 324]",14.926913251621604,0.2900015392547842,0,0
2267,774,0,shortest,Customer_39,Customer_57,15,58,"[15, 35, 58]","[174, 336]",13.636030481241892,0.24792782693167076,0,0
2268,774,1,detour_2,Customer_39,Customer_57,15,58,"[15, 25, 35, 58]","[178, 256, 336]",15.029861368738942,0.28781715460665,0,0
2269,774,2,detour_3,Customer_39,Customer_57,15,58,"[15, 70, 58]","[182, 437]",16.86140094441511,0.3065709262620929,0,0
2270,775,0,shortest,Customer_39,Customer_78,15,58,"[15, 35, 58]","[174, 336]",13.636030481241892,0.24792782693167076,0,0
2271,775,1,detour_2,Customer_39,Customer_78,15,58,"[15, 25, 35, 58]","[178, 256, 336]",15.029861368738942,0.28781715460665,0,0
2272,775,2,detour_3,Customer_39,Customer_78,15,58,"[15, 70, 58]","[182, 437]",16.86140094441511,0.3065709262620929,0,0
2273,776,0,shortest,Customer_39,Customer_40,15,36,"[15, 35, 36]","[174, 334]",14.545900633773162,0.26447092061405747,0,0
2274,776,1,detour_2,Customer_39,Customer_40,15,36,"[15, 70, 36]","[182, 339]",15.599008755965723,0.28361834101755856,0,0
2275,776,2,detour_3,Customer_39,Customer_40,15,36,"[15, 25, 35, 36]","[178, 256, 334]",15.939731521270211,0.30436024828903674,0,0
2276,777,0,shortest,Customer_39,Customer_44,15,36,"[15, 35, 36]","[174, 334]",14.545900633773162,0.26447092061405747,0,0
2277,777,1,detour_2,Customer_39,Customer_44,15,36,"[15, 70, 36]","[182, 339]",15.599008755965723,0.28361834101755856,0,0
2278,777,2,detour_3,Customer_39,Customer_44,15,36,"[15, 25, 35, 36]","[178, 256, 334]",15.939731521270211,0.30436024828903674,0,0
2279,778,0,shortest,Customer_39,Customer_77,15,28,"[15, 25, 49, 28]","[178, 254, 291]",16.096751455151377,0.29266820827547957,0,0
2280,778,1,detour_2,Customer_39,Customer_77,15,28,"[15, 35, 49, 28]","[174, 332, 291]",17.855413276672994,0.3246438777576908,0,0
2281,778,2,detour_3,Customer_39,Customer_77,15,28,"[15, 73, 38, 32, 28]","[180, 357, 313, 289]",19.051830032911347,0.3463969096892972,0,0
2282,779,0,same_node,Customer_40,Customer_44,36,36,[36],[],0.0,0.0,0,0
2283,780,0,shortest,Customer_40,Customer_57,36,58,"[36, 58]",[340],4.032502734252157,0.0733182315318574,0,0
2284,780,1,detour_2,Customer_40,Customer_57,36,58,"[36, 70, 58]","[338, 437]",16.237101774320525,0.2952200322603732,0,0
2285,780,2,detour_3,Customer_40,Customer_57,36,58,"[36, 35, 58]","[335, 336]",17.56304619786906,0.31932811268852834,0,0
2286,781,0,shortest,Customer_40,Customer_78,36,58,"[36, 58]",[340],4.032502734252157,0.0733182315318574,0,0
2287,781,1,detour_2,Customer_40,Customer_78,36,58,"[36, 70, 58]","[338, 437]",16.237101774320525,0.2952200322603732,0,0
2288,781,2,detour_3,Customer_40,Customer_78,36,58,"[36, 35, 58]","[335, 336]",17.56304619786906,0.31932811268852834,0,0
2289,782,0,shortest,Customer_40,Customer_13,36,35,"[36, 35]",[335],9.236458175200164,0.16793560318545753,0,0
2290,782,1,detour_2,Customer_40,Customer_13,36,35,"[36, 70, 35]","[338, 331]",12.0909017715178,0.21983457766396,0,0
2291,782,2,detour_3,Customer_40,Customer_13,36,35,"[36, 58, 35]","[340, 337]",12.359090756921052,0.22471074103492822,0,0
2292,783,0,shortest,Customer_40,Customer_39,36,15,"[36, 35, 15]","[335, 175]",14.545900633773162,0.26447092061405747,0,0
2293,783,1,detour_2,Customer_40,Customer_39,36,15,"[36, 70, 15]","[338, 183]",15.599008755965723,0.28361834101755856,0,0
2294,783,2,detour_3,Customer_40,Customer_39,36,15,"[36, 35, 25, 15]","[335, 257, 179]",15.93973152127021,0.30436024828903674,0,0
2295,784,0,shortest,Customer_40,Customer_75,36,15,"[36, 35, 15]","[335, 175]",14.545900633773162,0.26447092061405747,0,0
2296,784,1,detour_2,Customer_40,Customer_75,36,15,"[36, 70, 15]","[338, 183]",15.599008755965723,0.28361834101755856,0,0
2297,784,2,detour_3,Customer_40,Customer_75,36,15,"[36, 35, 25, 15]","[335, 257, 179]",15.93973152127021,0.30436024828903674,0,0
2298,785,0,shortest,Customer_40,Customer_77,36,28,"[36, 49, 28]","[342, 291]",17.136188170756107,0.311567057650111,0,0
2299,785,1,detour_2,Customer_40,Customer_77,36,28,"[36, 58, 49, 28]","[340, 393, 291]",17.928766960972958,0.3259775811085992,0,0
2300,785,2,detour_3,Customer_40,Customer_77,36,28,"[36, 35, 49, 28]","[335, 332, 291]",21.78242899330016,0.3960441635145484,0,0
2301,786,0,shortest,Customer_40,Customer_48,36,27,"[36, 49, 28, 27]","[342, 291, 273]",20.209997400977805,0.3674544981995964,0,0
2302,786,1,detour_2,Customer_40,Customer_48,36,27,"[36, 58, 49, 28, 27]","[340, 393, 291, 273]",21.002576191194656,0.3818650216580846,0,0
2303,786,2,detour_3,Customer_40,Customer_48,36,27,"[36, 35, 49, 28, 27]","[335, 332, 291, 273]",24.85623822352186,0.4519316040640338,0,0
2304,787,0,shortest,Customer_40,Customer_17,36,38,"[36, 49, 76, 38]","[342, 390, 355]",20.87857732154424,0.3796104967553498,0,0
2305,787,1,detour_2,Customer_40,Customer_17,36,38,"[36, 58, 49, 76, 38]","[340, 393, 390, 355]",21.67115611176109,0.394021020213838,0,0
2306,787,2,detour_3,Customer_40,Customer_17,36,38,"[36, 49, 76, 32, 38]","[342, 390, 315, 312]",23.02767415212772,0.4272951937114432,0,0
2307,788,0,shortest,Customer_40,Customer_74,36,38,"[36, 49, 76, 38]","[342, 390, 355]",20.87857732154424,0.3796104967553498,0,0
2308,788,1,detour_2,Customer_40,Customer_74,36,38,"[36, 58, 49, 76, 38]","[340, 393, 390, 355]",21.67115611176109,0.394021020213838,0,0
2309,788,2,detour_3,Customer_40,Customer_74,36,38,"[36, 49, 76, 32, 38]","[342, 390, 315, 312]",23.02767415212772,0.4272951937114432,0,0
2310,789,0,shortest,Customer_40,Customer_7,36,11,"[36, 49, 28, 27, 11]","[342, 291, 273, 139]",26.81639050344129,0.4875707364262053,0,0
2311,789,1,detour_2,Customer_40,Customer_7,36,11,"[36, 58, 49, 28, 27, 11]","[340, 393, 291, 273, 139]",27.60896929365814,0.5019812598846934,0,0
2312,789,2,detour_3,Customer_40,Customer_7,36,11,"[36, 49, 28, 27, 68, 11]","[342, 291, 273, 276, 135]",27.86510655068767,0.5066383009215939,0,0
2313,790,0,shortest,Customer_40,Customer_10,36,73,"[36, 35, 15, 73]","[335, 175, 180]",18.839651991419196,0.34253912711671264,0,0
2314,790,1,detour_2,Customer_40,Customer_10,36,73,"[36, 70, 15, 73]","[338, 183, 180]",19.892760113611757,0.3616865475202138,0,0
2315,790,2,detour_3,Customer_40,Customer_10,36,73,"[36, 35, 25, 15, 73]","[335, 257, 179, 180]",20.233482878916245,0.38242845479169196,0,0
2316,791,0,same_node,Customer_41,Customer_35,8,8,[8],[],0.0,0.0,0,0
2317,792,0,same_node,Customer_41,Customer_46,8,8,[8],[],0.0,0.0,0,0
2318,793,0,shortest,Customer_41,Customer_15,8,72,"[8, 72]",[94],1.2356874309437793,0.030892185773594483,1,0
2319,793,1,detour_2,Customer_41,Customer_15,8,72,"[8, 74, 72]","[106, 461]",3.4611195116649185,0.08652798779162296,2,0
2320,793,2,detour_3,Customer_41,Customer_15,8,72,"[8, 31, 72]","[92, 306]",3.6375536132472384,0.09093884033118096,2,0
2321,794,0,shortest,Customer_41,Customer_26,8,31,"[8, 31]",[92],1.5718002969005997,0.039295007422514995,1,0
2322,794,1,detour_2,Customer_41,Customer_26,8,31,"[8, 18, 31]","[98, 206]",1.9049794910342701,0.047624487275856754,2,0
2323,794,2,detour_3,Customer_41,Customer_26,8,31,"[8, 72, 31]","[94, 307]",3.301440747290418,0.08253601868226045,2,0
2324,795,0,shortest,Customer_41,Customer_67,8,31,"[8, 31]",[92],1.5718002969005997,0.039295007422514995,1,0
2325,795,1,detour_2,Customer_41,Customer_67,8,31,"[8, 18, 31]","[98, 206]",1.9049794910342701,0.047624487275856754,2,0
2326,795,2,detour_3,Customer_41,Customer_67,8,31,"[8, 72, 31]","[94, 307]",3.301440747290418,0.08253601868226045,2,0
2327,796,0,shortest,Customer_41,Customer_14,8,17,"[8, 17]",[96],1.6279584438067927,0.040698961095169815,1,0
2328,796,1,detour_2,Customer_41,Customer_14,8,17,"[8, 4, 17]","[43, 50]",2.4942098505990686,0.06235524626497672,2,0
2329,796,2,detour_3,Customer_41,Customer_14,8,17,"[8, 72, 17]","[94, 197]",3.7082713176300715,0.09270678294075178,2,0
2330,797,0,shortest,Customer_41,Customer_29,8,17,"[8, 17]",[96],1.6279584438067927,0.040698961095169815,1,0
2331,797,1,detour_2,Customer_41,Customer_29,8,17,"[8, 4, 17]","[43, 50]",2.4942098505990686,0.06235524626497672,2,0
2332,797,2,detour_3,Customer_41,Customer_29,8,17,"[8, 72, 17]","[94, 197]",3.7082713176300715,0.09270678294075178,2,0
2333,798,0,shortest,Customer_41,Customer_31,8,17,"[8, 17]",[96],1.6279584438067927,0.040698961095169815,1,0
2334,798,1,detour_2,Customer_41,Customer_31,8,17,"[8, 4, 17]","[43, 50]",2.4942098505990686,0.06235524626497672,2,0
2335,798,2,detour_3,Customer_41,Customer_31,8,17,"[8, 72, 17]","[94, 197]",3.7082713176300715,0.09270678294075178,2,0
2336,799,0,shortest,Customer_41,Customer_33,8,4,"[8, 4]",[43],2.0209872271174447,0.05052468067793612,1,0
2337,799,1,detour_2,Customer_41,Customer_33,8,4,"[8, 17, 4]","[96, 51]",2.1011810672884166,0.05252952668221041,2,0
2338,799,2,detour_3,Customer_41,Customer_33,8,4,"[8, 72, 4]","[94, 49]",4.17242488186316,0.08428741215394686,2,0
2339,800,0,shortest,Customer_41,Customer_3,8,74,"[8, 74]",[106],2.2410264063677987,0.05602566015919497,1,0
2340,800,1,detour_2,Customer_41,Customer_3,8,74,"[8, 72, 74]","[94, 460]",2.4557805362408995,0.061394513406022484,2,0
2341,800,2,detour_3,Customer_41,Customer_3,8,74,"[8, 55, 74]","[102, 414]",4.215148400249557,0.0865330239824477,2,0
2342,801,0,shortest,Customer_41,Customer_42,8,74,"[8, 74]",[106],2.2410264063677987,0.05602566015919497,1,0
2343,801,1,detour_2,Customer_41,Customer_42,8,74,"[8, 72, 74]","[94, 460]",2.4557805362408995,0.061394513406022484,2,0
2344,801,2,detour_3,Customer_41,Customer_42,8,74,"[8, 55, 74]","[102, 414]",4.215148400249557,0.0865330239824477,2,0
2345,802,0,shortest,Customer_41,Customer_47,8,74,"[8, 74]",[106],2.2410264063677987,0.05602566015919497,1,0
2346,802,1,detour_2,Customer_41,Customer_47,8,74,"[8, 72, 74]","[94, 460]",2.4557805362408995,0.061394513406022484,2,0
2347,802,2,detour_3,Customer_41,Customer_47,8,74,"[8, 55, 74]","[102, 414]",4.215148400249557,0.0865330239824477,2,0
2348,803,0,shortest,Customer_41,Customer_2,8,55,"[8, 55]",[102],2.764033950156048,0.050255162730109965,1,0
2349,803,1,detour_2,Customer_41,Customer_2,8,55,"[8, 72, 55]","[94, 417]",3.538123151316442,0.08845307878291106,2,0
2350,803,2,detour_3,Customer_41,Customer_2,8,55,"[8, 74, 55]","[106, 415]",3.6921408564613074,0.0923035214115327,2,0
2351,804,0,shortest,Customer_41,Customer_54,8,69,"[8, 31, 69]","[92, 310]",5.01902805916583,0.10197187582733738,2,0
2352,804,1,detour_2,Customer_41,Customer_54,8,69,"[8, 72, 69]","[94, 459]",5.2644009410360475,0.10414152232072663,2,0
2353,804,2,detour_3,Customer_41,Customer_54,8,69,"[8, 18, 69]","[98, 214]",5.178335579909229,0.10587750516772862,2,0
2354,805,0,shortest,Customer_41,Customer_55,8,48,"[8, 42, 48]","[100, 372]",5.0999025893843335,0.10753760709600838,2,0
2355,805,1,detour_2,Customer_41,Customer_55,8,48,"[8, 18, 48]","[98, 212]",6.221819649971614,0.12484994280522653,2,0
2356,805,2,detour_3,Customer_41,Customer_55,8,48,"[8, 31, 18, 48]","[92, 207, 212]",6.258987681555309,0.12577914359481893,3,0
2357,806,0,shortest,Customer_41,Customer_9,8,34,"[8, 55, 50, 46, 14, 34]","[102, 395, 385, 171, 168]",14.532004579193535,0.27814468879457266,2,0
2358,806,1,detour_2,Customer_41,Customer_9,8,34,"[8, 55, 50, 46, 14, 47, 34]","[102, 395, 385, 171, 162, 329]",15.620646150440841,0.30536072807575537,3,0
2359,806,2,detour_3,Customer_41,Customer_9,8,34,"[8, 74, 50, 46, 14, 34]","[106, 397, 385, 171, 168]",15.367079591303304,0.3086075963308944,2,0
2360,807,0,shortest,Customer_41,Customer_77,8,28,"[8, 59, 28]","[104, 283]",6.628716375074549,0.12052211591044634,2,0
2361,807,1,avoid_congestion,Customer_41,Customer_77,8,28,"[8, 59, 27, 28]","[104, 271, 272]",11.081224039828708,0.20147680072415836,1,0
2362,807,2,detour_2,Customer_41,Customer_77,8,28,"[8, 72, 28]","[94, 287]",6.6258862728094154,0.1288958010802424,2,0
2363,807,3,detour_3,Customer_41,Customer_77,8,28,"[8, 74, 28]","[106, 285]",6.961014566703737,0.14184362671075748,2,0
2364,808,0,shortest,Customer_41,Customer_5,8,7,"[8, 31, 69, 22, 7]","[92, 310, 239, 87]",12.860934422695369,0.24455199152787446,2,0
2365,808,1,detour_2,Customer_41,Customer_5,8,7,"[8, 72, 69, 22, 7]","[94, 459, 239, 87]",13.106307304565586,0.2467216380212637,2,0
2366,808,2,detour_3,Customer_41,Customer_5,8,7,"[8, 18, 69, 22, 7]","[98, 214, 239, 87]",13.02024194343877,0.2484576208682657,2,0
2367,809,0,shortest,Customer_41,Customer_71,8,32,"[8, 55, 32]","[102, 317]",6.994960504470553,0.1271811000812828,2,0
2368,809,1,detour_2,Customer_41,Customer_71,8,32,"[8, 55, 50, 32]","[102, 395, 319]",8.425648627123117,0.15319361140223853,3,0
2369,809,2,detour_3,Customer_41,Customer_71,8,32,"[8, 72, 55, 32]","[94, 417, 317]",7.769049705630948,0.1653790161340839,3,0
2370,810,0,shortest,Customer_41,Customer_30,8,47,"[8, 55, 50, 46, 14, 47]","[102, 395, 385, 171, 162]",14.748703525880774,0.2835621624617537,2,0
2371,810,1,detour_2,Customer_41,Customer_30,8,47,"[8, 55, 50, 46, 14, 34, 47]","[102, 395, 385, 171, 168, 328]",15.403947203753601,0.29994325440857433,3,0
2372,810,2,detour_3,Customer_41,Customer_30,8,47,"[8, 74, 50, 46, 14, 47]","[106, 397, 385, 171, 162]",15.583778537990543,0.3140250699980754,2,0
2373,811,0,same_node,Customer_42,Customer_3,74,74,[74],[],0.0,0.0,0,0
2374,812,0,same_node,Customer_42,Customer_47,74,74,[74],[],0.0,0.0,0,0
2375,813,0,shortest,Customer_42,Customer_15,74,72,"[74, 72]",[461],1.22009310529712,0.030502327632428,1,0
2376,813,1,detour_2,Customer_42,Customer_15,74,72,"[74, 8, 72]","[107, 94]",3.476713837311578,0.08691784593278945,2,0
2377,813,2,detour_3,Customer_42,Customer_15,74,72,"[74, 55, 72]","[415, 416]",3.7535501704661716,0.09383875426165429,2,0
2378,814,0,shortest,Customer_42,Customer_2,74,55,"[74, 55]",[415],1.451114450093509,0.03627786125233772,1,0
2379,814,1,detour_2,Customer_42,Customer_2,74,55,"[74, 72, 55]","[461, 417]",3.5225288256697826,0.08806322064174457,2,0
2380,814,2,detour_3,Customer_42,Customer_2,74,55,"[74, 59, 55]","[439, 419]",4.764054820497257,0.09822410754200905,2,0
2381,815,0,shortest,Customer_42,Customer_35,74,8,"[74, 8]",[107],2.2410264063677987,0.05602566015919497,1,0
2382,815,1,detour_2,Customer_42,Customer_35,74,8,"[74, 72, 8]","[461, 95]",2.4557805362408995,0.061394513406022484,2,0
2383,815,2,detour_3,Customer_42,Customer_35,74,8,"[74, 55, 8]","[415, 103]",4.215148400249557,0.0865330239824477,2,0
2384,816,0,shortest,Customer_42,Customer_41,74,8,"[74, 8]",[107],2.2410264063677987,0.05602566015919497,1,0
2385,816,1,detour_2,Customer_42,Customer_41,74,8,"[74, 72, 8]","[461, 95]",2.4557805362408995,0.061394513406022484,2,0
2386,816,2,detour_3,Customer_42,Customer_41,74,8,"[74, 55, 8]","[415, 103]",4.215148400249557,0.0865330239824477,2,0
2387,817,0,shortest,Customer_42,Customer_46,74,8,"[74, 8]",[107],2.2410264063677987,0.05602566015919497,1,0
2388,817,1,detour_2,Customer_42,Customer_46,74,8,"[74, 72, 8]","[461, 95]",2.4557805362408995,0.061394513406022484,2,0
2389,817,2,detour_3,Customer_42,Customer_46,74,8,"[74, 55, 8]","[415, 103]",4.215148400249557,0.0865330239824477,2,0
2390,818,0,shortest,Customer_42,Customer_14,74,17,"[74, 17]",[205],2.8779045445945126,0.052325537174445685,1,0
2391,818,1,detour_2,Customer_42,Customer_14,74,17,"[74, 72, 17]","[461, 197]",3.6926769919834124,0.09231692479958531,2,0
2392,818,2,detour_3,Customer_42,Customer_14,74,17,"[74, 72, 4, 17]","[461, 49, 50]",4.630053179698124,0.09572811959982097,3,0
2393,819,0,shortest,Customer_42,Customer_29,74,17,"[74, 17]",[205],2.8779045445945126,0.052325537174445685,1,0
2394,819,1,detour_2,Customer_42,Customer_29,74,17,"[74, 72, 17]","[461, 197]",3.6926769919834124,0.09231692479958531,2,0
2395,819,2,detour_3,Customer_42,Customer_29,74,17,"[74, 72, 4, 17]","[461, 49, 50]",4.630053179698124,0.09572811959982097,3,0
2396,820,0,shortest,Customer_42,Customer_31,74,17,"[74, 17]",[205],2.8779045445945126,0.052325537174445685,1,0
2397,820,1,detour_2,Customer_42,Customer_31,74,17,"[74, 72, 17]","[461, 197]",3.6926769919834124,0.09231692479958531,2,0
2398,820,2,detour_3,Customer_42,Customer_31,74,17,"[74, 72, 4, 17]","[461, 49, 50]",4.630053179698124,0.09572811959982097,3,0
2399,821,0,shortest,Customer_42,Customer_26,74,31,"[74, 31]",[309],3.2857050776793733,0.05974009232144315,1,0
2400,821,1,detour_2,Customer_42,Customer_26,74,31,"[74, 72, 31]","[461, 307]",3.2858464216437584,0.08214616054109397,2,0
2401,821,2,detour_3,Customer_42,Customer_26,74,31,"[74, 72, 18, 31]","[461, 209, 206]",3.6560584763889286,0.09140146190972322,3,0
2402,822,0,shortest,Customer_42,Customer_67,74,31,"[74, 31]",[309],3.2857050776793733,0.05974009232144315,1,0
2403,822,1,detour_2,Customer_42,Customer_67,74,31,"[74, 72, 31]","[461, 307]",3.2858464216437584,0.08214616054109397,2,0
2404,822,2,detour_3,Customer_42,Customer_67,74,31,"[74, 72, 18, 31]","[461, 209, 206]",3.6560584763889286,0.09140146190972322,3,0
2405,823,0,shortest,Customer_42,Customer_33,74,4,"[74, 17, 4]","[205, 51]",3.3511271680761365,0.06415610276148628,2,0
2406,823,1,detour_2,Customer_42,Customer_33,74,4,"[74, 72, 4]","[461, 49]",4.156830556216501,0.08389755401278037,2,0
2407,823,2,detour_3,Customer_42,Customer_33,74,4,"[74, 55, 4]","[415, 47]",4.313290532779908,0.08831742639209042,2,0
2408,824,0,shortest,Customer_42,Customer_77,74,28,"[74, 28]",[285],4.719988160335938,0.08581796655156251,1,0
2409,824,1,detour_2,Customer_42,Customer_77,74,28,"[74, 59, 28]","[439, 283]",5.025584712700724,0.10297919649116298,2,0
2410,824,2,detour_3,Customer_42,Customer_77,74,28,"[74, 72, 28]","[461, 287]",6.6102919471627555,0.1285059429390759,2,0
2411,825,0,shortest,Customer_42,Customer_54,74,69,"[74, 72, 69]","[461, 459]",5.2488066153893875,0.10375166417956014,2,0
2412,825,1,avoid_congestion,Customer_42,Customer_54,74,69,"[74, 59, 27, 69]","[439, 271, 274]",10.78570905812137,0.20770873004426565,1,0
2413,825,2,detour_2,Customer_42,Customer_54,74,69,"[74, 59, 69]","[439, 442]",5.371210595043063,0.1092633034428419,2,0
2414,825,3,detour_3,Customer_42,Customer_54,74,69,"[74, 31, 69]","[309, 310]",6.7329328399446045,0.12241696072626554,2,0
2415,826,0,shortest,Customer_42,Customer_71,74,32,"[74, 55, 32]","[415, 317]",5.682041004408014,0.11320379860351054,2,0
2416,826,1,avoid_congestion,Customer_42,Customer_71,74,32,"[74, 50, 10, 32]","[397, 121, 118]",9.631232751036054,0.17511332274611008,1,0
2417,826,2,detour_2,Customer_42,Customer_71,74,32,"[74, 50, 32]","[397, 319]",7.019697232865088,0.12763085877936525,2,0
2418,826,3,detour_3,Customer_42,Customer_71,74,32,"[74, 55, 50, 32]","[415, 395, 319]",7.112729127060579,0.13921630992446626,3,0
2419,827,0,shortest,Customer_42,Customer_48,74,27,"[74, 27]",[279],6.403611617492714,0.11642930213623115,1,0
2420,827,1,avoid_congestion,Customer_42,Customer_48,74,27,"[74, 59, 27]","[439, 271]",6.404283147233186,0.12804644075538957,1,0
2421,827,2,detour_3,Customer_42,Customer_48,74,27,"[74, 28, 27]","[285, 273]",7.793797390557636,0.1417054071010479,1,0
2422,828,0,shortest,Customer_42,Customer_51,74,10,"[74, 50, 10]","[397, 121]",7.020547818655694,0.12764632397555808,1,0
2423,828,1,detour_2,Customer_42,Customer_51,74,10,"[74, 55, 50, 10]","[415, 395, 121]",7.113579712851185,0.1392317751206591,2,0
2424,828,2,detour_3,Customer_42,Customer_51,74,10,"[74, 55, 32, 10]","[415, 317, 119]",8.292725936788374,0.16067079737406254,2,0
2425,829,0,shortest,Customer_42,Customer_9,74,34,"[74, 50, 46, 14, 34]","[397, 385, 171, 168]",13.126053184935504,0.2525819361716994,1,0
2426,829,1,detour_2,Customer_42,Customer_9,74,34,"[74, 55, 50, 46, 14, 34]","[415, 395, 385, 171, 168]",13.219085079130995,0.26416738731680045,2,0
2427,829,2,detour_3,Customer_42,Customer_9,74,34,"[74, 50, 46, 14, 47, 34]","[397, 385, 171, 162, 329]",14.21469475618281,0.2797979754528821,2,0
2428,830,0,shortest,Customer_42,Customer_55,74,48,"[74, 17, 4, 48]","[205, 51, 52]",7.641759525537303,0.14216760016987112,3,0
2429,830,1,detour_2,Customer_42,Customer_55,74,48,"[74, 31, 18, 48]","[309, 207, 212]",7.972892462334084,0.14622422849374708,3,0
2430,830,2,detour_3,Customer_42,Customer_55,74,48,"[74, 72, 4, 48]","[461, 49, 52]",8.447462913677668,0.16190905142116524,3,0
2431,831,0,same_node,Customer_43,Customer_76,0,0,[0],[],0.0,0.0,0,0
2432,832,0,shortest,Customer_43,Customer_72,0,24,"[0, 24]",[2],2.5942241133374417,0.04716771115158985,0,0
2433,832,1,detour_2,Customer_43,Customer_72,0,24,"[0, 52, 24]","[0, 251]",7.66462504602936,0.13935681901871563,0,0
2434,832,2,detour_3,Customer_43,Customer_72,0,24,"[0, 2, 24]","[4, 26]",9.233751405974544,0.1678863891995372,0,0
2435,833,0,shortest,Customer_43,Customer_11,0,52,"[0, 52]",[0],3.124055766583747,0.05680101393788631,0,0
2436,833,1,detour_2,Customer_43,Customer_11,0,52,"[0, 24, 52]","[2, 250]",7.134793392783054,0.12972351623241918,0,0
2437,833,2,detour_3,Customer_43,Customer_11,0,52,"[0, 2, 52]","[4, 28]",10.261102809424886,0.186565505625907,0,0
2438,834,0,shortest,Customer_43,Customer_12,0,52,"[0, 52]",[0],3.124055766583747,0.05680101393788631,0,0
2439,834,1,detour_2,Customer_43,Customer_12,0,52,"[0, 24, 52]","[2, 250]",7.134793392783054,0.12972351623241918,0,0
2440,834,2,detour_3,Customer_43,Customer_12,0,52,"[0, 2, 52]","[4, 28]",10.261102809424886,0.186565505625907,0,0
2441,835,0,shortest,Customer_43,Customer_20,0,52,"[0, 52]",[0],3.124055766583747,0.05680101393788631,0,0
2442,835,1,detour_2,Customer_43,Customer_20,0,52,"[0, 24, 52]","[2, 250]",7.134793392783054,0.12972351623241918,0,0
2443,835,2,detour_3,Customer_43,Customer_20,0,52,"[0, 2, 52]","[4, 28]",10.261102809424886,0.186565505625907,0,0
2444,836,0,shortest,Customer_43,Customer_53,0,52,"[0, 52]",[0],3.124055766583747,0.05680101393788631,0,0
2445,836,1,detour_2,Customer_43,Customer_53,0,52,"[0, 24, 52]","[2, 250]",7.134793392783054,0.12972351623241918,0,0
2446,836,2,detour_3,Customer_43,Customer_53,0,52,"[0, 2, 52]","[4, 28]",10.261102809424886,0.186565505625907,0,0
2447,837,0,shortest,Customer_43,Customer_8,0,63,"[0, 52, 63]","[0, 402]",7.815393834614958,0.14209806972027195,0,0
2448,837,1,detour_2,Customer_43,Customer_8,0,63,"[0, 52, 13, 63]","[0, 157, 152]",9.095186378368163,0.17832910261804566,0,0
2449,837,2,detour_3,Customer_43,Customer_8,0,63,"[0, 24, 52, 63]","[2, 250, 402]",11.826131460814265,0.21502057201480484,0,0
2450,838,0,shortest,Customer_43,Customer_5,0,7,"[0, 41, 7]","[6, 91]",11.305413578447912,0.20555297415359838,0,0
2451,838,1,detour_2,Customer_43,Customer_5,0,7,"[0, 52, 13, 7]","[0, 157, 89]",11.495180065936683,0.2090032739261215,0,0
2452,838,2,detour_3,Customer_43,Customer_5,0,7,"[0, 52, 13, 44, 7]","[0, 157, 158, 83]",11.788343755482117,0.2170533033359028,0,0
2453,839,0,shortest,Customer_43,Customer_70,0,53,"[0, 52, 63, 53]","[0, 402, 409]",10.876125366513836,0.1977477339366152,0,0
2454,839,1,detour_2,Customer_43,Customer_70,0,53,"[0, 52, 13, 63, 53]","[0, 157, 152, 409]",12.155917910267043,0.2339787668343889,0,0
2455,839,2,detour_3,Customer_43,Customer_70,0,53,"[0, 52, 63, 60, 53]","[0, 402, 445, 407]",14.514191699216537,0.2638943945312098,0,0
2456,840,0,shortest,Customer_43,Customer_23,0,39,"[0, 52, 79, 39]","[0, 404, 363]",12.534000447091293,0.22789091721984167,0,0
2457,840,1,detour_2,Customer_43,Customer_23,0,39,"[0, 24, 6, 39]","[2, 79, 80]",14.618622645892106,0.26579313901622015,0,0
2458,840,2,detour_3,Customer_43,Customer_23,0,39,"[0, 24, 6, 79, 39]","[2, 79, 76, 363]",15.253365093818068,0.2773339107966922,0,0
2459,841,0,shortest,Customer_43,Customer_24,0,22,"[0, 41, 22]","[6, 243]",11.43855459830904,0.2079737199692553,0,0
2460,841,1,detour_2,Customer_43,Customer_24,0,22,"[0, 41, 5, 22]","[6, 69, 56]",11.820955799511127,0.21793639505501666,0,0
2461,841,2,detour_3,Customer_43,Customer_24,0,22,"[0, 41, 7, 22]","[6, 91, 86]",14.457611827190846,0.26286566958528806,0,0
2462,842,0,shortest,Customer_43,Customer_6,0,5,"[0, 41, 5]","[6, 69]",11.379499990138353,0.20689999982069732,0,0
2463,842,1,detour_2,Customer_43,Customer_6,0,5,"[0, 41, 22, 5]","[6, 243, 57]",11.880010407681814,0.21901011520357463,0,0
2464,842,2,detour_3,Customer_43,Customer_6,0,5,"[0, 2, 41, 5]","[4, 24, 69]",14.535228651890336,0.2642768845798243,0,0
2465,843,0,shortest,Customer_43,Customer_16,0,64,"[0, 52, 79, 39, 64]","[0, 404, 363, 358]",15.270266099267221,0.2776412018048586,0,0
2466,843,1,detour_2,Customer_43,Customer_16,0,64,"[0, 52, 63, 30, 64]","[0, 402, 305, 302]",16.25532156829468,0.29555130124172146,0,0
2467,843,2,detour_3,Customer_43,Customer_16,0,64,"[0, 52, 79, 39, 54, 64]","[0, 404, 363, 360, 410]",15.498563505829228,0.30200499368829004,0,0
2468,844,0,shortest,Customer_43,Customer_56,0,64,"[0, 52, 79, 39, 64]","[0, 404, 363, 358]",15.270266099267221,0.2776412018048586,0,0
2469,844,1,detour_2,Customer_43,Customer_56,0,64,"[0, 52, 63, 30, 64]","[0, 402, 305, 302]",16.25532156829468,0.29555130124172146,0,0
2470,844,2,detour_3,Customer_43,Customer_56,0,64,"[0, 52, 79, 39, 54, 64]","[0, 404, 363, 360, 410]",15.498563505829228,0.30200499368829004,0,0
2471,845,0,shortest,Customer_43,Customer_63,0,64,"[0, 52, 79, 39, 64]","[0, 404, 363, 358]",15.270266099267221,0.2776412018048586,0,0
2472,845,1,detour_2,Customer_43,Customer_63,0,64,"[0, 52, 63, 30, 64]","[0, 402, 305, 302]",16.25532156829468,0.29555130124172146,0,0
2473,845,2,detour_3,Customer_43,Customer_63,0,64,"[0, 52, 79, 39, 54, 64]","[0, 404, 363, 360, 410]",15.498563505829228,0.30200499368829004,0,0
2474,846,0,shortest,Customer_43,Customer_64,0,64,"[0, 52, 79, 39, 64]","[0, 404, 363, 358]",15.270266099267221,0.2776412018048586,0,0
2475,846,1,detour_2,Customer_43,Customer_64,0,64,"[0, 52, 63, 30, 64]","[0, 402, 305, 302]",16.25532156829468,0.29555130124172146,0,0
2476,846,2,detour_3,Customer_43,Customer_64,0,64,"[0, 52, 79, 39, 54, 64]","[0, 404, 363, 360, 410]",15.498563505829228,0.30200499368829004,0,0
2477,847,0,shortest,Customer_43,Customer_80,0,3,"[0, 52, 63, 3]","[0, 402, 41]",13.059771918381108,0.23745039851602012,0,0
2478,847,1,detour_2,Customer_43,Customer_80,0,3,"[0, 52, 63, 53, 3]","[0, 402, 409, 35]",13.181543482422233,0.25538318683432515,0,0
2479,847,2,detour_3,Customer_43,Customer_80,0,3,"[0, 52, 13, 63, 3]","[0, 157, 152, 41]",14.339564462134312,0.27368143141379386,0,0
2480,848,0,shortest,Customer_43,Customer_55,0,48,"[0, 52, 63, 53, 48]","[0, 402, 409, 389]",15.102715180825335,0.27459482146955155,0,0
2481,848,1,detour_2,Customer_43,Customer_55,0,48,"[0, 52, 63, 3, 48]","[0, 402, 41, 36]",16.675145016512246,0.3031844548456772,1,0
2482,848,2,detour_3,Customer_43,Customer_55,0,48,"[0, 52, 13, 63, 53, 48]","[0, 157, 152, 409, 389]",16.38250772457854,0.31082585436732524,0,0
2483,849,0,shortest,Customer_43,Customer_26,0,31,"[0, 41, 22, 69, 31]","[6, 243, 238, 311]",19.575490475360876,0.35591800864292505,1,0
2484,849,1,detour_2,Customer_43,Customer_26,0,31,"[0, 41, 5, 69, 31]","[6, 69, 54, 311]",19.80536254539285,0.36009750082532455,1,0
2485,849,2,detour_3,Customer_43,Customer_26,0,31,"[0, 41, 22, 69, 18, 31]","[6, 243, 238, 215, 206]",19.77196602768797,0.36075283877290865,2,0
2486,850,0,shortest,Customer_43,Customer_67,0,31,"[0, 41, 22, 69, 31]","[6, 243, 238, 311]",19.575490475360876,0.35591800864292505,1,0
2487,850,1,detour_2,Customer_43,Customer_67,0,31,"[0, 41, 5, 69, 31]","[6, 69, 54, 311]",19.80536254539285,0.36009750082532455,1,0
2488,850,2,detour_3,Customer_43,Customer_67,0,31,"[0, 41, 22, 69, 18, 31]","[6, 243, 238, 215, 206]",19.77196602768797,0.36075283877290865,2,0
2489,851,0,same_node,Customer_44,Customer_40,36,36,[36],[],0.0,0.0,0,0
2490,852,0,shortest,Customer_44,Customer_57,36,58,"[36, 58]",[340],4.032502734252157,0.0733182315318574,0,0
2491,852,1,detour_2,Customer_44,Customer_57,36,58,"[36, 70, 58]","[338, 437]",16.237101774320525,0.2952200322603732,0,0
2492,852,2,detour_3,Customer_44,Customer_57,36,58,"[36, 35, 58]","[335, 336]",17.56304619786906,0.31932811268852834,0,0
2493,853,0,shortest,Customer_44,Customer_78,36,58,"[36, 58]",[340],4.032502734252157,0.0733182315318574,0,0
2494,853,1,detour_2,Customer_44,Customer_78,36,58,"[36, 70, 58]","[338, 437]",16.237101774320525,0.2952200322603732,0,0
2495,853,2,detour_3,Customer_44,Customer_78,36,58,"[36, 35, 58]","[335, 336]",17.56304619786906,0.31932811268852834,0,0
2496,854,0,shortest,Customer_44,Customer_13,36,35,"[36, 35]",[335],9.236458175200164,0.16793560318545753,0,0
2497,854,1,detour_2,Customer_44,Customer_13,36,35,"[36, 70, 35]","[338, 331]",12.0909017715178,0.21983457766396,0,0
2498,854,2,detour_3,Customer_44,Customer_13,36,35,"[36, 58, 35]","[340, 337]",12.359090756921052,0.22471074103492822,0,0
2499,855,0,shortest,Customer_44,Customer_39,36,15,"[36, 35, 15]","[335, 175]",14.545900633773162,0.26447092061405747,0,0
2500,855,1,detour_2,Customer_44,Customer_39,36,15,"[36, 70, 15]","[338, 183]",15.599008755965723,0.28361834101755856,0,0
2501,855,2,detour_3,Customer_44,Customer_39,36,15,"[36, 35, 25, 15]","[335, 257, 179]",15.93973152127021,0.30436024828903674,0,0
2502,856,0,shortest,Customer_44,Customer_75,36,15,"[36, 35, 15]","[335, 175]",14.545900633773162,0.26447092061405747,0,0
2503,856,1,detour_2,Customer_44,Customer_75,36,15,"[36, 70, 15]","[338, 183]",15.599008755965723,0.28361834101755856,0,0
2504,856,2,detour_3,Customer_44,Customer_75,36,15,"[36, 35, 25, 15]","[335, 257, 179]",15.93973152127021,0.30436024828903674,0,0
2505,857,0,shortest,Customer_44,Customer_77,36,28,"[36, 49, 28]","[342, 291]",17.136188170756107,0.311567057650111,0,0
2506,857,1,detour_2,Customer_44,Customer_77,36,28,"[36, 58, 49, 28]","[340, 393, 291]",17.928766960972958,0.3259775811085992,0,0
2507,857,2,detour_3,Customer_44,Customer_77,36,28,"[36, 35, 49, 28]","[335, 332, 291]",21.78242899330016,0.3960441635145484,0,0
2508,858,0,shortest,Customer_44,Customer_48,36,27,"[36, 49, 28, 27]","[342, 291, 273]",20.209997400977805,0.3674544981995964,0,0
2509,858,1,detour_2,Customer_44,Customer_48,36,27,"[36, 58, 49, 28, 27]","[340, 393, 291, 273]",21.002576191194656,0.3818650216580846,0,0
2510,858,2,detour_3,Customer_44,Customer_48,36,27,"[36, 35, 49, 28, 27]","[335, 332, 291, 273]",24.85623822352186,0.4519316040640338,0,0
2511,859,0,shortest,Customer_44,Customer_17,36,38,"[36, 49, 76, 38]","[342, 390, 355]",20.87857732154424,0.3796104967553498,0,0
2512,859,1,detour_2,Customer_44,Customer_17,36,38,"[36, 58, 49, 76, 38]","[340, 393, 390, 355]",21.67115611176109,0.394021020213838,0,0
2513,859,2,detour_3,Customer_44,Customer_17,36,38,"[36, 49, 76, 32, 38]","[342, 390, 315, 312]",23.02767415212772,0.4272951937114432,0,0
2514,860,0,shortest,Customer_44,Customer_74,36,38,"[36, 49, 76, 38]","[342, 390, 355]",20.87857732154424,0.3796104967553498,0,0
2515,860,1,detour_2,Customer_44,Customer_74,36,38,"[36, 58, 49, 76, 38]","[340, 393, 390, 355]",21.67115611176109,0.394021020213838,0,0
2516,860,2,detour_3,Customer_44,Customer_74,36,38,"[36, 49, 76, 32, 38]","[342, 390, 315, 312]",23.02767415212772,0.4272951937114432,0,0
2517,861,0,shortest,Customer_44,Customer_7,36,11,"[36, 49, 28, 27, 11]","[342, 291, 273, 139]",26.81639050344129,0.4875707364262053,0,0
2518,861,1,detour_2,Customer_44,Customer_7,36,11,"[36, 58, 49, 28, 27, 11]","[340, 393, 291, 273, 139]",27.60896929365814,0.5019812598846934,0,0
2519,861,2,detour_3,Customer_44,Customer_7,36,11,"[36, 49, 28, 27, 68, 11]","[342, 291, 273, 276, 135]",27.86510655068767,0.5066383009215939,0,0
2520,862,0,shortest,Customer_44,Customer_10,36,73,"[36, 35, 15, 73]","[335, 175, 180]",18.839651991419196,0.34253912711671264,0,0
2521,862,1,detour_2,Customer_44,Customer_10,36,73,"[36, 70, 15, 73]","[338, 183, 180]",19.892760113611757,0.3616865475202138,0,0
2522,862,2,detour_3,Customer_44,Customer_10,36,73,"[36, 35, 25, 15, 73]","[335, 257, 179, 180]",20.233482878916245,0.38242845479169196,0,0
2523,863,0,same_node,Customer_45,Customer_4,56,56,[56],[],0.0,0.0,0,0
2524,864,0,shortest,Customer_45,Customer_36,56,62,"[56, 62]",[422],6.364542174036592,0.11571894861884713,0,0
2525,864,1,detour_2,Customer_45,Customer_36,56,62,"[56, 78, 62]","[420, 451]",10.498414289018283,0.1908802598003324,0,0
2526,864,2,detour_3,Customer_45,Customer_36,56,62,"[56, 78, 16, 62]","[420, 191, 192]",21.558846148543672,0.3919790208826123,0,0
2527,865,0,shortest,Customer_45,Customer_59,56,62,"[56, 62]",[422],6.364542174036592,0.11571894861884713,0,0
2528,865,1,detour_2,Customer_45,Customer_59,56,62,"[56, 78, 62]","[420, 451]",10.498414289018283,0.1908802598003324,0,0
2529,865,2,detour_3,Customer_45,Customer_59,56,62,"[56, 78, 16, 62]","[420, 191, 192]",21.558846148543672,0.3919790208826123,0,0
2530,866,0,shortest,Customer_45,Customer_62,56,62,"[56, 62]",[422],6.364542174036592,0.11571894861884713,0,0
2531,866,1,detour_2,Customer_45,Customer_62,56,62,"[56, 78, 62]","[420, 451]",10.498414289018283,0.1908802598003324,0,0
2532,866,2,detour_3,Customer_45,Customer_62,56,62,"[56, 78, 16, 62]","[420, 191, 192]",21.558846148543672,0.3919790208826123,0,0
2533,867,0,shortest,Customer_45,Customer_28,56,16,"[56, 78, 16]","[420, 191]",12.49563269858005,0.22719332179236454,0,0
2534,867,1,detour_2,Customer_45,Customer_28,56,16,"[56, 78, 57, 16]","[420, 435, 185]",12.987276324105371,0.23780874170375094,0,0
2535,867,2,detour_3,Customer_45,Customer_28,56,16,"[56, 62, 16]","[422, 193]",15.427755624000216,0.2805046477090949,0,0
2536,868,0,shortest,Customer_45,Customer_66,56,16,"[56, 78, 16]","[420, 191]",12.49563269858005,0.22719332179236454,0,0
2537,868,1,detour_2,Customer_45,Customer_66,56,16,"[56, 78, 57, 16]","[420, 435, 185]",12.987276324105371,0.23780874170375094,0,0
2538,868,2,detour_3,Customer_45,Customer_66,56,16,"[56, 62, 16]","[422, 193]",15.427755624000216,0.2805046477090949,0,0
2539,869,0,shortest,Customer_45,Customer_18,56,57,"[56, 78, 57]","[420, 435]",12.741397738502883,0.23166177706368873,0,0
2540,869,1,detour_2,Customer_45,Customer_18,56,57,"[56, 78, 16, 57]","[420, 191, 184]",12.741511284182538,0.23334028643242674,0,0
2541,869,2,detour_3,Customer_45,Customer_18,56,57,"[56, 62, 57]","[422, 433]",15.673621429235677,0.2849749350770123,0,0
2542,870,0,shortest,Customer_45,Customer_1,56,1,"[56, 40, 1]","[367, 19]",11.859593368987007,0.2156289703452183,0,0
2543,870,1,detour_2,Customer_45,Customer_1,56,1,"[56, 40, 9, 1]","[367, 117, 17]",14.693707062164355,0.2769808948737986,0,0
2544,870,2,detour_3,Customer_45,Customer_1,56,1,"[56, 40, 26, 1]","[367, 269, 13]",16.969581487976434,0.3085378452359352,0,0
2545,871,0,shortest,Customer_45,Customer_34,56,66,"[56, 78, 16, 66]","[420, 191, 186]",14.423898487201383,0.2753999665078979,0,0
2546,871,1,detour_2,Customer_45,Customer_34,56,66,"[56, 78, 57, 66]","[420, 435, 430]",14.503689064432063,0.2757190602119182,0,0
2547,871,2,detour_3,Customer_45,Customer_34,56,66,"[56, 78, 16, 57, 66]","[420, 191, 184, 430]",14.503802610111718,0.2773975695806562,0,0
2548,872,0,shortest,Customer_45,Customer_73,56,66,"[56, 78, 16, 66]","[420, 191, 186]",14.423898487201383,0.2753999665078979,0,0
2549,872,1,detour_2,Customer_45,Customer_73,56,66,"[56, 78, 57, 66]","[420, 435, 430]",14.503689064432063,0.2757190602119182,0,0
2550,872,2,detour_3,Customer_45,Customer_73,56,66,"[56, 78, 16, 57, 66]","[420, 191, 184, 430]",14.503802610111718,0.2773975695806562,0,0
2551,873,0,shortest,Customer_45,Customer_69,56,9,"[56, 40, 9]","[367, 117]",13.253061313112173,0.24096475114749405,0,0
2552,873,1,detour_2,Customer_45,Customer_69,56,9,"[56, 40, 1, 9]","[367, 19, 16]",13.300239118039189,0.25164511407152285,0,0
2553,873,2,detour_3,Customer_45,Customer_69,56,9,"[56, 40, 26, 9]","[367, 269, 109]",15.529933382871247,0.2902399229881295,0,0
2554,874,0,shortest,Customer_45,Customer_19,56,71,"[56, 71]",[424],13.449625375227917,0.24453864318596213,0,0
2555,874,1,detour_2,Customer_45,Customer_19,56,71,"[56, 37, 71]","[345, 348]",13.577851209853502,0.24687002199733643,0,0
2556,874,2,detour_3,Customer_45,Customer_19,56,71,"[56, 40, 71]","[367, 368]",19.380177500710573,0.35236686364928316,0,0
2557,875,0,shortest,Customer_45,Customer_50,56,26,"[56, 40, 26]","[367, 269]",14.374567032268914,0.26135576422307116,0,0
2558,875,1,detour_2,Customer_45,Customer_50,56,26,"[56, 40, 1, 26]","[367, 19, 12]",14.454607824694527,0.2628110513580823,0,0
2559,875,2,detour_3,Customer_45,Customer_50,56,26,"[56, 40, 9, 26]","[367, 117, 108]",14.408427663714507,0.2698489099125524,0,0
2560,876,0,shortest,Customer_45,Customer_30,56,47,"[56, 40, 9, 47]","[367, 117, 112]",16.322617072813696,0.29677485586933994,0,0
2561,876,1,detour_2,Customer_45,Customer_30,56,47,"[56, 40, 1, 47]","[367, 19, 14]",16.344705102516237,0.29717645640938617,0,0
2562,876,2,detour_3,Customer_45,Customer_30,56,47,"[56, 40, 1, 9, 47]","[367, 19, 16, 112]",16.36979487774071,0.3074552187933687,0,0
2563,877,0,shortest,Customer_45,Customer_60,56,47,"[56, 40, 9, 47]","[367, 117, 112]",16.322617072813696,0.29677485586933994,0,0
2564,877,1,detour_2,Customer_45,Customer_60,56,47,"[56, 40, 1, 47]","[367, 19, 14]",16.344705102516237,0.29717645640938617,0,0
2565,877,2,detour_3,Customer_45,Customer_60,56,47,"[56, 40, 1, 9, 47]","[367, 19, 16, 112]",16.36979487774071,0.3074552187933687,0,0
2566,878,0,shortest,Customer_45,Customer_65,56,47,"[56, 40, 9, 47]","[367, 117, 112]",16.322617072813696,0.29677485586933994,0,0
2567,878,1,detour_2,Customer_45,Customer_65,56,47,"[56, 40, 1, 47]","[367, 19, 14]",16.344705102516237,0.29717645640938617,0,0
2568,878,2,detour_3,Customer_45,Customer_65,56,47,"[56, 40, 1, 9, 47]","[367, 19, 16, 112]",16.36979487774071,0.3074552187933687,0,0
2569,879,0,shortest,Customer_45,Customer_38,56,14,"[56, 40, 26, 14]","[367, 269, 165]",17.56725410302427,0.3194046200549867,0,0
2570,879,1,detour_2,Customer_45,Customer_38,56,14,"[56, 40, 1, 26, 14]","[367, 19, 12, 165]",17.647294895449882,0.32085990718999785,0,0
2571,879,2,detour_3,Customer_45,Customer_38,56,14,"[56, 40, 9, 26, 14]","[367, 117, 108, 165]",17.601114734469864,0.32789776574446794,0,0
2572,880,0,shortest,Customer_45,Customer_9,56,34,"[56, 40, 9, 34]","[367, 117, 110]",17.142197208845626,0.31167631288810227,0,0
2573,880,1,detour_2,Customer_45,Customer_9,56,34,"[56, 40, 26, 34]","[367, 269, 266]",17.16170302881037,0.31203096416018855,0,0
2574,880,2,detour_3,Customer_45,Customer_9,56,34,"[56, 40, 1, 26, 34]","[367, 19, 12, 266]",17.241743821235982,0.3134862512951997,0,0
2575,881,0,shortest,Customer_45,Customer_25,56,19,"[56, 78, 57, 77, 19]","[420, 435, 426, 221]",21.858002261452764,0.3974182229355047,0,0
2576,881,1,detour_2,Customer_45,Customer_25,56,19,"[56, 78, 16, 57, 77, 19]","[420, 191, 184, 426, 221]",21.85811580713242,0.39909673230424275,0,0
2577,881,2,detour_3,Customer_45,Customer_25,56,19,"[56, 62, 57, 77, 19]","[422, 433, 426, 221]",24.79022595218556,0.4507313809488283,0,0
2578,882,0,same_node,Customer_46,Customer_35,8,8,[8],[],0.0,0.0,0,0
2579,883,0,same_node,Customer_46,Customer_41,8,8,[8],[],0.0,0.0,0,0
2580,884,0,shortest,Customer_46,Customer_15,8,72,"[8, 72]",[94],1.2356874309437793,0.030892185773594483,1,0
2581,884,1,detour_2,Customer_46,Customer_15,8,72,"[8, 74, 72]","[106, 461]",3.4611195116649185,0.08652798779162296,2,0
2582,884,2,detour_3,Customer_46,Customer_15,8,72,"[8, 31, 72]","[92, 306]",3.6375536132472384,0.09093884033118096,2,0
2583,885,0,shortest,Customer_46,Customer_26,8,31,"[8, 31]",[92],1.5718002969005997,0.039295007422514995,1,0
2584,885,1,detour_2,Customer_46,Customer_26,8,31,"[8, 18, 31]","[98, 206]",1.9049794910342701,0.047624487275856754,2,0
2585,885,2,detour_3,Customer_46,Customer_26,8,31,"[8, 72, 31]","[94, 307]",3.301440747290418,0.08253601868226045,2,0
2586,886,0,shortest,Customer_46,Customer_67,8,31,"[8, 31]",[92],1.5718002969005997,0.039295007422514995,1,0
2587,886,1,detour_2,Customer_46,Customer_67,8,31,"[8, 18, 31]","[98, 206]",1.9049794910342701,0.047624487275856754,2,0
2588,886,2,detour_3,Customer_46,Customer_67,8,31,"[8, 72, 31]","[94, 307]",3.301440747290418,0.08253601868226045,2,0
2589,887,0,shortest,Customer_46,Customer_14,8,17,"[8, 17]",[96],1.6279584438067927,0.040698961095169815,1,0
2590,887,1,detour_2,Customer_46,Customer_14,8,17,"[8, 4, 17]","[43, 50]",2.4942098505990686,0.06235524626497672,2,0
2591,887,2,detour_3,Customer_46,Customer_14,8,17,"[8, 72, 17]","[94, 197]",3.7082713176300715,0.09270678294075178,2,0
2592,888,0,shortest,Customer_46,Customer_29,8,17,"[8, 17]",[96],1.6279584438067927,0.040698961095169815,1,0
2593,888,1,detour_2,Customer_46,Customer_29,8,17,"[8, 4, 17]","[43, 50]",2.4942098505990686,0.06235524626497672,2,0
2594,888,2,detour_3,Customer_46,Customer_29,8,17,"[8, 72, 17]","[94, 197]",3.7082713176300715,0.09270678294075178,2,0
2595,889,0,shortest,Customer_46,Customer_31,8,17,"[8, 17]",[96],1.6279584438067927,0.040698961095169815,1,0
2596,889,1,detour_2,Customer_46,Customer_31,8,17,"[8, 4, 17]","[43, 50]",2.4942098505990686,0.06235524626497672,2,0
2597,889,2,detour_3,Customer_46,Customer_31,8,17,"[8, 72, 17]","[94, 197]",3.7082713176300715,0.09270678294075178,2,0
2598,890,0,shortest,Customer_46,Customer_33,8,4,"[8, 4]",[43],2.0209872271174447,0.05052468067793612,1,0
2599,890,1,detour_2,Customer_46,Customer_33,8,4,"[8, 17, 4]","[96, 51]",2.1011810672884166,0.05252952668221041,2,0
2600,890,2,detour_3,Customer_46,Customer_33,8,4,"[8, 72, 4]","[94, 49]",4.17242488186316,0.08428741215394686,2,0
2601,891,0,shortest,Customer_46,Customer_3,8,74,"[8, 74]",[106],2.2410264063677987,0.05602566015919497,1,0
2602,891,1,detour_2,Customer_46,Customer_3,8,74,"[8, 72, 74]","[94, 460]",2.4557805362408995,0.061394513406022484,2,0
2603,891,2,detour_3,Customer_46,Customer_3,8,74,"[8, 55, 74]","[102, 414]",4.215148400249557,0.0865330239824477,2,0
2604,892,0,shortest,Customer_46,Customer_42,8,74,"[8, 74]",[106],2.2410264063677987,0.05602566015919497,1,0
2605,892,1,detour_2,Customer_46,Customer_42,8,74,"[8, 72, 74]","[94, 460]",2.4557805362408995,0.061394513406022484,2,0
2606,892,2,detour_3,Customer_46,Customer_42,8,74,"[8, 55, 74]","[102, 414]",4.215148400249557,0.0865330239824477,2,0
2607,893,0,shortest,Customer_46,Customer_47,8,74,"[8, 74]",[106],2.2410264063677987,0.05602566015919497,1,0
2608,893,1,detour_2,Customer_46,Customer_47,8,74,"[8, 72, 74]","[94, 460]",2.4557805362408995,0.061394513406022484,2,0
2609,893,2,detour_3,Customer_46,Customer_47,8,74,"[8, 55, 74]","[102, 414]",4.215148400249557,0.0865330239824477,2,0
2610,894,0,shortest,Customer_46,Customer_2,8,55,"[8, 55]",[102],2.764033950156048,0.050255162730109965,1,0
2611,894,1,detour_2,Customer_46,Customer_2,8,55,"[8, 72, 55]","[94, 417]",3.538123151316442,0.08845307878291106,2,0
2612,894,2,detour_3,Customer_46,Customer_2,8,55,"[8, 74, 55]","[106, 415]",3.6921408564613074,0.0923035214115327,2,0
2613,895,0,shortest,Customer_46,Customer_54,8,69,"[8, 31, 69]","[92, 310]",5.01902805916583,0.10197187582733738,2,0
2614,895,1,detour_2,Customer_46,Customer_54,8,69,"[8, 72, 69]","[94, 459]",5.2644009410360475,0.10414152232072663,2,0
2615,895,2,detour_3,Customer_46,Customer_54,8,69,"[8, 18, 69]","[98, 214]",5.178335579909229,0.10587750516772862,2,0
2616,896,0,shortest,Customer_46,Customer_55,8,48,"[8, 42, 48]","[100, 372]",5.0999025893843335,0.10753760709600838,2,0
2617,896,1,detour_2,Customer_46,Customer_55,8,48,"[8, 18, 48]","[98, 212]",6.221819649971614,0.12484994280522653,2,0
2618,896,2,detour_3,Customer_46,Customer_55,8,48,"[8, 31, 18, 48]","[92, 207, 212]",6.258987681555309,0.12577914359481893,3,0
2619,897,0,shortest,Customer_46,Customer_9,8,34,"[8, 55, 50, 46, 14, 34]","[102, 395, 385, 171, 168]",14.532004579193535,0.27814468879457266,2,0
2620,897,1,detour_2,Customer_46,Customer_9,8,34,"[8, 55, 50, 46, 14, 47, 34]","[102, 395, 385, 171, 162, 329]",15.620646150440841,0.30536072807575537,3,0
2621,897,2,detour_3,Customer_46,Customer_9,8,34,"[8, 74, 50, 46, 14, 34]","[106, 397, 385, 171, 168]",15.367079591303304,0.3086075963308944,2,0
2622,898,0,shortest,Customer_46,Customer_77,8,28,"[8, 59, 28]","[104, 283]",6.628716375074549,0.12052211591044634,2,0
2623,898,1,avoid_congestion,Customer_46,Customer_77,8,28,"[8, 59, 27, 28]","[104, 271, 272]",11.081224039828708,0.20147680072415836,1,0
2624,898,2,detour_2,Customer_46,Customer_77,8,28,"[8, 72, 28]","[94, 287]",6.6258862728094154,0.1288958010802424,2,0
2625,898,3,detour_3,Customer_46,Customer_77,8,28,"[8, 74, 28]","[106, 285]",6.961014566703737,0.14184362671075748,2,0
2626,899,0,shortest,Customer_46,Customer_5,8,7,"[8, 31, 69, 22, 7]","[92, 310, 239, 87]",12.860934422695369,0.24455199152787446,2,0
2627,899,1,detour_2,Customer_46,Customer_5,8,7,"[8, 72, 69, 22, 7]","[94, 459, 239, 87]",13.106307304565586,0.2467216380212637,2,0
2628,899,2,detour_3,Customer_46,Customer_5,8,7,"[8, 18, 69, 22, 7]","[98, 214, 239, 87]",13.02024194343877,0.2484576208682657,2,0
2629,900,0,shortest,Customer_46,Customer_71,8,32,"[8, 55, 32]","[102, 317]",6.994960504470553,0.1271811000812828,2,0
2630,900,1,detour_2,Customer_46,Customer_71,8,32,"[8, 55, 50, 32]","[102, 395, 319]",8.425648627123117,0.15319361140223853,3,0
2631,900,2,detour_3,Customer_46,Customer_71,8,32,"[8, 72, 55, 32]","[94, 417, 317]",7.769049705630948,0.1653790161340839,3,0
2632,901,0,shortest,Customer_46,Customer_30,8,47,"[8, 55, 50, 46, 14, 47]","[102, 395, 385, 171, 162]",14.748703525880774,0.2835621624617537,2,0
2633,901,1,detour_2,Customer_46,Customer_30,8,47,"[8, 55, 50, 46, 14, 34, 47]","[102, 395, 385, 171, 168, 328]",15.403947203753601,0.29994325440857433,3,0
2634,901,2,detour_3,Customer_46,Customer_30,8,47,"[8, 74, 50, 46, 14, 47]","[106, 397, 385, 171, 162]",15.583778537990543,0.3140250699980754,2,0
2635,902,0,same_node,Customer_47,Customer_3,74,74,[74],[],0.0,0.0,0,0
2636,903,0,same_node,Customer_47,Customer_42,74,74,[74],[],0.0,0.0,0,0
2637,904,0,shortest,Customer_47,Customer_15,74,72,"[74, 72]",[461],1.22009310529712,0.030502327632428,1,0
2638,904,1,detour_2,Customer_47,Customer_15,74,72,"[74, 8, 72]","[107, 94]",3.476713837311578,0.08691784593278945,2,0
2639,904,2,detour_3,Customer_47,Customer_15,74,72,"[74, 55, 72]","[415, 416]",3.7535501704661716,0.09383875426165429,2,0
2640,905,0,shortest,Customer_47,Customer_2,74,55,"[74, 55]",[415],1.451114450093509,0.03627786125233772,1,0
2641,905,1,detour_2,Customer_47,Customer_2,74,55,"[74, 72, 55]","[461, 417]",3.5225288256697826,0.08806322064174457,2,0
2642,905,2,detour_3,Customer_47,Customer_2,74,55,"[74, 59, 55]","[439, 419]",4.764054820497257,0.09822410754200905,2,0
2643,906,0,shortest,Customer_47,Customer_35,74,8,"[74, 8]",[107],2.2410264063677987,0.05602566015919497,1,0
2644,906,1,detour_2,Customer_47,Customer_35,74,8,"[74, 72, 8]","[461, 95]",2.4557805362408995,0.061394513406022484,2,0
2645,906,2,detour_3,Customer_47,Customer_35,74,8,"[74, 55, 8]","[415, 103]",4.215148400249557,0.0865330239824477,2,0
2646,907,0,shortest,Customer_47,Customer_41,74,8,"[74, 8]",[107],2.2410264063677987,0.05602566015919497,1,0
2647,907,1,detour_2,Customer_47,Customer_41,74,8,"[74, 72, 8]","[461, 95]",2.4557805362408995,0.061394513406022484,2,0
2648,907,2,detour_3,Customer_47,Customer_41,74,8,"[74, 55, 8]","[415, 103]",4.215148400249557,0.0865330239824477,2,0
2649,908,0,shortest,Customer_47,Customer_46,74,8,"[74, 8]",[107],2.2410264063677987,0.05602566015919497,1,0
2650,908,1,detour_2,Customer_47,Customer_46,74,8,"[74, 72, 8]","[461, 95]",2.4557805362408995,0.061394513406022484,2,0
2651,908,2,detour_3,Customer_47,Customer_46,74,8,"[74, 55, 8]","[415, 103]",4.215148400249557,0.0865330239824477,2,0
2652,909,0,shortest,Customer_47,Customer_14,74,17,"[74, 17]",[205],2.8779045445945126,0.052325537174445685,1,0
2653,909,1,detour_2,Customer_47,Customer_14,74,17,"[74, 72, 17]","[461, 197]",3.6926769919834124,0.09231692479958531,2,0
2654,909,2,detour_3,Customer_47,Customer_14,74,17,"[74, 72, 4, 17]","[461, 49, 50]",4.630053179698124,0.09572811959982097,3,0
2655,910,0,shortest,Customer_47,Customer_29,74,17,"[74, 17]",[205],2.8779045445945126,0.052325537174445685,1,0
2656,910,1,detour_2,Customer_47,Customer_29,74,17,"[74, 72, 17]","[461, 197]",3.6926769919834124,0.09231692479958531,2,0
2657,910,2,detour_3,Customer_47,Customer_29,74,17,"[74, 72, 4, 17]","[461, 49, 50]",4.630053179698124,0.09572811959982097,3,0
2658,911,0,shortest,Customer_47,Customer_31,74,17,"[74, 17]",[205],2.8779045445945126,0.052325537174445685,1,0
2659,911,1,detour_2,Customer_47,Customer_31,74,17,"[74, 72, 17]","[461, 197]",3.6926769919834124,0.09231692479958531,2,0
2660,911,2,detour_3,Customer_47,Customer_31,74,17,"[74, 72, 4, 17]","[461, 49, 50]",4.630053179698124,0.09572811959982097,3,0
2661,912,0,shortest,Customer_47,Customer_26,74,31,"[74, 31]",[309],3.2857050776793733,0.05974009232144315,1,0
2662,912,1,detour_2,Customer_47,Customer_26,74,31,"[74, 72, 31]","[461, 307]",3.2858464216437584,0.08214616054109397,2,0
2663,912,2,detour_3,Customer_47,Customer_26,74,31,"[74, 72, 18, 31]","[461, 209, 206]",3.6560584763889286,0.09140146190972322,3,0
2664,913,0,shortest,Customer_47,Customer_67,74,31,"[74, 31]",[309],3.2857050776793733,0.05974009232144315,1,0
2665,913,1,detour_2,Customer_47,Customer_67,74,31,"[74, 72, 31]","[461, 307]",3.2858464216437584,0.08214616054109397,2,0
2666,913,2,detour_3,Customer_47,Customer_67,74,31,"[74, 72, 18, 31]","[461, 209, 206]",3.6560584763889286,0.09140146190972322,3,0
2667,914,0,shortest,Customer_47,Customer_33,74,4,"[74, 17, 4]","[205, 51]",3.3511271680761365,0.06415610276148628,2,0
2668,914,1,detour_2,Customer_47,Customer_33,74,4,"[74, 72, 4]","[461, 49]",4.156830556216501,0.08389755401278037,2,0
2669,914,2,detour_3,Customer_47,Customer_33,74,4,"[74, 55, 4]","[415, 47]",4.313290532779908,0.08831742639209042,2,0
2670,915,0,shortest,Customer_47,Customer_77,74,28,"[74, 28]",[285],4.719988160335938,0.08581796655156251,1,0
2671,915,1,detour_2,Customer_47,Customer_77,74,28,"[74, 59, 28]","[439, 283]",5.025584712700724,0.10297919649116298,2,0
2672,915,2,detour_3,Customer_47,Customer_77,74,28,"[74, 72, 28]","[461, 287]",6.6102919471627555,0.1285059429390759,2,0
2673,916,0,shortest,Customer_47,Customer_54,74,69,"[74, 72, 69]","[461, 459]",5.2488066153893875,0.10375166417956014,2,0
2674,916,1,avoid_congestion,Customer_47,Customer_54,74,69,"[74, 59, 27, 69]","[439, 271, 274]",10.78570905812137,0.20770873004426565,1,0
2675,916,2,detour_2,Customer_47,Customer_54,74,69,"[74, 59, 69]","[439, 442]",5.371210595043063,0.1092633034428419,2,0
2676,916,3,detour_3,Customer_47,Customer_54,74,69,"[74, 31, 69]","[309, 310]",6.7329328399446045,0.12241696072626554,2,0
2677,917,0,shortest,Customer_47,Customer_71,74,32,"[74, 55, 32]","[415, 317]",5.682041004408014,0.11320379860351054,2,0
2678,917,1,avoid_congestion,Customer_47,Customer_71,74,32,"[74, 50, 10, 32]","[397, 121, 118]",9.631232751036054,0.17511332274611008,1,0
2679,917,2,detour_2,Customer_47,Customer_71,74,32,"[74, 50, 32]","[397, 319]",7.019697232865088,0.12763085877936525,2,0
2680,917,3,detour_3,Customer_47,Customer_71,74,32,"[74, 55, 50, 32]","[415, 395, 319]",7.112729127060579,0.13921630992446626,3,0
2681,918,0,shortest,Customer_47,Customer_48,74,27,"[74, 27]",[279],6.403611617492714,0.11642930213623115,1,0
2682,918,1,avoid_congestion,Customer_47,Customer_48,74,27,"[74, 59, 27]","[439, 271]",6.404283147233186,0.12804644075538957,1,0
2683,918,2,detour_3,Customer_47,Customer_48,74,27,"[74, 28, 27]","[285, 273]",7.793797390557636,0.1417054071010479,1,0
2684,919,0,shortest,Customer_47,Customer_51,74,10,"[74, 50, 10]","[397, 121]",7.020547818655694,0.12764632397555808,1,0
2685,919,1,detour_2,Customer_47,Customer_51,74,10,"[74, 55, 50, 10]","[415, 395, 121]",7.113579712851185,0.1392317751206591,2,0
2686,919,2,detour_3,Customer_47,Customer_51,74,10,"[74, 55, 32, 10]","[415, 317, 119]",8.292725936788374,0.16067079737406254,2,0
2687,920,0,shortest,Customer_47,Customer_9,74,34,"[74, 50, 46, 14, 34]","[397, 385, 171, 168]",13.126053184935504,0.2525819361716994,1,0
2688,920,1,detour_2,Customer_47,Customer_9,74,34,"[74, 55, 50, 46, 14, 34]","[415, 395, 385, 171, 168]",13.219085079130995,0.26416738731680045,2,0
2689,920,2,detour_3,Customer_47,Customer_9,74,34,"[74, 50, 46, 14, 47, 34]","[397, 385, 171, 162, 329]",14.21469475618281,0.2797979754528821,2,0
2690,921,0,shortest,Customer_47,Customer_55,74,48,"[74, 17, 4, 48]","[205, 51, 52]",7.641759525537303,0.14216760016987112,3,0
2691,921,1,detour_2,Customer_47,Customer_55,74,48,"[74, 31, 18, 48]","[309, 207, 212]",7.972892462334084,0.14622422849374708,3,0
2692,921,2,detour_3,Customer_47,Customer_55,74,48,"[74, 72, 4, 48]","[461, 49, 52]",8.447462913677668,0.16190905142116524,3,0
2693,922,0,shortest,Customer_48,Customer_77,27,28,"[27, 28]",[272],3.073809230221697,0.0558874405494854,0,0
2694,922,1,detour_2,Customer_48,Customer_77,27,28,"[27, 59, 28]","[270, 283]",8.025755356929958,0.1459228246714538,1,0
2695,922,2,detour_3,Customer_48,Customer_77,27,28,"[27, 74, 28]","[278, 285]",11.123599777828652,0.20224726868779366,2,0
2696,923,0,shortest,Customer_48,Customer_54,27,69,"[27, 69]",[274],4.381425910888184,0.07966228928887607,0,0
2697,923,1,detour_2,Customer_48,Customer_54,27,69,"[27, 59, 69]","[270, 442]",8.3713812392723,0.1522069316231327,1,0
2698,923,2,detour_3,Customer_48,Customer_54,27,69,"[27, 28, 59, 69]","[272, 282, 442]",10.066492034961533,0.18302712790839148,2,0
2699,924,0,shortest,Customer_48,Customer_37,27,68,"[27, 68]",[276],4.823269155390392,0.08769580282527985,0,0
2700,924,1,detour_2,Customer_48,Customer_37,27,68,"[27, 11, 68]","[139, 134]",9.438233096782959,0.17160423812332654,0,0
2701,924,2,detour_3,Customer_48,Customer_37,27,68,"[27, 69, 22, 68]","[274, 239, 244]",14.493138911504898,0.26351161657281635,0,0
2702,925,0,shortest,Customer_48,Customer_3,27,74,"[27, 74]",[278],6.403611617492714,0.11642930213623115,1,0
2703,925,1,avoid_congestion,Customer_48,Customer_3,27,74,"[27, 59, 74]","[270, 438]",6.404283147233186,0.12804644075538957,1,0
2704,925,2,detour_3,Customer_48,Customer_3,27,74,"[27, 28, 74]","[272, 284]",7.793797390557636,0.1417054071010479,1,0
2705,926,0,shortest,Customer_48,Customer_42,27,74,"[27, 74]",[278],6.403611617492714,0.11642930213623115,1,0
2706,926,1,avoid_congestion,Customer_48,Customer_42,27,74,"[27, 59, 74]","[270, 438]",6.404283147233186,0.12804644075538957,1,0
2707,926,2,detour_3,Customer_48,Customer_42,27,74,"[27, 28, 74]","[272, 284]",7.793797390557636,0.1417054071010479,1,0
2708,927,0,shortest,Customer_48,Customer_47,27,74,"[27, 74]",[278],6.403611617492714,0.11642930213623115,1,0
2709,927,1,avoid_congestion,Customer_48,Customer_47,27,74,"[27, 59, 74]","[270, 438]",6.404283147233186,0.12804644075538957,1,0
2710,927,2,detour_3,Customer_48,Customer_47,27,74,"[27, 28, 74]","[272, 284]",7.793797390557636,0.1417054071010479,1,0
2711,928,0,shortest,Customer_48,Customer_15,27,72,"[27, 59, 72]","[270, 440]",6.777206985359532,0.13736953670854823,1,0
2712,928,1,detour_2,Customer_48,Customer_15,27,72,"[27, 74, 72]","[278, 461]",7.623704722789833,0.14693162976865914,2,0
2713,928,2,detour_3,Customer_48,Customer_15,27,72,"[27, 69, 72]","[274, 458]",8.410139420980451,0.1529116258360082,1,0
2714,929,0,shortest,Customer_48,Customer_7,27,11,"[27, 11]",[139],6.606393102463487,0.12011623822660886,0,0
2715,929,1,detour_2,Customer_48,Customer_7,27,11,"[27, 68, 11]","[276, 135]",7.6551091497098644,0.13918380272199754,0,0
2716,929,2,detour_3,Customer_48,Customer_7,27,11,"[27, 51, 11]","[280, 137]",14.673088111462253,0.26678342020840456,0,0
2717,930,0,shortest,Customer_48,Customer_26,27,31,"[27, 69, 31]","[274, 311]",7.828653673153415,0.14233915769369845,1,0
2718,930,1,detour_2,Customer_48,Customer_26,27,31,"[27, 69, 18, 31]","[274, 215, 206]",8.025129225480509,0.1471739878236821,2,0
2719,930,2,detour_3,Customer_48,Customer_26,27,31,"[27, 74, 31]","[278, 309]",9.689316695172087,0.1761693944576743,2,0
2720,931,0,shortest,Customer_48,Customer_67,27,31,"[27, 69, 31]","[274, 311]",7.828653673153415,0.14233915769369845,1,0
2721,931,1,detour_2,Customer_48,Customer_67,27,31,"[27, 69, 18, 31]","[274, 215, 206]",8.025129225480509,0.1471739878236821,2,0
2722,931,2,detour_3,Customer_48,Customer_67,27,31,"[27, 74, 31]","[278, 309]",9.689316695172087,0.1761693944576743,2,0
2723,932,0,shortest,Customer_48,Customer_35,27,8,"[27, 59, 8]","[270, 105]",8.007414809607011,0.14558936017467294,1,0
2724,932,1,detour_2,Customer_48,Customer_35,27,8,"[27, 59, 72, 8]","[270, 440, 95]",8.012894416303311,0.16826172248214272,2,0
2725,932,2,detour_3,Customer_48,Customer_35,27,8,"[27, 74, 8]","[278, 107]",8.644638023860512,0.17245496229542612,2,0
2726,933,0,shortest,Customer_48,Customer_41,27,8,"[27, 59, 8]","[270, 105]",8.007414809607011,0.14558936017467294,1,0
2727,933,1,detour_2,Customer_48,Customer_41,27,8,"[27, 59, 72, 8]","[270, 440, 95]",8.012894416303311,0.16826172248214272,2,0
2728,933,2,detour_3,Customer_48,Customer_41,27,8,"[27, 74, 8]","[278, 107]",8.644638023860512,0.17245496229542612,2,0
2729,934,0,shortest,Customer_48,Customer_46,27,8,"[27, 59, 8]","[270, 105]",8.007414809607011,0.14558936017467294,1,0
2730,934,1,detour_2,Customer_48,Customer_46,27,8,"[27, 59, 72, 8]","[270, 440, 95]",8.012894416303311,0.16826172248214272,2,0
2731,934,2,detour_3,Customer_48,Customer_46,27,8,"[27, 74, 8]","[278, 107]",8.644638023860512,0.17245496229542612,2,0
2732,935,0,shortest,Customer_48,Customer_2,27,55,"[27, 59, 55]","[270, 419]",7.764225464726492,0.14116773572229985,1,0
2733,935,1,detour_2,Customer_48,Customer_2,27,55,"[27, 74, 55]","[278, 415]",7.854726067586222,0.15270716338856888,2,0
2734,935,2,detour_3,Customer_48,Customer_2,27,55,"[27, 59, 74, 55]","[270, 438, 415]",7.855397597326695,0.1643243020077273,2,0
2735,936,0,shortest,Customer_48,Customer_24,27,22,"[27, 69, 22]","[274, 239]",9.07113402567479,0.16492970955772346,0,0
2736,936,1,detour_2,Customer_48,Customer_24,27,22,"[27, 69, 5, 22]","[274, 55, 56]",9.801516513250226,0.18121931712300027,0,0
2737,936,2,detour_3,Customer_48,Customer_24,27,22,"[27, 68, 22]","[276, 245]",10.245274041220501,0.18627770984037273,0,0
2738,937,0,shortest,Customer_48,Customer_6,27,5,"[27, 69, 5]","[274, 55]",9.360060703877451,0.17018292188868092,0,0
2739,937,1,detour_2,Customer_48,Customer_6,27,5,"[27, 69, 22, 5]","[274, 239, 57]",9.512589835047564,0.1759661047920428,0,0
2740,937,2,detour_3,Customer_48,Customer_6,27,5,"[27, 68, 5]","[276, 63]",10.050569288788715,0.1827376234325221,0,0
2741,938,0,shortest,Customer_48,Customer_71,27,32,"[27, 28, 32]","[272, 288]",8.492662331171083,0.15441204238492878,0,0
2742,938,1,detour_2,Customer_48,Customer_71,27,32,"[27, 59, 55, 32]","[270, 419, 317]",11.995152019040997,0.21809367307347266,2,0
2743,938,2,detour_3,Customer_48,Customer_71,27,32,"[27, 74, 55, 32]","[278, 415, 317]",12.085652621900728,0.2296331007397417,3,0
2744,939,0,shortest,Customer_48,Customer_14,27,17,"[27, 74, 17]","[278, 205]",9.281516162087225,0.16875483931067684,2,0
2745,939,1,avoid_congestion,Customer_48,Customer_14,27,17,"[27, 59, 74, 17]","[270, 438, 205]",9.282187691827698,0.18037197792983525,2,0
2746,939,2,detour_3,Customer_48,Customer_14,27,17,"[27, 59, 8, 17]","[270, 105, 96]",9.635373253413803,0.18628832126984277,2,0
2747,940,0,shortest,Customer_48,Customer_29,27,17,"[27, 74, 17]","[278, 205]",9.281516162087225,0.16875483931067684,2,0
2748,940,1,avoid_congestion,Customer_48,Customer_29,27,17,"[27, 59, 74, 17]","[270, 438, 205]",9.282187691827698,0.18037197792983525,2,0
2749,940,2,detour_3,Customer_48,Customer_29,27,17,"[27, 59, 8, 17]","[270, 105, 96]",9.635373253413803,0.18628832126984277,2,0
2750,941,0,shortest,Customer_48,Customer_31,27,17,"[27, 74, 17]","[278, 205]",9.281516162087225,0.16875483931067684,2,0
2751,941,1,avoid_congestion,Customer_48,Customer_31,27,17,"[27, 59, 74, 17]","[270, 438, 205]",9.282187691827698,0.18037197792983525,2,0
2752,941,2,detour_3,Customer_48,Customer_31,27,17,"[27, 59, 8, 17]","[270, 105, 96]",9.635373253413803,0.18628832126984277,2,0
2753,942,0,same_node,Customer_49,Customer_32,46,46,[46],[],0.0,0.0,0,0
2754,943,0,shortest,Customer_49,Customer_27,46,33,"[46, 33]",[325],1.5169601422521861,0.03792400355630465,0,0
2755,943,1,detour_2,Customer_49,Customer_27,46,33,"[46, 10, 33]","[125, 126]",6.005187564696085,0.10918522844901972,0,0
2756,943,2,detour_3,Customer_49,Customer_27,46,33,"[46, 43, 33]","[377, 321]",7.663272768536478,0.13933223215520868,0,0
2757,944,0,shortest,Customer_49,Customer_79,46,33,"[46, 33]",[325],1.5169601422521861,0.03792400355630465,0,0
2758,944,1,detour_2,Customer_49,Customer_79,46,33,"[46, 10, 33]","[125, 126]",6.005187564696085,0.10918522844901972,0,0
2759,944,2,detour_3,Customer_49,Customer_79,46,33,"[46, 43, 33]","[377, 321]",7.663272768536478,0.13933223215520868,0,0
2760,945,0,shortest,Customer_49,Customer_51,46,10,"[46, 10]",[125],2.9737855300055998,0.054068827818283635,0,0
2761,945,1,detour_2,Customer_49,Customer_51,46,10,"[46, 33, 10]","[325, 127]",4.548362176942671,0.09304040418704074,0,0
2762,945,2,detour_3,Customer_49,Customer_51,46,10,"[46, 50, 10]","[384, 121]",6.840486519764978,0.12437248217754505,0,0
2763,946,0,shortest,Customer_49,Customer_38,46,14,"[46, 14]",[171],3.3391358276011216,0.060711560501838575,0,0
2764,946,1,detour_2,Customer_49,Customer_38,46,14,"[46, 33, 14]","[325, 173]",6.186755786954276,0.12282937891452446,0,0
2765,946,2,detour_3,Customer_49,Customer_38,46,14,"[46, 10, 33, 14]","[125, 126, 173]",10.674983209398174,0.19409060380723953,0,0
2766,947,0,shortest,Customer_49,Customer_52,46,43,"[46, 43]",[377],4.417849853099555,0.08032454278362827,0,0
2767,947,1,detour_2,Customer_49,Customer_52,46,43,"[46, 33, 43]","[325, 320]",4.762383057689108,0.09693169292788506,0,0
2768,947,2,detour_3,Customer_49,Customer_52,46,43,"[46, 10, 43]","[125, 130]",6.092848061337399,0.11077905566068,0,0
2769,948,0,shortest,Customer_49,Customer_58,46,43,"[46, 43]",[377],4.417849853099555,0.08032454278362827,0,0
2770,948,1,detour_2,Customer_49,Customer_58,46,43,"[46, 33, 43]","[325, 320]",4.762383057689108,0.09693169292788506,0,0
2771,948,2,detour_3,Customer_49,Customer_58,46,43,"[46, 10, 43]","[125, 130]",6.092848061337399,0.11077905566068,0,0
2772,949,0,shortest,Customer_49,Customer_9,46,34,"[46, 14, 34]","[171, 168]",5.381677972955689,0.11177511413570278,0,0
2773,949,1,detour_2,Customer_49,Customer_9,46,34,"[46, 14, 47, 34]","[171, 162, 329]",6.470319544202997,0.13899115341688545,1,0
2774,949,2,detour_3,Customer_49,Customer_9,46,34,"[46, 14, 26, 34]","[171, 164, 266]",9.318958894897934,0.1694356162708715,0,0
2775,950,0,shortest,Customer_49,Customer_21,46,67,"[46, 33, 67]","[325, 322]",5.1651259894699,0.10425429168753582,0,0
2776,950,1,detour_2,Customer_49,Customer_21,46,67,"[46, 43, 67]","[377, 374]",5.629346797224775,0.11061196638675877,0,0
2777,950,2,detour_3,Customer_49,Customer_21,46,67,"[46, 33, 43, 67]","[325, 320, 374]",5.973880001814328,0.12721911653101556,0,0
2778,951,0,shortest,Customer_49,Customer_22,46,67,"[46, 33, 67]","[325, 322]",5.1651259894699,0.10425429168753582,0,0
2779,951,1,detour_2,Customer_49,Customer_22,46,67,"[46, 43, 67]","[377, 374]",5.629346797224775,0.11061196638675877,0,0
2780,951,2,detour_3,Customer_49,Customer_22,46,67,"[46, 33, 43, 67]","[325, 320, 374]",5.973880001814328,0.12721911653101556,0,0
2781,952,0,shortest,Customer_49,Customer_71,46,32,"[46, 10, 32]","[125, 118]",5.58447046238596,0.10153582658883564,0,0
2782,952,1,detour_2,Customer_49,Customer_71,46,32,"[46, 50, 32]","[384, 319]",6.839635933974372,0.12435701698135222,1,0
2783,952,2,detour_3,Customer_49,Customer_71,46,32,"[46, 33, 10, 32]","[325, 127, 118]",7.159047109323032,0.14050740295759273,0,0
2784,953,0,shortest,Customer_49,Customer_30,46,47,"[46, 14, 47]","[171, 162]",5.598376919642931,0.1171925878028838,0,0
2785,953,1,detour_2,Customer_49,Customer_30,46,47,"[46, 14, 34, 47]","[171, 168, 328]",6.253620597515756,0.13357367974970444,1,0
2786,953,2,detour_3,Customer_49,Customer_30,46,47,"[46, 14, 65, 47]","[171, 166, 387]",8.57604220246983,0.1661119308652714,0,0
2787,954,0,shortest,Customer_49,Customer_60,46,47,"[46, 14, 47]","[171, 162]",5.598376919642931,0.1171925878028838,0,0
2788,954,1,detour_2,Customer_49,Customer_60,46,47,"[46, 14, 34, 47]","[171, 168, 328]",6.253620597515756,0.13357367974970444,1,0
2789,954,2,detour_3,Customer_49,Customer_60,46,47,"[46, 14, 65, 47]","[171, 166, 387]",8.57604220246983,0.1661119308652714,0,0
2790,955,0,shortest,Customer_49,Customer_65,46,47,"[46, 14, 47]","[171, 162]",5.598376919642931,0.1171925878028838,0,0
2791,955,1,detour_2,Customer_49,Customer_65,46,47,"[46, 14, 34, 47]","[171, 168, 328]",6.253620597515756,0.13357367974970444,1,0
2792,955,2,detour_3,Customer_49,Customer_65,46,47,"[46, 14, 65, 47]","[171, 166, 387]",8.57604220246983,0.1661119308652714,0,0
2793,956,0,shortest,Customer_49,Customer_2,46,55,"[46, 50, 55]","[384, 394]",6.386292656081796,0.11611441192875993,1,0
2794,956,1,detour_2,Customer_49,Customer_2,46,55,"[46, 10, 50, 55]","[125, 120, 394]",8.636250792763276,0.15702274168660502,1,0
2795,956,2,detour_3,Customer_49,Customer_2,46,55,"[46, 50, 74, 55]","[384, 396, 415]",9.195489662073323,0.17708468328833435,2,0
2796,957,0,shortest,Customer_49,Customer_17,46,38,"[46, 43, 38]","[377, 351]",6.932359012554782,0.12604289113735967,0,0
2797,957,1,detour_2,Customer_49,Customer_17,46,38,"[46, 10, 38]","[125, 128]",6.93378985477965,0.1260689064505391,0,0
2798,957,2,detour_3,Customer_49,Customer_17,46,38,"[46, 33, 43, 38]","[325, 320, 351]",7.276892217144336,0.14265004128161646,0,0
2799,958,0,shortest,Customer_49,Customer_74,46,38,"[46, 43, 38]","[377, 351]",6.932359012554782,0.12604289113735967,0,0
2800,958,1,detour_2,Customer_49,Customer_74,46,38,"[46, 10, 38]","[125, 128]",6.93378985477965,0.1260689064505391,0,0
2801,958,2,detour_3,Customer_49,Customer_74,46,38,"[46, 33, 43, 38]","[325, 320, 351]",7.276892217144336,0.14265004128161646,0,0
2802,959,0,shortest,Customer_49,Customer_50,46,26,"[46, 14, 26]","[171, 164]",6.531822898356477,0.11876041633375412,0,0
2803,959,1,detour_2,Customer_49,Customer_50,46,26,"[46, 14, 34, 26]","[171, 168, 267]",8.168813969497146,0.16245031407282018,0,0
2804,959,2,detour_3,Customer_49,Customer_50,46,26,"[46, 14, 47, 26]","[171, 162, 263]",7.53927851469997,0.1657151276793098,0,0
2805,960,0,shortest,Customer_49,Customer_69,46,9,"[46, 14, 26, 9]","[171, 164, 109]",7.687189248958811,0.14764457509881246,0,0
2806,960,1,detour_2,Customer_49,Customer_69,46,9,"[46, 14, 47, 9]","[171, 162, 113]",8.667932679344453,0.17300269252472966,0,0
2807,960,2,detour_3,Customer_49,Customer_69,46,9,"[46, 14, 34, 9]","[171, 168, 111]",9.27081386868914,0.182486675876311,0,0
2808,961,0,shortest,Customer_49,Customer_33,46,4,"[46, 50, 55, 4]","[384, 394, 47]",9.248468738768196,0.16815397706851265,2,0
2809,961,1,detour_2,Customer_49,Customer_33,46,4,"[46, 50, 55, 17, 4]","[384, 394, 199, 51]",9.357021571022557,0.19038263480227896,3,0
2810,961,2,detour_3,Customer_49,Customer_33,46,4,"[46, 50, 74, 17, 4]","[384, 396, 205, 51]",11.09550238005595,0.2049629247974829,3,0
2811,962,0,shortest,Customer_50,Customer_69,26,9,"[26, 9]",[109],1.1553663506023342,0.028884158765058354,0,0
2812,962,1,detour_2,Customer_50,Customer_69,26,9,"[26, 1, 9]","[13, 16]",4.0356602047597026,0.08319822473916856,0,0
2813,962,2,detour_3,Customer_50,Customer_69,26,9,"[26, 47, 9]","[262, 113]",5.010457354758562,0.10433264459827185,0,0
2814,963,0,shortest,Customer_50,Customer_30,26,47,"[26, 47]",[262],1.9409015950570396,0.04852253987642599,0,0
2815,963,1,detour_2,Customer_50,Customer_30,26,47,"[26, 34, 47]","[266, 328]",3.6590786211015223,0.07247376555111903,1,0
2816,963,2,detour_3,Customer_50,Customer_30,26,47,"[26, 9, 47]","[109, 112]",4.224922110303856,0.08469426348690422,0,0
2817,964,0,shortest,Customer_50,Customer_60,26,47,"[26, 47]",[262],1.9409015950570396,0.04852253987642599,0,0
2818,964,1,detour_2,Customer_50,Customer_60,26,47,"[26, 34, 47]","[266, 328]",3.6590786211015223,0.07247376555111903,1,0
2819,964,2,detour_3,Customer_50,Customer_60,26,47,"[26, 9, 47]","[109, 112]",4.224922110303856,0.08469426348690422,0,0
2820,965,0,shortest,Customer_50,Customer_65,26,47,"[26, 47]",[262],1.9409015950570396,0.04852253987642599,0,0
2821,965,1,detour_2,Customer_50,Customer_65,26,47,"[26, 34, 47]","[266, 328]",3.6590786211015223,0.07247376555111903,1,0
2822,965,2,detour_3,Customer_50,Customer_65,26,47,"[26, 9, 47]","[109, 112]",4.224922110303856,0.08469426348690422,0,0
2823,966,0,shortest,Customer_50,Customer_1,26,1,"[26, 1]",[13],2.595014455707521,0.047182081012864016,0,0
2824,966,1,detour_2,Customer_50,Customer_1,26,1,"[26, 9, 1]","[109, 17]",2.5960120996545157,0.0649003024913629,0,0
2825,966,2,detour_3,Customer_50,Customer_1,26,1,"[26, 47, 1]","[262, 15]",6.426013328586271,0.13007002594059386,0,0
2826,967,0,shortest,Customer_50,Customer_9,26,34,"[26, 34]",[266],2.787135996541456,0.05067519993711739,0,0
2827,967,1,detour_2,Customer_50,Customer_9,26,34,"[26, 47, 34]","[262, 329]",2.812844219617106,0.07032110549042764,1,0
2828,967,2,detour_3,Customer_50,Customer_9,26,34,"[26, 9, 34]","[109, 110]",5.044502246335786,0.09959572050566658,0,0
2829,968,0,shortest,Customer_50,Customer_38,26,14,"[26, 14]",[165],3.192687070755355,0.05804885583191555,0,0
2830,968,1,detour_2,Customer_50,Customer_38,26,14,"[26, 34, 14]","[266, 169]",4.829678141896024,0.10173875357098158,0,0
2831,968,2,detour_3,Customer_50,Customer_38,26,14,"[26, 47, 14]","[262, 163]",4.2001426870988485,0.10500356717747121,0,0
2832,969,0,shortest,Customer_50,Customer_34,26,66,"[26, 1, 66]","[13, 22]",7.615141868735924,0.13845712488610767,0,0
2833,969,1,detour_2,Customer_50,Customer_34,26,66,"[26, 9, 1, 66]","[109, 17, 22]",7.616139512682918,0.15617534636460656,0,0
2834,969,2,detour_3,Customer_50,Customer_34,26,66,"[26, 1, 61, 66]","[13, 10, 446]",8.433580101139345,0.16829161625043149,0,0
2835,970,0,shortest,Customer_50,Customer_73,26,66,"[26, 1, 66]","[13, 22]",7.615141868735924,0.13845712488610767,0,0
2836,970,1,detour_2,Customer_50,Customer_73,26,66,"[26, 9, 1, 66]","[109, 17, 22]",7.616139512682918,0.15617534636460656,0,0
2837,970,2,detour_3,Customer_50,Customer_73,26,66,"[26, 1, 61, 66]","[13, 10, 446]",8.433580101139345,0.16829161625043149,0,0
2838,971,0,shortest,Customer_50,Customer_32,26,46,"[26, 14, 46]","[165, 170]",6.531822898356477,0.11876041633375412,0,0
2839,971,1,detour_2,Customer_50,Customer_32,26,46,"[26, 34, 14, 46]","[266, 169, 170]",8.168813969497146,0.16245031407282015,0,0
2840,971,2,detour_3,Customer_50,Customer_32,26,46,"[26, 47, 14, 46]","[262, 163, 170]",7.53927851469997,0.1657151276793098,0,0
2841,972,0,shortest,Customer_50,Customer_49,26,46,"[26, 14, 46]","[165, 170]",6.531822898356477,0.11876041633375412,0,0
2842,972,1,detour_2,Customer_50,Customer_49,26,46,"[26, 34, 14, 46]","[266, 169, 170]",8.168813969497146,0.16245031407282015,0,0
2843,972,2,detour_3,Customer_50,Customer_49,26,46,"[26, 47, 14, 46]","[262, 163, 170]",7.53927851469997,0.1657151276793098,0,0
2844,973,0,shortest,Customer_50,Customer_33,26,4,"[26, 14, 46, 50, 55, 4]","[165, 170, 384, 394, 47]",15.780291637124673,0.28691439340226677,2,0
2845,973,1,detour_2,Customer_50,Customer_33,26,4,"[26, 14, 46, 50, 55, 17, 4]","[165, 170, 384, 394, 199, 51]",15.888844469379034,0.3091430511360331,3,0
2846,973,2,detour_3,Customer_50,Customer_33,26,4,"[26, 14, 46, 50, 74, 17, 4]","[165, 170, 384, 396, 205, 51]",17.627325278412428,0.32372334113123696,3,0
2847,974,0,shortest,Customer_50,Customer_18,26,57,"[26, 1, 61, 57]","[13, 10, 429]",9.532060907515966,0.1733101983184721,0,0
2848,974,1,detour_2,Customer_50,Customer_18,26,57,"[26, 1, 61, 16, 57]","[13, 10, 189, 184]",9.793432489564408,0.1797388538030062,0,0
2849,974,2,detour_3,Customer_50,Customer_18,26,57,"[26, 1, 66, 57]","[13, 22, 431]",9.377433194665103,0.18251440803433716,0,0
2850,975,0,shortest,Customer_50,Customer_14,26,17,"[26, 14, 46, 50, 55, 17]","[165, 170, 384, 394, 199]",15.41562184589741,0.2973124855489925,2,0
2851,975,1,detour_2,Customer_50,Customer_14,26,17,"[26, 14, 46, 50, 55, 4, 17]","[165, 170, 384, 394, 47, 50]",16.2535142606063,0.29874495898930736,3,0
2852,975,2,detour_3,Customer_50,Customer_14,26,17,"[26, 14, 46, 50, 74, 17]","[165, 170, 384, 396, 205]",17.154102654930803,0.31189277554419637,2,0
2853,976,0,shortest,Customer_50,Customer_29,26,17,"[26, 14, 46, 50, 55, 17]","[165, 170, 384, 394, 199]",15.41562184589741,0.2973124855489925,2,0
2854,976,1,detour_2,Customer_50,Customer_29,26,17,"[26, 14, 46, 50, 55, 4, 17]","[165, 170, 384, 394, 47, 50]",16.2535142606063,0.29874495898930736,3,0
2855,976,2,detour_3,Customer_50,Customer_29,26,17,"[26, 14, 46, 50, 74, 17]","[165, 170, 384, 396, 205]",17.154102654930803,0.31189277554419637,2,0
2856,977,0,shortest,Customer_50,Customer_31,26,17,"[26, 14, 46, 50, 55, 17]","[165, 170, 384, 394, 199]",15.41562184589741,0.2973124855489925,2,0
2857,977,1,detour_2,Customer_50,Customer_31,26,17,"[26, 14, 46, 50, 55, 4, 17]","[165, 170, 384, 394, 47, 50]",16.2535142606063,0.29874495898930736,3,0
2858,977,2,detour_3,Customer_50,Customer_31,26,17,"[26, 14, 46, 50, 74, 17]","[165, 170, 384, 396, 205]",17.154102654930803,0.31189277554419637,2,0
2859,978,0,shortest,Customer_50,Customer_28,26,16,"[26, 1, 61, 16]","[13, 10, 189]",9.54755390396192,0.173591889162944,0,0
2860,978,1,detour_2,Customer_50,Customer_28,26,16,"[26, 1, 61, 57, 16]","[13, 10, 429, 185]",9.777939493118454,0.1794571629585343,0,0
2861,978,2,detour_3,Customer_50,Customer_28,26,16,"[26, 1, 66, 16]","[13, 22, 187]",9.543407657357257,0.186663769601641,0,0
2862,979,0,shortest,Customer_50,Customer_66,26,16,"[26, 1, 61, 16]","[13, 10, 189]",9.54755390396192,0.173591889162944,0,0
2863,979,1,detour_2,Customer_50,Customer_66,26,16,"[26, 1, 61, 57, 16]","[13, 10, 429, 185]",9.777939493118454,0.1794571629585343,0,0
2864,979,2,detour_3,Customer_50,Customer_66,26,16,"[26, 1, 66, 16]","[13, 22, 187]",9.543407657357257,0.186663769601641,0,0
2865,980,0,shortest,Customer_50,Customer_27,26,33,"[26, 14, 33]","[165, 172]",7.862482715457444,0.14295423119013534,0,0
2866,980,1,detour_2,Customer_50,Customer_27,26,33,"[26, 14, 46, 33]","[165, 170, 325]",8.048783040608663,0.15668441989005877,0,0
2867,980,2,detour_3,Customer_50,Customer_27,26,33,"[26, 34, 14, 33]","[266, 169, 172]",9.499473786598113,0.1866441289292014,0,0
2868,981,0,shortest,Customer_50,Customer_79,26,33,"[26, 14, 33]","[165, 172]",7.862482715457444,0.14295423119013534,0,0
2869,981,1,detour_2,Customer_50,Customer_79,26,33,"[26, 14, 46, 33]","[165, 170, 325]",8.048783040608663,0.15668441989005877,0,0
2870,981,2,detour_3,Customer_50,Customer_79,26,33,"[26, 34, 14, 33]","[266, 169, 172]",9.499473786598113,0.1866441289292014,0,0
2871,982,0,shortest,Customer_51,Customer_71,10,32,"[10, 32]",[118],2.61068493238036,0.047466998770552,0,0
2872,982,1,detour_2,Customer_51,Customer_71,10,32,"[10, 76, 32]","[122, 315]",4.342398913741374,0.08756291664987328,0,0
2873,982,2,detour_3,Customer_51,Customer_71,10,32,"[10, 50, 32]","[120, 319]",6.115808540650252,0.11119651892091367,1,0
2874,983,0,shortest,Customer_51,Customer_32,10,46,"[10, 46]",[124],2.9737855300055998,0.054068827818283635,0,0
2875,983,1,detour_2,Customer_51,Customer_32,10,46,"[10, 33, 46]","[126, 324]",4.548362176942671,0.09304040418704074,0,0
2876,983,2,detour_3,Customer_51,Customer_32,10,46,"[10, 50, 46]","[120, 385]",6.840486519764978,0.12437248217754505,0,0
2877,984,0,shortest,Customer_51,Customer_49,10,46,"[10, 46]",[124],2.9737855300055998,0.054068827818283635,0,0
2878,984,1,detour_2,Customer_51,Customer_49,10,46,"[10, 33, 46]","[126, 324]",4.548362176942671,0.09304040418704074,0,0
2879,984,2,detour_3,Customer_51,Customer_49,10,46,"[10, 50, 46]","[120, 385]",6.840486519764978,0.12437248217754505,0,0
2880,985,0,shortest,Customer_51,Customer_27,10,33,"[10, 33]",[126],3.0314020346904846,0.055116400630736084,0,0
2881,985,1,detour_2,Customer_51,Customer_27,10,33,"[10, 46, 33]","[124, 325]",4.490745672257786,0.09199283137458829,0,0
2882,985,2,detour_3,Customer_51,Customer_27,10,33,"[10, 43, 33]","[130, 321]",6.364485446768722,0.11571791721397677,0,0
2883,986,0,shortest,Customer_51,Customer_79,10,33,"[10, 33]",[126],3.0314020346904846,0.055116400630736084,0,0
2884,986,1,detour_2,Customer_51,Customer_79,10,33,"[10, 46, 33]","[124, 325]",4.490745672257786,0.09199283137458829,0,0
2885,986,2,detour_3,Customer_51,Customer_79,10,33,"[10, 43, 33]","[130, 321]",6.364485446768722,0.11571791721397677,0,0
2886,987,0,shortest,Customer_51,Customer_52,10,43,"[10, 43]",[130],3.1190625313317994,0.056710227842396356,0,0
2887,987,1,detour_2,Customer_51,Customer_52,10,43,"[10, 67, 43]","[132, 375]",5.468610286420946,0.1076894843721437,0,0
2888,987,2,detour_3,Customer_51,Customer_52,10,43,"[10, 33, 43]","[126, 320]",6.276824950127407,0.11412409000231649,0,0
2889,988,0,shortest,Customer_51,Customer_58,10,43,"[10, 43]",[130],3.1190625313317994,0.056710227842396356,0,0
2890,988,1,detour_2,Customer_51,Customer_58,10,43,"[10, 67, 43]","[132, 375]",5.468610286420946,0.1076894843721437,0,0
2891,988,2,detour_3,Customer_51,Customer_58,10,43,"[10, 33, 43]","[126, 320]",6.276824950127407,0.11412409000231649,0,0
2892,989,0,shortest,Customer_51,Customer_17,10,38,"[10, 38]",[128],3.96000432477405,0.07200007863225545,0,0
2893,989,1,detour_2,Customer_51,Customer_17,10,38,"[10, 43, 38]","[130, 351]",5.6335716907870275,0.10242857619612777,0,0
2894,989,2,detour_3,Customer_51,Customer_17,10,38,"[10, 76, 38]","[122, 355]",6.754933979677824,0.12281698144868772,0,0
2895,990,0,shortest,Customer_51,Customer_74,10,38,"[10, 38]",[128],3.96000432477405,0.07200007863225545,0,0
2896,990,1,detour_2,Customer_51,Customer_74,10,38,"[10, 43, 38]","[130, 351]",5.6335716907870275,0.10242857619612777,0,0
2897,990,2,detour_3,Customer_51,Customer_74,10,38,"[10, 76, 38]","[122, 355]",6.754933979677824,0.12281698144868772,0,0
2898,991,0,shortest,Customer_51,Customer_21,10,67,"[10, 67]",[132],4.257113342295726,0.07740206076901321,0,0
2899,991,1,detour_2,Customer_51,Customer_21,10,67,"[10, 43, 67]","[130, 374]",4.330559475457019,0.08699765144552685,0,0
2900,991,2,detour_3,Customer_51,Customer_21,10,67,"[10, 33, 67]","[126, 322]",6.6795678819081985,0.12144668876196725,0,0
2901,992,0,shortest,Customer_51,Customer_22,10,67,"[10, 67]",[132],4.257113342295726,0.07740206076901321,0,0
2902,992,1,detour_2,Customer_51,Customer_22,10,67,"[10, 43, 67]","[130, 374]",4.330559475457019,0.08699765144552685,0,0
2903,992,2,detour_3,Customer_51,Customer_22,10,67,"[10, 33, 67]","[126, 322]",6.6795678819081985,0.12144668876196725,0,0
2904,993,0,shortest,Customer_51,Customer_2,10,55,"[10, 50, 55]","[120, 394]",5.662465262757676,0.10295391386832137,1,0
2905,993,1,detour_2,Customer_51,Customer_2,10,55,"[10, 32, 55]","[118, 316]",6.841611486694866,0.12439293612172483,1,0
2906,993,2,detour_3,Customer_51,Customer_2,10,55,"[10, 32, 50, 55]","[118, 318, 394]",8.27229960934743,0.15040544744268056,2,0
2907,994,0,shortest,Customer_51,Customer_38,10,14,"[10, 46, 14]","[124, 171]",6.312921357606721,0.11478038832012222,0,0
2908,994,1,detour_2,Customer_51,Customer_38,10,14,"[10, 33, 14]","[126, 173]",7.701197679392575,0.14002177598895588,0,0
2909,994,2,detour_3,Customer_51,Customer_38,10,14,"[10, 33, 46, 14]","[126, 324, 171]",7.887498004543793,0.1537519646888793,0,0
2910,995,0,shortest,Customer_51,Customer_3,10,74,"[10, 50, 74]","[120, 396]",7.020547818655694,0.12764632397555808,1,0
2911,995,1,detour_2,Customer_51,Customer_3,10,74,"[10, 50, 55, 74]","[120, 394, 414]",7.113579712851185,0.1392317751206591,2,0
2912,995,2,detour_3,Customer_51,Customer_3,10,74,"[10, 32, 55, 74]","[118, 316, 414]",8.292725936788376,0.16067079737406256,2,0
2913,996,0,shortest,Customer_51,Customer_42,10,74,"[10, 50, 74]","[120, 396]",7.020547818655694,0.12764632397555808,1,0
2914,996,1,detour_2,Customer_51,Customer_42,10,74,"[10, 50, 55, 74]","[120, 394, 414]",7.113579712851185,0.1392317751206591,2,0
2915,996,2,detour_3,Customer_51,Customer_42,10,74,"[10, 32, 55, 74]","[118, 316, 414]",8.292725936788376,0.16067079737406256,2,0
2916,997,0,shortest,Customer_51,Customer_47,10,74,"[10, 50, 74]","[120, 396]",7.020547818655694,0.12764632397555808,1,0
2917,997,1,detour_2,Customer_51,Customer_47,10,74,"[10, 50, 55, 74]","[120, 394, 414]",7.113579712851185,0.1392317751206591,2,0
2918,997,2,detour_3,Customer_51,Customer_47,10,74,"[10, 32, 55, 74]","[118, 316, 414]",8.292725936788376,0.16067079737406256,2,0
2919,998,0,shortest,Customer_51,Customer_9,10,34,"[10, 46, 14, 34]","[124, 171, 168]",8.355463502961289,0.1658439419539864,0,0
2920,998,1,detour_2,Customer_51,Customer_9,10,34,"[10, 33, 14, 34]","[126, 173, 168]",9.743739824747143,0.19108532962282007,0,0
2921,998,2,detour_3,Customer_51,Customer_9,10,34,"[10, 46, 14, 47, 34]","[124, 171, 162, 329]",9.444105074208597,0.19305998123516907,1,0
2922,999,0,shortest,Customer_51,Customer_14,10,17,"[10, 50, 55, 17]","[120, 394, 199]",8.159971554216813,0.1653915711547998,2,0
2923,999,1,detour_2,Customer_51,Customer_14,10,17,"[10, 50, 55, 4, 17]","[120, 394, 47, 50]",8.997863968925698,0.16682404459511468,3,0
2924,999,2,detour_3,Customer_51,Customer_14,10,17,"[10, 50, 74, 17]","[120, 396, 205]",9.898452363250207,0.17997186115000377,2,0
2925,1000,0,shortest,Customer_51,Customer_29,10,17,"[10, 50, 55, 17]","[120, 394, 199]",8.159971554216813,0.1653915711547998,2,0
2926,1000,1,detour_2,Customer_51,Customer_29,10,17,"[10, 50, 55, 4, 17]","[120, 394, 47, 50]",8.997863968925698,0.16682404459511468,3,0
2927,1000,2,detour_3,Customer_51,Customer_29,10,17,"[10, 50, 74, 17]","[120, 396, 205]",9.898452363250207,0.17997186115000377,2,0
2928,1001,0,shortest,Customer_51,Customer_31,10,17,"[10, 50, 55, 17]","[120, 394, 199]",8.159971554216813,0.1653915711547998,2,0
2929,1001,1,detour_2,Customer_51,Customer_31,10,17,"[10, 50, 55, 4, 17]","[120, 394, 47, 50]",8.997863968925698,0.16682404459511468,3,0
2930,1001,2,detour_3,Customer_51,Customer_31,10,17,"[10, 50, 74, 17]","[120, 396, 205]",9.898452363250207,0.17997186115000377,2,0
2931,1002,0,same_node,Customer_52,Customer_58,43,43,[43],[],0.0,0.0,0,0
2932,1003,0,shortest,Customer_52,Customer_21,43,67,"[43, 67]",[374],1.2114969441252197,0.03028742360313049,0,0
2933,1003,1,detour_2,Customer_52,Customer_21,43,67,"[43, 38, 67]","[351, 352]",5.732907744433455,0.10423468626242646,0,0
2934,1003,2,detour_3,Customer_52,Customer_21,43,67,"[43, 33, 67]","[321, 322]",6.8935887626546375,0.1253379775028116,0,0
2935,1004,0,shortest,Customer_52,Customer_22,43,67,"[43, 67]",[374],1.2114969441252197,0.03028742360313049,0,0
2936,1004,1,detour_2,Customer_52,Customer_22,43,67,"[43, 38, 67]","[351, 352]",5.732907744433455,0.10423468626242646,0,0
2937,1004,2,detour_3,Customer_52,Customer_22,43,67,"[43, 33, 67]","[321, 322]",6.8935887626546375,0.1253379775028116,0,0
2938,1005,0,shortest,Customer_52,Customer_17,43,38,"[43, 38]",[351],2.5145091594552276,0.04571834835373141,0,0
2939,1005,1,detour_2,Customer_52,Customer_17,43,38,"[43, 67, 38]","[374, 353]",4.429895529103447,0.08880376151182554,0,0
2940,1005,2,detour_3,Customer_52,Customer_17,43,38,"[43, 10, 38]","[131, 128]",7.079066856105849,0.12871030647465181,0,0
2941,1006,0,shortest,Customer_52,Customer_74,43,38,"[43, 38]",[351],2.5145091594552276,0.04571834835373141,0,0
2942,1006,1,detour_2,Customer_52,Customer_74,43,38,"[43, 67, 38]","[374, 353]",4.429895529103447,0.08880376151182554,0,0
2943,1006,2,detour_3,Customer_52,Customer_74,43,38,"[43, 10, 38]","[131, 128]",7.079066856105849,0.12871030647465181,0,0
2944,1007,0,shortest,Customer_52,Customer_51,43,10,"[43, 10]",[131],3.1190625313317994,0.056710227842396356,0,0
2945,1007,1,detour_2,Customer_52,Customer_51,43,10,"[43, 67, 10]","[374, 133]",5.468610286420946,0.1076894843721437,0,0
2946,1007,2,detour_3,Customer_52,Customer_51,43,10,"[43, 33, 10]","[321, 127]",6.276824950127407,0.11412409000231649,0,0
2947,1008,0,shortest,Customer_52,Customer_27,43,33,"[43, 33]",[321],3.2454229154369227,0.059007689371580414,0,0
2948,1008,1,detour_2,Customer_52,Customer_27,43,33,"[43, 67, 33]","[374, 323]",4.859662791342934,0.09661771173436165,0,0
2949,1008,2,detour_3,Customer_52,Customer_27,43,33,"[43, 10, 33]","[131, 126]",6.1504645660222845,0.11182662847313243,0,0
2950,1009,0,shortest,Customer_52,Customer_79,43,33,"[43, 33]",[321],3.2454229154369227,0.059007689371580414,0,0
2951,1009,1,detour_2,Customer_52,Customer_79,43,33,"[43, 67, 33]","[374, 323]",4.859662791342934,0.09661771173436165,0,0
2952,1009,2,detour_3,Customer_52,Customer_79,43,33,"[43, 10, 33]","[131, 126]",6.1504645660222845,0.11182662847313243,0,0
2953,1010,0,shortest,Customer_52,Customer_32,43,46,"[43, 46]",[376],4.417849853099555,0.08032454278362827,0,0
2954,1010,1,detour_2,Customer_52,Customer_32,43,46,"[43, 33, 46]","[321, 324]",4.762383057689108,0.09693169292788506,0,0
2955,1010,2,detour_3,Customer_52,Customer_32,43,46,"[43, 10, 46]","[131, 124]",6.092848061337399,0.11077905566068,0,0
2956,1011,0,shortest,Customer_52,Customer_49,43,46,"[43, 46]",[376],4.417849853099555,0.08032454278362827,0,0
2957,1011,1,detour_2,Customer_52,Customer_49,43,46,"[43, 33, 46]","[321, 324]",4.762383057689108,0.09693169292788506,0,0
2958,1011,2,detour_3,Customer_52,Customer_49,43,46,"[43, 10, 46]","[131, 124]",6.092848061337399,0.11077905566068,0,0
2959,1012,0,shortest,Customer_52,Customer_71,43,32,"[43, 10, 32]","[131, 118]",5.72974746371216,0.10417722661294836,0,0
2960,1012,1,detour_2,Customer_52,Customer_71,43,32,"[43, 76, 32]","[378, 315]",6.040891985992839,0.11844460887262717,0,0
2961,1012,2,detour_3,Customer_52,Customer_71,43,32,"[43, 38, 32]","[351, 313]",7.076141055975157,0.12865711010863923,0,0
2962,1013,0,shortest,Customer_52,Customer_10,43,73,"[43, 67, 73]","[374, 454]",5.87077883628646,0.11500163982424397,0,0
2963,1013,1,detour_2,Customer_52,Customer_10,43,73,"[43, 38, 73]","[351, 356]",7.292102837251223,0.13258368795002223,0,0
2964,1013,2,detour_3,Customer_52,Customer_10,43,73,"[43, 67, 38, 73]","[374, 353, 356]",9.207489206899442,0.17566910110811637,0,0
2965,1014,0,shortest,Customer_52,Customer_38,43,14,"[43, 46, 14]","[376, 171]",7.7569856807006765,0.14103610328546684,0,0
2966,1014,1,detour_2,Customer_52,Customer_38,43,14,"[43, 33, 14]","[321, 173]",7.915218560139012,0.14391306472980023,0,0
2967,1014,2,detour_3,Customer_52,Customer_38,43,14,"[43, 33, 46, 14]","[321, 324, 171]",8.10151888529023,0.15764325342972363,0,0
2968,1015,0,shortest,Customer_52,Customer_2,43,55,"[43, 10, 50, 55]","[131, 120, 394]",8.781527794089476,0.15966414171071774,1,0
2969,1015,1,detour_2,Customer_52,Customer_2,43,55,"[43, 10, 32, 55]","[131, 118, 316]",9.960674018026666,0.18110316396412118,1,0
2970,1015,2,detour_3,Customer_52,Customer_2,43,55,"[43, 76, 32, 55]","[378, 315, 316]",10.271818540307343,0.1953705462238,1,0
2971,1016,0,shortest,Customer_52,Customer_39,43,15,"[43, 67, 73, 15]","[374, 454, 181]",10.164530193932496,0.19306984632689916,0,0
2972,1016,1,detour_2,Customer_52,Customer_39,43,15,"[43, 38, 73, 15]","[351, 356, 181]",11.585854194897259,0.21065189445267743,0,0
2973,1016,2,detour_3,Customer_52,Customer_39,43,15,"[43, 67, 75, 15]","[374, 456, 177]",12.538001335068762,0.23622386707483126,0,0
2974,1017,0,shortest,Customer_52,Customer_75,43,15,"[43, 67, 73, 15]","[374, 454, 181]",10.164530193932496,0.19306984632689916,0,0
2975,1017,1,detour_2,Customer_52,Customer_75,43,15,"[43, 38, 73, 15]","[351, 356, 181]",11.585854194897259,0.21065189445267743,0,0
2976,1017,2,detour_3,Customer_52,Customer_75,43,15,"[43, 67, 75, 15]","[374, 456, 177]",12.538001335068762,0.23622386707483126,0,0
2977,1018,0,shortest,Customer_52,Customer_9,43,34,"[43, 46, 14, 34]","[376, 171, 168]",9.799527826055245,0.19209965691933104,0,0
2978,1018,1,detour_2,Customer_52,Customer_9,43,34,"[43, 33, 14, 34]","[321, 173, 168]",9.95776070549358,0.19497661836366442,0,0
2979,1018,2,detour_3,Customer_52,Customer_9,43,34,"[43, 33, 46, 14, 34]","[321, 324, 171, 168]",10.144061030644798,0.20870680706358782,0,0
2980,1019,0,shortest,Customer_52,Customer_3,43,74,"[43, 10, 50, 74]","[131, 120, 396]",10.139610349987493,0.18435655181795443,1,0
2981,1019,1,detour_2,Customer_52,Customer_3,43,74,"[43, 10, 50, 55, 74]","[131, 120, 394, 414]",10.232642244182985,0.19594200296305547,2,0
2982,1019,2,detour_3,Customer_52,Customer_3,43,74,"[43, 10, 32, 55, 74]","[131, 118, 316, 414]",11.411788468120175,0.2173810252164589,2,0
2983,1020,0,shortest,Customer_52,Customer_42,43,74,"[43, 10, 50, 74]","[131, 120, 396]",10.139610349987493,0.18435655181795443,1,0
2984,1020,1,detour_2,Customer_52,Customer_42,43,74,"[43, 10, 50, 55, 74]","[131, 120, 394, 414]",10.232642244182985,0.19594200296305547,2,0
2985,1020,2,detour_3,Customer_52,Customer_42,43,74,"[43, 10, 32, 55, 74]","[131, 118, 316, 414]",11.411788468120175,0.2173810252164589,2,0
2986,1021,0,shortest,Customer_52,Customer_47,43,74,"[43, 10, 50, 74]","[131, 120, 396]",10.139610349987493,0.18435655181795443,1,0
2987,1021,1,detour_2,Customer_52,Customer_47,43,74,"[43, 10, 50, 55, 74]","[131, 120, 394, 414]",10.232642244182985,0.19594200296305547,2,0
2988,1021,2,detour_3,Customer_52,Customer_47,43,74,"[43, 10, 32, 55, 74]","[131, 118, 316, 414]",11.411788468120175,0.2173810252164589,2,0
2989,1022,0,same_node,Customer_53,Customer_11,52,52,[52],[],0.0,0.0,0,0
2990,1023,0,same_node,Customer_53,Customer_12,52,52,[52],[],0.0,0.0,0,0
2991,1024,0,same_node,Customer_53,Customer_20,52,52,[52],[],0.0,0.0,0,0
2992,1025,0,shortest,Customer_53,Customer_43,52,0,"[52, 0]",[1],3.124055766583747,0.05680101393788631,0,0
2993,1025,1,detour_2,Customer_53,Customer_43,52,0,"[52, 24, 0]","[251, 3]",7.134793392783054,0.12972351623241918,0,0
2994,1025,2,detour_3,Customer_53,Customer_43,52,0,"[52, 2, 0]","[29, 5]",10.261102809424886,0.186565505625907,0,0
2995,1026,0,shortest,Customer_53,Customer_76,52,0,"[52, 0]",[1],3.124055766583747,0.05680101393788631,0,0
2996,1026,1,detour_2,Customer_53,Customer_76,52,0,"[52, 24, 0]","[251, 3]",7.134793392783054,0.12972351623241918,0,0
2997,1026,2,detour_3,Customer_53,Customer_76,52,0,"[52, 2, 0]","[29, 5]",10.261102809424886,0.186565505625907,0,0
2998,1027,0,shortest,Customer_53,Customer_72,52,24,"[52, 24]",[251],4.540569279445613,0.08255580508082933,0,0
2999,1027,1,detour_2,Customer_53,Customer_72,52,24,"[52, 0, 24]","[1, 2]",5.718279879921189,0.10396872508947616,0,0
3000,1027,2,detour_3,Customer_53,Customer_72,52,24,"[52, 2, 24]","[29, 26]",11.926728523981984,0.21684960952694515,0,0
3001,1028,0,shortest,Customer_53,Customer_8,52,63,"[52, 63]",[402],4.691338068031211,0.08529705578238565,0,0
3002,1028,1,detour_2,Customer_53,Customer_8,52,63,"[52, 13, 63]","[157, 152]",5.9711306117844165,0.12152808868015937,0,0
3003,1028,2,detour_3,Customer_53,Customer_8,52,63,"[52, 13, 45, 63]","[157, 154, 382]",9.338100445840784,0.181682833665433,0,0
3004,1029,0,shortest,Customer_53,Customer_70,52,53,"[52, 63, 53]","[402, 409]",7.75206959993009,0.1409467199987289,0,0
3005,1029,1,detour_2,Customer_53,Customer_70,52,53,"[52, 13, 63, 53]","[157, 152, 409]",9.031862143683295,0.17717775289650262,0,0
3006,1029,2,detour_3,Customer_53,Customer_70,52,53,"[52, 63, 60, 53]","[402, 445, 407]",11.390135932632791,0.20709338059332347,0,0
3007,1030,0,shortest,Customer_53,Customer_23,52,39,"[52, 79, 39]","[404, 363]",9.409944680507547,0.1710899032819554,0,0
3008,1030,1,detour_2,Customer_53,Customer_23,52,39,"[52, 79, 6, 39]","[404, 77, 80]",15.473038163700725,0.28132796661274045,0,0
3009,1030,2,detour_3,Customer_53,Customer_23,52,39,"[52, 63, 30, 64, 39]","[402, 305, 302, 359]",15.86753145388686,0.28850057188885203,0,0
3010,1031,0,shortest,Customer_53,Customer_5,52,7,"[52, 13, 7]","[157, 89]",8.371124299352935,0.1522022599882352,0,0
3011,1031,1,detour_2,Customer_53,Customer_5,52,7,"[52, 13, 44, 7]","[157, 158, 83]",8.66428798889837,0.16025228939801653,0,0
3012,1031,2,detour_3,Customer_53,Customer_5,52,7,"[52, 13, 45, 7]","[157, 154, 85]",9.060268884834455,0.17663135073804523,0,0
3013,1032,0,shortest,Customer_53,Customer_80,52,3,"[52, 63, 3]","[402, 41]",9.935716151797362,0.18064938457813384,0,0
3014,1032,1,detour_2,Customer_53,Customer_80,52,3,"[52, 63, 53, 3]","[402, 409, 35]",10.057487715838487,0.1985821728964388,0,0
3015,1032,2,detour_3,Customer_53,Customer_80,52,3,"[52, 13, 63, 3]","[157, 152, 41]",11.215508695550566,0.21688041747590753,0,0
3016,1033,0,shortest,Customer_53,Customer_16,52,64,"[52, 79, 39, 64]","[404, 363, 358]",12.146210332683475,0.2208401878669723,0,0
3017,1033,1,detour_2,Customer_53,Customer_16,52,64,"[52, 63, 30, 64]","[402, 305, 302]",13.131265801710931,0.23875028730383513,0,0
3018,1033,2,detour_3,Customer_53,Customer_16,52,64,"[52, 79, 39, 54, 64]","[404, 363, 360, 410]",12.37450773924548,0.24520397975040376,0,0
3019,1034,0,shortest,Customer_53,Customer_56,52,64,"[52, 79, 39, 64]","[404, 363, 358]",12.146210332683475,0.2208401878669723,0,0
3020,1034,1,detour_2,Customer_53,Customer_56,52,64,"[52, 63, 30, 64]","[402, 305, 302]",13.131265801710931,0.23875028730383513,0,0
3021,1034,2,detour_3,Customer_53,Customer_56,52,64,"[52, 79, 39, 54, 64]","[404, 363, 360, 410]",12.37450773924548,0.24520397975040376,0,0
3022,1035,0,shortest,Customer_53,Customer_63,52,64,"[52, 79, 39, 64]","[404, 363, 358]",12.146210332683475,0.2208401878669723,0,0
3023,1035,1,detour_2,Customer_53,Customer_63,52,64,"[52, 63, 30, 64]","[402, 305, 302]",13.131265801710931,0.23875028730383513,0,0
3024,1035,2,detour_3,Customer_53,Customer_63,52,64,"[52, 79, 39, 54, 64]","[404, 363, 360, 410]",12.37450773924548,0.24520397975040376,0,0
3025,1036,0,shortest,Customer_53,Customer_64,52,64,"[52, 79, 39, 64]","[404, 363, 358]",12.146210332683475,0.2208401878669723,0,0
3026,1036,1,detour_2,Customer_53,Customer_64,52,64,"[52, 63, 30, 64]","[402, 305, 302]",13.131265801710931,0.23875028730383513,0,0
3027,1036,2,detour_3,Customer_53,Customer_64,52,64,"[52, 79, 39, 54, 64]","[404, 363, 360, 410]",12.37450773924548,0.24520397975040376,0,0
3028,1037,0,shortest,Customer_53,Customer_55,52,48,"[52, 63, 53, 48]","[402, 409, 389]",11.978659414241587,0.21779380753166522,0,0
3029,1037,1,detour_2,Customer_53,Customer_55,52,48,"[52, 63, 3, 48]","[402, 41, 36]",13.5510892499285,0.2463834409077909,1,0
3030,1037,2,detour_3,Customer_53,Customer_55,52,48,"[52, 13, 63, 53, 48]","[157, 152, 409, 389]",13.258451957994794,0.25402484042943896,0,0
3031,1038,0,shortest,Customer_53,Customer_24,52,22,"[52, 13, 7, 22]","[157, 89, 86]",11.52332254809587,0.2095149554199249,0,0
3032,1038,1,detour_2,Customer_53,Customer_24,52,22,"[52, 13, 44, 22]","[157, 158, 241]",11.775634908818695,0.21410245288761265,0,0
3033,1038,2,detour_3,Customer_53,Customer_24,52,22,"[52, 13, 44, 7, 22]","[157, 158, 83, 86]",11.816486237641303,0.21756498482970624,0,0
3034,1039,0,shortest,Customer_53,Customer_6,52,5,"[52, 13, 7, 5]","[157, 89, 61]",11.913810821029493,0.21661474220053623,0,0
3035,1039,1,detour_2,Customer_53,Customer_6,52,5,"[52, 13, 7, 22, 5]","[157, 89, 86, 57]",11.964778357468644,0.22055135065424425,0,0
3036,1039,2,detour_3,Customer_53,Customer_6,52,5,"[52, 13, 44, 5]","[157, 158, 59]",12.17538869051841,0.22137070346397109,0,0
3037,1040,0,shortest,Customer_53,Customer_26,52,31,"[52, 63, 53, 48, 18, 31]","[402, 409, 389, 213, 206]",16.665846798896297,0.30427794370396916,2,0
3038,1040,1,detour_2,Customer_53,Customer_26,52,31,"[52, 63, 3, 48, 18, 31]","[402, 41, 36, 213, 206]",18.23827663458321,0.3328675770800948,3,0
3039,1040,2,detour_3,Customer_53,Customer_26,52,31,"[52, 63, 53, 48, 42, 18, 31]","[402, 409, 389, 373, 211, 206]",17.69707624158663,0.3378396754055411,3,0
3040,1041,0,shortest,Customer_53,Customer_67,52,31,"[52, 63, 53, 48, 18, 31]","[402, 409, 389, 213, 206]",16.665846798896297,0.30427794370396916,2,0
3041,1041,1,detour_2,Customer_53,Customer_67,52,31,"[52, 63, 3, 48, 18, 31]","[402, 41, 36, 213, 206]",18.23827663458321,0.3328675770800948,3,0
3042,1041,2,detour_3,Customer_53,Customer_67,52,31,"[52, 63, 53, 48, 42, 18, 31]","[402, 409, 389, 373, 211, 206]",17.69707624158663,0.3378396754055411,3,0
3043,1042,0,shortest,Customer_54,Customer_26,69,31,"[69, 31]",[311],3.4472277622652308,0.06267686840482238,1,0
3044,1042,1,detour_2,Customer_54,Customer_26,69,31,"[69, 18, 31]","[215, 206]",3.643703314592325,0.06751169853480601,2,0
3045,1042,2,detour_3,Customer_54,Customer_26,69,31,"[69, 72, 31]","[458, 307]",6.094466826438906,0.1248931694557981,2,0
3046,1043,0,shortest,Customer_54,Customer_67,69,31,"[69, 31]",[311],3.4472277622652308,0.06267686840482238,1,0
3047,1043,1,detour_2,Customer_54,Customer_67,69,31,"[69, 18, 31]","[215, 206]",3.643703314592325,0.06751169853480601,2,0
3048,1043,2,detour_3,Customer_54,Customer_67,69,31,"[69, 72, 31]","[458, 307]",6.094466826438906,0.1248931694557981,2,0
3049,1044,0,shortest,Customer_54,Customer_15,69,72,"[69, 72]",[458],4.028713510092268,0.07324933654713214,1,0
3050,1044,1,detour_2,Customer_54,Customer_15,69,72,"[69, 31, 72]","[311, 306]",5.512981078611869,0.11432070131348834,2,0
3051,1044,2,detour_3,Customer_54,Customer_15,69,72,"[69, 59, 72]","[443, 440]",5.7441344331694095,0.11858639939600055,2,0
3052,1045,0,shortest,Customer_54,Customer_48,69,27,"[69, 27]",[275],4.381425910888184,0.07966228928887607,0,0
3053,1045,1,detour_2,Customer_54,Customer_48,69,27,"[69, 59, 27]","[443, 271]",8.3713812392723,0.1522069316231327,1,0
3054,1045,2,detour_3,Customer_54,Customer_48,69,27,"[69, 59, 28, 27]","[443, 283, 273]",10.066492034961533,0.18302712790839148,2,0
3055,1046,0,shortest,Customer_54,Customer_35,69,8,"[69, 31, 8]","[311, 93]",5.01902805916583,0.10197187582733738,2,0
3056,1046,1,detour_2,Customer_54,Customer_35,69,8,"[69, 72, 8]","[458, 95]",5.2644009410360475,0.10414152232072663,2,0
3057,1046,2,detour_3,Customer_54,Customer_35,69,8,"[69, 18, 8]","[215, 99]",5.178335579909229,0.10587750516772862,2,0
3058,1047,0,shortest,Customer_54,Customer_41,69,8,"[69, 31, 8]","[311, 93]",5.01902805916583,0.10197187582733738,2,0
3059,1047,1,detour_2,Customer_54,Customer_41,69,8,"[69, 72, 8]","[458, 95]",5.2644009410360475,0.10414152232072663,2,0
3060,1047,2,detour_3,Customer_54,Customer_41,69,8,"[69, 18, 8]","[215, 99]",5.178335579909229,0.10587750516772862,2,0
3061,1048,0,shortest,Customer_54,Customer_46,69,8,"[69, 31, 8]","[311, 93]",5.01902805916583,0.10197187582733738,2,0
3062,1048,1,detour_2,Customer_54,Customer_46,69,8,"[69, 72, 8]","[458, 95]",5.2644009410360475,0.10414152232072663,2,0
3063,1048,2,detour_3,Customer_54,Customer_46,69,8,"[69, 18, 8]","[215, 99]",5.178335579909229,0.10587750516772862,2,0
3064,1049,0,shortest,Customer_54,Customer_24,69,22,"[69, 22]",[239],4.6897081147866055,0.08526742026884737,0,0
3065,1049,1,detour_2,Customer_54,Customer_24,69,22,"[69, 5, 22]","[55, 56]",5.42009060236204,0.1015570278341242,0,0
3066,1049,2,detour_3,Customer_54,Customer_24,69,22,"[69, 5, 7, 22]","[55, 60, 86]",11.673519563408759,0.2122458102437956,0,0
3067,1050,0,shortest,Customer_54,Customer_3,69,74,"[69, 72, 74]","[458, 460]",5.2488066153893875,0.10375166417956014,2,0
3068,1050,1,avoid_congestion,Customer_54,Customer_3,69,74,"[69, 27, 59, 74]","[275, 270, 438]",10.78570905812137,0.20770873004426565,1,0
3069,1050,2,detour_2,Customer_54,Customer_3,69,74,"[69, 59, 74]","[443, 438]",5.371210595043063,0.1092633034428419,2,0
3070,1050,3,detour_3,Customer_54,Customer_3,69,74,"[69, 31, 74]","[311, 308]",6.7329328399446045,0.12241696072626554,2,0
3071,1051,0,shortest,Customer_54,Customer_42,69,74,"[69, 72, 74]","[458, 460]",5.2488066153893875,0.10375166417956014,2,0
3072,1051,1,avoid_congestion,Customer_54,Customer_42,69,74,"[69, 27, 59, 74]","[275, 270, 438]",10.78570905812137,0.20770873004426565,1,0
3073,1051,2,detour_2,Customer_54,Customer_42,69,74,"[69, 59, 74]","[443, 438]",5.371210595043063,0.1092633034428419,2,0
3074,1051,3,detour_3,Customer_54,Customer_42,69,74,"[69, 31, 74]","[311, 308]",6.7329328399446045,0.12241696072626554,2,0
3075,1052,0,shortest,Customer_54,Customer_47,69,74,"[69, 72, 74]","[458, 460]",5.2488066153893875,0.10375166417956014,2,0
3076,1052,1,avoid_congestion,Customer_54,Customer_47,69,74,"[69, 27, 59, 74]","[275, 270, 438]",10.78570905812137,0.20770873004426565,1,0
3077,1052,2,detour_2,Customer_54,Customer_47,69,74,"[69, 59, 74]","[443, 438]",5.371210595043063,0.1092633034428419,2,0
3078,1052,3,detour_3,Customer_54,Customer_47,69,74,"[69, 31, 74]","[311, 308]",6.7329328399446045,0.12241696072626554,2,0
3079,1053,0,shortest,Customer_54,Customer_6,69,5,"[69, 5]",[55],4.978634792989267,0.09052063259980485,0,0
3080,1053,1,detour_2,Customer_54,Customer_6,69,5,"[69, 22, 5]","[239, 57]",5.131163924159379,0.09630381550316672,0,0
3081,1053,2,detour_3,Customer_54,Customer_6,69,5,"[69, 22, 7, 5]","[239, 87, 61]",11.384592885206096,0.20699259791283814,0,0
3082,1054,0,shortest,Customer_54,Customer_5,69,7,"[69, 22, 7]","[239, 87]",7.841906363529539,0.14258011570053708,0,0
3083,1054,1,detour_2,Customer_54,Customer_5,69,7,"[69, 5, 7]","[55, 60]",8.521321314665824,0.1549331148121059,0,0
3084,1054,2,detour_3,Customer_54,Customer_5,69,7,"[69, 5, 22, 7]","[55, 56, 87]",8.572288851104974,0.1588697232658139,0,0
3085,1055,0,shortest,Customer_54,Customer_77,69,28,"[69, 59, 28]","[443, 283]",6.992682804739836,0.1271396873589061,2,0
3086,1055,1,avoid_congestion,Customer_54,Customer_77,69,28,"[69, 27, 28]","[275, 272]",7.455235141109881,0.13554972983836147,0,0
3087,1055,2,detour_3,Customer_54,Customer_77,69,28,"[69, 72, 28]","[458, 287]",9.418912351957903,0.17125295185378006,2,0
3088,1056,0,shortest,Customer_54,Customer_37,69,68,"[69, 27, 68]","[275, 276]",9.204695066278575,0.16735809211415592,0,0
3089,1056,1,detour_2,Customer_54,Customer_37,69,68,"[69, 22, 68]","[239, 244]",10.111713000616714,0.18384932728394027,0,0
3090,1056,2,detour_3,Customer_54,Customer_37,69,68,"[69, 5, 68]","[55, 62]",10.205934926387592,0.18556245320704712,0,0
3091,1057,0,shortest,Customer_54,Customer_2,69,55,"[69, 59, 55]","[443, 419]",6.73115291253637,0.12238459840975216,2,0
3092,1057,1,avoid_congestion,Customer_54,Customer_2,69,55,"[69, 27, 59, 55]","[275, 270, 419]",12.145651375614676,0.22083002501117593,1,0
3093,1057,2,detour_2,Customer_54,Customer_2,69,55,"[69, 72, 55]","[458, 417]",6.331149230464931,0.13081022955644872,2,0
3094,1057,3,detour_3,Customer_54,Customer_2,69,55,"[69, 72, 74, 55]","[458, 460, 415]",6.699921065482896,0.14002952543189787,3,0
3095,1058,0,shortest,Customer_54,Customer_14,69,17,"[69, 31, 17]","[311, 203]",6.5171940183012795,0.1184944366963869,2,0
3096,1058,1,detour_2,Customer_54,Customer_14,69,17,"[69, 18, 17]","[215, 201]",6.636801071767961,0.1206691103957811,2,0
3097,1058,2,detour_3,Customer_54,Customer_14,69,17,"[69, 18, 31, 17]","[215, 206, 203]",6.713669570628374,0.12332926682637053,3,0
3098,1059,0,shortest,Customer_54,Customer_29,69,17,"[69, 31, 17]","[311, 203]",6.5171940183012795,0.1184944366963869,2,0
3099,1059,1,detour_2,Customer_54,Customer_29,69,17,"[69, 18, 17]","[215, 201]",6.636801071767961,0.1206691103957811,2,0
3100,1059,2,detour_3,Customer_54,Customer_29,69,17,"[69, 18, 31, 17]","[215, 206, 203]",6.713669570628374,0.12332926682637053,3,0
3101,1060,0,shortest,Customer_54,Customer_31,69,17,"[69, 31, 17]","[311, 203]",6.5171940183012795,0.1184944366963869,2,0
3102,1060,1,detour_2,Customer_54,Customer_31,69,17,"[69, 18, 17]","[215, 201]",6.636801071767961,0.1206691103957811,2,0
3103,1060,2,detour_3,Customer_54,Customer_31,69,17,"[69, 18, 31, 17]","[215, 206, 203]",6.713669570628374,0.12332926682637053,3,0
3104,1061,0,shortest,Customer_54,Customer_33,69,4,"[69, 72, 4]","[458, 49]",6.965450961011648,0.12664456292748452,2,0
3105,1061,1,detour_2,Customer_54,Customer_33,69,4,"[69, 31, 17, 4]","[311, 203, 51]",6.990416641782903,0.1303250022834275,3,0
3106,1061,2,detour_3,Customer_54,Customer_33,69,4,"[69, 18, 17, 4]","[215, 201, 51]",7.110023695249584,0.1324996759828217,3,0
3107,1062,0,shortest,Customer_55,Customer_80,48,3,"[48, 3]",[37],3.6153730981311383,0.06573405632965706,1,0
3108,1062,1,avoid_congestion,Customer_55,Customer_80,48,3,"[48, 53, 3]","[388, 35]",6.532007930219895,0.13448254043064625,0,0
3109,1062,2,detour_3,Customer_55,Customer_80,48,3,"[48, 53, 30, 3]","[388, 301, 33]",10.17528662206318,0.20097741591711404,0,0
3110,1063,0,shortest,Customer_55,Customer_70,48,53,"[48, 53]",[388],4.226589814311498,0.07684708753293633,0,0
3111,1063,1,detour_2,Customer_55,Customer_70,48,53,"[48, 3, 53]","[37, 34]",5.920791214039536,0.12336950922736699,1,0
3112,1063,2,detour_3,Customer_55,Customer_70,48,53,"[48, 3, 30, 53]","[37, 32, 300]",9.56406990588282,0.18986438471383477,1,0
3113,1064,0,shortest,Customer_55,Customer_33,48,4,"[48, 4]",[53],4.290632357461167,0.07801149740838485,1,0
3114,1064,1,detour_2,Customer_55,Customer_33,48,4,"[48, 42, 4]","[373, 45]",4.290936138307216,0.1072734034576804,2,0
3115,1064,2,detour_3,Customer_55,Customer_33,48,4,"[48, 42, 17, 4]","[373, 195, 51]",5.03545668615315,0.12588641715382878,3,0
3116,1065,0,shortest,Customer_55,Customer_14,48,17,"[48, 4, 17]","[53, 50]",4.76385498094279,0.08984206299542545,2,0
3117,1065,1,detour_2,Customer_55,Customer_14,48,17,"[48, 42, 17]","[373, 195]",4.562234062671527,0.11405585156678819,2,0
3118,1065,2,detour_3,Customer_55,Customer_14,48,17,"[48, 42, 4, 17]","[373, 45, 50]",4.764158761788839,0.119103969044721,3,0
3119,1066,0,shortest,Customer_55,Customer_29,48,17,"[48, 4, 17]","[53, 50]",4.76385498094279,0.08984206299542545,2,0
3120,1066,1,detour_2,Customer_55,Customer_29,48,17,"[48, 42, 17]","[373, 195]",4.562234062671527,0.11405585156678819,2,0
3121,1066,2,detour_3,Customer_55,Customer_29,48,17,"[48, 42, 4, 17]","[373, 45, 50]",4.764158761788839,0.119103969044721,3,0
3122,1067,0,shortest,Customer_55,Customer_31,48,17,"[48, 4, 17]","[53, 50]",4.76385498094279,0.08984206299542545,2,0
3123,1067,1,detour_2,Customer_55,Customer_31,48,17,"[48, 42, 17]","[373, 195]",4.562234062671527,0.11405585156678819,2,0
3124,1067,2,detour_3,Customer_55,Customer_31,48,17,"[48, 42, 4, 17]","[373, 45, 50]",4.764158761788839,0.119103969044721,3,0
3125,1068,0,shortest,Customer_55,Customer_26,48,31,"[48, 18, 31]","[213, 206]",4.68718738465471,0.08648413617230392,2,0
3126,1068,1,detour_2,Customer_55,Customer_26,48,31,"[48, 42, 18, 31]","[373, 211, 206]",5.718416827345041,0.1200458678738759,3,0
3127,1068,2,detour_3,Customer_55,Customer_26,48,31,"[48, 4, 17, 31]","[53, 50, 202]",7.833821236978839,0.14565963128698997,3,0
3128,1069,0,shortest,Customer_55,Customer_67,48,31,"[48, 18, 31]","[213, 206]",4.68718738465471,0.08648413617230392,2,0
3129,1069,1,detour_2,Customer_55,Customer_67,48,31,"[48, 42, 18, 31]","[373, 211, 206]",5.718416827345041,0.1200458678738759,3,0
3130,1069,2,detour_3,Customer_55,Customer_67,48,31,"[48, 4, 17, 31]","[53, 50, 202]",7.833821236978839,0.14565963128698997,3,0
3131,1070,0,shortest,Customer_55,Customer_35,48,8,"[48, 42, 8]","[373, 101]",5.0999025893843335,0.10753760709600838,2,0
3132,1070,1,detour_2,Customer_55,Customer_35,48,8,"[48, 18, 8]","[213, 99]",6.221819649971614,0.12484994280522653,2,0
3133,1070,2,detour_3,Customer_55,Customer_35,48,8,"[48, 18, 31, 8]","[213, 206, 93]",6.258987681555309,0.12577914359481893,3,0
3134,1071,0,shortest,Customer_55,Customer_41,48,8,"[48, 42, 8]","[373, 101]",5.0999025893843335,0.10753760709600838,2,0
3135,1071,1,detour_2,Customer_55,Customer_41,48,8,"[48, 18, 8]","[213, 99]",6.221819649971614,0.12484994280522653,2,0
3136,1071,2,detour_3,Customer_55,Customer_41,48,8,"[48, 18, 31, 8]","[213, 206, 93]",6.258987681555309,0.12577914359481893,3,0
3137,1072,0,shortest,Customer_55,Customer_46,48,8,"[48, 42, 8]","[373, 101]",5.0999025893843335,0.10753760709600838,2,0
3138,1072,1,detour_2,Customer_55,Customer_46,48,8,"[48, 18, 8]","[213, 99]",6.221819649971614,0.12484994280522653,2,0
3139,1072,2,detour_3,Customer_55,Customer_46,48,8,"[48, 18, 31, 8]","[213, 206, 93]",6.258987681555309,0.12577914359481893,3,0
3140,1073,0,shortest,Customer_55,Customer_8,48,63,"[48, 53, 63]","[388, 408]",7.287321346210376,0.13249675174927958,0,0
3141,1073,1,detour_2,Customer_55,Customer_8,48,63,"[48, 3, 63]","[37, 40]",8.859751181897288,0.16108638512540524,1,0
3142,1073,2,detour_3,Customer_55,Customer_8,48,63,"[48, 3, 53, 63]","[37, 34, 408]",8.981522745938415,0.17901917344371024,1,0
3143,1074,0,shortest,Customer_55,Customer_15,48,72,"[48, 4, 72]","[53, 48]",7.227369808380548,0.13140672378873722,2,0
3144,1074,1,detour_2,Customer_55,Customer_15,48,72,"[48, 18, 72]","[213, 208]",6.7528055300291525,0.13812458980666498,2,0
3145,1074,2,detour_3,Customer_55,Customer_15,48,72,"[48, 18, 31, 72]","[213, 206, 306]",6.752940701001348,0.1381279690809699,3,0
3146,1075,0,shortest,Customer_55,Customer_5,48,7,"[48, 53, 63, 45, 7]","[388, 408, 383, 85]",14.055210039270476,0.25554927344128137,0,0
3147,1075,1,detour_2,Customer_55,Customer_5,48,7,"[48, 53, 63, 13, 7]","[388, 408, 153, 89]",13.489524450442088,0.25822615847393526,0,0
3148,1075,2,detour_3,Customer_55,Customer_5,48,7,"[48, 53, 63, 13, 44, 7]","[388, 408, 153, 158, 83]",13.782688139987522,0.2662761878837166,0,0
3149,1076,0,shortest,Customer_55,Customer_9,48,34,"[48, 4, 55, 50, 46, 14, 34]","[53, 46, 395, 385, 171, 168]",18.92077906918505,0.3579405886126003,3,0
3150,1076,1,avoid_congestion,Customer_55,Customer_9,48,34,"[48, 53, 30, 12, 77, 57, 61, 1, 26, 34]","[388, 301, 149, 144, 427, 428, 11, 12, 266]",31.174017965135537,0.5827725312457024,0,0
3151,1076,2,detour_2,Customer_55,Customer_9,48,34,"[48, 4, 17, 55, 50, 46, 14, 34]","[53, 50, 198, 395, 385, 171, 168]",19.029331901439413,0.38016924634636656,4,0
3152,1076,3,detour_3,Customer_55,Customer_9,48,34,"[48, 4, 55, 50, 46, 14, 47, 34]","[53, 46, 395, 385, 171, 162, 329]",20.009420640432356,0.38515662789378297,4,0
3153,1077,0,shortest,Customer_55,Customer_3,48,74,"[48, 4, 17, 74]","[53, 50, 204]",7.641759525537303,0.14216760016987112,3,0
3154,1077,1,detour_2,Customer_55,Customer_3,48,74,"[48, 18, 31, 74]","[213, 206, 308]",7.972892462334083,0.14622422849374708,3,0
3155,1077,2,detour_3,Customer_55,Customer_3,48,74,"[48, 4, 72, 74]","[53, 48, 460]",8.447462913677668,0.1619090514211652,3,0
3156,1078,0,shortest,Customer_55,Customer_42,48,74,"[48, 4, 17, 74]","[53, 50, 204]",7.641759525537303,0.14216760016987112,3,0
3157,1078,1,detour_2,Customer_55,Customer_42,48,74,"[48, 18, 31, 74]","[213, 206, 308]",7.972892462334083,0.14622422849374708,3,0
3158,1078,2,detour_3,Customer_55,Customer_42,48,74,"[48, 4, 72, 74]","[53, 48, 460]",8.447462913677668,0.1619090514211652,3,0
3159,1079,0,shortest,Customer_55,Customer_47,48,74,"[48, 4, 17, 74]","[53, 50, 204]",7.641759525537303,0.14216760016987112,3,0
3160,1079,1,detour_2,Customer_55,Customer_47,48,74,"[48, 18, 31, 74]","[213, 206, 308]",7.972892462334083,0.14622422849374708,3,0
3161,1079,2,detour_3,Customer_55,Customer_47,48,74,"[48, 4, 72, 74]","[53, 48, 460]",8.447462913677668,0.1619090514211652,3,0
3162,1080,0,shortest,Customer_55,Customer_2,48,55,"[48, 4, 55]","[53, 46]",7.152808440147566,0.13005106254813756,2,0
3163,1080,1,detour_2,Customer_55,Customer_2,48,55,"[48, 4, 17, 55]","[53, 50, 198]",7.261361272401928,0.15227972028190387,3,0
3164,1080,2,detour_3,Customer_55,Customer_2,48,55,"[48, 42, 8, 55]","[373, 101, 102]",7.863936539540381,0.15779276982611834,3,0
3165,1081,0,shortest,Customer_55,Customer_30,48,47,"[48, 4, 55, 50, 46, 14, 47]","[53, 46, 395, 385, 171, 162]",19.13747801587229,0.3633580622797813,3,0
3166,1081,1,avoid_congestion,Customer_55,Customer_30,48,47,"[48, 53, 30, 12, 77, 57, 61, 1, 47]","[388, 301, 149, 144, 427, 428, 11, 14]",30.27697924641579,0.5664627363598889,0,0
3167,1081,2,detour_2,Customer_55,Customer_30,48,47,"[48, 4, 55, 50, 46, 14, 34, 47]","[53, 46, 395, 385, 171, 168, 328]",19.792721693745115,0.379739154226602,4,0
3168,1081,3,detour_3,Customer_55,Customer_30,48,47,"[48, 4, 17, 55, 50, 46, 14, 47]","[53, 50, 198, 395, 385, 171, 162]",19.246030848126654,0.38558672001354755,4,0
3169,1082,0,same_node,Customer_56,Customer_16,64,64,[64],[],0.0,0.0,0,0
3170,1083,0,same_node,Customer_56,Customer_63,64,64,[64],[],0.0,0.0,0,0
3171,1084,0,same_node,Customer_56,Customer_64,64,64,[64],[],0.0,0.0,0,0
3172,1085,0,shortest,Customer_56,Customer_23,64,39,"[64, 39]",[359],2.736265652175929,0.049750284585016895,0,0
3173,1085,1,detour_2,Customer_56,Customer_23,64,39,"[64, 54, 39]","[411, 361]",2.9645630587379346,0.07411407646844836,0,0
3174,1085,2,detour_3,Customer_56,Customer_23,64,39,"[64, 12, 39]","[141, 146]",4.396699900471073,0.08628768525347658,0,0
3175,1086,0,shortest,Customer_56,Customer_25,64,19,"[64, 19]",[219],3.791578288244652,0.06893778705899367,0,0
3176,1086,1,detour_2,Customer_56,Customer_25,64,19,"[64, 54, 19]","[411, 217]",3.9659012327357095,0.0758128556245736,0,0
3177,1086,2,detour_3,Customer_56,Customer_25,64,19,"[64, 77, 19]","[452, 221]",6.666624871026636,0.12121136129139337,0,0
3178,1087,0,shortest,Customer_56,Customer_70,64,53,"[64, 30, 53]","[303, 300]",6.531726816083715,0.1347308739902147,0,0
3179,1087,1,detour_2,Customer_56,Customer_70,64,53,"[64, 12, 30, 53]","[141, 148, 300]",6.9266795589849215,0.14825952001514825,0,0
3180,1087,2,detour_3,Customer_56,Customer_70,64,53,"[64, 12, 60, 53]","[141, 150, 407]",8.292717452351889,0.15712436801494598,0,0
3181,1088,0,shortest,Customer_56,Customer_80,64,3,"[64, 30, 3]","[303, 33]",7.795243605818902,0.14173170192398005,0,0
3182,1088,1,detour_2,Customer_56,Customer_80,64,3,"[64, 12, 30, 3]","[141, 148, 33]",8.190196348720109,0.15526034794891358,0,0
3183,1088,2,detour_3,Customer_56,Customer_80,64,3,"[64, 54, 12, 30, 3]","[411, 143, 148, 33]",9.275495268875348,0.18239282095279458,0,0
3184,1089,0,shortest,Customer_56,Customer_18,64,57,"[64, 77, 57]","[452, 427]",8.805107021102863,0.16009285492914294,0,0
3185,1089,1,detour_2,Customer_56,Customer_18,64,57,"[64, 54, 77, 57]","[411, 412, 427]",9.516838935656724,0.17673899567768295,0,0
3186,1089,2,detour_3,Customer_56,Customer_18,64,57,"[64, 12, 77, 57]","[141, 144, 427]",9.563539892955779,0.18023023057138032,0,0
3187,1090,0,shortest,Customer_56,Customer_28,64,16,"[64, 77, 57, 16]","[452, 427, 185]",9.050985606705352,0.16623981956920514,0,0
3188,1090,1,detour_2,Customer_56,Customer_28,64,16,"[64, 54, 77, 57, 16]","[411, 412, 427, 185]",9.762717521259212,0.18288596031774515,0,0
3189,1090,2,detour_3,Customer_56,Customer_28,64,16,"[64, 12, 77, 57, 16]","[141, 144, 427, 185]",9.809418478558268,0.18637719521144253,0,0
3190,1091,0,shortest,Customer_56,Customer_66,64,16,"[64, 77, 57, 16]","[452, 427, 185]",9.050985606705352,0.16623981956920514,0,0
3191,1091,1,detour_2,Customer_56,Customer_66,64,16,"[64, 54, 77, 57, 16]","[411, 412, 427, 185]",9.762717521259212,0.18288596031774515,0,0
3192,1091,2,detour_3,Customer_56,Customer_66,64,16,"[64, 12, 77, 57, 16]","[141, 144, 427, 185]",9.809418478558268,0.18637719521144253,0,0
3193,1092,0,shortest,Customer_56,Customer_8,64,63,"[64, 30, 63]","[303, 304]",8.43992773367972,0.1534532315214495,0,0
3194,1092,1,detour_2,Customer_56,Customer_8,64,63,"[64, 12, 30, 63]","[141, 148, 304]",8.834880476580928,0.16698187754638305,0,0
3195,1092,2,detour_3,Customer_56,Customer_8,64,63,"[64, 12, 60, 63]","[141, 150, 444]",9.07999423268297,0.17143849129369287,0,0
3196,1093,0,shortest,Customer_56,Customer_34,64,66,"[64, 77, 57, 66]","[452, 427, 430]",10.567398347032043,0.20415013807737242,0,0
3197,1093,1,detour_2,Customer_56,Customer_34,64,66,"[64, 77, 57, 16, 66]","[452, 427, 185, 186]",10.979251395326685,0.21444646428473846,0,0
3198,1093,2,detour_3,Customer_56,Customer_34,64,66,"[64, 54, 77, 57, 66]","[411, 412, 427, 430]",11.279130261585903,0.22079627882591243,0,0
3199,1094,0,shortest,Customer_56,Customer_73,64,66,"[64, 77, 57, 66]","[452, 427, 430]",10.567398347032043,0.20415013807737242,0,0
3200,1094,1,detour_2,Customer_56,Customer_73,64,66,"[64, 77, 57, 16, 66]","[452, 427, 185, 186]",10.979251395326685,0.21444646428473846,0,0
3201,1094,2,detour_3,Customer_56,Customer_73,64,66,"[64, 54, 77, 57, 66]","[411, 412, 427, 430]",11.279130261585903,0.22079627882591243,0,0
3202,1095,0,shortest,Customer_56,Customer_11,64,52,"[64, 39, 79, 52]","[359, 362, 405]",12.146210332683474,0.22084018786697227,0,0
3203,1095,1,detour_2,Customer_56,Customer_11,64,52,"[64, 30, 63, 52]","[303, 304, 403]",13.131265801710931,0.23875028730383513,0,0
3204,1095,2,detour_3,Customer_56,Customer_11,64,52,"[64, 54, 39, 79, 52]","[411, 361, 362, 405]",12.37450773924548,0.24520397975040376,0,0
3205,1096,0,shortest,Customer_56,Customer_12,64,52,"[64, 39, 79, 52]","[359, 362, 405]",12.146210332683474,0.22084018786697227,0,0
3206,1096,1,detour_2,Customer_56,Customer_12,64,52,"[64, 30, 63, 52]","[303, 304, 403]",13.131265801710931,0.23875028730383513,0,0
3207,1096,2,detour_3,Customer_56,Customer_12,64,52,"[64, 54, 39, 79, 52]","[411, 361, 362, 405]",12.37450773924548,0.24520397975040376,0,0
3208,1097,0,shortest,Customer_56,Customer_20,64,52,"[64, 39, 79, 52]","[359, 362, 405]",12.146210332683474,0.22084018786697227,0,0
3209,1097,1,detour_2,Customer_56,Customer_20,64,52,"[64, 30, 63, 52]","[303, 304, 403]",13.131265801710931,0.23875028730383513,0,0
3210,1097,2,detour_3,Customer_56,Customer_20,64,52,"[64, 54, 39, 79, 52]","[411, 361, 362, 405]",12.37450773924548,0.24520397975040376,0,0
3211,1098,0,shortest,Customer_56,Customer_53,64,52,"[64, 39, 79, 52]","[359, 362, 405]",12.146210332683474,0.22084018786697227,0,0
3212,1098,1,detour_2,Customer_56,Customer_53,64,52,"[64, 30, 63, 52]","[303, 304, 403]",13.131265801710931,0.23875028730383513,0,0
3213,1098,2,detour_3,Customer_56,Customer_53,64,52,"[64, 54, 39, 79, 52]","[411, 361, 362, 405]",12.37450773924548,0.24520397975040376,0,0
3214,1099,0,shortest,Customer_56,Customer_55,64,48,"[64, 30, 3, 48]","[303, 33, 36]",11.41061670395004,0.2074657582536371,1,0
3215,1099,1,avoid_congestion,Customer_56,Customer_55,64,48,"[64, 30, 53, 48]","[303, 300, 389]",10.758316630395214,0.211577961523151,0,0
3216,1099,2,detour_3,Customer_56,Customer_55,64,48,"[64, 12, 30, 3, 48]","[141, 148, 33, 36]",11.805569446851248,0.22099440427857064,1,0
3217,1100,0,shortest,Customer_56,Customer_72,64,24,"[64, 39, 6, 24]","[359, 81, 78]",14.760664184730594,0.2683757124496472,0,0
3218,1100,1,detour_2,Customer_56,Customer_72,64,24,"[64, 39, 79, 6, 24]","[359, 362, 77, 78]",15.395406632656556,0.2799164842301192,0,0
3219,1100,2,detour_3,Customer_56,Customer_72,64,24,"[64, 39, 79, 20, 24]","[359, 362, 225, 226]",15.88008458696966,0.2887288106721756,0,0
3220,1101,0,shortest,Customer_56,Customer_43,64,0,"[64, 39, 79, 52, 0]","[359, 362, 405, 1]",15.270266099267221,0.2776412018048586,0,0
3221,1101,1,detour_2,Customer_56,Customer_43,64,0,"[64, 30, 63, 52, 0]","[303, 304, 403, 1]",16.25532156829468,0.29555130124172146,0,0
3222,1101,2,detour_3,Customer_56,Customer_43,64,0,"[64, 54, 39, 79, 52, 0]","[411, 361, 362, 405, 1]",15.498563505829228,0.30200499368829004,0,0
3223,1102,0,same_node,Customer_57,Customer_78,58,58,[58],[],0.0,0.0,0,0
3224,1103,0,shortest,Customer_57,Customer_40,58,36,"[58, 36]",[341],4.032502734252157,0.0733182315318574,0,0
3225,1103,1,detour_2,Customer_57,Customer_40,58,36,"[58, 70, 36]","[436, 339]",16.237101774320525,0.2952200322603732,0,0
3226,1103,2,detour_3,Customer_57,Customer_40,58,36,"[58, 35, 36]","[337, 334]",17.56304619786906,0.31932811268852834,0,0
3227,1104,0,shortest,Customer_57,Customer_44,58,36,"[58, 36]",[341],4.032502734252157,0.0733182315318574,0,0
3228,1104,1,detour_2,Customer_57,Customer_44,58,36,"[58, 70, 36]","[436, 339]",16.237101774320525,0.2952200322603732,0,0
3229,1104,2,detour_3,Customer_57,Customer_44,58,36,"[58, 35, 36]","[337, 334]",17.56304619786906,0.31932811268852834,0,0
3230,1105,0,shortest,Customer_57,Customer_13,58,35,"[58, 35]",[337],8.326588022668895,0.15139250950307082,0,0
3231,1105,1,detour_2,Customer_57,Customer_13,58,35,"[58, 36, 35]","[341, 335]",13.268960909452321,0.24125383471731493,0,0
3232,1105,2,detour_3,Customer_57,Customer_13,58,35,"[58, 70, 35]","[436, 331]",13.35329395996719,0.24278716290849434,0,0
3233,1106,0,shortest,Customer_57,Customer_77,58,28,"[58, 49, 28]","[393, 291]",13.896264226720799,0.2526593495767418,0,0
3234,1106,1,detour_2,Customer_57,Customer_77,58,28,"[58, 35, 49, 28]","[337, 332, 291]",20.872558840768892,0.3795010698321617,0,0
3235,1106,2,detour_3,Customer_57,Customer_77,58,28,"[58, 49, 76, 32, 28]","[393, 390, 315, 289]",20.64497141252187,0.38397332571860954,0,0
3236,1107,0,shortest,Customer_57,Customer_48,58,27,"[58, 49, 28, 27]","[393, 291, 273]",16.970073456942497,0.3085467901262272,0,0
3237,1107,1,detour_2,Customer_57,Customer_48,58,27,"[58, 49, 28, 59, 27]","[393, 291, 282, 271]",21.92201958365076,0.3985821742481956,1,0
3238,1107,2,detour_3,Customer_57,Customer_48,58,27,"[58, 35, 49, 28, 27]","[337, 332, 291, 273]",23.94636807099059,0.4353885103816471,0,0
3239,1108,0,shortest,Customer_57,Customer_39,58,15,"[58, 35, 15]","[337, 175]",13.636030481241892,0.24792782693167076,0,0
3240,1108,1,detour_2,Customer_57,Customer_39,58,15,"[58, 35, 25, 15]","[337, 257, 179]",15.02986136873894,0.28781715460665,0,0
3241,1108,2,detour_3,Customer_57,Customer_39,58,15,"[58, 70, 15]","[436, 183]",16.86140094441511,0.3065709262620929,0,0
3242,1109,0,shortest,Customer_57,Customer_75,58,15,"[58, 35, 15]","[337, 175]",13.636030481241892,0.24792782693167076,0,0
3243,1109,1,detour_2,Customer_57,Customer_75,58,15,"[58, 35, 25, 15]","[337, 257, 179]",15.02986136873894,0.28781715460665,0,0
3244,1109,2,detour_3,Customer_57,Customer_75,58,15,"[58, 70, 15]","[436, 183]",16.86140094441511,0.3065709262620929,0,0
3245,1110,0,shortest,Customer_57,Customer_7,58,11,"[58, 49, 28, 27, 11]","[393, 291, 273, 139]",23.576466559405986,0.4286630283528361,0,0
3246,1110,1,detour_2,Customer_57,Customer_7,58,11,"[58, 49, 28, 27, 68, 11]","[393, 291, 273, 276, 135]",24.625182606652363,0.44773059284822475,0,0
3247,1110,2,detour_3,Customer_57,Customer_7,58,11,"[58, 49, 28, 59, 27, 11]","[393, 291, 282, 271, 139]",28.528412686114244,0.5186984124748044,1,0
3248,1111,0,shortest,Customer_57,Customer_17,58,38,"[58, 49, 76, 38]","[393, 390, 355]",17.638653377508934,0.3207027886819806,0,0
3249,1111,1,detour_2,Customer_57,Customer_17,58,38,"[58, 49, 76, 32, 38]","[393, 390, 315, 312]",19.787750208092415,0.368387485638074,0,0
3250,1111,2,detour_3,Customer_57,Customer_17,58,38,"[58, 49, 76, 10, 38]","[393, 390, 123, 128]",21.002860206079077,0.38187018556507407,0,0
3251,1112,0,shortest,Customer_57,Customer_74,58,38,"[58, 49, 76, 38]","[393, 390, 355]",17.638653377508934,0.3207027886819806,0,0
3252,1112,1,detour_2,Customer_57,Customer_74,58,38,"[58, 49, 76, 32, 38]","[393, 390, 315, 312]",19.787750208092415,0.368387485638074,0,0
3253,1112,2,detour_3,Customer_57,Customer_74,58,38,"[58, 49, 76, 10, 38]","[393, 390, 123, 128]",21.002860206079077,0.38187018556507407,0,0
3254,1113,0,shortest,Customer_57,Customer_37,58,68,"[58, 49, 28, 27, 68]","[393, 291, 273, 276]",21.79334261233289,0.39624259295150704,0,0
3255,1113,1,detour_2,Customer_57,Customer_37,58,68,"[58, 49, 28, 27, 11, 68]","[393, 291, 273, 139, 134]",26.40830655372546,0.4801510282495538,0,0
3256,1113,2,detour_3,Customer_57,Customer_37,58,68,"[58, 49, 28, 59, 27, 68]","[393, 291, 282, 271, 276]",26.74528873904115,0.4862779770734754,1,0
3257,1114,0,shortest,Customer_57,Customer_71,58,32,"[58, 49, 76, 32]","[393, 390, 315]",15.226118311572485,0.28544872388316617,0,0
3258,1114,1,detour_2,Customer_57,Customer_71,58,32,"[58, 49, 28, 32]","[393, 291, 288]",19.315117327670187,0.35118395141218517,0,0
3259,1114,2,detour_3,Customer_57,Customer_71,58,32,"[58, 49, 76, 10, 32]","[393, 390, 123, 118]",19.653540813685385,0.3573371057033706,0,0
3260,1115,0,shortest,Customer_57,Customer_10,58,73,"[58, 35, 15, 73]","[337, 175, 180]",17.929781838887926,0.3259960334343259,0,0
3261,1115,1,detour_2,Customer_57,Customer_10,58,73,"[58, 35, 25, 15, 73]","[337, 257, 179, 180]",19.323612726384976,0.36588536110930525,0,0
3262,1115,2,detour_3,Customer_57,Customer_10,58,73,"[58, 35, 15, 75, 73]","[337, 175, 176, 463]",20.41230490354026,0.3711328164280047,0,0
3263,1116,0,shortest,Customer_57,Customer_54,58,69,"[58, 49, 28, 59, 69]","[393, 291, 282, 442]",20.888947031460635,0.3797990369356479,2,0
3264,1116,1,avoid_congestion,Customer_57,Customer_54,58,69,"[58, 49, 28, 27, 69]","[393, 291, 273, 274]",21.35149936783068,0.3882090794151033,0,0
3265,1116,2,detour_3,Customer_57,Customer_54,58,69,"[58, 49, 28, 72, 69]","[393, 291, 286, 459]",23.315176578678702,0.42391230143052183,2,0
3266,1117,0,shortest,Customer_57,Customer_3,58,74,"[58, 49, 28, 74]","[393, 291, 284]",18.616252387056736,0.33847731612830434,1,0
3267,1117,1,detour_2,Customer_57,Customer_3,58,74,"[58, 49, 28, 59, 74]","[393, 291, 282, 438]",18.921848939421523,0.3556385460679048,2,0
3268,1117,2,detour_3,Customer_57,Customer_3,58,74,"[58, 49, 28, 72, 74]","[393, 291, 286, 460]",20.506556173883556,0.3811652925158177,2,0
3269,1118,0,shortest,Customer_57,Customer_42,58,74,"[58, 49, 28, 74]","[393, 291, 284]",18.616252387056736,0.33847731612830434,1,0
3270,1118,1,detour_2,Customer_57,Customer_42,58,74,"[58, 49, 28, 59, 74]","[393, 291, 282, 438]",18.921848939421523,0.3556385460679048,2,0
3271,1118,2,detour_3,Customer_57,Customer_42,58,74,"[58, 49, 28, 72, 74]","[393, 291, 286, 460]",20.506556173883556,0.3811652925158177,2,0
3272,1119,0,shortest,Customer_57,Customer_47,58,74,"[58, 49, 28, 74]","[393, 291, 284]",18.616252387056736,0.33847731612830434,1,0
3273,1119,1,detour_2,Customer_57,Customer_47,58,74,"[58, 49, 28, 59, 74]","[393, 291, 282, 438]",18.921848939421523,0.3556385460679048,2,0
3274,1119,2,detour_3,Customer_57,Customer_47,58,74,"[58, 49, 28, 72, 74]","[393, 291, 286, 460]",20.506556173883556,0.3811652925158177,2,0
3275,1120,0,shortest,Customer_57,Customer_51,58,10,"[58, 49, 76, 10]","[393, 390, 123]",17.042855881305027,0.30987010693281863,0,0
3276,1120,1,detour_2,Customer_57,Customer_51,58,10,"[58, 49, 76, 32, 10]","[393, 390, 315, 119]",17.836803243952843,0.33291572265371816,0,0
3277,1120,2,detour_3,Customer_57,Customer_51,58,10,"[58, 49, 76, 50, 10]","[393, 390, 399, 121]",21.30766647180334,0.3874121176691517,0,0
3278,1121,0,shortest,Customer_57,Customer_52,58,43,"[58, 49, 76, 43]","[393, 390, 379]",18.74134895355649,0.3407517991555725,0,0
3279,1121,1,detour_2,Customer_57,Customer_52,58,43,"[58, 49, 76, 38, 43]","[393, 390, 355, 350]",20.15316253696416,0.366421137035712,0,0
3280,1121,2,detour_3,Customer_57,Customer_52,58,43,"[58, 49, 76, 10, 43]","[393, 390, 123, 130]",20.161918412636826,0.366580334775215,0,0
3281,1122,0,same_node,Customer_58,Customer_52,43,43,[43],[],0.0,0.0,0,0
3282,1123,0,shortest,Customer_58,Customer_21,43,67,"[43, 67]",[374],1.2114969441252197,0.03028742360313049,0,0
3283,1123,1,detour_2,Customer_58,Customer_21,43,67,"[43, 38, 67]","[351, 352]",5.732907744433455,0.10423468626242646,0,0
3284,1123,2,detour_3,Customer_58,Customer_21,43,67,"[43, 33, 67]","[321, 322]",6.8935887626546375,0.1253379775028116,0,0
3285,1124,0,shortest,Customer_58,Customer_22,43,67,"[43, 67]",[374],1.2114969441252197,0.03028742360313049,0,0
3286,1124,1,detour_2,Customer_58,Customer_22,43,67,"[43, 38, 67]","[351, 352]",5.732907744433455,0.10423468626242646,0,0
3287,1124,2,detour_3,Customer_58,Customer_22,43,67,"[43, 33, 67]","[321, 322]",6.8935887626546375,0.1253379775028116,0,0
3288,1125,0,shortest,Customer_58,Customer_17,43,38,"[43, 38]",[351],2.5145091594552276,0.04571834835373141,0,0
3289,1125,1,detour_2,Customer_58,Customer_17,43,38,"[43, 67, 38]","[374, 353]",4.429895529103447,0.08880376151182554,0,0
3290,1125,2,detour_3,Customer_58,Customer_17,43,38,"[43, 10, 38]","[131, 128]",7.079066856105849,0.12871030647465181,0,0
3291,1126,0,shortest,Customer_58,Customer_74,43,38,"[43, 38]",[351],2.5145091594552276,0.04571834835373141,0,0
3292,1126,1,detour_2,Customer_58,Customer_74,43,38,"[43, 67, 38]","[374, 353]",4.429895529103447,0.08880376151182554,0,0
3293,1126,2,detour_3,Customer_58,Customer_74,43,38,"[43, 10, 38]","[131, 128]",7.079066856105849,0.12871030647465181,0,0
3294,1127,0,shortest,Customer_58,Customer_51,43,10,"[43, 10]",[131],3.1190625313317994,0.056710227842396356,0,0
3295,1127,1,detour_2,Customer_58,Customer_51,43,10,"[43, 67, 10]","[374, 133]",5.468610286420946,0.1076894843721437,0,0
3296,1127,2,detour_3,Customer_58,Customer_51,43,10,"[43, 33, 10]","[321, 127]",6.276824950127407,0.11412409000231649,0,0
3297,1128,0,shortest,Customer_58,Customer_27,43,33,"[43, 33]",[321],3.2454229154369227,0.059007689371580414,0,0
3298,1128,1,detour_2,Customer_58,Customer_27,43,33,"[43, 67, 33]","[374, 323]",4.859662791342934,0.09661771173436165,0,0
3299,1128,2,detour_3,Customer_58,Customer_27,43,33,"[43, 10, 33]","[131, 126]",6.1504645660222845,0.11182662847313243,0,0
3300,1129,0,shortest,Customer_58,Customer_79,43,33,"[43, 33]",[321],3.2454229154369227,0.059007689371580414,0,0
3301,1129,1,detour_2,Customer_58,Customer_79,43,33,"[43, 67, 33]","[374, 323]",4.859662791342934,0.09661771173436165,0,0
3302,1129,2,detour_3,Customer_58,Customer_79,43,33,"[43, 10, 33]","[131, 126]",6.1504645660222845,0.11182662847313243,0,0
3303,1130,0,shortest,Customer_58,Customer_32,43,46,"[43, 46]",[376],4.417849853099555,0.08032454278362827,0,0
3304,1130,1,detour_2,Customer_58,Customer_32,43,46,"[43, 33, 46]","[321, 324]",4.762383057689108,0.09693169292788506,0,0
3305,1130,2,detour_3,Customer_58,Customer_32,43,46,"[43, 10, 46]","[131, 124]",6.092848061337399,0.11077905566068,0,0
3306,1131,0,shortest,Customer_58,Customer_49,43,46,"[43, 46]",[376],4.417849853099555,0.08032454278362827,0,0
3307,1131,1,detour_2,Customer_58,Customer_49,43,46,"[43, 33, 46]","[321, 324]",4.762383057689108,0.09693169292788506,0,0
3308,1131,2,detour_3,Customer_58,Customer_49,43,46,"[43, 10, 46]","[131, 124]",6.092848061337399,0.11077905566068,0,0
3309,1132,0,shortest,Customer_58,Customer_71,43,32,"[43, 10, 32]","[131, 118]",5.72974746371216,0.10417722661294836,0,0
3310,1132,1,detour_2,Customer_58,Customer_71,43,32,"[43, 76, 32]","[378, 315]",6.040891985992839,0.11844460887262717,0,0
3311,1132,2,detour_3,Customer_58,Customer_71,43,32,"[43, 38, 32]","[351, 313]",7.076141055975157,0.12865711010863923,0,0
3312,1133,0,shortest,Customer_58,Customer_10,43,73,"[43, 67, 73]","[374, 454]",5.87077883628646,0.11500163982424397,0,0
3313,1133,1,detour_2,Customer_58,Customer_10,43,73,"[43, 38, 73]","[351, 356]",7.292102837251223,0.13258368795002223,0,0
3314,1133,2,detour_3,Customer_58,Customer_10,43,73,"[43, 67, 38, 73]","[374, 353, 356]",9.207489206899442,0.17566910110811637,0,0
3315,1134,0,shortest,Customer_58,Customer_38,43,14,"[43, 46, 14]","[376, 171]",7.7569856807006765,0.14103610328546684,0,0
3316,1134,1,detour_2,Customer_58,Customer_38,43,14,"[43, 33, 14]","[321, 173]",7.915218560139012,0.14391306472980023,0,0
3317,1134,2,detour_3,Customer_58,Customer_38,43,14,"[43, 33, 46, 14]","[321, 324, 171]",8.10151888529023,0.15764325342972363,0,0
3318,1135,0,shortest,Customer_58,Customer_2,43,55,"[43, 10, 50, 55]","[131, 120, 394]",8.781527794089476,0.15966414171071774,1,0
3319,1135,1,detour_2,Customer_58,Customer_2,43,55,"[43, 10, 32, 55]","[131, 118, 316]",9.960674018026666,0.18110316396412118,1,0
3320,1135,2,detour_3,Customer_58,Customer_2,43,55,"[43, 76, 32, 55]","[378, 315, 316]",10.271818540307343,0.1953705462238,1,0
3321,1136,0,shortest,Customer_58,Customer_39,43,15,"[43, 67, 73, 15]","[374, 454, 181]",10.164530193932496,0.19306984632689916,0,0
3322,1136,1,detour_2,Customer_58,Customer_39,43,15,"[43, 38, 73, 15]","[351, 356, 181]",11.585854194897259,0.21065189445267743,0,0
3323,1136,2,detour_3,Customer_58,Customer_39,43,15,"[43, 67, 75, 15]","[374, 456, 177]",12.538001335068762,0.23622386707483126,0,0
3324,1137,0,shortest,Customer_58,Customer_75,43,15,"[43, 67, 73, 15]","[374, 454, 181]",10.164530193932496,0.19306984632689916,0,0
3325,1137,1,detour_2,Customer_58,Customer_75,43,15,"[43, 38, 73, 15]","[351, 356, 181]",11.585854194897259,0.21065189445267743,0,0
3326,1137,2,detour_3,Customer_58,Customer_75,43,15,"[43, 67, 75, 15]","[374, 456, 177]",12.538001335068762,0.23622386707483126,0,0
3327,1138,0,shortest,Customer_58,Customer_9,43,34,"[43, 46, 14, 34]","[376, 171, 168]",9.799527826055245,0.19209965691933104,0,0
3328,1138,1,detour_2,Customer_58,Customer_9,43,34,"[43, 33, 14, 34]","[321, 173, 168]",9.95776070549358,0.19497661836366442,0,0
3329,1138,2,detour_3,Customer_58,Customer_9,43,34,"[43, 33, 46, 14, 34]","[321, 324, 171, 168]",10.144061030644798,0.20870680706358782,0,0
3330,1139,0,shortest,Customer_58,Customer_3,43,74,"[43, 10, 50, 74]","[131, 120, 396]",10.139610349987493,0.18435655181795443,1,0
3331,1139,1,detour_2,Customer_58,Customer_3,43,74,"[43, 10, 50, 55, 74]","[131, 120, 394, 414]",10.232642244182985,0.19594200296305547,2,0
3332,1139,2,detour_3,Customer_58,Customer_3,43,74,"[43, 10, 32, 55, 74]","[131, 118, 316, 414]",11.411788468120175,0.2173810252164589,2,0
3333,1140,0,shortest,Customer_58,Customer_42,43,74,"[43, 10, 50, 74]","[131, 120, 396]",10.139610349987493,0.18435655181795443,1,0
3334,1140,1,detour_2,Customer_58,Customer_42,43,74,"[43, 10, 50, 55, 74]","[131, 120, 394, 414]",10.232642244182985,0.19594200296305547,2,0
3335,1140,2,detour_3,Customer_58,Customer_42,43,74,"[43, 10, 32, 55, 74]","[131, 118, 316, 414]",11.411788468120175,0.2173810252164589,2,0
3336,1141,0,shortest,Customer_58,Customer_47,43,74,"[43, 10, 50, 74]","[131, 120, 396]",10.139610349987493,0.18435655181795443,1,0
3337,1141,1,detour_2,Customer_58,Customer_47,43,74,"[43, 10, 50, 55, 74]","[131, 120, 394, 414]",10.232642244182985,0.19594200296305547,2,0
3338,1141,2,detour_3,Customer_58,Customer_47,43,74,"[43, 10, 32, 55, 74]","[131, 118, 316, 414]",11.411788468120175,0.2173810252164589,2,0
3339,1142,0,same_node,Customer_59,Customer_36,62,62,[62],[],0.0,0.0,0,0
3340,1143,0,same_node,Customer_59,Customer_62,62,62,[62],[],0.0,0.0,0,0
3341,1144,0,shortest,Customer_59,Customer_4,62,56,"[62, 56]",[423],6.364542174036592,0.11571894861884713,0,0
3342,1144,1,detour_2,Customer_59,Customer_4,62,56,"[62, 78, 56]","[450, 421]",10.498414289018283,0.1908802598003324,0,0
3343,1144,2,detour_3,Customer_59,Customer_4,62,56,"[62, 16, 78, 56]","[193, 190, 421]",21.558846148543676,0.3919790208826123,0,0
3344,1145,0,shortest,Customer_59,Customer_45,62,56,"[62, 56]",[423],6.364542174036592,0.11571894861884713,0,0
3345,1145,1,detour_2,Customer_59,Customer_45,62,56,"[62, 78, 56]","[450, 421]",10.498414289018283,0.1908802598003324,0,0
3346,1145,2,detour_3,Customer_59,Customer_45,62,56,"[62, 16, 78, 56]","[193, 190, 421]",21.558846148543676,0.3919790208826123,0,0
3347,1146,0,shortest,Customer_59,Customer_28,62,16,"[62, 16]",[193],9.063213449963625,0.16478569909024773,0,0
3348,1146,1,detour_2,Customer_59,Customer_28,62,16,"[62, 78, 16]","[450, 191]",9.06626138666686,0.16484111612121566,0,0
3349,1146,2,detour_3,Customer_59,Customer_28,62,16,"[62, 57, 16]","[433, 185]",9.554957840801572,0.17540295109822737,0,0
3350,1147,0,shortest,Customer_59,Customer_66,62,16,"[62, 16]",[193],9.063213449963625,0.16478569909024773,0,0
3351,1147,1,detour_2,Customer_59,Customer_66,62,16,"[62, 78, 16]","[450, 191]",9.06626138666686,0.16484111612121566,0,0
3352,1147,2,detour_3,Customer_59,Customer_66,62,16,"[62, 57, 16]","[433, 185]",9.554957840801572,0.17540295109822737,0,0
3353,1148,0,shortest,Customer_59,Customer_18,62,57,"[62, 57]",[433],9.309079255199084,0.16925598645816517,0,0
3354,1148,1,detour_2,Customer_59,Customer_18,62,57,"[62, 78, 57]","[450, 435]",9.312026426589693,0.16930957139253985,0,0
3355,1148,2,detour_3,Customer_59,Customer_18,62,57,"[62, 16, 57]","[193, 184]",9.309092035566113,0.17093266373030994,0,0
3356,1149,0,shortest,Customer_59,Customer_34,62,66,"[62, 16, 66]","[193, 186]",10.991479238584958,0.21299234380578105,0,0
3357,1149,1,detour_2,Customer_59,Customer_34,62,66,"[62, 78, 16, 66]","[450, 191, 186]",10.994527175288193,0.21304776083674898,0,0
3358,1149,2,detour_3,Customer_59,Customer_34,62,66,"[62, 57, 66]","[433, 430]",11.071370581128264,0.21331326960639466,0,0
3359,1150,0,shortest,Customer_59,Customer_73,62,66,"[62, 16, 66]","[193, 186]",10.991479238584958,0.21299234380578105,0,0
3360,1150,1,detour_2,Customer_59,Customer_73,62,66,"[62, 78, 16, 66]","[450, 191, 186]",10.994527175288193,0.21304776083674898,0,0
3361,1150,2,detour_3,Customer_59,Customer_73,62,66,"[62, 57, 66]","[433, 430]",11.071370581128264,0.21331326960639466,0,0
3362,1151,0,shortest,Customer_59,Customer_25,62,19,"[62, 57, 77, 19]","[433, 426, 221]",18.425683778148965,0.3350124323299812,0,0
3363,1151,1,detour_2,Customer_59,Customer_25,62,19,"[62, 78, 57, 77, 19]","[450, 435, 426, 221]",18.428630949539574,0.33506601726435586,0,0
3364,1151,2,detour_3,Customer_59,Customer_25,62,19,"[62, 16, 57, 77, 19]","[193, 184, 426, 221]",18.425696558515995,0.33668910960212595,0,0
3365,1152,0,shortest,Customer_59,Customer_1,62,1,"[62, 78, 61, 1]","[450, 449, 11]",13.8180569589284,0.2512373992532436,0,0
3366,1152,1,detour_2,Customer_59,Customer_1,62,1,"[62, 16, 61, 1]","[193, 188, 11]",16.015752898218025,0.2911955072403277,0,0
3367,1152,2,detour_3,Customer_59,Customer_1,62,1,"[62, 78, 16, 61, 1]","[450, 191, 188, 11]",16.018800834921258,0.2912509242712956,0,0
3368,1153,0,shortest,Customer_59,Customer_69,62,9,"[62, 78, 61, 1, 9]","[450, 449, 11, 16]",15.258702707980582,0.2872535429795482,0,0
3369,1153,1,detour_2,Customer_59,Customer_69,62,9,"[62, 16, 61, 1, 9]","[193, 188, 11, 16]",17.456398647270206,0.3272116509666323,0,0
3370,1153,2,detour_3,Customer_59,Customer_69,62,9,"[62, 78, 16, 61, 1, 9]","[450, 191, 188, 11, 16]",17.45944658397344,0.3272670679976002,0,0
3371,1154,0,shortest,Customer_59,Customer_16,62,64,"[62, 57, 77, 64]","[433, 426, 453]",18.114186276301947,0.32934884138730813,0,0
3372,1154,1,detour_2,Customer_59,Customer_16,62,64,"[62, 78, 57, 77, 64]","[450, 435, 426, 453]",18.117133447692556,0.3294024263216828,0,0
3373,1154,2,detour_3,Customer_59,Customer_16,62,64,"[62, 16, 57, 77, 64]","[193, 184, 426, 453]",18.114199056668976,0.3310255186594529,0,0
3374,1155,0,shortest,Customer_59,Customer_56,62,64,"[62, 57, 77, 64]","[433, 426, 453]",18.114186276301947,0.32934884138730813,0,0
3375,1155,1,detour_2,Customer_59,Customer_56,62,64,"[62, 78, 57, 77, 64]","[450, 435, 426, 453]",18.117133447692556,0.3294024263216828,0,0
3376,1155,2,detour_3,Customer_59,Customer_56,62,64,"[62, 16, 57, 77, 64]","[193, 184, 426, 453]",18.114199056668976,0.3310255186594529,0,0
3377,1156,0,shortest,Customer_59,Customer_63,62,64,"[62, 57, 77, 64]","[433, 426, 453]",18.114186276301947,0.32934884138730813,0,0
3378,1156,1,detour_2,Customer_59,Customer_63,62,64,"[62, 78, 57, 77, 64]","[450, 435, 426, 453]",18.117133447692556,0.3294024263216828,0,0
3379,1156,2,detour_3,Customer_59,Customer_63,62,64,"[62, 16, 57, 77, 64]","[193, 184, 426, 453]",18.114199056668976,0.3310255186594529,0,0
3380,1157,0,shortest,Customer_59,Customer_64,62,64,"[62, 57, 77, 64]","[433, 426, 453]",18.114186276301947,0.32934884138730813,0,0
3381,1157,1,detour_2,Customer_59,Customer_64,62,64,"[62, 78, 57, 77, 64]","[450, 435, 426, 453]",18.117133447692556,0.3294024263216828,0,0
3382,1157,2,detour_3,Customer_59,Customer_64,62,64,"[62, 16, 57, 77, 64]","[193, 184, 426, 453]",18.114199056668976,0.3310255186594529,0,0
3383,1158,0,shortest,Customer_59,Customer_50,62,26,"[62, 78, 61, 1, 26]","[450, 449, 11, 12]",16.413071414635922,0.29841948026610765,0,0
3384,1158,1,detour_2,Customer_59,Customer_50,62,26,"[62, 78, 61, 1, 9, 26]","[450, 449, 11, 16, 108]",16.414069058582918,0.31613770174460654,0,0
3385,1158,2,detour_3,Customer_59,Customer_50,62,26,"[62, 16, 61, 1, 26]","[193, 188, 11, 12]",18.610767353925546,0.33837758825319175,0,0
3386,1159,0,shortest,Customer_59,Customer_80,62,3,"[62, 57, 77, 12, 30, 3]","[433, 426, 145, 148, 33]",25.200827291700893,0.45819685984910713,0,0
3387,1159,1,detour_2,Customer_59,Customer_80,62,3,"[62, 78, 57, 77, 12, 30, 3]","[450, 435, 426, 145, 148, 33]",25.203774463091502,0.4582504447834818,0,0
3388,1159,2,detour_3,Customer_59,Customer_80,62,3,"[62, 16, 57, 77, 12, 30, 3]","[193, 184, 426, 145, 148, 33]",25.200840072067923,0.45987353712125195,0,0
3389,1160,0,shortest,Customer_59,Customer_23,62,39,"[62, 57, 77, 64, 39]","[433, 426, 453, 359]",20.850451928477877,0.37909912597232504,0,0
3390,1160,1,detour_2,Customer_59,Customer_23,62,39,"[62, 78, 57, 77, 64, 39]","[450, 435, 426, 453, 359]",20.853399099868486,0.3791527109066997,0,0
3391,1160,2,detour_3,Customer_59,Customer_23,62,39,"[62, 16, 57, 77, 64, 39]","[193, 184, 426, 453, 359]",20.850464708844907,0.3807758032444698,0,0
3392,1161,0,shortest,Customer_59,Customer_30,62,47,"[62, 78, 61, 1, 47]","[450, 449, 11, 14]",18.303168692457632,0.33278488531741146,0,0
3393,1161,1,detour_2,Customer_59,Customer_30,62,47,"[62, 78, 61, 1, 9, 47]","[450, 449, 11, 16, 112]",18.328258467682105,0.3430636477013941,0,0
3394,1161,2,detour_3,Customer_59,Customer_30,62,47,"[62, 78, 61, 1, 26, 47]","[450, 449, 11, 12, 262]",18.35397300969296,0.3469420201425336,0,0
3395,1162,0,same_node,Customer_60,Customer_30,47,47,[47],[],0.0,0.0,0,0
3396,1163,0,same_node,Customer_60,Customer_65,47,47,[47],[],0.0,0.0,0,0
3397,1164,0,shortest,Customer_60,Customer_9,47,34,"[47, 34]",[329],0.8719426245600662,0.021798565614001654,1,0
3398,1164,1,detour_2,Customer_60,Customer_9,47,34,"[47, 65, 34]","[386, 327]",3.600998201395149,0.09002495503487873,1,0
3399,1164,2,detour_3,Customer_60,Customer_9,47,34,"[47, 26, 34]","[263, 266]",4.728037591598496,0.09919773981354338,0,0
3400,1165,0,shortest,Customer_60,Customer_50,47,26,"[47, 26]",[263],1.9409015950570396,0.04852253987642599,0,0
3401,1165,1,detour_2,Customer_60,Customer_50,47,26,"[47, 34, 26]","[329, 267]",3.6590786211015223,0.07247376555111903,1,0
3402,1165,2,detour_3,Customer_60,Customer_50,47,26,"[47, 9, 26]","[113, 108]",4.224922110303856,0.08469426348690422,0,0
3403,1166,0,shortest,Customer_60,Customer_38,47,14,"[47, 14]",[163],2.2592410920418087,0.05648102730104522,0,0
3404,1166,1,detour_2,Customer_60,Customer_38,47,14,"[47, 34, 14]","[329, 169]",2.914484769914634,0.07286211924786586,1,0
3405,1166,2,detour_3,Customer_60,Customer_38,47,14,"[47, 65, 14]","[386, 167]",5.236906374868708,0.10540037036343283,0,0
3406,1167,0,shortest,Customer_60,Customer_69,47,9,"[47, 9]",[113],3.0695557597015224,0.05581010472184586,0,0
3407,1167,1,detour_2,Customer_60,Customer_69,47,9,"[47, 26, 9]","[263, 109]",3.096267945659374,0.07740669864148435,0,0
3408,1167,2,detour_3,Customer_60,Customer_69,47,9,"[47, 34, 9]","[329, 111]",4.761078520293518,0.09251012735460987,1,0
3409,1168,0,shortest,Customer_60,Customer_1,47,1,"[47, 1]",[15],4.485111733529232,0.08154748606416785,0,0
3410,1168,1,detour_2,Customer_60,Customer_1,47,1,"[47, 9, 1]","[113, 17]",4.510201508753704,0.0918262484481504,0,0
3411,1168,2,detour_3,Customer_60,Customer_1,47,1,"[47, 26, 1]","[263, 13]",4.535916050764561,0.09570462088929,0,0
3412,1169,0,shortest,Customer_60,Customer_33,47,4,"[47, 14, 46, 50, 55, 4]","[163, 170, 384, 394, 47]",14.846845658411127,0.2853465648713964,2,0
3413,1169,1,detour_2,Customer_60,Customer_33,47,4,"[47, 34, 14, 46, 50, 55, 4]","[329, 169, 170, 384, 394, 47]",15.502089336283952,0.30172765681821706,3,0
3414,1169,2,detour_3,Customer_60,Customer_33,47,4,"[47, 14, 46, 50, 55, 17, 4]","[163, 170, 384, 394, 199, 51]",14.955398490665488,0.30757522260516273,3,0
3415,1170,0,shortest,Customer_60,Customer_32,47,46,"[47, 14, 46]","[163, 170]",5.598376919642931,0.1171925878028838,0,0
3416,1170,1,detour_2,Customer_60,Customer_32,47,46,"[47, 34, 14, 46]","[329, 169, 170]",6.253620597515756,0.13357367974970444,1,0
3417,1170,2,detour_3,Customer_60,Customer_32,47,46,"[47, 65, 14, 46]","[386, 167, 170]",8.576042202469829,0.1661119308652714,0,0
3418,1171,0,shortest,Customer_60,Customer_49,47,46,"[47, 14, 46]","[163, 170]",5.598376919642931,0.1171925878028838,0,0
3419,1171,1,detour_2,Customer_60,Customer_49,47,46,"[47, 34, 14, 46]","[329, 169, 170]",6.253620597515756,0.13357367974970444,1,0
3420,1171,2,detour_3,Customer_60,Customer_49,47,46,"[47, 65, 14, 46]","[386, 167, 170]",8.576042202469829,0.1661119308652714,0,0
3421,1172,0,shortest,Customer_60,Customer_14,47,17,"[47, 14, 46, 50, 55, 17]","[163, 170, 384, 394, 199]",14.482175867183864,0.29574465701812214,2,0
3422,1172,1,detour_2,Customer_60,Customer_14,47,17,"[47, 14, 46, 50, 55, 4, 17]","[163, 170, 384, 394, 47, 50]",15.32006828189275,0.297177130458437,3,0
3423,1172,2,detour_3,Customer_60,Customer_14,47,17,"[47, 14, 46, 50, 74, 17]","[163, 170, 384, 396, 205]",16.22065667621726,0.31032494701332614,2,0
3424,1173,0,shortest,Customer_60,Customer_29,47,17,"[47, 14, 46, 50, 55, 17]","[163, 170, 384, 394, 199]",14.482175867183864,0.29574465701812214,2,0
3425,1173,1,detour_2,Customer_60,Customer_29,47,17,"[47, 14, 46, 50, 55, 4, 17]","[163, 170, 384, 394, 47, 50]",15.32006828189275,0.297177130458437,3,0
3426,1173,2,detour_3,Customer_60,Customer_29,47,17,"[47, 14, 46, 50, 74, 17]","[163, 170, 384, 396, 205]",16.22065667621726,0.31032494701332614,2,0
3427,1174,0,shortest,Customer_60,Customer_31,47,17,"[47, 14, 46, 50, 55, 17]","[163, 170, 384, 394, 199]",14.482175867183864,0.29574465701812214,2,0
3428,1174,1,detour_2,Customer_60,Customer_31,47,17,"[47, 14, 46, 50, 55, 4, 17]","[163, 170, 384, 394, 47, 50]",15.32006828189275,0.297177130458437,3,0
3429,1174,2,detour_3,Customer_60,Customer_31,47,17,"[47, 14, 46, 50, 74, 17]","[163, 170, 384, 396, 205]",16.22065667621726,0.31032494701332614,2,0
3430,1175,0,shortest,Customer_60,Customer_2,47,55,"[47, 14, 46, 50, 55]","[163, 170, 384, 394]",11.984669575724727,0.23330699973164373,1,0
3431,1175,1,detour_2,Customer_60,Customer_2,47,55,"[47, 34, 14, 46, 50, 55]","[329, 169, 170, 384, 394]",12.639913253597552,0.24968809167846437,2,0
3432,1175,2,detour_3,Customer_60,Customer_2,47,55,"[47, 14, 46, 10, 50, 55]","[163, 170, 125, 120, 394]",14.234627712406207,0.2742153294894888,1,0
3433,1176,0,shortest,Customer_60,Customer_27,47,33,"[47, 14, 33]","[163, 172]",6.929036736743898,0.14138640265926503,0,0
3434,1176,1,detour_2,Customer_60,Customer_27,47,33,"[47, 14, 46, 33]","[163, 170, 325]",7.115337061895117,0.15511659135918845,0,0
3435,1176,2,detour_3,Customer_60,Customer_27,47,33,"[47, 34, 14, 33]","[329, 169, 172]",7.584280414616724,0.15776749460608566,1,0
3436,1177,0,shortest,Customer_60,Customer_79,47,33,"[47, 14, 33]","[163, 172]",6.929036736743898,0.14138640265926503,0,0
3437,1177,1,detour_2,Customer_60,Customer_79,47,33,"[47, 14, 46, 33]","[163, 170, 325]",7.115337061895117,0.15511659135918845,0,0
3438,1177,2,detour_3,Customer_60,Customer_79,47,33,"[47, 34, 14, 33]","[329, 169, 172]",7.584280414616724,0.15776749460608566,1,0
3439,1178,0,shortest,Customer_60,Customer_34,47,66,"[47, 1, 66]","[15, 22]",9.505239146557635,0.17282252993741154,0,0
3440,1178,1,detour_2,Customer_60,Customer_34,47,66,"[47, 9, 1, 66]","[113, 17, 22]",9.530328921782107,0.18310129232139408,0,0
3441,1178,2,detour_3,Customer_60,Customer_34,47,66,"[47, 26, 1, 66]","[263, 13, 22]",9.556043463792964,0.1869796647625337,0,0
3442,1179,0,shortest,Customer_60,Customer_73,47,66,"[47, 1, 66]","[15, 22]",9.505239146557635,0.17282252993741154,0,0
3443,1179,1,detour_2,Customer_60,Customer_73,47,66,"[47, 9, 1, 66]","[113, 17, 22]",9.530328921782107,0.18310129232139408,0,0
3444,1179,2,detour_3,Customer_60,Customer_73,47,66,"[47, 26, 1, 66]","[263, 13, 22]",9.556043463792964,0.1869796647625337,0,0
3445,1180,0,shortest,Customer_60,Customer_55,47,48,"[47, 14, 46, 50, 55, 4, 48]","[163, 170, 384, 394, 47, 52]",19.137478015872293,0.3633580622797813,3,0
3446,1180,1,avoid_congestion,Customer_60,Customer_55,47,48,"[47, 1, 61, 57, 77, 12, 30, 53, 48]","[15, 10, 429, 426, 145, 148, 300, 389]",30.2769792464158,0.5664627363598889,0,0
3447,1180,2,detour_2,Customer_60,Customer_55,47,48,"[47, 34, 14, 46, 50, 55, 4, 48]","[329, 169, 170, 384, 394, 47, 52]",19.79272169374512,0.3797391542266019,4,0
3448,1180,3,detour_3,Customer_60,Customer_55,47,48,"[47, 14, 46, 50, 55, 17, 4, 48]","[163, 170, 384, 394, 199, 51, 52]",19.246030848126654,0.3855867200135476,4,0
3449,1181,0,shortest,Customer_60,Customer_35,47,8,"[47, 14, 46, 50, 55, 8]","[163, 170, 384, 394, 103]",14.748703525880774,0.2835621624617537,2,0
3450,1181,1,detour_2,Customer_60,Customer_35,47,8,"[47, 34, 14, 46, 50, 55, 8]","[329, 169, 170, 384, 394, 103]",15.4039472037536,0.29994325440857433,3,0
3451,1181,2,detour_3,Customer_60,Customer_35,47,8,"[47, 14, 46, 50, 74, 8]","[163, 170, 384, 396, 107]",15.583778537990543,0.3140250699980754,2,0
3452,1182,0,same_node,Customer_61,Customer_68,23,23,[23],[],0.0,0.0,0,0
3453,1183,0,shortest,Customer_61,Customer_6,23,5,"[23, 5]",[67],14.677791176460325,0.26686893048109683,0,0
3454,1183,1,detour_2,Customer_61,Customer_6,23,5,"[23, 41, 5]","[246, 69]",18.110303573639932,0.3292782467934533,0,0
3455,1183,2,detour_3,Customer_61,Customer_6,23,5,"[23, 41, 22, 5]","[246, 243, 57]",18.61081399118339,0.3413883621763306,0,0
3456,1184,0,shortest,Customer_61,Customer_7,23,11,"[23, 51, 11]","[248, 137]",18.17097759181213,0.33038141076022054,0,0
3457,1184,1,detour_2,Customer_61,Customer_7,23,11,"[23, 5, 11]","[67, 64]",22.290537655327164,0.4052825028241303,0,0
3458,1184,2,detour_3,Customer_61,Customer_7,23,11,"[23, 5, 68, 11]","[67, 62, 135]",22.73693130417812,0.4133987509850568,0,0
3459,1185,0,shortest,Customer_61,Customer_24,23,22,"[23, 5, 22]","[67, 56]",15.1192469858331,0.2779053257154162,0,0
3460,1185,1,detour_2,Customer_61,Customer_24,23,22,"[23, 41, 22]","[246, 243]",18.16935818181062,0.33035196694201124,0,0
3461,1185,2,detour_3,Customer_61,Customer_24,23,22,"[23, 41, 5, 22]","[246, 69, 56]",18.551759383012705,0.3403146420277727,0,0
3462,1186,0,shortest,Customer_61,Customer_43,23,0,"[23, 2, 0]","[31, 5]",15.109014805705161,0.2747093601037302,0,0
3463,1186,1,detour_2,Customer_61,Customer_43,23,0,"[23, 41, 0]","[246, 7]",18.871669530274115,0.3431212641868021,0,0
3464,1186,2,detour_3,Customer_61,Customer_43,23,0,"[23, 2, 24, 0]","[31, 26, 3]",19.368864633599703,0.3521611751563582,0,0
3465,1187,0,shortest,Customer_61,Customer_76,23,0,"[23, 2, 0]","[31, 5]",15.109014805705161,0.2747093601037302,0,0
3466,1187,1,detour_2,Customer_61,Customer_76,23,0,"[23, 41, 0]","[246, 7]",18.871669530274115,0.3431212641868021,0,0
3467,1187,2,detour_3,Customer_61,Customer_76,23,0,"[23, 2, 24, 0]","[31, 26, 3]",19.368864633599703,0.3521611751563582,0,0
3468,1188,0,shortest,Customer_61,Customer_37,23,68,"[23, 5, 68]","[67, 62]",19.905091309858648,0.3619107510883391,0,0
3469,1188,1,detour_2,Customer_61,Customer_37,23,68,"[23, 5, 22, 68]","[67, 56, 244]",20.541251871663206,0.3764872327305091,0,0
3470,1188,2,detour_3,Customer_61,Customer_37,23,68,"[23, 51, 68]","[248, 400]",20.960169730762225,0.3810939951047677,0,0
3471,1189,0,shortest,Customer_61,Customer_72,23,24,"[23, 2, 24]","[31, 26]",16.77464052026226,0.30499346400476834,0,0
3472,1189,1,detour_2,Customer_61,Customer_72,23,24,"[23, 2, 0, 24]","[31, 5, 2]",17.703238919042604,0.32187707125532006,0,0
3473,1189,2,detour_3,Customer_61,Customer_72,23,24,"[23, 41, 0, 24]","[246, 7, 2]",21.465893643611558,0.39028897533839196,0,0
3474,1190,0,shortest,Customer_61,Customer_5,23,7,"[23, 41, 7]","[246, 91]",18.03621716194949,0.32793122112635437,0,0
3475,1190,1,detour_2,Customer_61,Customer_5,23,7,"[23, 5, 7]","[67, 60]",18.220477698136882,0.3312814126933979,0,0
3476,1190,2,detour_3,Customer_61,Customer_5,23,7,"[23, 5, 22, 7]","[67, 56, 87]",18.27144523457603,0.3352180211471059,0,0
3477,1191,0,shortest,Customer_61,Customer_11,23,52,"[23, 2, 52]","[31, 28]",17.8019919237126,0.3236725804311382,0,0
3478,1191,1,detour_2,Customer_61,Customer_11,23,52,"[23, 2, 0, 52]","[31, 5, 0]",18.23307057228891,0.33151037404161654,0,0
3479,1191,2,detour_3,Customer_61,Customer_11,23,52,"[23, 2, 24, 52]","[31, 26, 250]",21.315209799707873,0.38754926908559767,0,0
3480,1192,0,shortest,Customer_61,Customer_12,23,52,"[23, 2, 52]","[31, 28]",17.8019919237126,0.3236725804311382,0,0
3481,1192,1,detour_2,Customer_61,Customer_12,23,52,"[23, 2, 0, 52]","[31, 5, 0]",18.23307057228891,0.33151037404161654,0,0
3482,1192,2,detour_3,Customer_61,Customer_12,23,52,"[23, 2, 24, 52]","[31, 26, 250]",21.315209799707873,0.38754926908559767,0,0
3483,1193,0,shortest,Customer_61,Customer_20,23,52,"[23, 2, 52]","[31, 28]",17.8019919237126,0.3236725804311382,0,0
3484,1193,1,detour_2,Customer_61,Customer_20,23,52,"[23, 2, 0, 52]","[31, 5, 0]",18.23307057228891,0.33151037404161654,0,0
3485,1193,2,detour_3,Customer_61,Customer_20,23,52,"[23, 2, 24, 52]","[31, 26, 250]",21.315209799707873,0.38754926908559767,0,0
3486,1194,0,shortest,Customer_61,Customer_53,23,52,"[23, 2, 52]","[31, 28]",17.8019919237126,0.3236725804311382,0,0
3487,1194,1,detour_2,Customer_61,Customer_53,23,52,"[23, 2, 0, 52]","[31, 5, 0]",18.23307057228891,0.33151037404161654,0,0
3488,1194,2,detour_3,Customer_61,Customer_53,23,52,"[23, 2, 24, 52]","[31, 26, 250]",21.315209799707873,0.38754926908559767,0,0
3489,1195,0,same_node,Customer_62,Customer_36,62,62,[62],[],0.0,0.0,0,0
3490,1196,0,same_node,Customer_62,Customer_59,62,62,[62],[],0.0,0.0,0,0
3491,1197,0,shortest,Customer_62,Customer_4,62,56,"[62, 56]",[423],6.364542174036592,0.11571894861884713,0,0
3492,1197,1,detour_2,Customer_62,Customer_4,62,56,"[62, 78, 56]","[450, 421]",10.498414289018283,0.1908802598003324,0,0
3493,1197,2,detour_3,Customer_62,Customer_4,62,56,"[62, 16, 78, 56]","[193, 190, 421]",21.558846148543676,0.3919790208826123,0,0
3494,1198,0,shortest,Customer_62,Customer_45,62,56,"[62, 56]",[423],6.364542174036592,0.11571894861884713,0,0
3495,1198,1,detour_2,Customer_62,Customer_45,62,56,"[62, 78, 56]","[450, 421]",10.498414289018283,0.1908802598003324,0,0
3496,1198,2,detour_3,Customer_62,Customer_45,62,56,"[62, 16, 78, 56]","[193, 190, 421]",21.558846148543676,0.3919790208826123,0,0
3497,1199,0,shortest,Customer_62,Customer_28,62,16,"[62, 16]",[193],9.063213449963625,0.16478569909024773,0,0
3498,1199,1,detour_2,Customer_62,Customer_28,62,16,"[62, 78, 16]","[450, 191]",9.06626138666686,0.16484111612121566,0,0
3499,1199,2,detour_3,Customer_62,Customer_28,62,16,"[62, 57, 16]","[433, 185]",9.554957840801572,0.17540295109822737,0,0
3500,1200,0,shortest,Customer_62,Customer_66,62,16,"[62, 16]",[193],9.063213449963625,0.16478569909024773,0,0
3501,1200,1,detour_2,Customer_62,Customer_66,62,16,"[62, 78, 16]","[450, 191]",9.06626138666686,0.16484111612121566,0,0
3502,1200,2,detour_3,Customer_62,Customer_66,62,16,"[62, 57, 16]","[433, 185]",9.554957840801572,0.17540295109822737,0,0
3503,1201,0,shortest,Customer_62,Customer_18,62,57,"[62, 57]",[433],9.309079255199084,0.16925598645816517,0,0
3504,1201,1,detour_2,Customer_62,Customer_18,62,57,"[62, 78, 57]","[450, 435]",9.312026426589693,0.16930957139253985,0,0
3505,1201,2,detour_3,Customer_62,Customer_18,62,57,"[62, 16, 57]","[193, 184]",9.309092035566113,0.17093266373030994,0,0
3506,1202,0,shortest,Customer_62,Customer_34,62,66,"[62, 16, 66]","[193, 186]",10.991479238584958,0.21299234380578105,0,0
3507,1202,1,detour_2,Customer_62,Customer_34,62,66,"[62, 78, 16, 66]","[450, 191, 186]",10.994527175288193,0.21304776083674898,0,0
3508,1202,2,detour_3,Customer_62,Customer_34,62,66,"[62, 57, 66]","[433, 430]",11.071370581128264,0.21331326960639466,0,0
3509,1203,0,shortest,Customer_62,Customer_73,62,66,"[62, 16, 66]","[193, 186]",10.991479238584958,0.21299234380578105,0,0
3510,1203,1,detour_2,Customer_62,Customer_73,62,66,"[62, 78, 16, 66]","[450, 191, 186]",10.994527175288193,0.21304776083674898,0,0
3511,1203,2,detour_3,Customer_62,Customer_73,62,66,"[62, 57, 66]","[433, 430]",11.071370581128264,0.21331326960639466,0,0
3512,1204,0,shortest,Customer_62,Customer_25,62,19,"[62, 57, 77, 19]","[433, 426, 221]",18.425683778148965,0.3350124323299812,0,0
3513,1204,1,detour_2,Customer_62,Customer_25,62,19,"[62, 78, 57, 77, 19]","[450, 435, 426, 221]",18.428630949539574,0.33506601726435586,0,0
3514,1204,2,detour_3,Customer_62,Customer_25,62,19,"[62, 16, 57, 77, 19]","[193, 184, 426, 221]",18.425696558515995,0.33668910960212595,0,0
3515,1205,0,shortest,Customer_62,Customer_1,62,1,"[62, 78, 61, 1]","[450, 449, 11]",13.8180569589284,0.2512373992532436,0,0
3516,1205,1,detour_2,Customer_62,Customer_1,62,1,"[62, 16, 61, 1]","[193, 188, 11]",16.015752898218025,0.2911955072403277,0,0
3517,1205,2,detour_3,Customer_62,Customer_1,62,1,"[62, 78, 16, 61, 1]","[450, 191, 188, 11]",16.018800834921258,0.2912509242712956,0,0
3518,1206,0,shortest,Customer_62,Customer_69,62,9,"[62, 78, 61, 1, 9]","[450, 449, 11, 16]",15.258702707980582,0.2872535429795482,0,0
3519,1206,1,detour_2,Customer_62,Customer_69,62,9,"[62, 16, 61, 1, 9]","[193, 188, 11, 16]",17.456398647270206,0.3272116509666323,0,0
3520,1206,2,detour_3,Customer_62,Customer_69,62,9,"[62, 78, 16, 61, 1, 9]","[450, 191, 188, 11, 16]",17.45944658397344,0.3272670679976002,0,0
3521,1207,0,shortest,Customer_62,Customer_16,62,64,"[62, 57, 77, 64]","[433, 426, 453]",18.114186276301947,0.32934884138730813,0,0
3522,1207,1,detour_2,Customer_62,Customer_16,62,64,"[62, 78, 57, 77, 64]","[450, 435, 426, 453]",18.117133447692556,0.3294024263216828,0,0
3523,1207,2,detour_3,Customer_62,Customer_16,62,64,"[62, 16, 57, 77, 64]","[193, 184, 426, 453]",18.114199056668976,0.3310255186594529,0,0
3524,1208,0,shortest,Customer_62,Customer_56,62,64,"[62, 57, 77, 64]","[433, 426, 453]",18.114186276301947,0.32934884138730813,0,0
3525,1208,1,detour_2,Customer_62,Customer_56,62,64,"[62, 78, 57, 77, 64]","[450, 435, 426, 453]",18.117133447692556,0.3294024263216828,0,0
3526,1208,2,detour_3,Customer_62,Customer_56,62,64,"[62, 16, 57, 77, 64]","[193, 184, 426, 453]",18.114199056668976,0.3310255186594529,0,0
3527,1209,0,shortest,Customer_62,Customer_63,62,64,"[62, 57, 77, 64]","[433, 426, 453]",18.114186276301947,0.32934884138730813,0,0
3528,1209,1,detour_2,Customer_62,Customer_63,62,64,"[62, 78, 57, 77, 64]","[450, 435, 426, 453]",18.117133447692556,0.3294024263216828,0,0
3529,1209,2,detour_3,Customer_62,Customer_63,62,64,"[62, 16, 57, 77, 64]","[193, 184, 426, 453]",18.114199056668976,0.3310255186594529,0,0
3530,1210,0,shortest,Customer_62,Customer_64,62,64,"[62, 57, 77, 64]","[433, 426, 453]",18.114186276301947,0.32934884138730813,0,0
3531,1210,1,detour_2,Customer_62,Customer_64,62,64,"[62, 78, 57, 77, 64]","[450, 435, 426, 453]",18.117133447692556,0.3294024263216828,0,0
3532,1210,2,detour_3,Customer_62,Customer_64,62,64,"[62, 16, 57, 77, 64]","[193, 184, 426, 453]",18.114199056668976,0.3310255186594529,0,0
3533,1211,0,shortest,Customer_62,Customer_50,62,26,"[62, 78, 61, 1, 26]","[450, 449, 11, 12]",16.413071414635922,0.29841948026610765,0,0
3534,1211,1,detour_2,Customer_62,Customer_50,62,26,"[62, 78, 61, 1, 9, 26]","[450, 449, 11, 16, 108]",16.414069058582918,0.31613770174460654,0,0
3535,1211,2,detour_3,Customer_62,Customer_50,62,26,"[62, 16, 61, 1, 26]","[193, 188, 11, 12]",18.610767353925546,0.33837758825319175,0,0
3536,1212,0,shortest,Customer_62,Customer_80,62,3,"[62, 57, 77, 12, 30, 3]","[433, 426, 145, 148, 33]",25.200827291700893,0.45819685984910713,0,0
3537,1212,1,detour_2,Customer_62,Customer_80,62,3,"[62, 78, 57, 77, 12, 30, 3]","[450, 435, 426, 145, 148, 33]",25.203774463091502,0.4582504447834818,0,0
3538,1212,2,detour_3,Customer_62,Customer_80,62,3,"[62, 16, 57, 77, 12, 30, 3]","[193, 184, 426, 145, 148, 33]",25.200840072067923,0.45987353712125195,0,0
3539,1213,0,shortest,Customer_62,Customer_23,62,39,"[62, 57, 77, 64, 39]","[433, 426, 453, 359]",20.850451928477877,0.37909912597232504,0,0
3540,1213,1,detour_2,Customer_62,Customer_23,62,39,"[62, 78, 57, 77, 64, 39]","[450, 435, 426, 453, 359]",20.853399099868486,0.3791527109066997,0,0
3541,1213,2,detour_3,Customer_62,Customer_23,62,39,"[62, 16, 57, 77, 64, 39]","[193, 184, 426, 453, 359]",20.850464708844907,0.3807758032444698,0,0
3542,1214,0,shortest,Customer_62,Customer_30,62,47,"[62, 78, 61, 1, 47]","[450, 449, 11, 14]",18.303168692457632,0.33278488531741146,0,0
3543,1214,1,detour_2,Customer_62,Customer_30,62,47,"[62, 78, 61, 1, 9, 47]","[450, 449, 11, 16, 112]",18.328258467682105,0.3430636477013941,0,0
3544,1214,2,detour_3,Customer_62,Customer_30,62,47,"[62, 78, 61, 1, 26, 47]","[450, 449, 11, 12, 262]",18.35397300969296,0.3469420201425336,0,0
3545,1215,0,same_node,Customer_63,Customer_16,64,64,[64],[],0.0,0.0,0,0
3546,1216,0,same_node,Customer_63,Customer_56,64,64,[64],[],0.0,0.0,0,0
3547,1217,0,same_node,Customer_63,Customer_64,64,64,[64],[],0.0,0.0,0,0
3548,1218,0,shortest,Customer_63,Customer_23,64,39,"[64, 39]",[359],2.736265652175929,0.049750284585016895,0,0
3549,1218,1,detour_2,Customer_63,Customer_23,64,39,"[64, 54, 39]","[411, 361]",2.9645630587379346,0.07411407646844836,0,0
3550,1218,2,detour_3,Customer_63,Customer_23,64,39,"[64, 12, 39]","[141, 146]",4.396699900471073,0.08628768525347658,0,0
3551,1219,0,shortest,Customer_63,Customer_25,64,19,"[64, 19]",[219],3.791578288244652,0.06893778705899367,0,0
3552,1219,1,detour_2,Customer_63,Customer_25,64,19,"[64, 54, 19]","[411, 217]",3.9659012327357095,0.0758128556245736,0,0
3553,1219,2,detour_3,Customer_63,Customer_25,64,19,"[64, 77, 19]","[452, 221]",6.666624871026636,0.12121136129139337,0,0
3554,1220,0,shortest,Customer_63,Customer_70,64,53,"[64, 30, 53]","[303, 300]",6.531726816083715,0.1347308739902147,0,0
3555,1220,1,detour_2,Customer_63,Customer_70,64,53,"[64, 12, 30, 53]","[141, 148, 300]",6.9266795589849215,0.14825952001514825,0,0
3556,1220,2,detour_3,Customer_63,Customer_70,64,53,"[64, 12, 60, 53]","[141, 150, 407]",8.292717452351889,0.15712436801494598,0,0
3557,1221,0,shortest,Customer_63,Customer_80,64,3,"[64, 30, 3]","[303, 33]",7.795243605818902,0.14173170192398005,0,0
3558,1221,1,detour_2,Customer_63,Customer_80,64,3,"[64, 12, 30, 3]","[141, 148, 33]",8.190196348720109,0.15526034794891358,0,0
3559,1221,2,detour_3,Customer_63,Customer_80,64,3,"[64, 54, 12, 30, 3]","[411, 143, 148, 33]",9.275495268875348,0.18239282095279458,0,0
3560,1222,0,shortest,Customer_63,Customer_18,64,57,"[64, 77, 57]","[452, 427]",8.805107021102863,0.16009285492914294,0,0
3561,1222,1,detour_2,Customer_63,Customer_18,64,57,"[64, 54, 77, 57]","[411, 412, 427]",9.516838935656724,0.17673899567768295,0,0
3562,1222,2,detour_3,Customer_63,Customer_18,64,57,"[64, 12, 77, 57]","[141, 144, 427]",9.563539892955779,0.18023023057138032,0,0
3563,1223,0,shortest,Customer_63,Customer_28,64,16,"[64, 77, 57, 16]","[452, 427, 185]",9.050985606705352,0.16623981956920514,0,0
3564,1223,1,detour_2,Customer_63,Customer_28,64,16,"[64, 54, 77, 57, 16]","[411, 412, 427, 185]",9.762717521259212,0.18288596031774515,0,0
3565,1223,2,detour_3,Customer_63,Customer_28,64,16,"[64, 12, 77, 57, 16]","[141, 144, 427, 185]",9.809418478558268,0.18637719521144253,0,0
3566,1224,0,shortest,Customer_63,Customer_66,64,16,"[64, 77, 57, 16]","[452, 427, 185]",9.050985606705352,0.16623981956920514,0,0
3567,1224,1,detour_2,Customer_63,Customer_66,64,16,"[64, 54, 77, 57, 16]","[411, 412, 427, 185]",9.762717521259212,0.18288596031774515,0,0
3568,1224,2,detour_3,Customer_63,Customer_66,64,16,"[64, 12, 77, 57, 16]","[141, 144, 427, 185]",9.809418478558268,0.18637719521144253,0,0
3569,1225,0,shortest,Customer_63,Customer_8,64,63,"[64, 30, 63]","[303, 304]",8.43992773367972,0.1534532315214495,0,0
3570,1225,1,detour_2,Customer_63,Customer_8,64,63,"[64, 12, 30, 63]","[141, 148, 304]",8.834880476580928,0.16698187754638305,0,0
3571,1225,2,detour_3,Customer_63,Customer_8,64,63,"[64, 12, 60, 63]","[141, 150, 444]",9.07999423268297,0.17143849129369287,0,0
3572,1226,0,shortest,Customer_63,Customer_34,64,66,"[64, 77, 57, 66]","[452, 427, 430]",10.567398347032043,0.20415013807737242,0,0
3573,1226,1,detour_2,Customer_63,Customer_34,64,66,"[64, 77, 57, 16, 66]","[452, 427, 185, 186]",10.979251395326685,0.21444646428473846,0,0
3574,1226,2,detour_3,Customer_63,Customer_34,64,66,"[64, 54, 77, 57, 66]","[411, 412, 427, 430]",11.279130261585903,0.22079627882591243,0,0
3575,1227,0,shortest,Customer_63,Customer_73,64,66,"[64, 77, 57, 66]","[452, 427, 430]",10.567398347032043,0.20415013807737242,0,0
3576,1227,1,detour_2,Customer_63,Customer_73,64,66,"[64, 77, 57, 16, 66]","[452, 427, 185, 186]",10.979251395326685,0.21444646428473846,0,0
3577,1227,2,detour_3,Customer_63,Customer_73,64,66,"[64, 54, 77, 57, 66]","[411, 412, 427, 430]",11.279130261585903,0.22079627882591243,0,0
3578,1228,0,shortest,Customer_63,Customer_11,64,52,"[64, 39, 79, 52]","[359, 362, 405]",12.146210332683474,0.22084018786697227,0,0
3579,1228,1,detour_2,Customer_63,Customer_11,64,52,"[64, 30, 63, 52]","[303, 304, 403]",13.131265801710931,0.23875028730383513,0,0
3580,1228,2,detour_3,Customer_63,Customer_11,64,52,"[64, 54, 39, 79, 52]","[411, 361, 362, 405]",12.37450773924548,0.24520397975040376,0,0
3581,1229,0,shortest,Customer_63,Customer_12,64,52,"[64, 39, 79, 52]","[359, 362, 405]",12.146210332683474,0.22084018786697227,0,0
3582,1229,1,detour_2,Customer_63,Customer_12,64,52,"[64, 30, 63, 52]","[303, 304, 403]",13.131265801710931,0.23875028730383513,0,0
3583,1229,2,detour_3,Customer_63,Customer_12,64,52,"[64, 54, 39, 79, 52]","[411, 361, 362, 405]",12.37450773924548,0.24520397975040376,0,0
3584,1230,0,shortest,Customer_63,Customer_20,64,52,"[64, 39, 79, 52]","[359, 362, 405]",12.146210332683474,0.22084018786697227,0,0
3585,1230,1,detour_2,Customer_63,Customer_20,64,52,"[64, 30, 63, 52]","[303, 304, 403]",13.131265801710931,0.23875028730383513,0,0
3586,1230,2,detour_3,Customer_63,Customer_20,64,52,"[64, 54, 39, 79, 52]","[411, 361, 362, 405]",12.37450773924548,0.24520397975040376,0,0
3587,1231,0,shortest,Customer_63,Customer_53,64,52,"[64, 39, 79, 52]","[359, 362, 405]",12.146210332683474,0.22084018786697227,0,0
3588,1231,1,detour_2,Customer_63,Customer_53,64,52,"[64, 30, 63, 52]","[303, 304, 403]",13.131265801710931,0.23875028730383513,0,0
3589,1231,2,detour_3,Customer_63,Customer_53,64,52,"[64, 54, 39, 79, 52]","[411, 361, 362, 405]",12.37450773924548,0.24520397975040376,0,0
3590,1232,0,shortest,Customer_63,Customer_55,64,48,"[64, 30, 3, 48]","[303, 33, 36]",11.41061670395004,0.2074657582536371,1,0
3591,1232,1,avoid_congestion,Customer_63,Customer_55,64,48,"[64, 30, 53, 48]","[303, 300, 389]",10.758316630395214,0.211577961523151,0,0
3592,1232,2,detour_3,Customer_63,Customer_55,64,48,"[64, 12, 30, 3, 48]","[141, 148, 33, 36]",11.805569446851248,0.22099440427857064,1,0
3593,1233,0,shortest,Customer_63,Customer_72,64,24,"[64, 39, 6, 24]","[359, 81, 78]",14.760664184730594,0.2683757124496472,0,0
3594,1233,1,detour_2,Customer_63,Customer_72,64,24,"[64, 39, 79, 6, 24]","[359, 362, 77, 78]",15.395406632656556,0.2799164842301192,0,0
3595,1233,2,detour_3,Customer_63,Customer_72,64,24,"[64, 39, 79, 20, 24]","[359, 362, 225, 226]",15.88008458696966,0.2887288106721756,0,0
3596,1234,0,shortest,Customer_63,Customer_43,64,0,"[64, 39, 79, 52, 0]","[359, 362, 405, 1]",15.270266099267221,0.2776412018048586,0,0
3597,1234,1,detour_2,Customer_63,Customer_43,64,0,"[64, 30, 63, 52, 0]","[303, 304, 403, 1]",16.25532156829468,0.29555130124172146,0,0
3598,1234,2,detour_3,Customer_63,Customer_43,64,0,"[64, 54, 39, 79, 52, 0]","[411, 361, 362, 405, 1]",15.498563505829228,0.30200499368829004,0,0
3599,1235,0,same_node,Customer_64,Customer_16,64,64,[64],[],0.0,0.0,0,0
3600,1236,0,same_node,Customer_64,Customer_56,64,64,[64],[],0.0,0.0,0,0
3601,1237,0,same_node,Customer_64,Customer_63,64,64,[64],[],0.0,0.0,0,0
3602,1238,0,shortest,Customer_64,Customer_23,64,39,"[64, 39]",[359],2.736265652175929,0.049750284585016895,0,0
3603,1238,1,detour_2,Customer_64,Customer_23,64,39,"[64, 54, 39]","[411, 361]",2.9645630587379346,0.07411407646844836,0,0
3604,1238,2,detour_3,Customer_64,Customer_23,64,39,"[64, 12, 39]","[141, 146]",4.396699900471073,0.08628768525347658,0,0
3605,1239,0,shortest,Customer_64,Customer_25,64,19,"[64, 19]",[219],3.791578288244652,0.06893778705899367,0,0
3606,1239,1,detour_2,Customer_64,Customer_25,64,19,"[64, 54, 19]","[411, 217]",3.9659012327357095,0.0758128556245736,0,0
3607,1239,2,detour_3,Customer_64,Customer_25,64,19,"[64, 77, 19]","[452, 221]",6.666624871026636,0.12121136129139337,0,0
3608,1240,0,shortest,Customer_64,Customer_70,64,53,"[64, 30, 53]","[303, 300]",6.531726816083715,0.1347308739902147,0,0
3609,1240,1,detour_2,Customer_64,Customer_70,64,53,"[64, 12, 30, 53]","[141, 148, 300]",6.9266795589849215,0.14825952001514825,0,0
3610,1240,2,detour_3,Customer_64,Customer_70,64,53,"[64, 12, 60, 53]","[141, 150, 407]",8.292717452351889,0.15712436801494598,0,0
3611,1241,0,shortest,Customer_64,Customer_80,64,3,"[64, 30, 3]","[303, 33]",7.795243605818902,0.14173170192398005,0,0
3612,1241,1,detour_2,Customer_64,Customer_80,64,3,"[64, 12, 30, 3]","[141, 148, 33]",8.190196348720109,0.15526034794891358,0,0
3613,1241,2,detour_3,Customer_64,Customer_80,64,3,"[64, 54, 12, 30, 3]","[411, 143, 148, 33]",9.275495268875348,0.18239282095279458,0,0
3614,1242,0,shortest,Customer_64,Customer_18,64,57,"[64, 77, 57]","[452, 427]",8.805107021102863,0.16009285492914294,0,0
3615,1242,1,detour_2,Customer_64,Customer_18,64,57,"[64, 54, 77, 57]","[411, 412, 427]",9.516838935656724,0.17673899567768295,0,0
3616,1242,2,detour_3,Customer_64,Customer_18,64,57,"[64, 12, 77, 57]","[141, 144, 427]",9.563539892955779,0.18023023057138032,0,0
3617,1243,0,shortest,Customer_64,Customer_28,64,16,"[64, 77, 57, 16]","[452, 427, 185]",9.050985606705352,0.16623981956920514,0,0
3618,1243,1,detour_2,Customer_64,Customer_28,64,16,"[64, 54, 77, 57, 16]","[411, 412, 427, 185]",9.762717521259212,0.18288596031774515,0,0
3619,1243,2,detour_3,Customer_64,Customer_28,64,16,"[64, 12, 77, 57, 16]","[141, 144, 427, 185]",9.809418478558268,0.18637719521144253,0,0
3620,1244,0,shortest,Customer_64,Customer_66,64,16,"[64, 77, 57, 16]","[452, 427, 185]",9.050985606705352,0.16623981956920514,0,0
3621,1244,1,detour_2,Customer_64,Customer_66,64,16,"[64, 54, 77, 57, 16]","[411, 412, 427, 185]",9.762717521259212,0.18288596031774515,0,0
3622,1244,2,detour_3,Customer_64,Customer_66,64,16,"[64, 12, 77, 57, 16]","[141, 144, 427, 185]",9.809418478558268,0.18637719521144253,0,0
3623,1245,0,shortest,Customer_64,Customer_8,64,63,"[64, 30, 63]","[303, 304]",8.43992773367972,0.1534532315214495,0,0
3624,1245,1,detour_2,Customer_64,Customer_8,64,63,"[64, 12, 30, 63]","[141, 148, 304]",8.834880476580928,0.16698187754638305,0,0
3625,1245,2,detour_3,Customer_64,Customer_8,64,63,"[64, 12, 60, 63]","[141, 150, 444]",9.07999423268297,0.17143849129369287,0,0
3626,1246,0,shortest,Customer_64,Customer_34,64,66,"[64, 77, 57, 66]","[452, 427, 430]",10.567398347032043,0.20415013807737242,0,0
3627,1246,1,detour_2,Customer_64,Customer_34,64,66,"[64, 77, 57, 16, 66]","[452, 427, 185, 186]",10.979251395326685,0.21444646428473846,0,0
3628,1246,2,detour_3,Customer_64,Customer_34,64,66,"[64, 54, 77, 57, 66]","[411, 412, 427, 430]",11.279130261585903,0.22079627882591243,0,0
3629,1247,0,shortest,Customer_64,Customer_73,64,66,"[64, 77, 57, 66]","[452, 427, 430]",10.567398347032043,0.20415013807737242,0,0
3630,1247,1,detour_2,Customer_64,Customer_73,64,66,"[64, 77, 57, 16, 66]","[452, 427, 185, 186]",10.979251395326685,0.21444646428473846,0,0
3631,1247,2,detour_3,Customer_64,Customer_73,64,66,"[64, 54, 77, 57, 66]","[411, 412, 427, 430]",11.279130261585903,0.22079627882591243,0,0
3632,1248,0,shortest,Customer_64,Customer_11,64,52,"[64, 39, 79, 52]","[359, 362, 405]",12.146210332683474,0.22084018786697227,0,0
3633,1248,1,detour_2,Customer_64,Customer_11,64,52,"[64, 30, 63, 52]","[303, 304, 403]",13.131265801710931,0.23875028730383513,0,0
3634,1248,2,detour_3,Customer_64,Customer_11,64,52,"[64, 54, 39, 79, 52]","[411, 361, 362, 405]",12.37450773924548,0.24520397975040376,0,0
3635,1249,0,shortest,Customer_64,Customer_12,64,52,"[64, 39, 79, 52]","[359, 362, 405]",12.146210332683474,0.22084018786697227,0,0
3636,1249,1,detour_2,Customer_64,Customer_12,64,52,"[64, 30, 63, 52]","[303, 304, 403]",13.131265801710931,0.23875028730383513,0,0
3637,1249,2,detour_3,Customer_64,Customer_12,64,52,"[64, 54, 39, 79, 52]","[411, 361, 362, 405]",12.37450773924548,0.24520397975040376,0,0
3638,1250,0,shortest,Customer_64,Customer_20,64,52,"[64, 39, 79, 52]","[359, 362, 405]",12.146210332683474,0.22084018786697227,0,0
3639,1250,1,detour_2,Customer_64,Customer_20,64,52,"[64, 30, 63, 52]","[303, 304, 403]",13.131265801710931,0.23875028730383513,0,0
3640,1250,2,detour_3,Customer_64,Customer_20,64,52,"[64, 54, 39, 79, 52]","[411, 361, 362, 405]",12.37450773924548,0.24520397975040376,0,0
3641,1251,0,shortest,Customer_64,Customer_53,64,52,"[64, 39, 79, 52]","[359, 362, 405]",12.146210332683474,0.22084018786697227,0,0
3642,1251,1,detour_2,Customer_64,Customer_53,64,52,"[64, 30, 63, 52]","[303, 304, 403]",13.131265801710931,0.23875028730383513,0,0
3643,1251,2,detour_3,Customer_64,Customer_53,64,52,"[64, 54, 39, 79, 52]","[411, 361, 362, 405]",12.37450773924548,0.24520397975040376,0,0
3644,1252,0,shortest,Customer_64,Customer_55,64,48,"[64, 30, 3, 48]","[303, 33, 36]",11.41061670395004,0.2074657582536371,1,0
3645,1252,1,avoid_congestion,Customer_64,Customer_55,64,48,"[64, 30, 53, 48]","[303, 300, 389]",10.758316630395214,0.211577961523151,0,0
3646,1252,2,detour_3,Customer_64,Customer_55,64,48,"[64, 12, 30, 3, 48]","[141, 148, 33, 36]",11.805569446851248,0.22099440427857064,1,0
3647,1253,0,shortest,Customer_64,Customer_72,64,24,"[64, 39, 6, 24]","[359, 81, 78]",14.760664184730594,0.2683757124496472,0,0
3648,1253,1,detour_2,Customer_64,Customer_72,64,24,"[64, 39, 79, 6, 24]","[359, 362, 77, 78]",15.395406632656556,0.2799164842301192,0,0
3649,1253,2,detour_3,Customer_64,Customer_72,64,24,"[64, 39, 79, 20, 24]","[359, 362, 225, 226]",15.88008458696966,0.2887288106721756,0,0
3650,1254,0,shortest,Customer_64,Customer_43,64,0,"[64, 39, 79, 52, 0]","[359, 362, 405, 1]",15.270266099267221,0.2776412018048586,0,0
3651,1254,1,detour_2,Customer_64,Customer_43,64,0,"[64, 30, 63, 52, 0]","[303, 304, 403, 1]",16.25532156829468,0.29555130124172146,0,0
3652,1254,2,detour_3,Customer_64,Customer_43,64,0,"[64, 54, 39, 79, 52, 0]","[411, 361, 362, 405, 1]",15.498563505829228,0.30200499368829004,0,0
3653,1255,0,same_node,Customer_65,Customer_30,47,47,[47],[],0.0,0.0,0,0
3654,1256,0,same_node,Customer_65,Customer_60,47,47,[47],[],0.0,0.0,0,0
3655,1257,0,shortest,Customer_65,Customer_9,47,34,"[47, 34]",[329],0.8719426245600662,0.021798565614001654,1,0
3656,1257,1,detour_2,Customer_65,Customer_9,47,34,"[47, 65, 34]","[386, 327]",3.600998201395149,0.09002495503487873,1,0
3657,1257,2,detour_3,Customer_65,Customer_9,47,34,"[47, 26, 34]","[263, 266]",4.728037591598496,0.09919773981354338,0,0
3658,1258,0,shortest,Customer_65,Customer_50,47,26,"[47, 26]",[263],1.9409015950570396,0.04852253987642599,0,0
3659,1258,1,detour_2,Customer_65,Customer_50,47,26,"[47, 34, 26]","[329, 267]",3.6590786211015223,0.07247376555111903,1,0
3660,1258,2,detour_3,Customer_65,Customer_50,47,26,"[47, 9, 26]","[113, 108]",4.224922110303856,0.08469426348690422,0,0
3661,1259,0,shortest,Customer_65,Customer_38,47,14,"[47, 14]",[163],2.2592410920418087,0.05648102730104522,0,0
3662,1259,1,detour_2,Customer_65,Customer_38,47,14,"[47, 34, 14]","[329, 169]",2.914484769914634,0.07286211924786586,1,0
3663,1259,2,detour_3,Customer_65,Customer_38,47,14,"[47, 65, 14]","[386, 167]",5.236906374868708,0.10540037036343283,0,0
3664,1260,0,shortest,Customer_65,Customer_69,47,9,"[47, 9]",[113],3.0695557597015224,0.05581010472184586,0,0
3665,1260,1,detour_2,Customer_65,Customer_69,47,9,"[47, 26, 9]","[263, 109]",3.096267945659374,0.07740669864148435,0,0
3666,1260,2,detour_3,Customer_65,Customer_69,47,9,"[47, 34, 9]","[329, 111]",4.761078520293518,0.09251012735460987,1,0
3667,1261,0,shortest,Customer_65,Customer_1,47,1,"[47, 1]",[15],4.485111733529232,0.08154748606416785,0,0
3668,1261,1,detour_2,Customer_65,Customer_1,47,1,"[47, 9, 1]","[113, 17]",4.510201508753704,0.0918262484481504,0,0
3669,1261,2,detour_3,Customer_65,Customer_1,47,1,"[47, 26, 1]","[263, 13]",4.535916050764561,0.09570462088929,0,0
3670,1262,0,shortest,Customer_65,Customer_33,47,4,"[47, 14, 46, 50, 55, 4]","[163, 170, 384, 394, 47]",14.846845658411127,0.2853465648713964,2,0
3671,1262,1,detour_2,Customer_65,Customer_33,47,4,"[47, 34, 14, 46, 50, 55, 4]","[329, 169, 170, 384, 394, 47]",15.502089336283952,0.30172765681821706,3,0
3672,1262,2,detour_3,Customer_65,Customer_33,47,4,"[47, 14, 46, 50, 55, 17, 4]","[163, 170, 384, 394, 199, 51]",14.955398490665488,0.30757522260516273,3,0
3673,1263,0,shortest,Customer_65,Customer_32,47,46,"[47, 14, 46]","[163, 170]",5.598376919642931,0.1171925878028838,0,0
3674,1263,1,detour_2,Customer_65,Customer_32,47,46,"[47, 34, 14, 46]","[329, 169, 170]",6.253620597515756,0.13357367974970444,1,0
3675,1263,2,detour_3,Customer_65,Customer_32,47,46,"[47, 65, 14, 46]","[386, 167, 170]",8.576042202469829,0.1661119308652714,0,0
3676,1264,0,shortest,Customer_65,Customer_49,47,46,"[47, 14, 46]","[163, 170]",5.598376919642931,0.1171925878028838,0,0
3677,1264,1,detour_2,Customer_65,Customer_49,47,46,"[47, 34, 14, 46]","[329, 169, 170]",6.253620597515756,0.13357367974970444,1,0
3678,1264,2,detour_3,Customer_65,Customer_49,47,46,"[47, 65, 14, 46]","[386, 167, 170]",8.576042202469829,0.1661119308652714,0,0
3679,1265,0,shortest,Customer_65,Customer_14,47,17,"[47, 14, 46, 50, 55, 17]","[163, 170, 384, 394, 199]",14.482175867183864,0.29574465701812214,2,0
3680,1265,1,detour_2,Customer_65,Customer_14,47,17,"[47, 14, 46, 50, 55, 4, 17]","[163, 170, 384, 394, 47, 50]",15.32006828189275,0.297177130458437,3,0
3681,1265,2,detour_3,Customer_65,Customer_14,47,17,"[47, 14, 46, 50, 74, 17]","[163, 170, 384, 396, 205]",16.22065667621726,0.31032494701332614,2,0
3682,1266,0,shortest,Customer_65,Customer_29,47,17,"[47, 14, 46, 50, 55, 17]","[163, 170, 384, 394, 199]",14.482175867183864,0.29574465701812214,2,0
3683,1266,1,detour_2,Customer_65,Customer_29,47,17,"[47, 14, 46, 50, 55, 4, 17]","[163, 170, 384, 394, 47, 50]",15.32006828189275,0.297177130458437,3,0
3684,1266,2,detour_3,Customer_65,Customer_29,47,17,"[47, 14, 46, 50, 74, 17]","[163, 170, 384, 396, 205]",16.22065667621726,0.31032494701332614,2,0
3685,1267,0,shortest,Customer_65,Customer_31,47,17,"[47, 14, 46, 50, 55, 17]","[163, 170, 384, 394, 199]",14.482175867183864,0.29574465701812214,2,0
3686,1267,1,detour_2,Customer_65,Customer_31,47,17,"[47, 14, 46, 50, 55, 4, 17]","[163, 170, 384, 394, 47, 50]",15.32006828189275,0.297177130458437,3,0
3687,1267,2,detour_3,Customer_65,Customer_31,47,17,"[47, 14, 46, 50, 74, 17]","[163, 170, 384, 396, 205]",16.22065667621726,0.31032494701332614,2,0
3688,1268,0,shortest,Customer_65,Customer_2,47,55,"[47, 14, 46, 50, 55]","[163, 170, 384, 394]",11.984669575724727,0.23330699973164373,1,0
3689,1268,1,detour_2,Customer_65,Customer_2,47,55,"[47, 34, 14, 46, 50, 55]","[329, 169, 170, 384, 394]",12.639913253597552,0.24968809167846437,2,0
3690,1268,2,detour_3,Customer_65,Customer_2,47,55,"[47, 14, 46, 10, 50, 55]","[163, 170, 125, 120, 394]",14.234627712406207,0.2742153294894888,1,0
3691,1269,0,shortest,Customer_65,Customer_27,47,33,"[47, 14, 33]","[163, 172]",6.929036736743898,0.14138640265926503,0,0
3692,1269,1,detour_2,Customer_65,Customer_27,47,33,"[47, 14, 46, 33]","[163, 170, 325]",7.115337061895117,0.15511659135918845,0,0
3693,1269,2,detour_3,Customer_65,Customer_27,47,33,"[47, 34, 14, 33]","[329, 169, 172]",7.584280414616724,0.15776749460608566,1,0
3694,1270,0,shortest,Customer_65,Customer_79,47,33,"[47, 14, 33]","[163, 172]",6.929036736743898,0.14138640265926503,0,0
3695,1270,1,detour_2,Customer_65,Customer_79,47,33,"[47, 14, 46, 33]","[163, 170, 325]",7.115337061895117,0.15511659135918845,0,0
3696,1270,2,detour_3,Customer_65,Customer_79,47,33,"[47, 34, 14, 33]","[329, 169, 172]",7.584280414616724,0.15776749460608566,1,0
3697,1271,0,shortest,Customer_65,Customer_34,47,66,"[47, 1, 66]","[15, 22]",9.505239146557635,0.17282252993741154,0,0
3698,1271,1,detour_2,Customer_65,Customer_34,47,66,"[47, 9, 1, 66]","[113, 17, 22]",9.530328921782107,0.18310129232139408,0,0
3699,1271,2,detour_3,Customer_65,Customer_34,47,66,"[47, 26, 1, 66]","[263, 13, 22]",9.556043463792964,0.1869796647625337,0,0
3700,1272,0,shortest,Customer_65,Customer_73,47,66,"[47, 1, 66]","[15, 22]",9.505239146557635,0.17282252993741154,0,0
3701,1272,1,detour_2,Customer_65,Customer_73,47,66,"[47, 9, 1, 66]","[113, 17, 22]",9.530328921782107,0.18310129232139408,0,0
3702,1272,2,detour_3,Customer_65,Customer_73,47,66,"[47, 26, 1, 66]","[263, 13, 22]",9.556043463792964,0.1869796647625337,0,0
3703,1273,0,shortest,Customer_65,Customer_55,47,48,"[47, 14, 46, 50, 55, 4, 48]","[163, 170, 384, 394, 47, 52]",19.137478015872293,0.3633580622797813,3,0
3704,1273,1,avoid_congestion,Customer_65,Customer_55,47,48,"[47, 1, 61, 57, 77, 12, 30, 53, 48]","[15, 10, 429, 426, 145, 148, 300, 389]",30.2769792464158,0.5664627363598889,0,0
3705,1273,2,detour_2,Customer_65,Customer_55,47,48,"[47, 34, 14, 46, 50, 55, 4, 48]","[329, 169, 170, 384, 394, 47, 52]",19.79272169374512,0.3797391542266019,4,0
3706,1273,3,detour_3,Customer_65,Customer_55,47,48,"[47, 14, 46, 50, 55, 17, 4, 48]","[163, 170, 384, 394, 199, 51, 52]",19.246030848126654,0.3855867200135476,4,0
3707,1274,0,shortest,Customer_65,Customer_35,47,8,"[47, 14, 46, 50, 55, 8]","[163, 170, 384, 394, 103]",14.748703525880774,0.2835621624617537,2,0
3708,1274,1,detour_2,Customer_65,Customer_35,47,8,"[47, 34, 14, 46, 50, 55, 8]","[329, 169, 170, 384, 394, 103]",15.4039472037536,0.29994325440857433,3,0
3709,1274,2,detour_3,Customer_65,Customer_35,47,8,"[47, 14, 46, 50, 74, 8]","[163, 170, 384, 396, 107]",15.583778537990543,0.3140250699980754,2,0
3710,1275,0,same_node,Customer_66,Customer_28,16,16,[16],[],0.0,0.0,0,0
3711,1276,0,shortest,Customer_66,Customer_18,16,57,"[16, 57]",[184],0.24587858560248813,0.006146964640062203,0,0
3712,1276,1,detour_2,Customer_66,Customer_18,16,57,"[16, 66, 57]","[186, 431]",3.6905571145505123,0.0922639278637628,0,0
3713,1276,2,detour_3,Customer_66,Customer_18,16,57,"[16, 61, 57]","[188, 429]",6.598901503249266,0.11998002733180482,0,0
3714,1277,0,shortest,Customer_66,Customer_34,16,66,"[16, 66]",[186],1.928265788621333,0.04820664471553333,0,0
3715,1277,1,detour_2,Customer_66,Customer_34,16,66,"[16, 57, 66]","[184, 430]",2.0081699115316676,0.05020424778829169,0,0
3716,1277,2,detour_3,Customer_66,Customer_34,16,66,"[16, 61, 66]","[188, 446]",5.500420696872644,0.11496144526376423,0,0
3717,1278,0,shortest,Customer_66,Customer_73,16,66,"[16, 66]",[186],1.928265788621333,0.04820664471553333,0,0
3718,1278,1,detour_2,Customer_66,Customer_73,16,66,"[16, 57, 66]","[184, 430]",2.0081699115316676,0.05020424778829169,0,0
3719,1278,2,detour_3,Customer_66,Customer_73,16,66,"[16, 61, 66]","[188, 446]",5.500420696872644,0.11496144526376423,0,0
3720,1279,0,shortest,Customer_66,Customer_1,16,1,"[16, 61, 1]","[188, 11]",6.952539448254399,0.12640980815008,0,0
3721,1279,1,detour_2,Customer_66,Customer_1,16,1,"[16, 57, 61, 1]","[184, 428, 11]",7.182925037410933,0.13227508194567028,0,0
3722,1279,2,detour_3,Customer_66,Customer_1,16,1,"[16, 66, 1]","[186, 23]",6.948393201649735,0.139481688588777,0,0
3723,1280,0,shortest,Customer_66,Customer_69,16,9,"[16, 61, 1, 9]","[188, 11, 16]",8.39318519730658,0.16242595187638453,0,0
3724,1280,1,detour_2,Customer_66,Customer_69,16,9,"[16, 57, 61, 1, 9]","[184, 428, 11, 16]",8.623570786463114,0.16829122567197483,0,0
3725,1280,2,detour_3,Customer_66,Customer_69,16,9,"[16, 66, 1, 9]","[186, 23, 16]",8.389038950701917,0.17549783231508154,0,0
3726,1281,0,shortest,Customer_66,Customer_50,16,26,"[16, 61, 1, 26]","[188, 11, 12]",9.54755390396192,0.173591889162944,0,0
3727,1281,1,detour_2,Customer_66,Customer_50,16,26,"[16, 57, 61, 1, 26]","[184, 428, 11, 12]",9.777939493118454,0.1794571629585343,0,0
3728,1281,2,detour_3,Customer_66,Customer_50,16,26,"[16, 66, 1, 26]","[186, 23, 12]",9.543407657357257,0.186663769601641,0,0
3729,1282,0,shortest,Customer_66,Customer_80,16,3,"[16, 57, 77, 12, 30, 3]","[184, 426, 145, 148, 33]",16.137626622104296,0.2950878380310042,0,0
3730,1282,1,detour_2,Customer_66,Customer_80,16,3,"[16, 57, 77, 64, 30, 3]","[184, 426, 453, 303, 33]",16.84622921252425,0.3079715214931852,0,0
3731,1282,2,detour_3,Customer_66,Customer_80,16,3,"[16, 57, 77, 64, 12, 30, 3]","[184, 426, 453, 141, 148, 33]",17.241181955425457,0.3215001675181187,0,0
3732,1283,0,shortest,Customer_66,Customer_16,16,64,"[16, 57, 77, 64]","[184, 426, 453]",9.05098560670535,0.16623981956920514,0,0
3733,1283,1,detour_2,Customer_66,Customer_16,16,64,"[16, 57, 77, 54, 64]","[184, 426, 413, 410]",9.762717521259212,0.18288596031774515,0,0
3734,1283,2,detour_3,Customer_66,Customer_16,16,64,"[16, 57, 77, 12, 64]","[184, 426, 145, 140]",9.809418478558266,0.18637719521144253,0,0
3735,1284,0,shortest,Customer_66,Customer_56,16,64,"[16, 57, 77, 64]","[184, 426, 453]",9.05098560670535,0.16623981956920514,0,0
3736,1284,1,detour_2,Customer_66,Customer_56,16,64,"[16, 57, 77, 54, 64]","[184, 426, 413, 410]",9.762717521259212,0.18288596031774515,0,0
3737,1284,2,detour_3,Customer_66,Customer_56,16,64,"[16, 57, 77, 12, 64]","[184, 426, 145, 140]",9.809418478558266,0.18637719521144253,0,0
3738,1285,0,shortest,Customer_66,Customer_63,16,64,"[16, 57, 77, 64]","[184, 426, 453]",9.05098560670535,0.16623981956920514,0,0
3739,1285,1,detour_2,Customer_66,Customer_63,16,64,"[16, 57, 77, 54, 64]","[184, 426, 413, 410]",9.762717521259212,0.18288596031774515,0,0
3740,1285,2,detour_3,Customer_66,Customer_63,16,64,"[16, 57, 77, 12, 64]","[184, 426, 145, 140]",9.809418478558266,0.18637719521144253,0,0
3741,1286,0,shortest,Customer_66,Customer_64,16,64,"[16, 57, 77, 64]","[184, 426, 453]",9.05098560670535,0.16623981956920514,0,0
3742,1286,1,detour_2,Customer_66,Customer_64,16,64,"[16, 57, 77, 54, 64]","[184, 426, 413, 410]",9.762717521259212,0.18288596031774515,0,0
3743,1286,2,detour_3,Customer_66,Customer_64,16,64,"[16, 57, 77, 12, 64]","[184, 426, 145, 140]",9.809418478558266,0.18637719521144253,0,0
3744,1287,0,shortest,Customer_66,Customer_30,16,47,"[16, 61, 1, 47]","[188, 11, 14]",11.43765118178363,0.20795729421424786,0,0
3745,1287,1,detour_2,Customer_66,Customer_30,16,47,"[16, 57, 61, 1, 47]","[184, 428, 11, 14]",11.668036770940166,0.21382256800983812,0,0
3746,1287,2,detour_3,Customer_66,Customer_30,16,47,"[16, 61, 1, 9, 47]","[188, 11, 16, 112]",11.462740957008103,0.2182360565982304,0,0
3747,1288,0,shortest,Customer_66,Customer_60,16,47,"[16, 61, 1, 47]","[188, 11, 14]",11.43765118178363,0.20795729421424786,0,0
3748,1288,1,detour_2,Customer_66,Customer_60,16,47,"[16, 57, 61, 1, 47]","[184, 428, 11, 14]",11.668036770940166,0.21382256800983812,0,0
3749,1288,2,detour_3,Customer_66,Customer_60,16,47,"[16, 61, 1, 9, 47]","[188, 11, 16, 112]",11.462740957008103,0.2182360565982304,0,0
3750,1289,0,shortest,Customer_66,Customer_65,16,47,"[16, 61, 1, 47]","[188, 11, 14]",11.43765118178363,0.20795729421424786,0,0
3751,1289,1,detour_2,Customer_66,Customer_65,16,47,"[16, 57, 61, 1, 47]","[184, 428, 11, 14]",11.668036770940166,0.21382256800983812,0,0
3752,1289,2,detour_3,Customer_66,Customer_65,16,47,"[16, 61, 1, 9, 47]","[188, 11, 16, 112]",11.462740957008103,0.2182360565982304,0,0
3753,1290,0,shortest,Customer_66,Customer_25,16,19,"[16, 57, 77, 19]","[184, 426, 221]",9.362483108552368,0.17190341051187819,0,0
3754,1290,1,detour_2,Customer_66,Customer_25,16,19,"[16, 57, 77, 54, 19]","[184, 426, 413, 217]",12.64165434537712,0.23152470572687367,0,0
3755,1290,2,detour_3,Customer_66,Customer_25,16,19,"[16, 57, 77, 64, 19]","[184, 426, 453, 219]",12.842563894950002,0.2351776066281988,0,0
3756,1291,0,shortest,Customer_66,Customer_36,16,62,"[16, 62]",[192],9.063213449963625,0.16478569909024773,0,0
3757,1291,1,detour_2,Customer_66,Customer_36,16,62,"[16, 78, 62]","[190, 451]",9.06626138666686,0.16484111612121566,0,0
3758,1291,2,detour_3,Customer_66,Customer_36,16,62,"[16, 57, 62]","[184, 432]",9.554957840801572,0.17540295109822737,0,0
3759,1292,0,shortest,Customer_66,Customer_59,16,62,"[16, 62]",[192],9.063213449963625,0.16478569909024773,0,0
3760,1292,1,detour_2,Customer_66,Customer_59,16,62,"[16, 78, 62]","[190, 451]",9.06626138666686,0.16484111612121566,0,0
3761,1292,2,detour_3,Customer_66,Customer_59,16,62,"[16, 57, 62]","[184, 432]",9.554957840801572,0.17540295109822737,0,0
3762,1293,0,shortest,Customer_66,Customer_62,16,62,"[16, 62]",[192],9.063213449963625,0.16478569909024773,0,0
3763,1293,1,detour_2,Customer_66,Customer_62,16,62,"[16, 78, 62]","[190, 451]",9.06626138666686,0.16484111612121566,0,0
3764,1293,2,detour_3,Customer_66,Customer_62,16,62,"[16, 57, 62]","[184, 432]",9.554957840801572,0.17540295109822737,0,0
3765,1294,0,shortest,Customer_66,Customer_9,16,34,"[16, 61, 1, 26, 34]","[188, 11, 12, 266]",12.334689900503376,0.22426708910006138,0,0
3766,1294,1,detour_2,Customer_66,Customer_9,16,34,"[16, 61, 1, 47, 34]","[188, 11, 14, 329]",12.309593806343697,0.2297558598282495,1,0
3767,1294,2,detour_3,Customer_66,Customer_9,16,34,"[16, 57, 61, 1, 26, 34]","[184, 428, 11, 12, 266]",12.565075489659911,0.2301323628956517,0,0
3768,1295,0,same_node,Customer_67,Customer_26,31,31,[31],[],0.0,0.0,0,0
3769,1296,0,shortest,Customer_67,Customer_35,31,8,"[31, 8]",[93],1.5718002969005997,0.039295007422514995,1,0
3770,1296,1,detour_2,Customer_67,Customer_35,31,8,"[31, 18, 8]","[207, 99]",1.9049794910342701,0.047624487275856754,2,0
3771,1296,2,detour_3,Customer_67,Customer_35,31,8,"[31, 72, 8]","[306, 95]",3.301440747290418,0.08253601868226045,2,0
3772,1297,0,shortest,Customer_67,Customer_41,31,8,"[31, 8]",[93],1.5718002969005997,0.039295007422514995,1,0
3773,1297,1,detour_2,Customer_67,Customer_41,31,8,"[31, 18, 8]","[207, 99]",1.9049794910342701,0.047624487275856754,2,0
3774,1297,2,detour_3,Customer_67,Customer_41,31,8,"[31, 72, 8]","[306, 95]",3.301440747290418,0.08253601868226045,2,0
3775,1298,0,shortest,Customer_67,Customer_46,31,8,"[31, 8]",[93],1.5718002969005997,0.039295007422514995,1,0
3776,1298,1,detour_2,Customer_67,Customer_46,31,8,"[31, 18, 8]","[207, 99]",1.9049794910342701,0.047624487275856754,2,0
3777,1298,2,detour_3,Customer_67,Customer_46,31,8,"[31, 72, 8]","[306, 95]",3.301440747290418,0.08253601868226045,2,0
3778,1299,0,shortest,Customer_67,Customer_15,31,72,"[31, 72]",[306],2.0657533163466386,0.05164383290866596,1,0
3779,1299,1,detour_2,Customer_67,Customer_15,31,72,"[31, 18, 72]","[207, 208]",2.4359653710918088,0.060899134277295215,2,0
3780,1299,2,detour_3,Customer_67,Customer_15,31,72,"[31, 8, 72]","[93, 94]",2.807487727844379,0.07018719319610947,2,0
3781,1300,0,shortest,Customer_67,Customer_14,31,17,"[31, 17]",[203],3.069966256036049,0.05581756829156452,1,0
3782,1300,1,detour_2,Customer_67,Customer_14,31,17,"[31, 18, 17]","[207, 201]",3.363444982893002,0.06241609250390924,2,0
3783,1300,2,detour_3,Customer_67,Customer_14,31,17,"[31, 8, 17]","[93, 96]",3.1997587407073924,0.07999396851768481,2,0
3784,1301,0,shortest,Customer_67,Customer_29,31,17,"[31, 17]",[203],3.069966256036049,0.05581756829156452,1,0
3785,1301,1,detour_2,Customer_67,Customer_29,31,17,"[31, 18, 17]","[207, 201]",3.363444982893002,0.06241609250390924,2,0
3786,1301,2,detour_3,Customer_67,Customer_29,31,17,"[31, 8, 17]","[93, 96]",3.1997587407073924,0.07999396851768481,2,0
3787,1302,0,shortest,Customer_67,Customer_31,31,17,"[31, 17]",[203],3.069966256036049,0.05581756829156452,1,0
3788,1302,1,detour_2,Customer_67,Customer_31,31,17,"[31, 18, 17]","[207, 201]",3.363444982893002,0.06241609250390924,2,0
3789,1302,2,detour_3,Customer_67,Customer_31,31,17,"[31, 8, 17]","[93, 96]",3.1997587407073924,0.07999396851768481,2,0
3790,1303,0,shortest,Customer_67,Customer_3,31,74,"[31, 74]",[308],3.2857050776793733,0.05974009232144315,1,0
3791,1303,1,detour_2,Customer_67,Customer_3,31,74,"[31, 72, 74]","[306, 460]",3.2858464216437584,0.08214616054109397,2,0
3792,1303,2,detour_3,Customer_67,Customer_3,31,74,"[31, 18, 72, 74]","[207, 208, 460]",3.656058476388929,0.09140146190972322,3,0
3793,1304,0,shortest,Customer_67,Customer_42,31,74,"[31, 74]",[308],3.2857050776793733,0.05974009232144315,1,0
3794,1304,1,detour_2,Customer_67,Customer_42,31,74,"[31, 72, 74]","[306, 460]",3.2858464216437584,0.08214616054109397,2,0
3795,1304,2,detour_3,Customer_67,Customer_42,31,74,"[31, 18, 72, 74]","[207, 208, 460]",3.656058476388929,0.09140146190972322,3,0
3796,1305,0,shortest,Customer_67,Customer_47,31,74,"[31, 74]",[308],3.2857050776793733,0.05974009232144315,1,0
3797,1305,1,detour_2,Customer_67,Customer_47,31,74,"[31, 72, 74]","[306, 460]",3.2858464216437584,0.08214616054109397,2,0
3798,1305,2,detour_3,Customer_67,Customer_47,31,74,"[31, 18, 72, 74]","[207, 208, 460]",3.656058476388929,0.09140146190972322,3,0
3799,1306,0,shortest,Customer_67,Customer_33,31,4,"[31, 17, 4]","[203, 51]",3.5431888795176727,0.06764813387860512,2,0
3800,1306,1,detour_2,Customer_67,Customer_33,31,4,"[31, 18, 17, 4]","[207, 201, 51]",3.836667606374626,0.07424665809094984,3,0
3801,1306,2,detour_3,Customer_67,Customer_33,31,4,"[31, 8, 4]","[93, 43]",3.5927875240180445,0.08981968810045111,2,0
3802,1307,0,shortest,Customer_67,Customer_54,31,69,"[31, 69]",[310],3.4472277622652308,0.06267686840482238,1,0
3803,1307,1,detour_2,Customer_67,Customer_54,31,69,"[31, 18, 69]","[207, 214]",3.643703314592325,0.06751169853480601,2,0
3804,1307,2,detour_3,Customer_67,Customer_54,31,69,"[31, 72, 69]","[306, 459]",6.094466826438906,0.1248931694557981,2,0
3805,1308,0,shortest,Customer_67,Customer_2,31,55,"[31, 8, 55]","[93, 102]",4.335834247056647,0.08955017015262495,2,0
3806,1308,1,detour_2,Customer_67,Customer_2,31,55,"[31, 74, 55]","[308, 415]",4.736819527772882,0.09601795357378087,2,0
3807,1308,2,detour_3,Customer_67,Customer_2,31,55,"[31, 18, 8, 55]","[207, 99, 102]",4.669013441190318,0.09787965000596671,3,0
3808,1309,0,shortest,Customer_67,Customer_55,31,48,"[31, 18, 48]","[207, 212]",4.68718738465471,0.08648413617230392,2,0
3809,1309,1,detour_2,Customer_67,Customer_55,31,48,"[31, 18, 42, 48]","[207, 210, 372]",5.718416827345042,0.1200458678738759,3,0
3810,1309,2,detour_3,Customer_67,Customer_55,31,48,"[31, 17, 4, 48]","[203, 51, 52]",7.83382123697884,0.14565963128698997,3,0
3811,1310,0,shortest,Customer_67,Customer_5,31,7,"[31, 69, 22, 7]","[310, 239, 87]",11.28913412579477,0.20525698410535947,1,0
3812,1310,1,detour_2,Customer_67,Customer_5,31,7,"[31, 18, 69, 22, 7]","[207, 214, 239, 87]",11.485609678121865,0.2100918142353431,2,0
3813,1310,2,detour_3,Customer_67,Customer_5,31,7,"[31, 69, 5, 7]","[310, 55, 60]",11.968549076931055,0.21760998321692826,1,0
3814,1311,0,shortest,Customer_67,Customer_24,31,22,"[31, 69, 22]","[310, 239]",8.136935877051837,0.14794428867366977,1,0
3815,1311,1,detour_2,Customer_67,Customer_24,31,22,"[31, 18, 69, 22]","[207, 214, 239]",8.33341142937893,0.15277911880365339,2,0
3816,1311,2,detour_3,Customer_67,Customer_24,31,22,"[31, 69, 5, 22]","[310, 55, 56]",8.867318364627272,0.16423389623894658,1,0
3817,1312,0,shortest,Customer_67,Customer_77,31,28,"[31, 74, 28]","[308, 285]",8.005693238015311,0.14555805887300566,2,0
3818,1312,1,avoid_congestion,Customer_67,Customer_77,31,28,"[31, 69, 27, 28]","[310, 275, 272]",10.902462903375111,0.19822659824318384,1,0
3819,1312,2,detour_2,Customer_67,Customer_77,31,28,"[31, 72, 28]","[306, 287]",7.455952158212274,0.1496474482153139,2,0
3820,1312,3,detour_3,Customer_67,Customer_77,31,28,"[31, 18, 72, 28]","[207, 208, 287]",7.826164212957444,0.15890274958394313,3,0
3821,1313,0,shortest,Customer_67,Customer_6,31,5,"[31, 69, 5]","[310, 55]",8.425862555254497,0.15319750100462723,1,0
3822,1313,1,detour_2,Customer_67,Customer_6,31,5,"[31, 18, 69, 5]","[207, 214, 55]",8.62233810758159,0.15803233113461085,2,0
3823,1313,2,detour_3,Customer_67,Customer_6,31,5,"[31, 69, 22, 5]","[310, 239, 57]",8.578391686424611,0.1589806839079891,1,0
3824,1314,0,shortest,Customer_67,Customer_48,31,27,"[31, 69, 27]","[310, 275]",7.828653673153415,0.14233915769369845,1,0
3825,1314,1,detour_2,Customer_67,Customer_48,31,27,"[31, 18, 69, 27]","[207, 214, 275]",8.025129225480509,0.14717398782368207,2,0
3826,1314,2,detour_3,Customer_67,Customer_48,31,27,"[31, 74, 27]","[308, 279]",9.689316695172087,0.1761693944576743,2,0
3827,1315,0,same_node,Customer_68,Customer_61,23,23,[23],[],0.0,0.0,0,0
3828,1316,0,shortest,Customer_68,Customer_6,23,5,"[23, 5]",[67],14.677791176460325,0.26686893048109683,0,0
3829,1316,1,detour_2,Customer_68,Customer_6,23,5,"[23, 41, 5]","[246, 69]",18.110303573639932,0.3292782467934533,0,0
3830,1316,2,detour_3,Customer_68,Customer_6,23,5,"[23, 41, 22, 5]","[246, 243, 57]",18.61081399118339,0.3413883621763306,0,0
3831,1317,0,shortest,Customer_68,Customer_7,23,11,"[23, 51, 11]","[248, 137]",18.17097759181213,0.33038141076022054,0,0
3832,1317,1,detour_2,Customer_68,Customer_7,23,11,"[23, 5, 11]","[67, 64]",22.290537655327164,0.4052825028241303,0,0
3833,1317,2,detour_3,Customer_68,Customer_7,23,11,"[23, 5, 68, 11]","[67, 62, 135]",22.73693130417812,0.4133987509850568,0,0
3834,1318,0,shortest,Customer_68,Customer_24,23,22,"[23, 5, 22]","[67, 56]",15.1192469858331,0.2779053257154162,0,0
3835,1318,1,detour_2,Customer_68,Customer_24,23,22,"[23, 41, 22]","[246, 243]",18.16935818181062,0.33035196694201124,0,0
3836,1318,2,detour_3,Customer_68,Customer_24,23,22,"[23, 41, 5, 22]","[246, 69, 56]",18.551759383012705,0.3403146420277727,0,0
3837,1319,0,shortest,Customer_68,Customer_43,23,0,"[23, 2, 0]","[31, 5]",15.109014805705161,0.2747093601037302,0,0
3838,1319,1,detour_2,Customer_68,Customer_43,23,0,"[23, 41, 0]","[246, 7]",18.871669530274115,0.3431212641868021,0,0
3839,1319,2,detour_3,Customer_68,Customer_43,23,0,"[23, 2, 24, 0]","[31, 26, 3]",19.368864633599703,0.3521611751563582,0,0
3840,1320,0,shortest,Customer_68,Customer_76,23,0,"[23, 2, 0]","[31, 5]",15.109014805705161,0.2747093601037302,0,0
3841,1320,1,detour_2,Customer_68,Customer_76,23,0,"[23, 41, 0]","[246, 7]",18.871669530274115,0.3431212641868021,0,0
3842,1320,2,detour_3,Customer_68,Customer_76,23,0,"[23, 2, 24, 0]","[31, 26, 3]",19.368864633599703,0.3521611751563582,0,0
3843,1321,0,shortest,Customer_68,Customer_37,23,68,"[23, 5, 68]","[67, 62]",19.905091309858648,0.3619107510883391,0,0
3844,1321,1,detour_2,Customer_68,Customer_37,23,68,"[23, 5, 22, 68]","[67, 56, 244]",20.541251871663206,0.3764872327305091,0,0
3845,1321,2,detour_3,Customer_68,Customer_37,23,68,"[23, 51, 68]","[248, 400]",20.960169730762225,0.3810939951047677,0,0
3846,1322,0,shortest,Customer_68,Customer_72,23,24,"[23, 2, 24]","[31, 26]",16.77464052026226,0.30499346400476834,0,0
3847,1322,1,detour_2,Customer_68,Customer_72,23,24,"[23, 2, 0, 24]","[31, 5, 2]",17.703238919042604,0.32187707125532006,0,0
3848,1322,2,detour_3,Customer_68,Customer_72,23,24,"[23, 41, 0, 24]","[246, 7, 2]",21.465893643611558,0.39028897533839196,0,0
3849,1323,0,shortest,Customer_68,Customer_5,23,7,"[23, 41, 7]","[246, 91]",18.03621716194949,0.32793122112635437,0,0
3850,1323,1,detour_2,Customer_68,Customer_5,23,7,"[23, 5, 7]","[67, 60]",18.220477698136882,0.3312814126933979,0,0
3851,1323,2,detour_3,Customer_68,Customer_5,23,7,"[23, 5, 22, 7]","[67, 56, 87]",18.27144523457603,0.3352180211471059,0,0
3852,1324,0,shortest,Customer_68,Customer_11,23,52,"[23, 2, 52]","[31, 28]",17.8019919237126,0.3236725804311382,0,0
3853,1324,1,detour_2,Customer_68,Customer_11,23,52,"[23, 2, 0, 52]","[31, 5, 0]",18.23307057228891,0.33151037404161654,0,0
3854,1324,2,detour_3,Customer_68,Customer_11,23,52,"[23, 2, 24, 52]","[31, 26, 250]",21.315209799707873,0.38754926908559767,0,0
3855,1325,0,shortest,Customer_68,Customer_12,23,52,"[23, 2, 52]","[31, 28]",17.8019919237126,0.3236725804311382,0,0
3856,1325,1,detour_2,Customer_68,Customer_12,23,52,"[23, 2, 0, 52]","[31, 5, 0]",18.23307057228891,0.33151037404161654,0,0
3857,1325,2,detour_3,Customer_68,Customer_12,23,52,"[23, 2, 24, 52]","[31, 26, 250]",21.315209799707873,0.38754926908559767,0,0
3858,1326,0,shortest,Customer_68,Customer_20,23,52,"[23, 2, 52]","[31, 28]",17.8019919237126,0.3236725804311382,0,0
3859,1326,1,detour_2,Customer_68,Customer_20,23,52,"[23, 2, 0, 52]","[31, 5, 0]",18.23307057228891,0.33151037404161654,0,0
3860,1326,2,detour_3,Customer_68,Customer_20,23,52,"[23, 2, 24, 52]","[31, 26, 250]",21.315209799707873,0.38754926908559767,0,0
3861,1327,0,shortest,Customer_68,Customer_53,23,52,"[23, 2, 52]","[31, 28]",17.8019919237126,0.3236725804311382,0,0
3862,1327,1,detour_2,Customer_68,Customer_53,23,52,"[23, 2, 0, 52]","[31, 5, 0]",18.23307057228891,0.33151037404161654,0,0
3863,1327,2,detour_3,Customer_68,Customer_53,23,52,"[23, 2, 24, 52]","[31, 26, 250]",21.315209799707873,0.38754926908559767,0,0
3864,1328,0,shortest,Customer_69,Customer_50,9,26,"[9, 26]",[108],1.1553663506023342,0.028884158765058354,0,0
3865,1328,1,detour_2,Customer_69,Customer_50,9,26,"[9, 1, 26]","[17, 12]",4.0356602047597026,0.08319822473916856,0,0
3866,1328,2,detour_3,Customer_69,Customer_50,9,26,"[9, 47, 26]","[112, 263]",5.010457354758562,0.10433264459827185,0,0
3867,1329,0,shortest,Customer_69,Customer_1,9,1,"[9, 1]",[17],1.4406457490521818,0.036016143726304545,0,0
3868,1329,1,detour_2,Customer_69,Customer_1,9,1,"[9, 26, 1]","[108, 13]",3.750380806309855,0.07606623977792237,0,0
3869,1329,2,detour_3,Customer_69,Customer_1,9,1,"[9, 47, 1]","[112, 15]",7.554667493230754,0.13735759078601373,0,0
3870,1330,0,shortest,Customer_69,Customer_30,9,47,"[9, 47]",[112],3.0695557597015224,0.05581010472184586,0,0
3871,1330,1,detour_2,Customer_69,Customer_30,9,47,"[9, 26, 47]","[108, 262]",3.096267945659374,0.07740669864148435,0,0
3872,1330,2,detour_3,Customer_69,Customer_30,9,47,"[9, 34, 47]","[110, 328]",4.761078520293518,0.09251012735460987,1,0
3873,1331,0,shortest,Customer_69,Customer_60,9,47,"[9, 47]",[112],3.0695557597015224,0.05581010472184586,0,0
3874,1331,1,detour_2,Customer_69,Customer_60,9,47,"[9, 26, 47]","[108, 262]",3.096267945659374,0.07740669864148435,0,0
3875,1331,2,detour_3,Customer_69,Customer_60,9,47,"[9, 34, 47]","[110, 328]",4.761078520293518,0.09251012735460987,1,0
3876,1332,0,shortest,Customer_69,Customer_65,9,47,"[9, 47]",[112],3.0695557597015224,0.05581010472184586,0,0
3877,1332,1,detour_2,Customer_69,Customer_65,9,47,"[9, 26, 47]","[108, 262]",3.096267945659374,0.07740669864148435,0,0
3878,1332,2,detour_3,Customer_69,Customer_65,9,47,"[9, 34, 47]","[110, 328]",4.761078520293518,0.09251012735460987,1,0
3879,1333,0,shortest,Customer_69,Customer_9,9,34,"[9, 34]",[110],3.889135895733452,0.07071156174060822,0,0
3880,1333,1,detour_2,Customer_69,Customer_9,9,34,"[9, 47, 34]","[112, 329]",3.9414983842615885,0.07760867033584751,1,0
3881,1333,2,detour_3,Customer_69,Customer_9,9,34,"[9, 26, 34]","[108, 266]",3.9425023471437903,0.07955935870217574,0,0
3882,1334,0,shortest,Customer_69,Customer_38,9,14,"[9, 26, 14]","[108, 165]",4.348053421357689,0.0869330145969739,0,0
3883,1334,1,detour_2,Customer_69,Customer_38,9,14,"[9, 47, 14]","[112, 163]",5.328796851743331,0.11229113202289108,0,0
3884,1334,2,detour_3,Customer_69,Customer_38,9,14,"[9, 34, 14]","[110, 169]",5.93167804108802,0.12177511537447241,0,0
3885,1335,0,shortest,Customer_69,Customer_34,9,66,"[9, 1, 66]","[17, 22]",6.460773162080584,0.12729118759954822,0,0
3886,1335,1,detour_2,Customer_69,Customer_34,9,66,"[9, 1, 61, 66]","[17, 10, 446]",7.279211394484006,0.15712567896387203,0,0
3887,1335,2,detour_3,Customer_69,Customer_34,9,66,"[9, 26, 1, 66]","[108, 13, 22]",8.770508219338257,0.16734128365116605,0,0
3888,1336,0,shortest,Customer_69,Customer_73,9,66,"[9, 1, 66]","[17, 22]",6.460773162080584,0.12729118759954822,0,0
3889,1336,1,detour_2,Customer_69,Customer_73,9,66,"[9, 1, 61, 66]","[17, 10, 446]",7.279211394484006,0.15712567896387203,0,0
3890,1336,2,detour_3,Customer_69,Customer_73,9,66,"[9, 26, 1, 66]","[108, 13, 22]",8.770508219338257,0.16734128365116605,0,0
3891,1337,0,shortest,Customer_69,Customer_18,9,57,"[9, 1, 61, 57]","[17, 10, 429]",8.377692200860627,0.16214426103191265,0,0
3892,1337,1,detour_2,Customer_69,Customer_18,9,57,"[9, 1, 61, 16, 57]","[17, 10, 189, 184]",8.63906378290907,0.16857291651644674,0,0
3893,1337,2,detour_3,Customer_69,Customer_18,9,57,"[9, 1, 66, 57]","[17, 22, 431]",8.223064488009763,0.1713484707477777,0,0
3894,1338,0,shortest,Customer_69,Customer_28,9,16,"[9, 1, 61, 16]","[17, 10, 189]",8.39318519730658,0.16242595187638453,0,0
3895,1338,1,detour_2,Customer_69,Customer_28,9,16,"[9, 1, 61, 57, 16]","[17, 10, 429, 185]",8.623570786463116,0.16829122567197485,0,0
3896,1338,2,detour_3,Customer_69,Customer_28,9,16,"[9, 1, 66, 16]","[17, 22, 187]",8.389038950701917,0.17549783231508154,0,0
3897,1339,0,shortest,Customer_69,Customer_66,9,16,"[9, 1, 61, 16]","[17, 10, 189]",8.39318519730658,0.16242595187638453,0,0
3898,1339,1,detour_2,Customer_69,Customer_66,9,16,"[9, 1, 61, 57, 16]","[17, 10, 429, 185]",8.623570786463116,0.16829122567197485,0,0
3899,1339,2,detour_3,Customer_69,Customer_66,9,16,"[9, 1, 66, 16]","[17, 22, 187]",8.389038950701917,0.17549783231508154,0,0
3900,1340,0,shortest,Customer_69,Customer_32,9,46,"[9, 26, 14, 46]","[108, 165, 170]",7.687189248958811,0.14764457509881249,0,0
3901,1340,1,detour_2,Customer_69,Customer_32,9,46,"[9, 47, 14, 46]","[112, 163, 170]",8.667932679344453,0.17300269252472966,0,0
3902,1340,2,detour_3,Customer_69,Customer_32,9,46,"[9, 34, 14, 46]","[110, 169, 170]",9.270813868689142,0.18248667587631098,0,0
3903,1341,0,shortest,Customer_69,Customer_49,9,46,"[9, 26, 14, 46]","[108, 165, 170]",7.687189248958811,0.14764457509881249,0,0
3904,1341,1,detour_2,Customer_69,Customer_49,9,46,"[9, 47, 14, 46]","[112, 163, 170]",8.667932679344453,0.17300269252472966,0,0
3905,1341,2,detour_3,Customer_69,Customer_49,9,46,"[9, 34, 14, 46]","[110, 169, 170]",9.270813868689142,0.18248667587631098,0,0
3906,1342,0,shortest,Customer_69,Customer_33,9,4,"[9, 26, 14, 46, 50, 55, 4]","[108, 165, 170, 384, 394, 47]",16.935657987727005,0.3157985521673251,2,0
3907,1342,1,detour_2,Customer_69,Customer_33,9,4,"[9, 26, 14, 46, 50, 55, 17, 4]","[108, 165, 170, 384, 394, 199, 51]",17.04421081998137,0.3380272099010914,3,0
3908,1342,2,detour_3,Customer_69,Customer_33,9,4,"[9, 47, 14, 46, 50, 55, 4]","[112, 163, 170, 384, 394, 47]",17.91640141811265,0.3411566695932423,2,0
3909,1343,0,shortest,Customer_69,Customer_27,9,33,"[9, 26, 14, 33]","[108, 165, 172]",9.017849066059778,0.1718383899551937,0,0
3910,1343,1,detour_2,Customer_69,Customer_27,9,33,"[9, 26, 14, 46, 33]","[108, 165, 170, 325]",9.204149391210997,0.18556857865511714,0,0
3911,1343,2,detour_3,Customer_69,Customer_27,9,33,"[9, 47, 14, 33]","[112, 163, 172]",9.99859249644542,0.19719650738111089,0,0
3912,1344,0,shortest,Customer_69,Customer_79,9,33,"[9, 26, 14, 33]","[108, 165, 172]",9.017849066059778,0.1718383899551937,0,0
3913,1344,1,detour_2,Customer_69,Customer_79,9,33,"[9, 26, 14, 46, 33]","[108, 165, 170, 325]",9.204149391210997,0.18556857865511714,0,0
3914,1344,2,detour_3,Customer_69,Customer_79,9,33,"[9, 47, 14, 33]","[112, 163, 172]",9.99859249644542,0.19719650738111089,0,0
3915,1345,0,shortest,Customer_69,Customer_14,9,17,"[9, 26, 14, 46, 50, 55, 17]","[108, 165, 170, 384, 394, 199]",16.570988196499744,0.3261966443140508,2,0
3916,1345,1,detour_2,Customer_69,Customer_14,9,17,"[9, 26, 14, 46, 50, 55, 4, 17]","[108, 165, 170, 384, 394, 47, 50]",17.40888061120863,0.3276291177543657,3,0
3917,1345,2,detour_3,Customer_69,Customer_14,9,17,"[9, 26, 14, 46, 50, 74, 17]","[108, 165, 170, 384, 396, 205]",18.30946900553314,0.3407769343092548,2,0
3918,1346,0,shortest,Customer_69,Customer_29,9,17,"[9, 26, 14, 46, 50, 55, 17]","[108, 165, 170, 384, 394, 199]",16.570988196499744,0.3261966443140508,2,0
3919,1346,1,detour_2,Customer_69,Customer_29,9,17,"[9, 26, 14, 46, 50, 55, 4, 17]","[108, 165, 170, 384, 394, 47, 50]",17.40888061120863,0.3276291177543657,3,0
3920,1346,2,detour_3,Customer_69,Customer_29,9,17,"[9, 26, 14, 46, 50, 74, 17]","[108, 165, 170, 384, 396, 205]",18.30946900553314,0.3407769343092548,2,0
3921,1347,0,shortest,Customer_69,Customer_31,9,17,"[9, 26, 14, 46, 50, 55, 17]","[108, 165, 170, 384, 394, 199]",16.570988196499744,0.3261966443140508,2,0
3922,1347,1,detour_2,Customer_69,Customer_31,9,17,"[9, 26, 14, 46, 50, 55, 4, 17]","[108, 165, 170, 384, 394, 47, 50]",17.40888061120863,0.3276291177543657,3,0
3923,1347,2,detour_3,Customer_69,Customer_31,9,17,"[9, 26, 14, 46, 50, 74, 17]","[108, 165, 170, 384, 396, 205]",18.30946900553314,0.3407769343092548,2,0
3924,1348,0,shortest,Customer_70,Customer_80,53,3,"[53, 3]",[35],2.305418115908397,0.057635452897709924,0,0
3925,1348,1,detour_2,Customer_70,Customer_80,53,3,"[53, 30, 3]","[301, 33]",5.948696807751681,0.1241303283841777,0,0
3926,1348,2,detour_3,Customer_70,Customer_80,53,3,"[53, 60, 3]","[406, 39]",7.6888385266240835,0.13979706412043788,0,0
3927,1349,0,shortest,Customer_70,Customer_8,53,63,"[53, 63]",[408],3.060731531898879,0.05564966421634325,0,0
3928,1349,1,detour_2,Customer_70,Customer_8,53,63,"[53, 60, 63]","[406, 444]",6.69879786460158,0.12179632481093781,0,0
3929,1349,2,detour_3,Customer_70,Customer_8,53,63,"[53, 30, 63]","[301, 304]",6.5933809356125,0.13585185798164714,0,0
3930,1350,0,shortest,Customer_70,Customer_55,53,48,"[53, 48]",[389],4.226589814311498,0.07684708753293633,0,0
3931,1350,1,detour_2,Customer_70,Customer_55,53,48,"[53, 3, 48]","[35, 36]",5.920791214039536,0.12336950922736699,1,0
3932,1350,2,detour_3,Customer_70,Customer_55,53,48,"[53, 30, 3, 48]","[301, 33, 36]",9.56406990588282,0.18986438471383477,1,0
3933,1351,0,shortest,Customer_70,Customer_16,53,64,"[53, 30, 64]","[301, 302]",6.531726816083715,0.1347308739902147,0,0
3934,1351,1,detour_2,Customer_70,Customer_16,53,64,"[53, 30, 12, 64]","[301, 149, 140]",6.9266795589849215,0.14825952001514825,0,0
3935,1351,2,detour_3,Customer_70,Customer_16,53,64,"[53, 60, 12, 64]","[406, 151, 140]",8.292717452351889,0.15712436801494598,0,0
3936,1352,0,shortest,Customer_70,Customer_56,53,64,"[53, 30, 64]","[301, 302]",6.531726816083715,0.1347308739902147,0,0
3937,1352,1,detour_2,Customer_70,Customer_56,53,64,"[53, 30, 12, 64]","[301, 149, 140]",6.9266795589849215,0.14825952001514825,0,0
3938,1352,2,detour_3,Customer_70,Customer_56,53,64,"[53, 60, 12, 64]","[406, 151, 140]",8.292717452351889,0.15712436801494598,0,0
3939,1353,0,shortest,Customer_70,Customer_63,53,64,"[53, 30, 64]","[301, 302]",6.531726816083715,0.1347308739902147,0,0
3940,1353,1,detour_2,Customer_70,Customer_63,53,64,"[53, 30, 12, 64]","[301, 149, 140]",6.9266795589849215,0.14825952001514825,0,0
3941,1353,2,detour_3,Customer_70,Customer_63,53,64,"[53, 60, 12, 64]","[406, 151, 140]",8.292717452351889,0.15712436801494598,0,0
3942,1354,0,shortest,Customer_70,Customer_64,53,64,"[53, 30, 64]","[301, 302]",6.531726816083715,0.1347308739902147,0,0
3943,1354,1,detour_2,Customer_70,Customer_64,53,64,"[53, 30, 12, 64]","[301, 149, 140]",6.9266795589849215,0.14825952001514825,0,0
3944,1354,2,detour_3,Customer_70,Customer_64,53,64,"[53, 60, 12, 64]","[406, 151, 140]",8.292717452351889,0.15712436801494598,0,0
3945,1355,0,shortest,Customer_70,Customer_11,53,52,"[53, 63, 52]","[408, 403]",7.75206959993009,0.1409467199987289,0,0
3946,1355,1,detour_2,Customer_70,Customer_11,53,52,"[53, 63, 13, 52]","[408, 153, 156]",9.031862143683295,0.17717775289650262,0,0
3947,1355,2,detour_3,Customer_70,Customer_11,53,52,"[53, 60, 63, 52]","[406, 444, 403]",11.390135932632791,0.20709338059332347,0,0
3948,1356,0,shortest,Customer_70,Customer_12,53,52,"[53, 63, 52]","[408, 403]",7.75206959993009,0.1409467199987289,0,0
3949,1356,1,detour_2,Customer_70,Customer_12,53,52,"[53, 63, 13, 52]","[408, 153, 156]",9.031862143683295,0.17717775289650262,0,0
3950,1356,2,detour_3,Customer_70,Customer_12,53,52,"[53, 60, 63, 52]","[406, 444, 403]",11.390135932632791,0.20709338059332347,0,0
3951,1357,0,shortest,Customer_70,Customer_20,53,52,"[53, 63, 52]","[408, 403]",7.75206959993009,0.1409467199987289,0,0
3952,1357,1,detour_2,Customer_70,Customer_20,53,52,"[53, 63, 13, 52]","[408, 153, 156]",9.031862143683295,0.17717775289650262,0,0
3953,1357,2,detour_3,Customer_70,Customer_20,53,52,"[53, 60, 63, 52]","[406, 444, 403]",11.390135932632791,0.20709338059332347,0,0
3954,1358,0,shortest,Customer_70,Customer_53,53,52,"[53, 63, 52]","[408, 403]",7.75206959993009,0.1409467199987289,0,0
3955,1358,1,detour_2,Customer_70,Customer_53,53,52,"[53, 63, 13, 52]","[408, 153, 156]",9.031862143683295,0.17717775289650262,0,0
3956,1358,2,detour_3,Customer_70,Customer_53,53,52,"[53, 60, 63, 52]","[406, 444, 403]",11.390135932632791,0.20709338059332347,0,0
3957,1359,0,shortest,Customer_70,Customer_23,53,39,"[53, 30, 64, 39]","[301, 302, 359]",9.267992468259644,0.1844811585752316,0,0
3958,1359,1,detour_2,Customer_70,Customer_23,53,39,"[53, 30, 12, 39]","[301, 149, 146]",9.461391254281917,0.1879975001392729,0,0
3959,1359,2,detour_3,Customer_70,Customer_23,53,39,"[53, 60, 12, 39]","[406, 151, 146]",10.827429147648886,0.19686234813907064,0,0
3960,1360,0,shortest,Customer_70,Customer_5,53,7,"[53, 63, 45, 7]","[408, 383, 85]",9.828620224958978,0.17870218590834505,0,0
3961,1360,1,detour_2,Customer_70,Customer_5,53,7,"[53, 63, 13, 7]","[408, 153, 89]",9.262934636130591,0.18137907094099892,0,0
3962,1360,2,detour_3,Customer_70,Customer_5,53,7,"[53, 63, 13, 44, 7]","[408, 153, 158, 83]",9.556098325676025,0.18942910035078026,0,0
3963,1361,0,shortest,Customer_70,Customer_26,53,31,"[53, 48, 18, 31]","[389, 213, 206]",8.913777198966208,0.16333122370524025,2,0
3964,1361,1,detour_2,Customer_70,Customer_26,53,31,"[53, 48, 42, 18, 31]","[389, 373, 211, 206]",9.94500664165654,0.19689295540681226,3,0
3965,1361,2,detour_3,Customer_70,Customer_26,53,31,"[53, 3, 48, 18, 31]","[35, 36, 213, 206]",10.607978598694245,0.2098536453996709,3,0
3966,1362,0,shortest,Customer_70,Customer_67,53,31,"[53, 48, 18, 31]","[389, 213, 206]",8.913777198966208,0.16333122370524025,2,0
3967,1362,1,detour_2,Customer_70,Customer_67,53,31,"[53, 48, 42, 18, 31]","[389, 373, 211, 206]",9.94500664165654,0.19689295540681226,3,0
3968,1362,2,detour_3,Customer_70,Customer_67,53,31,"[53, 3, 48, 18, 31]","[35, 36, 213, 206]",10.607978598694245,0.2098536453996709,3,0
3969,1363,0,shortest,Customer_70,Customer_33,53,4,"[53, 48, 4]","[389, 53]",8.517222171772666,0.15485858494132118,1,0
3970,1363,1,detour_2,Customer_70,Customer_33,53,4,"[53, 48, 42, 4]","[389, 373, 45]",8.517525952618714,0.18412049099061673,2,0
3971,1363,2,detour_3,Customer_70,Customer_33,53,4,"[53, 3, 48, 4]","[35, 36, 53]",10.211423571500703,0.20138100663575184,2,0
3972,1364,0,shortest,Customer_70,Customer_14,53,17,"[53, 48, 4, 17]","[389, 53, 50]",8.99044479525429,0.16668915052836178,2,0
3973,1364,1,detour_2,Customer_70,Customer_14,53,17,"[53, 48, 42, 17]","[389, 373, 195]",8.788823876983026,0.19090293909972453,2,0
3974,1364,2,detour_3,Customer_70,Customer_14,53,17,"[53, 48, 42, 4, 17]","[389, 373, 45, 50]",8.990748576100337,0.19595105657765732,3,0
3975,1365,0,shortest,Customer_70,Customer_29,53,17,"[53, 48, 4, 17]","[389, 53, 50]",8.99044479525429,0.16668915052836178,2,0
3976,1365,1,detour_2,Customer_70,Customer_29,53,17,"[53, 48, 42, 17]","[389, 373, 195]",8.788823876983026,0.19090293909972453,2,0
3977,1365,2,detour_3,Customer_70,Customer_29,53,17,"[53, 48, 42, 4, 17]","[389, 373, 45, 50]",8.990748576100337,0.19595105657765732,3,0
3978,1366,0,shortest,Customer_70,Customer_31,53,17,"[53, 48, 4, 17]","[389, 53, 50]",8.99044479525429,0.16668915052836178,2,0
3979,1366,1,detour_2,Customer_70,Customer_31,53,17,"[53, 48, 42, 17]","[389, 373, 195]",8.788823876983026,0.19090293909972453,2,0
3980,1366,2,detour_3,Customer_70,Customer_31,53,17,"[53, 48, 42, 4, 17]","[389, 373, 45, 50]",8.990748576100337,0.19595105657765732,3,0
3981,1367,0,shortest,Customer_70,Customer_35,53,8,"[53, 48, 42, 8]","[389, 373, 101]",9.326492403695832,0.18438469462894472,2,0
3982,1367,1,detour_2,Customer_70,Customer_35,53,8,"[53, 48, 18, 8]","[389, 213, 99]",10.448409464283111,0.20169703033816283,2,0
3983,1367,2,detour_3,Customer_70,Customer_35,53,8,"[53, 48, 18, 31, 8]","[389, 213, 206, 93]",10.485577495866808,0.20262623112775524,3,0
3984,1368,0,shortest,Customer_71,Customer_51,32,10,"[32, 10]",[119],2.61068493238036,0.047466998770552,0,0
3985,1368,1,detour_2,Customer_71,Customer_51,32,10,"[32, 76, 10]","[314, 123]",4.342398913741374,0.08756291664987328,0,0
3986,1368,2,detour_3,Customer_71,Customer_51,32,10,"[32, 50, 10]","[318, 121]",6.115808540650252,0.11119651892091367,1,0
3987,1369,0,shortest,Customer_71,Customer_2,32,55,"[32, 55]",[316],4.230926554314506,0.07692593735117283,1,0
3988,1369,1,detour_2,Customer_71,Customer_2,32,55,"[32, 50, 55]","[318, 394]",5.661614676967069,0.10293844867212854,2,0
3989,1369,2,detour_3,Customer_71,Customer_2,32,55,"[32, 10, 50, 55]","[119, 120, 394]",8.273150195138037,0.1504209126388734,1,0
3990,1370,0,shortest,Customer_71,Customer_17,32,38,"[32, 38]",[312],4.56163189651993,0.08293876175490782,0,0
3991,1370,1,detour_2,Customer_71,Customer_17,32,38,"[32, 76, 38]","[314, 355]",4.938196409945283,0.09839559839903525,0,0
3992,1370,2,detour_3,Customer_71,Customer_17,32,38,"[32, 10, 38]","[119, 128]",6.5706892571544095,0.11946707740280746,0,0
3993,1371,0,shortest,Customer_71,Customer_74,32,38,"[32, 38]",[312],4.56163189651993,0.08293876175490782,0,0
3994,1371,1,detour_2,Customer_71,Customer_74,32,38,"[32, 76, 38]","[314, 355]",4.938196409945283,0.09839559839903525,0,0
3995,1371,2,detour_3,Customer_71,Customer_74,32,38,"[32, 10, 38]","[119, 128]",6.5706892571544095,0.11946707740280746,0,0
3996,1372,0,shortest,Customer_71,Customer_3,32,74,"[32, 55, 74]","[316, 414]",5.682041004408014,0.11320379860351054,2,0
3997,1372,1,avoid_congestion,Customer_71,Customer_3,32,74,"[32, 10, 50, 74]","[119, 120, 396]",9.631232751036055,0.17511332274611008,1,0
3998,1372,2,detour_2,Customer_71,Customer_3,32,74,"[32, 50, 74]","[318, 396]",7.019697232865088,0.12763085877936525,2,0
3999,1372,3,detour_3,Customer_71,Customer_3,32,74,"[32, 50, 55, 74]","[318, 394, 414]",7.112729127060578,0.13921630992446626,3,0
4000,1373,0,shortest,Customer_71,Customer_42,32,74,"[32, 55, 74]","[316, 414]",5.682041004408014,0.11320379860351054,2,0
4001,1373,1,avoid_congestion,Customer_71,Customer_42,32,74,"[32, 10, 50, 74]","[119, 120, 396]",9.631232751036055,0.17511332274611008,1,0
4002,1373,2,detour_2,Customer_71,Customer_42,32,74,"[32, 50, 74]","[318, 396]",7.019697232865088,0.12763085877936525,2,0
4003,1373,3,detour_3,Customer_71,Customer_42,32,74,"[32, 50, 55, 74]","[318, 394, 414]",7.112729127060578,0.13921630992446626,3,0
4004,1374,0,shortest,Customer_71,Customer_47,32,74,"[32, 55, 74]","[316, 414]",5.682041004408014,0.11320379860351054,2,0
4005,1374,1,avoid_congestion,Customer_71,Customer_47,32,74,"[32, 10, 50, 74]","[119, 120, 396]",9.631232751036055,0.17511332274611008,1,0
4006,1374,2,detour_2,Customer_71,Customer_47,32,74,"[32, 50, 74]","[318, 396]",7.019697232865088,0.12763085877936525,2,0
4007,1374,3,detour_3,Customer_71,Customer_47,32,74,"[32, 50, 55, 74]","[318, 394, 414]",7.112729127060578,0.13921630992446626,3,0
4008,1375,0,shortest,Customer_71,Customer_52,32,43,"[32, 10, 43]","[119, 130]",5.72974746371216,0.10417722661294836,0,0
4009,1375,1,detour_2,Customer_71,Customer_52,32,43,"[32, 76, 43]","[314, 379]",6.040891985992839,0.11844460887262717,0,0
4010,1375,2,detour_3,Customer_71,Customer_52,32,43,"[32, 38, 43]","[312, 350]",7.076141055975157,0.12865711010863923,0,0
4011,1376,0,shortest,Customer_71,Customer_58,32,43,"[32, 10, 43]","[119, 130]",5.72974746371216,0.10417722661294836,0,0
4012,1376,1,detour_2,Customer_71,Customer_58,32,43,"[32, 76, 43]","[314, 379]",6.040891985992839,0.11844460887262717,0,0
4013,1376,2,detour_3,Customer_71,Customer_58,32,43,"[32, 38, 43]","[312, 350]",7.076141055975157,0.12865711010863923,0,0
4014,1377,0,shortest,Customer_71,Customer_32,32,46,"[32, 10, 46]","[119, 124]",5.58447046238596,0.10153582658883564,0,0
4015,1377,1,detour_2,Customer_71,Customer_32,32,46,"[32, 50, 46]","[318, 385]",6.839635933974372,0.12435701698135222,1,0
4016,1377,2,detour_3,Customer_71,Customer_32,32,46,"[32, 10, 33, 46]","[119, 126, 324]",7.159047109323031,0.14050740295759273,0,0
4017,1378,0,shortest,Customer_71,Customer_49,32,46,"[32, 10, 46]","[119, 124]",5.58447046238596,0.10153582658883564,0,0
4018,1378,1,detour_2,Customer_71,Customer_49,32,46,"[32, 50, 46]","[318, 385]",6.839635933974372,0.12435701698135222,1,0
4019,1378,2,detour_3,Customer_71,Customer_49,32,46,"[32, 10, 33, 46]","[119, 126, 324]",7.159047109323031,0.14050740295759273,0,0
4020,1379,0,shortest,Customer_71,Customer_77,32,28,"[32, 28]",[289],5.418853100949386,0.09852460183544338,0,0
4021,1379,1,detour_2,Customer_71,Customer_77,32,28,"[32, 55, 59, 28]","[316, 418, 283]",10.616453584508534,0.1930264288092461,3,0
4022,1379,2,detour_3,Customer_71,Customer_77,32,28,"[32, 55, 74, 28]","[316, 414, 285]",10.402029164743952,0.19902176515507305,3,0
4023,1380,0,shortest,Customer_71,Customer_27,32,33,"[32, 10, 33]","[119, 126]",5.642086967070845,0.10258339940128808,0,0
4024,1380,1,detour_2,Customer_71,Customer_27,32,33,"[32, 10, 46, 33]","[119, 124, 325]",7.101430604638146,0.1394598301451403,0,0
4025,1380,2,detour_3,Customer_71,Customer_27,32,33,"[32, 76, 10, 33]","[314, 123, 126]",7.3738009484318585,0.14267931728060937,0,0
4026,1381,0,shortest,Customer_71,Customer_79,32,33,"[32, 10, 33]","[119, 126]",5.642086967070845,0.10258339940128808,0,0
4027,1381,1,detour_2,Customer_71,Customer_79,32,33,"[32, 10, 46, 33]","[119, 124, 325]",7.101430604638146,0.1394598301451403,0,0
4028,1381,2,detour_3,Customer_71,Customer_79,32,33,"[32, 76, 10, 33]","[314, 123, 126]",7.3738009484318585,0.14267931728060937,0,0
4029,1382,0,shortest,Customer_71,Customer_15,32,72,"[32, 55, 72]","[316, 416]",6.5333622746871685,0.1344868303604894,2,0
4030,1382,1,avoid_congestion,Customer_71,Customer_15,32,72,"[32, 28, 72]","[289, 286]",10.809051942815021,0.1965282171420913,1,0
4031,1382,2,detour_2,Customer_71,Customer_15,32,72,"[32, 55, 74, 72]","[316, 414, 461]",6.902134109705134,0.14370612623593854,3,0
4032,1382,3,detour_3,Customer_71,Customer_15,32,72,"[32, 55, 8, 72]","[316, 103, 94]",8.230647935414332,0.1580732858548773,3,0
4033,1383,0,shortest,Customer_71,Customer_21,32,67,"[32, 10, 67]","[119, 132]",6.867798274676087,0.1248690595395652,0,0
4034,1383,1,detour_2,Customer_71,Customer_21,32,67,"[32, 10, 43, 67]","[119, 130, 374]",6.941244407837379,0.13446465021607884,0,0
4035,1383,2,detour_3,Customer_71,Customer_21,32,67,"[32, 38, 67]","[312, 352]",7.780030481498157,0.14145509966360287,0,0
4036,1384,0,shortest,Customer_71,Customer_22,32,67,"[32, 10, 67]","[119, 132]",6.867798274676087,0.1248690595395652,0,0
4037,1384,1,detour_2,Customer_71,Customer_22,32,67,"[32, 10, 43, 67]","[119, 130, 374]",6.941244407837379,0.13446465021607884,0,0
4038,1384,2,detour_3,Customer_71,Customer_22,32,67,"[32, 38, 67]","[312, 352]",7.780030481498157,0.14145509966360287,0,0
4039,1385,0,shortest,Customer_71,Customer_14,32,17,"[32, 55, 17]","[316, 199]",6.728432845773643,0.13936359463765124,2,0
4040,1385,1,detour_2,Customer_71,Customer_14,32,17,"[32, 55, 4, 17]","[316, 47, 50]",7.566325260482528,0.14079606807796613,3,0
4041,1385,2,detour_3,Customer_71,Customer_14,32,17,"[32, 50, 55, 17]","[318, 394, 199]",8.159120968426206,0.16537610595860697,3,0
4042,1386,0,shortest,Customer_71,Customer_29,32,17,"[32, 55, 17]","[316, 199]",6.728432845773643,0.13936359463765124,2,0
4043,1386,1,detour_2,Customer_71,Customer_29,32,17,"[32, 55, 4, 17]","[316, 47, 50]",7.566325260482528,0.14079606807796613,3,0
4044,1386,2,detour_3,Customer_71,Customer_29,32,17,"[32, 50, 55, 17]","[318, 394, 199]",8.159120968426206,0.16537610595860697,3,0
4045,1387,0,shortest,Customer_71,Customer_31,32,17,"[32, 55, 17]","[316, 199]",6.728432845773643,0.13936359463765124,2,0
4046,1387,1,detour_2,Customer_71,Customer_31,32,17,"[32, 55, 4, 17]","[316, 47, 50]",7.566325260482528,0.14079606807796613,3,0
4047,1387,2,detour_3,Customer_71,Customer_31,32,17,"[32, 50, 55, 17]","[318, 394, 199]",8.159120968426206,0.16537610595860697,3,0
4048,1388,0,shortest,Customer_72,Customer_43,24,0,"[24, 0]",[3],2.5942241133374417,0.04716771115158985,0,0
4049,1388,1,detour_2,Customer_72,Customer_43,24,0,"[24, 52, 0]","[250, 1]",7.66462504602936,0.13935681901871563,0,0
4050,1388,2,detour_3,Customer_72,Customer_43,24,0,"[24, 2, 0]","[27, 5]",9.233751405974544,0.1678863891995372,0,0
4051,1389,0,shortest,Customer_72,Customer_76,24,0,"[24, 0]",[3],2.5942241133374417,0.04716771115158985,0,0
4052,1389,1,detour_2,Customer_72,Customer_76,24,0,"[24, 52, 0]","[250, 1]",7.66462504602936,0.13935681901871563,0,0
4053,1389,2,detour_3,Customer_72,Customer_76,24,0,"[24, 2, 0]","[27, 5]",9.233751405974544,0.1678863891995372,0,0
4054,1390,0,shortest,Customer_72,Customer_11,24,52,"[24, 52]",[250],4.540569279445613,0.08255580508082933,0,0
4055,1390,1,detour_2,Customer_72,Customer_11,24,52,"[24, 0, 52]","[3, 0]",5.718279879921189,0.10396872508947616,0,0
4056,1390,2,detour_3,Customer_72,Customer_11,24,52,"[24, 2, 52]","[27, 28]",11.926728523981984,0.21684960952694515,0,0
4057,1391,0,shortest,Customer_72,Customer_12,24,52,"[24, 52]",[250],4.540569279445613,0.08255580508082933,0,0
4058,1391,1,detour_2,Customer_72,Customer_12,24,52,"[24, 0, 52]","[3, 0]",5.718279879921189,0.10396872508947616,0,0
4059,1391,2,detour_3,Customer_72,Customer_12,24,52,"[24, 2, 52]","[27, 28]",11.926728523981984,0.21684960952694515,0,0
4060,1392,0,shortest,Customer_72,Customer_20,24,52,"[24, 52]",[250],4.540569279445613,0.08255580508082933,0,0
4061,1392,1,detour_2,Customer_72,Customer_20,24,52,"[24, 0, 52]","[3, 0]",5.718279879921189,0.10396872508947616,0,0
4062,1392,2,detour_3,Customer_72,Customer_20,24,52,"[24, 2, 52]","[27, 28]",11.926728523981984,0.21684960952694515,0,0
4063,1393,0,shortest,Customer_72,Customer_53,24,52,"[24, 52]",[250],4.540569279445613,0.08255580508082933,0,0
4064,1393,1,detour_2,Customer_72,Customer_53,24,52,"[24, 0, 52]","[3, 0]",5.718279879921189,0.10396872508947616,0,0
4065,1393,2,detour_3,Customer_72,Customer_53,24,52,"[24, 2, 52]","[27, 28]",11.926728523981984,0.21684960952694515,0,0
4066,1394,0,shortest,Customer_72,Customer_8,24,63,"[24, 52, 63]","[250, 402]",9.231907347476824,0.167852860863215,0,0
4067,1394,1,detour_2,Customer_72,Customer_8,24,63,"[24, 0, 52, 63]","[3, 0, 402]",10.4096179479524,0.1892657808718618,0,0
4068,1394,2,detour_3,Customer_72,Customer_8,24,63,"[24, 52, 13, 63]","[250, 157, 152]",10.511699891230029,0.2040838937609887,0,0
4069,1395,0,shortest,Customer_72,Customer_23,24,39,"[24, 6, 39]","[79, 80]",12.024398532554665,0.2186254278646303,0,0
4070,1395,1,detour_2,Customer_72,Customer_23,24,39,"[24, 6, 79, 39]","[79, 76, 363]",12.659140980480627,0.23016619964510232,0,0
4071,1395,2,detour_3,Customer_72,Customer_23,24,39,"[24, 20, 79, 39]","[227, 224, 363]",13.143818934793732,0.23897852608715875,0,0
4072,1396,0,shortest,Customer_72,Customer_70,24,53,"[24, 52, 63, 53]","[250, 402, 409]",12.292638879375703,0.22350252507955826,0,0
4073,1396,1,detour_2,Customer_72,Customer_70,24,53,"[24, 0, 52, 63, 53]","[3, 0, 402, 409]",13.47034947985128,0.24491544508820506,0,0
4074,1396,2,detour_3,Customer_72,Customer_70,24,53,"[24, 52, 13, 63, 53]","[250, 157, 152, 409]",13.572431423128908,0.25973355797733194,0,0
4075,1397,0,shortest,Customer_72,Customer_16,24,64,"[24, 6, 39, 64]","[79, 80, 358]",14.760664184730594,0.2683757124496472,0,0
4076,1397,1,detour_2,Customer_72,Customer_16,24,64,"[24, 6, 79, 39, 64]","[79, 76, 363, 358]",15.395406632656556,0.2799164842301192,0,0
4077,1397,2,detour_3,Customer_72,Customer_16,24,64,"[24, 20, 79, 39, 64]","[227, 224, 363, 358]",15.88008458696966,0.28872881067217565,0,0
4078,1398,0,shortest,Customer_72,Customer_56,24,64,"[24, 6, 39, 64]","[79, 80, 358]",14.760664184730594,0.2683757124496472,0,0
4079,1398,1,detour_2,Customer_72,Customer_56,24,64,"[24, 6, 79, 39, 64]","[79, 76, 363, 358]",15.395406632656556,0.2799164842301192,0,0
4080,1398,2,detour_3,Customer_72,Customer_56,24,64,"[24, 20, 79, 39, 64]","[227, 224, 363, 358]",15.88008458696966,0.28872881067217565,0,0
4081,1399,0,shortest,Customer_72,Customer_63,24,64,"[24, 6, 39, 64]","[79, 80, 358]",14.760664184730594,0.2683757124496472,0,0
4082,1399,1,detour_2,Customer_72,Customer_63,24,64,"[24, 6, 79, 39, 64]","[79, 76, 363, 358]",15.395406632656556,0.2799164842301192,0,0
4083,1399,2,detour_3,Customer_72,Customer_63,24,64,"[24, 20, 79, 39, 64]","[227, 224, 363, 358]",15.88008458696966,0.28872881067217565,0,0
4084,1400,0,shortest,Customer_72,Customer_64,24,64,"[24, 6, 39, 64]","[79, 80, 358]",14.760664184730594,0.2683757124496472,0,0
4085,1400,1,detour_2,Customer_72,Customer_64,24,64,"[24, 6, 79, 39, 64]","[79, 76, 363, 358]",15.395406632656556,0.2799164842301192,0,0
4086,1400,2,detour_3,Customer_72,Customer_64,24,64,"[24, 20, 79, 39, 64]","[227, 224, 363, 358]",15.88008458696966,0.28872881067217565,0,0
4087,1401,0,shortest,Customer_72,Customer_5,24,7,"[24, 52, 13, 7]","[250, 157, 89]",12.911693578798548,0.23475806506906455,0,0
4088,1401,1,detour_2,Customer_72,Customer_5,24,7,"[24, 52, 13, 44, 7]","[250, 157, 158, 83]",13.204857268343982,0.24280809447884585,0,0
4089,1401,2,detour_3,Customer_72,Customer_5,24,7,"[24, 0, 41, 7]","[3, 6, 91]",13.899637691785353,0.2527206853051882,0,0
4090,1402,0,shortest,Customer_72,Customer_80,24,3,"[24, 52, 63, 3]","[250, 402, 41]",14.476285431242975,0.26320518965896317,0,0
4091,1402,1,detour_2,Customer_72,Customer_80,24,3,"[24, 52, 63, 53, 3]","[250, 402, 409, 35]",14.5980569952841,0.2811379779772682,0,0
4092,1402,2,detour_3,Customer_72,Customer_80,24,3,"[24, 0, 52, 63, 3]","[3, 0, 402, 41]",15.653996031718549,0.28461810966761,0,0
4093,1403,0,shortest,Customer_72,Customer_24,24,22,"[24, 0, 41, 22]","[3, 6, 243]",14.032778711646483,0.25514143112084514,0,0
4094,1403,1,detour_2,Customer_72,Customer_24,24,22,"[24, 0, 41, 5, 22]","[3, 6, 69, 56]",14.415179912848568,0.26510410620660657,0,0
4095,1403,2,detour_3,Customer_72,Customer_24,24,22,"[24, 52, 13, 7, 22]","[250, 157, 89, 86]",16.063891827541482,0.29207076050075426,0,0
4096,1404,0,shortest,Customer_72,Customer_6,24,5,"[24, 0, 41, 5]","[3, 6, 69]",13.973724103475794,0.2540677109722872,0,0
4097,1404,1,detour_2,Customer_72,Customer_6,24,5,"[24, 0, 41, 22, 5]","[3, 6, 243, 57]",14.474234521019257,0.2661778263551645,0,0
4098,1404,2,detour_3,Customer_72,Customer_6,24,5,"[24, 2, 41, 5]","[27, 24, 69]",16.200854366447434,0.29456098848086243,0,0
4099,1405,0,shortest,Customer_72,Customer_25,24,19,"[24, 6, 39, 64, 19]","[79, 80, 358, 219]",18.552242472975244,0.33731349950864087,0,0
4100,1405,1,detour_2,Customer_72,Customer_25,24,19,"[24, 6, 39, 54, 19]","[79, 80, 360, 217]",17.867898415410508,0.3413782497422072,0,0
4101,1405,2,detour_3,Customer_72,Customer_25,24,19,"[24, 6, 39, 64, 54, 19]","[79, 80, 358, 411, 217]",18.726565417466304,0.34418856807422077,0,0
4102,1406,0,shortest,Customer_72,Customer_55,24,48,"[24, 52, 63, 53, 48]","[250, 402, 409, 389]",16.5192286936872,0.3003496126124946,0,0
4103,1406,1,detour_2,Customer_72,Customer_55,24,48,"[24, 0, 52, 63, 53, 48]","[3, 0, 402, 409, 389]",17.696939294162778,0.3217625326211414,0,0
4104,1406,2,detour_3,Customer_72,Customer_55,24,48,"[24, 52, 63, 3, 48]","[250, 402, 41, 36]",18.09165852937411,0.32893924598862023,1,0
4105,1407,0,shortest,Customer_72,Customer_61,24,23,"[24, 2, 23]","[27, 30]",16.77464052026226,0.30499346400476834,0,0
4106,1407,1,detour_2,Customer_72,Customer_61,24,23,"[24, 0, 2, 23]","[3, 4, 30]",17.703238919042604,0.32187707125532006,0,0
4107,1407,2,detour_3,Customer_72,Customer_61,24,23,"[24, 0, 41, 23]","[3, 6, 247]",21.465893643611558,0.3902889753383919,0,0
4108,1408,0,same_node,Customer_73,Customer_34,66,66,[66],[],0.0,0.0,0,0
4109,1409,0,shortest,Customer_73,Customer_18,66,57,"[66, 57]",[431],1.7622913259291795,0.04405728314822949,0,0
4110,1409,1,detour_2,Customer_73,Customer_18,66,57,"[66, 16, 57]","[187, 184]",2.1741443742238213,0.05435360935559553,0,0
4111,1409,2,detour_3,Customer_73,Customer_18,66,57,"[66, 61, 57]","[447, 429]",5.48492770042669,0.11467975441929233,0,0
4112,1410,0,shortest,Customer_73,Customer_28,66,16,"[66, 16]",[187],1.928265788621333,0.04820664471553333,0,0
4113,1410,1,detour_2,Customer_73,Customer_28,66,16,"[66, 57, 16]","[431, 185]",2.0081699115316676,0.05020424778829169,0,0
4114,1410,2,detour_3,Customer_73,Customer_28,66,16,"[66, 61, 16]","[447, 189]",5.500420696872644,0.11496144526376423,0,0
4115,1411,0,shortest,Customer_73,Customer_66,66,16,"[66, 16]",[187],1.928265788621333,0.04820664471553333,0,0
4116,1411,1,detour_2,Customer_73,Customer_66,66,16,"[66, 57, 16]","[431, 185]",2.0081699115316676,0.05020424778829169,0,0
4117,1411,2,detour_3,Customer_73,Customer_66,66,16,"[66, 61, 16]","[447, 189]",5.500420696872644,0.11496144526376423,0,0
4118,1412,0,shortest,Customer_73,Customer_1,66,1,"[66, 1]",[23],5.020127413028402,0.09127504387324367,0,0
4119,1412,1,detour_2,Customer_73,Customer_1,66,1,"[66, 61, 1]","[447, 11]",5.8385656454318235,0.12110953523756748,0,0
4120,1412,2,detour_3,Customer_73,Customer_1,66,1,"[66, 57, 61, 1]","[431, 428, 11]",8.699337777737625,0.17018540045383757,0,0
4121,1413,0,shortest,Customer_73,Customer_69,66,9,"[66, 1, 9]","[23, 16]",6.460773162080584,0.12729118759954822,0,0
4122,1413,1,detour_2,Customer_73,Customer_69,66,9,"[66, 61, 1, 9]","[447, 11, 16]",7.279211394484006,0.15712567896387203,0,0
4123,1413,2,detour_3,Customer_73,Customer_69,66,9,"[66, 1, 26, 9]","[23, 12, 109]",8.770508219338257,0.16734128365116602,0,0
4124,1414,0,shortest,Customer_73,Customer_50,66,26,"[66, 1, 26]","[23, 12]",7.615141868735924,0.13845712488610767,0,0
4125,1414,1,detour_2,Customer_73,Customer_50,66,26,"[66, 1, 9, 26]","[23, 16, 108]",7.616139512682919,0.15617534636460656,0,0
4126,1414,2,detour_3,Customer_73,Customer_50,66,26,"[66, 61, 1, 26]","[447, 11, 12]",8.433580101139345,0.16829161625043149,0,0
4127,1415,0,shortest,Customer_73,Customer_30,66,47,"[66, 1, 47]","[23, 14]",9.505239146557635,0.17282252993741154,0,0
4128,1415,1,detour_2,Customer_73,Customer_30,66,47,"[66, 1, 9, 47]","[23, 16, 112]",9.530328921782107,0.18310129232139408,0,0
4129,1415,2,detour_3,Customer_73,Customer_30,66,47,"[66, 1, 26, 47]","[23, 12, 262]",9.556043463792964,0.18697966476253366,0,0
4130,1416,0,shortest,Customer_73,Customer_60,66,47,"[66, 1, 47]","[23, 14]",9.505239146557635,0.17282252993741154,0,0
4131,1416,1,detour_2,Customer_73,Customer_60,66,47,"[66, 1, 9, 47]","[23, 16, 112]",9.530328921782107,0.18310129232139408,0,0
4132,1416,2,detour_3,Customer_73,Customer_60,66,47,"[66, 1, 26, 47]","[23, 12, 262]",9.556043463792964,0.18697966476253366,0,0
4133,1417,0,shortest,Customer_73,Customer_65,66,47,"[66, 1, 47]","[23, 14]",9.505239146557635,0.17282252993741154,0,0
4134,1417,1,detour_2,Customer_73,Customer_65,66,47,"[66, 1, 9, 47]","[23, 16, 112]",9.530328921782107,0.18310129232139408,0,0
4135,1417,2,detour_3,Customer_73,Customer_65,66,47,"[66, 1, 26, 47]","[23, 12, 262]",9.556043463792964,0.18697966476253366,0,0
4136,1418,0,shortest,Customer_73,Customer_80,66,3,"[66, 57, 77, 12, 30, 3]","[431, 426, 145, 148, 33]",17.65403936243099,0.3329981565391715,0,0
4137,1418,1,detour_2,Customer_73,Customer_80,66,3,"[66, 16, 57, 77, 12, 30, 3]","[187, 184, 426, 145, 148, 33]",18.06589241072563,0.34329448274653757,0,0
4138,1418,2,detour_3,Customer_73,Customer_80,66,3,"[66, 57, 77, 64, 30, 3]","[431, 426, 453, 303, 33]",18.362641952850943,0.34588184000135247,0,0
4139,1419,0,shortest,Customer_73,Customer_9,66,34,"[66, 1, 26, 34]","[23, 12, 266]",10.40227786527738,0.18913232482322506,0,0
4140,1419,1,detour_2,Customer_73,Customer_9,66,34,"[66, 1, 47, 34]","[23, 14, 329]",10.377181771117701,0.1946210955514132,1,0
4141,1419,2,detour_3,Customer_73,Customer_9,66,34,"[66, 1, 9, 34]","[23, 16, 110]",10.349909057814036,0.19800274934015644,0,0
4142,1420,0,shortest,Customer_73,Customer_38,66,14,"[66, 1, 26, 14]","[23, 12, 165]",10.807828939491278,0.19650598071802322,0,0
4143,1420,1,detour_2,Customer_73,Customer_38,66,14,"[66, 1, 9, 26, 14]","[23, 16, 108, 165]",10.808826583438274,0.2142242021965221,0,0
4144,1420,2,detour_3,Customer_73,Customer_38,66,14,"[66, 61, 1, 26, 14]","[447, 11, 12, 165]",11.6262671718947,0.22634047208234703,0,0
4145,1421,0,shortest,Customer_73,Customer_55,66,48,"[66, 57, 77, 12, 30, 3, 48]","[431, 426, 145, 148, 33, 36]",21.269412460562126,0.39873221286882854,1,0
4146,1421,1,avoid_congestion,Customer_73,Customer_55,66,48,"[66, 57, 77, 12, 30, 53, 48]","[431, 426, 145, 148, 300, 389]",20.617112387007303,0.4028444161383425,0,0
4147,1421,2,detour_3,Customer_73,Customer_55,66,48,"[66, 16, 57, 77, 12, 30, 3, 48]","[187, 184, 426, 145, 148, 33, 36]",21.681265508856768,0.40902853907619463,1,0
4148,1422,0,shortest,Customer_73,Customer_16,66,64,"[66, 57, 77, 64]","[431, 426, 453]",10.567398347032043,0.20415013807737242,0,0
4149,1422,1,detour_2,Customer_73,Customer_16,66,64,"[66, 16, 57, 77, 64]","[187, 184, 426, 453]",10.979251395326685,0.21444646428473849,0,0
4150,1422,2,detour_3,Customer_73,Customer_16,66,64,"[66, 57, 77, 54, 64]","[431, 426, 413, 410]",11.279130261585903,0.22079627882591243,0,0
4151,1423,0,shortest,Customer_73,Customer_56,66,64,"[66, 57, 77, 64]","[431, 426, 453]",10.567398347032043,0.20415013807737242,0,0
4152,1423,1,detour_2,Customer_73,Customer_56,66,64,"[66, 16, 57, 77, 64]","[187, 184, 426, 453]",10.979251395326685,0.21444646428473849,0,0
4153,1423,2,detour_3,Customer_73,Customer_56,66,64,"[66, 57, 77, 54, 64]","[431, 426, 413, 410]",11.279130261585903,0.22079627882591243,0,0
4154,1424,0,shortest,Customer_73,Customer_63,66,64,"[66, 57, 77, 64]","[431, 426, 453]",10.567398347032043,0.20415013807737242,0,0
4155,1424,1,detour_2,Customer_73,Customer_63,66,64,"[66, 16, 57, 77, 64]","[187, 184, 426, 453]",10.979251395326685,0.21444646428473849,0,0
4156,1424,2,detour_3,Customer_73,Customer_63,66,64,"[66, 57, 77, 54, 64]","[431, 426, 413, 410]",11.279130261585903,0.22079627882591243,0,0
4157,1425,0,shortest,Customer_73,Customer_64,66,64,"[66, 57, 77, 64]","[431, 426, 453]",10.567398347032043,0.20415013807737242,0,0
4158,1425,1,detour_2,Customer_73,Customer_64,66,64,"[66, 16, 57, 77, 64]","[187, 184, 426, 453]",10.979251395326685,0.21444646428473849,0,0
4159,1425,2,detour_3,Customer_73,Customer_64,66,64,"[66, 57, 77, 54, 64]","[431, 426, 413, 410]",11.279130261585903,0.22079627882591243,0,0
4160,1426,0,shortest,Customer_73,Customer_70,66,53,"[66, 57, 77, 12, 30, 53]","[431, 426, 145, 148, 300]",16.390522572695804,0.32599732860540614,0,0
4161,1426,1,detour_2,Customer_73,Customer_70,66,53,"[66, 57, 77, 12, 60, 53]","[431, 426, 145, 150, 407]",17.75656046606277,0.33486217660520384,0,0
4162,1426,2,detour_3,Customer_73,Customer_70,66,53,"[66, 16, 57, 77, 12, 30, 53]","[187, 184, 426, 145, 148, 300]",16.802375620990446,0.33629365481277224,0,0
4163,1427,0,shortest,Customer_73,Customer_33,66,4,"[66, 1, 26, 14, 46, 50, 55, 4]","[23, 12, 165, 170, 384, 394, 47]",23.39543350586059,0.4253715182883744,2,0
4164,1427,1,detour_2,Customer_73,Customer_33,66,4,"[66, 1, 9, 26, 14, 46, 50, 55, 4]","[23, 16, 108, 165, 170, 384, 394, 47]",23.396431149807587,0.44308973976687327,2,0
4165,1427,2,detour_3,Customer_73,Customer_33,66,4,"[66, 1, 26, 14, 46, 50, 55, 17, 4]","[23, 12, 165, 170, 384, 394, 199, 51]",23.503986338114952,0.4476001760221407,3,0
4166,1428,0,same_node,Customer_74,Customer_17,38,38,[38],[],0.0,0.0,0,0
4167,1429,0,shortest,Customer_74,Customer_52,38,43,"[38, 43]",[350],2.5145091594552276,0.04571834835373141,0,0
4168,1429,1,detour_2,Customer_74,Customer_52,38,43,"[38, 67, 43]","[352, 375]",4.429895529103447,0.08880376151182554,0,0
4169,1429,2,detour_3,Customer_74,Customer_52,38,43,"[38, 10, 43]","[129, 130]",7.079066856105849,0.12871030647465181,0,0
4170,1430,0,shortest,Customer_74,Customer_58,38,43,"[38, 43]",[350],2.5145091594552276,0.04571834835373141,0,0
4171,1430,1,detour_2,Customer_74,Customer_58,38,43,"[38, 67, 43]","[352, 375]",4.429895529103447,0.08880376151182554,0,0
4172,1430,2,detour_3,Customer_74,Customer_58,38,43,"[38, 10, 43]","[129, 130]",7.079066856105849,0.12871030647465181,0,0
4173,1431,0,shortest,Customer_74,Customer_21,38,67,"[38, 67]",[352],3.2183985849782277,0.05851633790869505,0,0
4174,1431,1,detour_2,Customer_74,Customer_21,38,67,"[38, 43, 67]","[350, 374]",3.7260061035804473,0.0760057719568619,0,0
4175,1431,2,detour_3,Customer_74,Customer_21,38,67,"[38, 10, 67]","[129, 132]",8.217117667069775,0.14940213940126867,0,0
4176,1432,0,shortest,Customer_74,Customer_22,38,67,"[38, 67]",[352],3.2183985849782277,0.05851633790869505,0,0
4177,1432,1,detour_2,Customer_74,Customer_22,38,67,"[38, 43, 67]","[350, 374]",3.7260061035804473,0.0760057719568619,0,0
4178,1432,2,detour_3,Customer_74,Customer_22,38,67,"[38, 10, 67]","[129, 132]",8.217117667069775,0.14940213940126867,0,0
4179,1433,0,shortest,Customer_74,Customer_51,38,10,"[38, 10]",[129],3.96000432477405,0.07200007863225545,0,0
4180,1433,1,detour_2,Customer_74,Customer_51,38,10,"[38, 43, 10]","[350, 131]",5.6335716907870275,0.10242857619612777,0,0
4181,1433,2,detour_3,Customer_74,Customer_51,38,10,"[38, 76, 10]","[354, 123]",6.754933979677824,0.12281698144868772,0,0
4182,1434,0,shortest,Customer_74,Customer_71,38,32,"[38, 32]",[313],4.56163189651993,0.08293876175490782,0,0
4183,1434,1,detour_2,Customer_74,Customer_71,38,32,"[38, 76, 32]","[354, 315]",4.938196409945283,0.09839559839903525,0,0
4184,1434,2,detour_3,Customer_74,Customer_71,38,32,"[38, 10, 32]","[129, 118]",6.5706892571544095,0.11946707740280746,0,0
4185,1435,0,shortest,Customer_74,Customer_10,38,73,"[38, 73]",[356],4.777593677795996,0.08686533959629084,0,0
4186,1435,1,detour_2,Customer_74,Customer_10,38,73,"[38, 67, 73]","[352, 454]",7.877680477139469,0.1432305541298085,0,0
4187,1435,2,detour_3,Customer_74,Customer_10,38,73,"[38, 43, 67, 73]","[350, 374, 454]",8.385287995741688,0.16071998817797536,0,0
4188,1436,0,shortest,Customer_74,Customer_27,38,33,"[38, 43, 33]","[350, 321]",5.75993207489215,0.10472603772531183,0,0
4189,1436,1,detour_2,Customer_74,Customer_27,38,33,"[38, 67, 33]","[352, 323]",6.866564432195942,0.12484662603992622,0,0
4190,1436,2,detour_3,Customer_74,Customer_27,38,33,"[38, 10, 33]","[129, 126]",6.991406359464534,0.12711647926299152,0,0
4191,1437,0,shortest,Customer_74,Customer_79,38,33,"[38, 43, 33]","[350, 321]",5.75993207489215,0.10472603772531183,0,0
4192,1437,1,detour_2,Customer_74,Customer_79,38,33,"[38, 67, 33]","[352, 323]",6.866564432195942,0.12484662603992622,0,0
4193,1437,2,detour_3,Customer_74,Customer_79,38,33,"[38, 10, 33]","[129, 126]",6.991406359464534,0.12711647926299152,0,0
4194,1438,0,shortest,Customer_74,Customer_32,38,46,"[38, 43, 46]","[350, 376]",6.932359012554782,0.12604289113735967,0,0
4195,1438,1,detour_2,Customer_74,Customer_32,38,46,"[38, 10, 46]","[129, 124]",6.93378985477965,0.1260689064505391,0,0
4196,1438,2,detour_3,Customer_74,Customer_32,38,46,"[38, 43, 33, 46]","[350, 321, 324]",7.276892217144336,0.14265004128161649,0,0
4197,1439,0,shortest,Customer_74,Customer_49,38,46,"[38, 43, 46]","[350, 376]",6.932359012554782,0.12604289113735967,0,0
4198,1439,1,detour_2,Customer_74,Customer_49,38,46,"[38, 10, 46]","[129, 124]",6.93378985477965,0.1260689064505391,0,0
4199,1439,2,detour_3,Customer_74,Customer_49,38,46,"[38, 43, 33, 46]","[350, 321, 324]",7.276892217144336,0.14265004128161649,0,0
4200,1440,0,shortest,Customer_74,Customer_39,38,15,"[38, 73, 15]","[356, 181]",9.071345035442032,0.16493354609894603,0,0
4201,1440,1,detour_2,Customer_74,Customer_39,38,15,"[38, 73, 75, 15]","[356, 462, 177]",11.553868100094364,0.2100703290926248,0,0
4202,1440,2,detour_3,Customer_74,Customer_39,38,15,"[38, 67, 73, 15]","[352, 454, 181]",12.171431834785505,0.2212987606324637,0,0
4203,1441,0,shortest,Customer_74,Customer_75,38,15,"[38, 73, 15]","[356, 181]",9.071345035442032,0.16493354609894603,0,0
4204,1441,1,detour_2,Customer_74,Customer_75,38,15,"[38, 73, 75, 15]","[356, 462, 177]",11.553868100094364,0.2100703290926248,0,0
4205,1441,2,detour_3,Customer_74,Customer_75,38,15,"[38, 67, 73, 15]","[352, 454, 181]",12.171431834785505,0.2212987606324637,0,0
4206,1442,0,shortest,Customer_74,Customer_2,38,55,"[38, 32, 55]","[313, 316]",8.792558450834434,0.15986469910608064,1,0
4207,1442,1,avoid_congestion,Customer_74,Customer_2,38,55,"[38, 10, 50, 55]","[129, 120, 394]",9.622469587531725,0.17495399250057683,1,0
4208,1442,2,detour_3,Customer_74,Customer_2,38,55,"[38, 76, 32, 55]","[354, 315, 316]",9.169122964259788,0.1753215357502081,1,0
4209,1443,0,shortest,Customer_74,Customer_77,38,28,"[38, 32, 28]","[313, 289]",9.980484997469315,0.1814633635903512,0,0
4210,1443,1,detour_2,Customer_74,Customer_77,38,28,"[38, 76, 32, 28]","[354, 315, 289]",10.357049510894669,0.19692020023447865,0,0
4211,1443,2,detour_3,Customer_74,Customer_77,38,28,"[38, 10, 32, 28]","[129, 118, 289]",11.989542358103796,0.21799167923825086,0,0
4212,1444,0,shortest,Customer_74,Customer_13,38,35,"[38, 73, 15, 35]","[356, 181, 174]",14.380787494015028,0.26146886352754595,0,0
4213,1444,1,detour_2,Customer_74,Customer_13,38,35,"[38, 76, 49, 35]","[354, 391, 333]",16.288359968888134,0.2961519994343297,0,0
4214,1444,2,detour_3,Customer_74,Customer_13,38,35,"[38, 73, 15, 25, 35]","[356, 181, 178, 256]",15.774618381512077,0.3013581912025252,0,0
4215,1445,0,shortest,Customer_74,Customer_3,38,74,"[38, 32, 55, 74]","[313, 316, 414]",10.243672900927944,0.19614256035841837,2,0
4216,1445,1,avoid_congestion,Customer_74,Customer_3,38,74,"[38, 10, 50, 74]","[129, 120, 396]",10.980552143429744,0.19964640260781352,1,0
4217,1445,2,detour_3,Customer_74,Customer_3,38,74,"[38, 32, 50, 74]","[313, 318, 396]",11.581329129385018,0.21056962053427306,2,0
4218,1446,0,shortest,Customer_74,Customer_42,38,74,"[38, 32, 55, 74]","[313, 316, 414]",10.243672900927944,0.19614256035841837,2,0
4219,1446,1,avoid_congestion,Customer_74,Customer_42,38,74,"[38, 10, 50, 74]","[129, 120, 396]",10.980552143429744,0.19964640260781352,1,0
4220,1446,2,detour_3,Customer_74,Customer_42,38,74,"[38, 32, 50, 74]","[313, 318, 396]",11.581329129385018,0.21056962053427306,2,0
4221,1447,0,shortest,Customer_74,Customer_47,38,74,"[38, 32, 55, 74]","[313, 316, 414]",10.243672900927944,0.19614256035841837,2,0
4222,1447,1,avoid_congestion,Customer_74,Customer_47,38,74,"[38, 10, 50, 74]","[129, 120, 396]",10.980552143429744,0.19964640260781352,1,0
4223,1447,2,detour_3,Customer_74,Customer_47,38,74,"[38, 32, 50, 74]","[313, 318, 396]",11.581329129385018,0.21056962053427306,2,0
4224,1448,0,same_node,Customer_75,Customer_39,15,15,[15],[],0.0,0.0,0,0
4225,1449,0,shortest,Customer_75,Customer_10,15,73,"[15, 73]",[180],4.293751357646036,0.0780682065026552,0,0
4226,1449,1,detour_2,Customer_75,Customer_10,15,73,"[15, 75, 73]","[176, 463]",6.776274422298368,0.12320498949633396,0,0
4227,1449,2,detour_3,Customer_75,Customer_10,15,73,"[15, 25, 75, 73]","[178, 260, 463]",15.721447692875046,0.285844503506819,0,0
4228,1450,0,shortest,Customer_75,Customer_13,15,35,"[15, 35]",[174],5.309442458572996,0.09653531742859993,0,0
4229,1450,1,detour_2,Customer_75,Customer_13,15,35,"[15, 25, 35]","[178, 256]",6.703273346070046,0.1364246451035792,0,0
4230,1450,2,detour_3,Customer_75,Customer_13,15,35,"[15, 70, 35]","[182, 331]",12.715200941612384,0.2311854716656797,0,0
4231,1451,0,shortest,Customer_75,Customer_17,15,38,"[15, 73, 38]","[180, 357]",9.071345035442032,0.16493354609894603,0,0
4232,1451,1,detour_2,Customer_75,Customer_17,15,38,"[15, 75, 73, 38]","[176, 463, 357]",11.553868100094363,0.2100703290926248,0,0
4233,1451,2,detour_3,Customer_75,Customer_17,15,38,"[15, 73, 67, 38]","[180, 455, 353]",12.171431834785505,0.22129876063246373,0,0
4234,1452,0,shortest,Customer_75,Customer_74,15,38,"[15, 73, 38]","[180, 357]",9.071345035442032,0.16493354609894603,0,0
4235,1452,1,detour_2,Customer_75,Customer_74,15,38,"[15, 75, 73, 38]","[176, 463, 357]",11.553868100094363,0.2100703290926248,0,0
4236,1452,2,detour_3,Customer_75,Customer_74,15,38,"[15, 73, 67, 38]","[180, 455, 353]",12.171431834785505,0.22129876063246373,0,0
4237,1453,0,shortest,Customer_75,Customer_21,15,67,"[15, 73, 67]","[180, 455]",8.953033249807277,0.16278242272376867,0,0
4238,1453,1,detour_2,Customer_75,Customer_21,15,67,"[15, 75, 67]","[176, 457]",11.326504390943542,0.20593644347170076,0,0
4239,1453,2,detour_3,Customer_75,Customer_21,15,67,"[15, 75, 73, 67]","[176, 463, 455]",11.435556314459609,0.20791920571744743,0,0
4240,1454,0,shortest,Customer_75,Customer_22,15,67,"[15, 73, 67]","[180, 455]",8.953033249807277,0.16278242272376867,0,0
4241,1454,1,detour_2,Customer_75,Customer_22,15,67,"[15, 75, 67]","[176, 457]",11.326504390943542,0.20593644347170076,0,0
4242,1454,2,detour_3,Customer_75,Customer_22,15,67,"[15, 75, 73, 67]","[176, 463, 455]",11.435556314459609,0.20791920571744743,0,0
4243,1455,0,shortest,Customer_75,Customer_52,15,43,"[15, 73, 67, 43]","[180, 455, 375]",10.164530193932496,0.19306984632689916,0,0
4244,1455,1,detour_2,Customer_75,Customer_52,15,43,"[15, 73, 38, 43]","[180, 357, 350]",11.58585419489726,0.21065189445267746,0,0
4245,1455,2,detour_3,Customer_75,Customer_52,15,43,"[15, 75, 67, 43]","[176, 457, 375]",12.538001335068762,0.23622386707483126,0,0
4246,1456,0,shortest,Customer_75,Customer_58,15,43,"[15, 73, 67, 43]","[180, 455, 375]",10.164530193932496,0.19306984632689916,0,0
4247,1456,1,detour_2,Customer_75,Customer_58,15,43,"[15, 73, 38, 43]","[180, 357, 350]",11.58585419489726,0.21065189445267746,0,0
4248,1456,2,detour_3,Customer_75,Customer_58,15,43,"[15, 75, 67, 43]","[176, 457, 375]",12.538001335068762,0.23622386707483126,0,0
4249,1457,0,shortest,Customer_75,Customer_51,15,10,"[15, 73, 38, 10]","[180, 357, 129]",13.031349360216083,0.2369336247312015,0,0
4250,1457,1,detour_2,Customer_75,Customer_51,15,10,"[15, 73, 67, 10]","[180, 455, 133]",13.210146592103003,0.24018448349278188,0,0
4251,1457,2,detour_3,Customer_75,Customer_51,15,10,"[15, 73, 67, 43, 10]","[180, 455, 375, 131]",13.283592725264295,0.2497800741692955,0,0
4252,1458,0,shortest,Customer_75,Customer_71,15,32,"[15, 73, 38, 32]","[180, 357, 313]",13.632976931961963,0.24787230785385383,0,0
4253,1458,1,detour_2,Customer_75,Customer_71,15,32,"[15, 73, 38, 76, 32]","[180, 357, 354, 315]",14.009541445387313,0.2633291444979813,0,0
4254,1458,2,detour_3,Customer_75,Customer_71,15,32,"[15, 73, 38, 10, 32]","[180, 357, 129, 118]",15.642034292596444,0.2844006235017535,0,0
4255,1459,0,shortest,Customer_75,Customer_27,15,33,"[15, 73, 67, 33]","[180, 455, 323]",12.601199097024992,0.22911271085499985,0,0
4256,1459,1,detour_2,Customer_75,Customer_27,15,33,"[15, 73, 67, 43, 33]","[180, 455, 375, 321]",13.409953109369418,0.25207753569847957,0,0
4257,1459,2,detour_3,Customer_75,Customer_27,15,33,"[15, 73, 38, 43, 33]","[180, 357, 350, 321]",14.831277110334183,0.26965958382425786,0,0
4258,1460,0,shortest,Customer_75,Customer_79,15,33,"[15, 73, 67, 33]","[180, 455, 323]",12.601199097024992,0.22911271085499985,0,0
4259,1460,1,detour_2,Customer_75,Customer_79,15,33,"[15, 73, 67, 43, 33]","[180, 455, 375, 321]",13.409953109369418,0.25207753569847957,0,0
4260,1460,2,detour_3,Customer_75,Customer_79,15,33,"[15, 73, 38, 43, 33]","[180, 357, 350, 321]",14.831277110334183,0.26965958382425786,0,0
4261,1461,0,shortest,Customer_75,Customer_32,15,46,"[15, 73, 67, 33, 46]","[180, 455, 323, 324]",14.118159239277178,0.2670367144113045,0,0
4262,1461,1,detour_2,Customer_75,Customer_32,15,46,"[15, 73, 67, 43, 46]","[180, 455, 375, 376]",14.58238004703205,0.27339438911052744,0,0
4263,1461,2,detour_3,Customer_75,Customer_32,15,46,"[15, 73, 67, 43, 33, 46]","[180, 455, 375, 321, 324]",14.926913251621604,0.2900015392547842,0,0
4264,1462,0,shortest,Customer_75,Customer_49,15,46,"[15, 73, 67, 33, 46]","[180, 455, 323, 324]",14.118159239277178,0.2670367144113045,0,0
4265,1462,1,detour_2,Customer_75,Customer_49,15,46,"[15, 73, 67, 43, 46]","[180, 455, 375, 376]",14.58238004703205,0.27339438911052744,0,0
4266,1462,2,detour_3,Customer_75,Customer_49,15,46,"[15, 73, 67, 43, 33, 46]","[180, 455, 375, 321, 324]",14.926913251621604,0.2900015392547842,0,0
4267,1463,0,shortest,Customer_75,Customer_57,15,58,"[15, 35, 58]","[174, 336]",13.636030481241892,0.24792782693167076,0,0
4268,1463,1,detour_2,Customer_75,Customer_57,15,58,"[15, 25, 35, 58]","[178, 256, 336]",15.029861368738942,0.28781715460665,0,0
4269,1463,2,detour_3,Customer_75,Customer_57,15,58,"[15, 70, 58]","[182, 437]",16.86140094441511,0.3065709262620929,0,0
4270,1464,0,shortest,Customer_75,Customer_78,15,58,"[15, 35, 58]","[174, 336]",13.636030481241892,0.24792782693167076,0,0
4271,1464,1,detour_2,Customer_75,Customer_78,15,58,"[15, 25, 35, 58]","[178, 256, 336]",15.029861368738942,0.28781715460665,0,0
4272,1464,2,detour_3,Customer_75,Customer_78,15,58,"[15, 70, 58]","[182, 437]",16.86140094441511,0.3065709262620929,0,0
4273,1465,0,shortest,Customer_75,Customer_40,15,36,"[15, 35, 36]","[174, 334]",14.545900633773162,0.26447092061405747,0,0
4274,1465,1,detour_2,Customer_75,Customer_40,15,36,"[15, 70, 36]","[182, 339]",15.599008755965723,0.28361834101755856,0,0
4275,1465,2,detour_3,Customer_75,Customer_40,15,36,"[15, 25, 35, 36]","[178, 256, 334]",15.939731521270211,0.30436024828903674,0,0
4276,1466,0,shortest,Customer_75,Customer_44,15,36,"[15, 35, 36]","[174, 334]",14.545900633773162,0.26447092061405747,0,0
4277,1466,1,detour_2,Customer_75,Customer_44,15,36,"[15, 70, 36]","[182, 339]",15.599008755965723,0.28361834101755856,0,0
4278,1466,2,detour_3,Customer_75,Customer_44,15,36,"[15, 25, 35, 36]","[178, 256, 334]",15.939731521270211,0.30436024828903674,0,0
4279,1467,0,shortest,Customer_75,Customer_77,15,28,"[15, 25, 49, 28]","[178, 254, 291]",16.096751455151377,0.29266820827547957,0,0
4280,1467,1,detour_2,Customer_75,Customer_77,15,28,"[15, 35, 49, 28]","[174, 332, 291]",17.855413276672994,0.3246438777576908,0,0
4281,1467,2,detour_3,Customer_75,Customer_77,15,28,"[15, 73, 38, 32, 28]","[180, 357, 313, 289]",19.051830032911347,0.3463969096892972,0,0
4282,1468,0,same_node,Customer_76,Customer_43,0,0,[0],[],0.0,0.0,0,0
4283,1469,0,shortest,Customer_76,Customer_72,0,24,"[0, 24]",[2],2.5942241133374417,0.04716771115158985,0,0
4284,1469,1,detour_2,Customer_76,Customer_72,0,24,"[0, 52, 24]","[0, 251]",7.66462504602936,0.13935681901871563,0,0
4285,1469,2,detour_3,Customer_76,Customer_72,0,24,"[0, 2, 24]","[4, 26]",9.233751405974544,0.1678863891995372,0,0
4286,1470,0,shortest,Customer_76,Customer_11,0,52,"[0, 52]",[0],3.124055766583747,0.05680101393788631,0,0
4287,1470,1,detour_2,Customer_76,Customer_11,0,52,"[0, 24, 52]","[2, 250]",7.134793392783054,0.12972351623241918,0,0
4288,1470,2,detour_3,Customer_76,Customer_11,0,52,"[0, 2, 52]","[4, 28]",10.261102809424886,0.186565505625907,0,0
4289,1471,0,shortest,Customer_76,Customer_12,0,52,"[0, 52]",[0],3.124055766583747,0.05680101393788631,0,0
4290,1471,1,detour_2,Customer_76,Customer_12,0,52,"[0, 24, 52]","[2, 250]",7.134793392783054,0.12972351623241918,0,0
4291,1471,2,detour_3,Customer_76,Customer_12,0,52,"[0, 2, 52]","[4, 28]",10.261102809424886,0.186565505625907,0,0
4292,1472,0,shortest,Customer_76,Customer_20,0,52,"[0, 52]",[0],3.124055766583747,0.05680101393788631,0,0
4293,1472,1,detour_2,Customer_76,Customer_20,0,52,"[0, 24, 52]","[2, 250]",7.134793392783054,0.12972351623241918,0,0
4294,1472,2,detour_3,Customer_76,Customer_20,0,52,"[0, 2, 52]","[4, 28]",10.261102809424886,0.186565505625907,0,0
4295,1473,0,shortest,Customer_76,Customer_53,0,52,"[0, 52]",[0],3.124055766583747,0.05680101393788631,0,0
4296,1473,1,detour_2,Customer_76,Customer_53,0,52,"[0, 24, 52]","[2, 250]",7.134793392783054,0.12972351623241918,0,0
4297,1473,2,detour_3,Customer_76,Customer_53,0,52,"[0, 2, 52]","[4, 28]",10.261102809424886,0.186565505625907,0,0
4298,1474,0,shortest,Customer_76,Customer_8,0,63,"[0, 52, 63]","[0, 402]",7.815393834614958,0.14209806972027195,0,0
4299,1474,1,detour_2,Customer_76,Customer_8,0,63,"[0, 52, 13, 63]","[0, 157, 152]",9.095186378368163,0.17832910261804566,0,0
4300,1474,2,detour_3,Customer_76,Customer_8,0,63,"[0, 24, 52, 63]","[2, 250, 402]",11.826131460814265,0.21502057201480484,0,0
4301,1475,0,shortest,Customer_76,Customer_5,0,7,"[0, 41, 7]","[6, 91]",11.305413578447912,0.20555297415359838,0,0
4302,1475,1,detour_2,Customer_76,Customer_5,0,7,"[0, 52, 13, 7]","[0, 157, 89]",11.495180065936683,0.2090032739261215,0,0
4303,1475,2,detour_3,Customer_76,Customer_5,0,7,"[0, 52, 13, 44, 7]","[0, 157, 158, 83]",11.788343755482117,0.2170533033359028,0,0
4304,1476,0,shortest,Customer_76,Customer_70,0,53,"[0, 52, 63, 53]","[0, 402, 409]",10.876125366513836,0.1977477339366152,0,0
4305,1476,1,detour_2,Customer_76,Customer_70,0,53,"[0, 52, 13, 63, 53]","[0, 157, 152, 409]",12.155917910267043,0.2339787668343889,0,0
4306,1476,2,detour_3,Customer_76,Customer_70,0,53,"[0, 52, 63, 60, 53]","[0, 402, 445, 407]",14.514191699216537,0.2638943945312098,0,0
4307,1477,0,shortest,Customer_76,Customer_23,0,39,"[0, 52, 79, 39]","[0, 404, 363]",12.534000447091293,0.22789091721984167,0,0
4308,1477,1,detour_2,Customer_76,Customer_23,0,39,"[0, 24, 6, 39]","[2, 79, 80]",14.618622645892106,0.26579313901622015,0,0
4309,1477,2,detour_3,Customer_76,Customer_23,0,39,"[0, 24, 6, 79, 39]","[2, 79, 76, 363]",15.253365093818068,0.2773339107966922,0,0
4310,1478,0,shortest,Customer_76,Customer_24,0,22,"[0, 41, 22]","[6, 243]",11.43855459830904,0.2079737199692553,0,0
4311,1478,1,detour_2,Customer_76,Customer_24,0,22,"[0, 41, 5, 22]","[6, 69, 56]",11.820955799511127,0.21793639505501666,0,0
4312,1478,2,detour_3,Customer_76,Customer_24,0,22,"[0, 41, 7, 22]","[6, 91, 86]",14.457611827190846,0.26286566958528806,0,0
4313,1479,0,shortest,Customer_76,Customer_6,0,5,"[0, 41, 5]","[6, 69]",11.379499990138353,0.20689999982069732,0,0
4314,1479,1,detour_2,Customer_76,Customer_6,0,5,"[0, 41, 22, 5]","[6, 243, 57]",11.880010407681814,0.21901011520357463,0,0
4315,1479,2,detour_3,Customer_76,Customer_6,0,5,"[0, 2, 41, 5]","[4, 24, 69]",14.535228651890336,0.2642768845798243,0,0
4316,1480,0,shortest,Customer_76,Customer_16,0,64,"[0, 52, 79, 39, 64]","[0, 404, 363, 358]",15.270266099267221,0.2776412018048586,0,0
4317,1480,1,detour_2,Customer_76,Customer_16,0,64,"[0, 52, 63, 30, 64]","[0, 402, 305, 302]",16.25532156829468,0.29555130124172146,0,0
4318,1480,2,detour_3,Customer_76,Customer_16,0,64,"[0, 52, 79, 39, 54, 64]","[0, 404, 363, 360, 410]",15.498563505829228,0.30200499368829004,0,0
4319,1481,0,shortest,Customer_76,Customer_56,0,64,"[0, 52, 79, 39, 64]","[0, 404, 363, 358]",15.270266099267221,0.2776412018048586,0,0
4320,1481,1,detour_2,Customer_76,Customer_56,0,64,"[0, 52, 63, 30, 64]","[0, 402, 305, 302]",16.25532156829468,0.29555130124172146,0,0
4321,1481,2,detour_3,Customer_76,Customer_56,0,64,"[0, 52, 79, 39, 54, 64]","[0, 404, 363, 360, 410]",15.498563505829228,0.30200499368829004,0,0
4322,1482,0,shortest,Customer_76,Customer_63,0,64,"[0, 52, 79, 39, 64]","[0, 404, 363, 358]",15.270266099267221,0.2776412018048586,0,0
4323,1482,1,detour_2,Customer_76,Customer_63,0,64,"[0, 52, 63, 30, 64]","[0, 402, 305, 302]",16.25532156829468,0.29555130124172146,0,0
4324,1482,2,detour_3,Customer_76,Customer_63,0,64,"[0, 52, 79, 39, 54, 64]","[0, 404, 363, 360, 410]",15.498563505829228,0.30200499368829004,0,0
4325,1483,0,shortest,Customer_76,Customer_64,0,64,"[0, 52, 79, 39, 64]","[0, 404, 363, 358]",15.270266099267221,0.2776412018048586,0,0
4326,1483,1,detour_2,Customer_76,Customer_64,0,64,"[0, 52, 63, 30, 64]","[0, 402, 305, 302]",16.25532156829468,0.29555130124172146,0,0
4327,1483,2,detour_3,Customer_76,Customer_64,0,64,"[0, 52, 79, 39, 54, 64]","[0, 404, 363, 360, 410]",15.498563505829228,0.30200499368829004,0,0
4328,1484,0,shortest,Customer_76,Customer_80,0,3,"[0, 52, 63, 3]","[0, 402, 41]",13.059771918381108,0.23745039851602012,0,0
4329,1484,1,detour_2,Customer_76,Customer_80,0,3,"[0, 52, 63, 53, 3]","[0, 402, 409, 35]",13.181543482422233,0.25538318683432515,0,0
4330,1484,2,detour_3,Customer_76,Customer_80,0,3,"[0, 52, 13, 63, 3]","[0, 157, 152, 41]",14.339564462134312,0.27368143141379386,0,0
4331,1485,0,shortest,Customer_76,Customer_55,0,48,"[0, 52, 63, 53, 48]","[0, 402, 409, 389]",15.102715180825335,0.27459482146955155,0,0
4332,1485,1,detour_2,Customer_76,Customer_55,0,48,"[0, 52, 63, 3, 48]","[0, 402, 41, 36]",16.675145016512246,0.3031844548456772,1,0
4333,1485,2,detour_3,Customer_76,Customer_55,0,48,"[0, 52, 13, 63, 53, 48]","[0, 157, 152, 409, 389]",16.38250772457854,0.31082585436732524,0,0
4334,1486,0,shortest,Customer_76,Customer_26,0,31,"[0, 41, 22, 69, 31]","[6, 243, 238, 311]",19.575490475360876,0.35591800864292505,1,0
4335,1486,1,detour_2,Customer_76,Customer_26,0,31,"[0, 41, 5, 69, 31]","[6, 69, 54, 311]",19.80536254539285,0.36009750082532455,1,0
4336,1486,2,detour_3,Customer_76,Customer_26,0,31,"[0, 41, 22, 69, 18, 31]","[6, 243, 238, 215, 206]",19.77196602768797,0.36075283877290865,2,0
4337,1487,0,shortest,Customer_76,Customer_67,0,31,"[0, 41, 22, 69, 31]","[6, 243, 238, 311]",19.575490475360876,0.35591800864292505,1,0
4338,1487,1,detour_2,Customer_76,Customer_67,0,31,"[0, 41, 5, 69, 31]","[6, 69, 54, 311]",19.80536254539285,0.36009750082532455,1,0
4339,1487,2,detour_3,Customer_76,Customer_67,0,31,"[0, 41, 22, 69, 18, 31]","[6, 243, 238, 215, 206]",19.77196602768797,0.36075283877290865,2,0
4340,1488,0,shortest,Customer_77,Customer_48,28,27,"[28, 27]",[273],3.073809230221697,0.0558874405494854,0,0
4341,1488,1,detour_2,Customer_77,Customer_48,28,27,"[28, 59, 27]","[282, 271]",8.025755356929958,0.1459228246714538,1,0
4342,1488,2,detour_3,Customer_77,Customer_48,28,27,"[28, 74, 27]","[284, 279]",11.123599777828652,0.20224726868779366,2,0
4343,1489,0,shortest,Customer_77,Customer_3,28,74,"[28, 74]",[284],4.719988160335938,0.08581796655156251,1,0
4344,1489,1,detour_2,Customer_77,Customer_3,28,74,"[28, 59, 74]","[282, 438]",5.025584712700724,0.10297919649116298,2,0
4345,1489,2,detour_3,Customer_77,Customer_3,28,74,"[28, 72, 74]","[286, 460]",6.6102919471627555,0.1285059429390759,2,0
4346,1490,0,shortest,Customer_77,Customer_42,28,74,"[28, 74]",[284],4.719988160335938,0.08581796655156251,1,0
4347,1490,1,detour_2,Customer_77,Customer_42,28,74,"[28, 59, 74]","[282, 438]",5.025584712700724,0.10297919649116298,2,0
4348,1490,2,detour_3,Customer_77,Customer_42,28,74,"[28, 72, 74]","[286, 460]",6.6102919471627555,0.1285059429390759,2,0
4349,1491,0,shortest,Customer_77,Customer_47,28,74,"[28, 74]",[284],4.719988160335938,0.08581796655156251,1,0
4350,1491,1,detour_2,Customer_77,Customer_47,28,74,"[28, 59, 74]","[282, 438]",5.025584712700724,0.10297919649116298,2,0
4351,1491,2,detour_3,Customer_77,Customer_47,28,74,"[28, 72, 74]","[286, 460]",6.6102919471627555,0.1285059429390759,2,0
4352,1492,0,shortest,Customer_77,Customer_15,28,72,"[28, 72]",[286],5.390198841865636,0.09800361530664792,1,0
4353,1492,1,detour_2,Customer_77,Customer_15,28,72,"[28, 59, 72]","[282, 440]",5.398508550827069,0.11230229244432163,2,0
4354,1492,2,detour_3,Customer_77,Customer_15,28,72,"[28, 74, 72]","[284, 461]",5.940081265633058,0.11632029418399051,2,0
4355,1493,0,shortest,Customer_77,Customer_71,28,32,"[28, 32]",[288],5.418853100949386,0.09852460183544338,0,0
4356,1493,1,detour_2,Customer_77,Customer_71,28,32,"[28, 59, 55, 32]","[282, 419, 317]",10.616453584508534,0.1930264288092461,3,0
4357,1493,2,detour_3,Customer_77,Customer_71,28,32,"[28, 74, 55, 32]","[284, 415, 317]",10.402029164743952,0.19902176515507308,3,0
4358,1494,0,shortest,Customer_77,Customer_54,28,69,"[28, 59, 69]","[282, 442]",6.992682804739836,0.1271396873589061,2,0
4359,1494,1,avoid_congestion,Customer_77,Customer_54,28,69,"[28, 27, 69]","[273, 274]",7.455235141109881,0.13554972983836147,0,0
4360,1494,2,detour_3,Customer_77,Customer_54,28,69,"[28, 72, 69]","[286, 459]",9.418912351957903,0.17125295185378006,2,0
4361,1495,0,shortest,Customer_77,Customer_2,28,55,"[28, 59, 55]","[282, 419]",6.385527030194028,0.11610049145807325,2,0
4362,1495,1,avoid_congestion,Customer_77,Customer_2,28,55,"[28, 27, 59, 55]","[273, 270, 419]",10.838034694948188,0.19705517627178526,1,0
4363,1495,2,detour_2,Customer_77,Customer_2,28,55,"[28, 74, 55]","[284, 415]",6.171102610429447,0.12209582780390024,2,0
4364,1495,3,detour_3,Customer_77,Customer_2,28,55,"[28, 59, 74, 55]","[282, 438, 415]",6.476699162794232,0.1392570577435007,3,0
4365,1496,0,shortest,Customer_77,Customer_35,28,8,"[28, 59, 8]","[282, 105]",6.628716375074549,0.12052211591044634,2,0
4366,1496,1,avoid_congestion,Customer_77,Customer_35,28,8,"[28, 27, 59, 8]","[273, 270, 105]",11.08122403982871,0.20147680072415836,1,0
4367,1496,2,detour_2,Customer_77,Customer_35,28,8,"[28, 72, 8]","[286, 95]",6.6258862728094154,0.1288958010802424,2,0
4368,1496,3,detour_3,Customer_77,Customer_35,28,8,"[28, 74, 8]","[284, 107]",6.961014566703737,0.14184362671075748,2,0
4369,1497,0,shortest,Customer_77,Customer_41,28,8,"[28, 59, 8]","[282, 105]",6.628716375074549,0.12052211591044634,2,0
4370,1497,1,avoid_congestion,Customer_77,Customer_41,28,8,"[28, 27, 59, 8]","[273, 270, 105]",11.08122403982871,0.20147680072415836,1,0
4371,1497,2,detour_2,Customer_77,Customer_41,28,8,"[28, 72, 8]","[286, 95]",6.6258862728094154,0.1288958010802424,2,0
4372,1497,3,detour_3,Customer_77,Customer_41,28,8,"[28, 74, 8]","[284, 107]",6.961014566703737,0.14184362671075748,2,0
4373,1498,0,shortest,Customer_77,Customer_46,28,8,"[28, 59, 8]","[282, 105]",6.628716375074549,0.12052211591044634,2,0
4374,1498,1,avoid_congestion,Customer_77,Customer_46,28,8,"[28, 27, 59, 8]","[273, 270, 105]",11.08122403982871,0.20147680072415836,1,0
4375,1498,2,detour_2,Customer_77,Customer_46,28,8,"[28, 72, 8]","[286, 95]",6.6258862728094154,0.1288958010802424,2,0
4376,1498,3,detour_3,Customer_77,Customer_46,28,8,"[28, 74, 8]","[284, 107]",6.961014566703737,0.14184362671075748,2,0
4377,1499,0,shortest,Customer_77,Customer_26,28,31,"[28, 74, 31]","[284, 309]",8.005693238015311,0.14555805887300566,2,0
4378,1499,1,avoid_congestion,Customer_77,Customer_26,28,31,"[28, 27, 69, 31]","[273, 274, 311]",10.902462903375111,0.19822659824318384,1,0
4379,1499,2,detour_2,Customer_77,Customer_26,28,31,"[28, 72, 31]","[286, 307]",7.455952158212274,0.1496474482153139,2,0
4380,1499,3,detour_3,Customer_77,Customer_26,28,31,"[28, 72, 18, 31]","[286, 209, 206]",7.826164212957444,0.15890274958394315,3,0
4381,1500,0,shortest,Customer_77,Customer_67,28,31,"[28, 74, 31]","[284, 309]",8.005693238015311,0.14555805887300566,2,0
4382,1500,1,avoid_congestion,Customer_77,Customer_67,28,31,"[28, 27, 69, 31]","[273, 274, 311]",10.902462903375111,0.19822659824318384,1,0
4383,1500,2,detour_2,Customer_77,Customer_67,28,31,"[28, 72, 31]","[286, 307]",7.455952158212274,0.1496474482153139,2,0
4384,1500,3,detour_3,Customer_77,Customer_67,28,31,"[28, 72, 18, 31]","[286, 209, 206]",7.826164212957444,0.15890274958394315,3,0
4385,1501,0,shortest,Customer_77,Customer_14,28,17,"[28, 74, 17]","[284, 205]",7.597892704930451,0.1381435037260082,2,0
4386,1501,1,detour_2,Customer_77,Customer_14,28,17,"[28, 59, 74, 17]","[282, 438, 205]",7.903489257295236,0.15530473366560865,3,0
4387,1501,2,detour_3,Customer_77,Customer_14,28,17,"[28, 72, 17]","[286, 197]",7.862782728551927,0.15981821247380523,2,0
4388,1502,0,shortest,Customer_77,Customer_29,28,17,"[28, 74, 17]","[284, 205]",7.597892704930451,0.1381435037260082,2,0
4389,1502,1,detour_2,Customer_77,Customer_29,28,17,"[28, 59, 74, 17]","[282, 438, 205]",7.903489257295236,0.15530473366560865,3,0
4390,1502,2,detour_3,Customer_77,Customer_29,28,17,"[28, 72, 17]","[286, 197]",7.862782728551927,0.15981821247380523,2,0
4391,1503,0,shortest,Customer_77,Customer_31,28,17,"[28, 74, 17]","[284, 205]",7.597892704930451,0.1381435037260082,2,0
4392,1503,1,detour_2,Customer_77,Customer_31,28,17,"[28, 59, 74, 17]","[282, 438, 205]",7.903489257295236,0.15530473366560865,3,0
4393,1503,2,detour_3,Customer_77,Customer_31,28,17,"[28, 72, 17]","[286, 197]",7.862782728551927,0.15981821247380523,2,0
4394,1504,0,shortest,Customer_77,Customer_37,28,68,"[28, 27, 68]","[273, 276]",7.8970783856120885,0.14358324337476525,0,0
4395,1504,1,detour_2,Customer_77,Customer_37,28,68,"[28, 27, 11, 68]","[273, 139, 134]",12.512042327004657,0.22749167867281192,0,0
4396,1504,2,detour_3,Customer_77,Customer_37,28,68,"[28, 59, 27, 68]","[282, 271, 276]",12.84902451232035,0.23361862749673362,1,0
4397,1505,0,shortest,Customer_77,Customer_51,28,10,"[28, 32, 10]","[288, 119]",8.029538033329747,0.1459916006059954,0,0
4398,1505,1,detour_2,Customer_77,Customer_51,28,10,"[28, 32, 76, 10]","[288, 314, 123]",9.761252014690761,0.18608751848531666,0,0
4399,1505,2,detour_3,Customer_77,Customer_51,28,10,"[28, 32, 50, 10]","[288, 318, 121]",11.534661641599637,0.20972112075635707,1,0
4400,1506,0,shortest,Customer_77,Customer_33,28,4,"[28, 74, 17, 4]","[284, 205, 51]",8.071115328412075,0.1499740693130488,3,0
4401,1506,1,detour_2,Customer_77,Customer_33,28,4,"[28, 72, 4]","[286, 49]",8.326936292785016,0.1513988416870003,2,0
4402,1506,2,detour_3,Customer_77,Customer_33,28,4,"[28, 59, 72, 4]","[282, 440, 49]",8.33524600174645,0.165697518824674,3,0
4403,1507,0,shortest,Customer_77,Customer_17,28,38,"[28, 32, 38]","[288, 312]",9.980484997469315,0.1814633635903512,0,0
4404,1507,1,detour_2,Customer_77,Customer_17,28,38,"[28, 32, 76, 38]","[288, 314, 355]",10.357049510894669,0.19692020023447865,0,0
4405,1507,2,detour_3,Customer_77,Customer_17,28,38,"[28, 32, 10, 38]","[288, 119, 128]",11.989542358103797,0.21799167923825086,0,0
4406,1508,0,same_node,Customer_78,Customer_57,58,58,[58],[],0.0,0.0,0,0
4407,1509,0,shortest,Customer_78,Customer_40,58,36,"[58, 36]",[341],4.032502734252157,0.0733182315318574,0,0
4408,1509,1,detour_2,Customer_78,Customer_40,58,36,"[58, 70, 36]","[436, 339]",16.237101774320525,0.2952200322603732,0,0
4409,1509,2,detour_3,Customer_78,Customer_40,58,36,"[58, 35, 36]","[337, 334]",17.56304619786906,0.31932811268852834,0,0
4410,1510,0,shortest,Customer_78,Customer_44,58,36,"[58, 36]",[341],4.032502734252157,0.0733182315318574,0,0
4411,1510,1,detour_2,Customer_78,Customer_44,58,36,"[58, 70, 36]","[436, 339]",16.237101774320525,0.2952200322603732,0,0
4412,1510,2,detour_3,Customer_78,Customer_44,58,36,"[58, 35, 36]","[337, 334]",17.56304619786906,0.31932811268852834,0,0
4413,1511,0,shortest,Customer_78,Customer_13,58,35,"[58, 35]",[337],8.326588022668895,0.15139250950307082,0,0
4414,1511,1,detour_2,Customer_78,Customer_13,58,35,"[58, 36, 35]","[341, 335]",13.268960909452321,0.24125383471731493,0,0
4415,1511,2,detour_3,Customer_78,Customer_13,58,35,"[58, 70, 35]","[436, 331]",13.35329395996719,0.24278716290849434,0,0
4416,1512,0,shortest,Customer_78,Customer_77,58,28,"[58, 49, 28]","[393, 291]",13.896264226720799,0.2526593495767418,0,0
4417,1512,1,detour_2,Customer_78,Customer_77,58,28,"[58, 35, 49, 28]","[337, 332, 291]",20.872558840768892,0.3795010698321617,0,0
4418,1512,2,detour_3,Customer_78,Customer_77,58,28,"[58, 49, 76, 32, 28]","[393, 390, 315, 289]",20.64497141252187,0.38397332571860954,0,0
4419,1513,0,shortest,Customer_78,Customer_48,58,27,"[58, 49, 28, 27]","[393, 291, 273]",16.970073456942497,0.3085467901262272,0,0
4420,1513,1,detour_2,Customer_78,Customer_48,58,27,"[58, 49, 28, 59, 27]","[393, 291, 282, 271]",21.92201958365076,0.3985821742481956,1,0
4421,1513,2,detour_3,Customer_78,Customer_48,58,27,"[58, 35, 49, 28, 27]","[337, 332, 291, 273]",23.94636807099059,0.4353885103816471,0,0
4422,1514,0,shortest,Customer_78,Customer_39,58,15,"[58, 35, 15]","[337, 175]",13.636030481241892,0.24792782693167076,0,0
4423,1514,1,detour_2,Customer_78,Customer_39,58,15,"[58, 35, 25, 15]","[337, 257, 179]",15.02986136873894,0.28781715460665,0,0
4424,1514,2,detour_3,Customer_78,Customer_39,58,15,"[58, 70, 15]","[436, 183]",16.86140094441511,0.3065709262620929,0,0
4425,1515,0,shortest,Customer_78,Customer_75,58,15,"[58, 35, 15]","[337, 175]",13.636030481241892,0.24792782693167076,0,0
4426,1515,1,detour_2,Customer_78,Customer_75,58,15,"[58, 35, 25, 15]","[337, 257, 179]",15.02986136873894,0.28781715460665,0,0
4427,1515,2,detour_3,Customer_78,Customer_75,58,15,"[58, 70, 15]","[436, 183]",16.86140094441511,0.3065709262620929,0,0
4428,1516,0,shortest,Customer_78,Customer_7,58,11,"[58, 49, 28, 27, 11]","[393, 291, 273, 139]",23.576466559405986,0.4286630283528361,0,0
4429,1516,1,detour_2,Customer_78,Customer_7,58,11,"[58, 49, 28, 27, 68, 11]","[393, 291, 273, 276, 135]",24.625182606652363,0.44773059284822475,0,0
4430,1516,2,detour_3,Customer_78,Customer_7,58,11,"[58, 49, 28, 59, 27, 11]","[393, 291, 282, 271, 139]",28.528412686114244,0.5186984124748044,1,0
4431,1517,0,shortest,Customer_78,Customer_17,58,38,"[58, 49, 76, 38]","[393, 390, 355]",17.638653377508934,0.3207027886819806,0,0
4432,1517,1,detour_2,Customer_78,Customer_17,58,38,"[58, 49, 76, 32, 38]","[393, 390, 315, 312]",19.787750208092415,0.368387485638074,0,0
4433,1517,2,detour_3,Customer_78,Customer_17,58,38,"[58, 49, 76, 10, 38]","[393, 390, 123, 128]",21.002860206079077,0.38187018556507407,0,0
4434,1518,0,shortest,Customer_78,Customer_74,58,38,"[58, 49, 76, 38]","[393, 390, 355]",17.638653377508934,0.3207027886819806,0,0
4435,1518,1,detour_2,Customer_78,Customer_74,58,38,"[58, 49, 76, 32, 38]","[393, 390, 315, 312]",19.787750208092415,0.368387485638074,0,0
4436,1518,2,detour_3,Customer_78,Customer_74,58,38,"[58, 49, 76, 10, 38]","[393, 390, 123, 128]",21.002860206079077,0.38187018556507407,0,0
4437,1519,0,shortest,Customer_78,Customer_37,58,68,"[58, 49, 28, 27, 68]","[393, 291, 273, 276]",21.79334261233289,0.39624259295150704,0,0
4438,1519,1,detour_2,Customer_78,Customer_37,58,68,"[58, 49, 28, 27, 11, 68]","[393, 291, 273, 139, 134]",26.40830655372546,0.4801510282495538,0,0
4439,1519,2,detour_3,Customer_78,Customer_37,58,68,"[58, 49, 28, 59, 27, 68]","[393, 291, 282, 271, 276]",26.74528873904115,0.4862779770734754,1,0
4440,1520,0,shortest,Customer_78,Customer_71,58,32,"[58, 49, 76, 32]","[393, 390, 315]",15.226118311572485,0.28544872388316617,0,0
4441,1520,1,detour_2,Customer_78,Customer_71,58,32,"[58, 49, 28, 32]","[393, 291, 288]",19.315117327670187,0.35118395141218517,0,0
4442,1520,2,detour_3,Customer_78,Customer_71,58,32,"[58, 49, 76, 10, 32]","[393, 390, 123, 118]",19.653540813685385,0.3573371057033706,0,0
4443,1521,0,shortest,Customer_78,Customer_10,58,73,"[58, 35, 15, 73]","[337, 175, 180]",17.929781838887926,0.3259960334343259,0,0
4444,1521,1,detour_2,Customer_78,Customer_10,58,73,"[58, 35, 25, 15, 73]","[337, 257, 179, 180]",19.323612726384976,0.36588536110930525,0,0
4445,1521,2,detour_3,Customer_78,Customer_10,58,73,"[58, 35, 15, 75, 73]","[337, 175, 176, 463]",20.41230490354026,0.3711328164280047,0,0
4446,1522,0,shortest,Customer_78,Customer_54,58,69,"[58, 49, 28, 59, 69]","[393, 291, 282, 442]",20.888947031460635,0.3797990369356479,2,0
4447,1522,1,avoid_congestion,Customer_78,Customer_54,58,69,"[58, 49, 28, 27, 69]","[393, 291, 273, 274]",21.35149936783068,0.3882090794151033,0,0
4448,1522,2,detour_3,Customer_78,Customer_54,58,69,"[58, 49, 28, 72, 69]","[393, 291, 286, 459]",23.315176578678702,0.42391230143052183,2,0
4449,1523,0,shortest,Customer_78,Customer_3,58,74,"[58, 49, 28, 74]","[393, 291, 284]",18.616252387056736,0.33847731612830434,1,0
4450,1523,1,detour_2,Customer_78,Customer_3,58,74,"[58, 49, 28, 59, 74]","[393, 291, 282, 438]",18.921848939421523,0.3556385460679048,2,0
4451,1523,2,detour_3,Customer_78,Customer_3,58,74,"[58, 49, 28, 72, 74]","[393, 291, 286, 460]",20.506556173883556,0.3811652925158177,2,0
4452,1524,0,shortest,Customer_78,Customer_42,58,74,"[58, 49, 28, 74]","[393, 291, 284]",18.616252387056736,0.33847731612830434,1,0
4453,1524,1,detour_2,Customer_78,Customer_42,58,74,"[58, 49, 28, 59, 74]","[393, 291, 282, 438]",18.921848939421523,0.3556385460679048,2,0
4454,1524,2,detour_3,Customer_78,Customer_42,58,74,"[58, 49, 28, 72, 74]","[393, 291, 286, 460]",20.506556173883556,0.3811652925158177,2,0
4455,1525,0,shortest,Customer_78,Customer_47,58,74,"[58, 49, 28, 74]","[393, 291, 284]",18.616252387056736,0.33847731612830434,1,0
4456,1525,1,detour_2,Customer_78,Customer_47,58,74,"[58, 49, 28, 59, 74]","[393, 291, 282, 438]",18.921848939421523,0.3556385460679048,2,0
4457,1525,2,detour_3,Customer_78,Customer_47,58,74,"[58, 49, 28, 72, 74]","[393, 291, 286, 460]",20.506556173883556,0.3811652925158177,2,0
4458,1526,0,shortest,Customer_78,Customer_51,58,10,"[58, 49, 76, 10]","[393, 390, 123]",17.042855881305027,0.30987010693281863,0,0
4459,1526,1,detour_2,Customer_78,Customer_51,58,10,"[58, 49, 76, 32, 10]","[393, 390, 315, 119]",17.836803243952843,0.33291572265371816,0,0
4460,1526,2,detour_3,Customer_78,Customer_51,58,10,"[58, 49, 76, 50, 10]","[393, 390, 399, 121]",21.30766647180334,0.3874121176691517,0,0
4461,1527,0,shortest,Customer_78,Customer_52,58,43,"[58, 49, 76, 43]","[393, 390, 379]",18.74134895355649,0.3407517991555725,0,0
4462,1527,1,detour_2,Customer_78,Customer_52,58,43,"[58, 49, 76, 38, 43]","[393, 390, 355, 350]",20.15316253696416,0.366421137035712,0,0
4463,1527,2,detour_3,Customer_78,Customer_52,58,43,"[58, 49, 76, 10, 43]","[393, 390, 123, 130]",20.161918412636826,0.366580334775215,0,0
4464,1528,0,same_node,Customer_79,Customer_27,33,33,[33],[],0.0,0.0,0,0
4465,1529,0,shortest,Customer_79,Customer_32,33,46,"[33, 46]",[324],1.5169601422521861,0.03792400355630465,0,0
4466,1529,1,detour_2,Customer_79,Customer_32,33,46,"[33, 10, 46]","[127, 124]",6.005187564696085,0.10918522844901972,0,0
4467,1529,2,detour_3,Customer_79,Customer_32,33,46,"[33, 43, 46]","[320, 376]",7.663272768536478,0.13933223215520868,0,0
4468,1530,0,shortest,Customer_79,Customer_49,33,46,"[33, 46]",[324],1.5169601422521861,0.03792400355630465,0,0
4469,1530,1,detour_2,Customer_79,Customer_49,33,46,"[33, 10, 46]","[127, 124]",6.005187564696085,0.10918522844901972,0,0
4470,1530,2,detour_3,Customer_79,Customer_49,33,46,"[33, 43, 46]","[320, 376]",7.663272768536478,0.13933223215520868,0,0
4471,1531,0,shortest,Customer_79,Customer_51,33,10,"[33, 10]",[127],3.0314020346904846,0.055116400630736084,0,0
4472,1531,1,detour_2,Customer_79,Customer_51,33,10,"[33, 46, 10]","[324, 125]",4.490745672257786,0.09199283137458829,0,0
4473,1531,2,detour_3,Customer_79,Customer_51,33,10,"[33, 43, 10]","[320, 131]",6.364485446768722,0.11571791721397677,0,0
4474,1532,0,shortest,Customer_79,Customer_52,33,43,"[33, 43]",[320],3.2454229154369227,0.059007689371580414,0,0
4475,1532,1,detour_2,Customer_79,Customer_52,33,43,"[33, 67, 43]","[322, 375]",4.859662791342934,0.09661771173436165,0,0
4476,1532,2,detour_3,Customer_79,Customer_52,33,43,"[33, 10, 43]","[127, 130]",6.1504645660222845,0.11182662847313243,0,0
4477,1533,0,shortest,Customer_79,Customer_58,33,43,"[33, 43]",[320],3.2454229154369227,0.059007689371580414,0,0
4478,1533,1,detour_2,Customer_79,Customer_58,33,43,"[33, 67, 43]","[322, 375]",4.859662791342934,0.09661771173436165,0,0
4479,1533,2,detour_3,Customer_79,Customer_58,33,43,"[33, 10, 43]","[127, 130]",6.1504645660222845,0.11182662847313243,0,0
4480,1534,0,shortest,Customer_79,Customer_21,33,67,"[33, 67]",[322],3.6481658472177143,0.06633028813123117,0,0
4481,1534,1,detour_2,Customer_79,Customer_21,33,67,"[33, 43, 67]","[320, 374]",4.456919859562142,0.0892951129747109,0,0
4482,1534,2,detour_3,Customer_79,Customer_21,33,67,"[33, 10, 67]","[127, 132]",7.288515376986211,0.1325184613997493,0,0
4483,1535,0,shortest,Customer_79,Customer_22,33,67,"[33, 67]",[322],3.6481658472177143,0.06633028813123117,0,0
4484,1535,1,detour_2,Customer_79,Customer_22,33,67,"[33, 43, 67]","[320, 374]",4.456919859562142,0.0892951129747109,0,0
4485,1535,2,detour_3,Customer_79,Customer_22,33,67,"[33, 10, 67]","[127, 132]",7.288515376986211,0.1325184613997493,0,0
4486,1536,0,shortest,Customer_79,Customer_38,33,14,"[33, 14]",[173],4.66979564470209,0.0849053753582198,0,0
4487,1536,1,detour_2,Customer_79,Customer_38,33,14,"[33, 46, 14]","[324, 171]",4.856095969853308,0.09863556405814322,0,0
4488,1536,2,detour_3,Customer_79,Customer_38,33,14,"[33, 10, 46, 14]","[127, 124, 171]",9.344323392297206,0.1698967889508583,0,0
4489,1537,0,shortest,Customer_79,Customer_17,33,38,"[33, 43, 38]","[320, 351]",5.75993207489215,0.10472603772531183,0,0
4490,1537,1,detour_2,Customer_79,Customer_17,33,38,"[33, 67, 38]","[322, 353]",6.866564432195942,0.12484662603992622,0,0
4491,1537,2,detour_3,Customer_79,Customer_17,33,38,"[33, 10, 38]","[127, 128]",6.991406359464534,0.12711647926299152,0,0
4492,1538,0,shortest,Customer_79,Customer_74,33,38,"[33, 43, 38]","[320, 351]",5.75993207489215,0.10472603772531183,0,0
4493,1538,1,detour_2,Customer_79,Customer_74,33,38,"[33, 67, 38]","[322, 353]",6.866564432195942,0.12484662603992622,0,0
4494,1538,2,detour_3,Customer_79,Customer_74,33,38,"[33, 10, 38]","[127, 128]",6.991406359464534,0.12711647926299152,0,0
4495,1539,0,shortest,Customer_79,Customer_71,33,32,"[33, 10, 32]","[127, 118]",5.642086967070845,0.10258339940128808,0,0
4496,1539,1,detour_2,Customer_79,Customer_71,33,32,"[33, 46, 10, 32]","[324, 125, 118]",7.101430604638146,0.1394598301451403,0,0
4497,1539,2,detour_3,Customer_79,Customer_71,33,32,"[33, 10, 76, 32]","[127, 122, 315]",7.373800948431859,0.14267931728060937,0,0
4498,1540,0,shortest,Customer_79,Customer_9,33,34,"[33, 14, 34]","[173, 168]",6.712337790056658,0.13596892899208401,0,0
4499,1540,1,detour_2,Customer_79,Customer_9,33,34,"[33, 46, 14, 34]","[324, 171, 168]",6.898638115207875,0.14969911769200742,0,0
4500,1540,2,detour_3,Customer_79,Customer_9,33,34,"[33, 14, 47, 34]","[173, 162, 329]",7.800979361303964,0.16318496827326667,1,0
4501,1541,0,shortest,Customer_79,Customer_30,33,47,"[33, 14, 47]","[173, 162]",6.929036736743898,0.14138640265926503,0,0
4502,1541,1,detour_2,Customer_79,Customer_30,33,47,"[33, 46, 14, 47]","[324, 171, 162]",7.115337061895117,0.15511659135918843,0,0
4503,1541,2,detour_3,Customer_79,Customer_30,33,47,"[33, 14, 34, 47]","[173, 168, 328]",7.584280414616725,0.15776749460608566,1,0
4504,1542,0,shortest,Customer_79,Customer_60,33,47,"[33, 14, 47]","[173, 162]",6.929036736743898,0.14138640265926503,0,0
4505,1542,1,detour_2,Customer_79,Customer_60,33,47,"[33, 46, 14, 47]","[324, 171, 162]",7.115337061895117,0.15511659135918843,0,0
4506,1542,2,detour_3,Customer_79,Customer_60,33,47,"[33, 14, 34, 47]","[173, 168, 328]",7.584280414616725,0.15776749460608566,1,0
4507,1543,0,shortest,Customer_79,Customer_65,33,47,"[33, 14, 47]","[173, 162]",6.929036736743898,0.14138640265926503,0,0
4508,1543,1,detour_2,Customer_79,Customer_65,33,47,"[33, 46, 14, 47]","[324, 171, 162]",7.115337061895117,0.15511659135918843,0,0
4509,1543,2,detour_3,Customer_79,Customer_65,33,47,"[33, 14, 34, 47]","[173, 168, 328]",7.584280414616725,0.15776749460608566,1,0
4510,1544,0,shortest,Customer_79,Customer_2,33,55,"[33, 46, 50, 55]","[324, 384, 394]",7.903252798333982,0.15403841548506458,1,0
4511,1544,1,detour_2,Customer_79,Customer_2,33,55,"[33, 10, 50, 55]","[127, 120, 394]",8.693867297448161,0.15807031449905745,1,0
4512,1544,2,detour_3,Customer_79,Customer_2,33,55,"[33, 10, 32, 55]","[127, 118, 316]",9.87301352138535,0.1795093367524609,1,0
4513,1545,0,shortest,Customer_79,Customer_50,33,26,"[33, 14, 26]","[173, 164]",7.862482715457444,0.14295423119013534,0,0
4514,1545,1,detour_2,Customer_79,Customer_50,33,26,"[33, 46, 14, 26]","[324, 171, 164]",8.048783040608663,0.15668441989005877,0,0
4515,1545,2,detour_3,Customer_79,Customer_50,33,26,"[33, 14, 34, 26]","[173, 168, 267]",9.499473786598115,0.1866441289292014,0,0
4516,1546,0,shortest,Customer_79,Customer_69,33,9,"[33, 14, 26, 9]","[173, 164, 109]",9.017849066059778,0.17183838995519368,0,0
4517,1546,1,detour_2,Customer_79,Customer_69,33,9,"[33, 46, 14, 26, 9]","[324, 171, 164, 109]",9.204149391210997,0.1855685786551171,0,0
4518,1546,2,detour_3,Customer_79,Customer_69,33,9,"[33, 14, 47, 9]","[173, 162, 113]",9.99859249644542,0.19719650738111089,0,0
4519,1547,0,shortest,Customer_79,Customer_10,33,73,"[33, 67, 73]","[322, 454]",8.307447739378954,0.15104450435234462,0,0
4520,1547,1,detour_2,Customer_79,Customer_10,33,73,"[33, 43, 67, 73]","[320, 374, 454]",9.116201751723384,0.17400932919582437,0,0
4521,1547,2,detour_3,Customer_79,Customer_10,33,73,"[33, 43, 38, 73]","[320, 351, 356]",10.537525752688147,0.19159137732160267,0,0
4522,1548,0,shortest,Customer_80,Customer_70,3,53,"[3, 53]",[34],2.305418115908397,0.057635452897709924,0,0
4523,1548,1,detour_2,Customer_80,Customer_70,3,53,"[3, 30, 53]","[32, 300]",5.948696807751681,0.1241303283841777,0,0
4524,1548,2,detour_3,Customer_80,Customer_70,3,53,"[3, 60, 53]","[38, 407]",7.6888385266240835,0.13979706412043788,0,0
4525,1549,0,shortest,Customer_80,Customer_55,3,48,"[3, 48]",[36],3.6153730981311383,0.06573405632965706,1,0
4526,1549,1,avoid_congestion,Customer_80,Customer_55,3,48,"[3, 53, 48]","[34, 389]",6.532007930219895,0.13448254043064625,0,0
4527,1549,2,detour_3,Customer_80,Customer_55,3,48,"[3, 30, 53, 48]","[32, 300, 389]",10.17528662206318,0.20097741591711404,0,0
4528,1550,0,shortest,Customer_80,Customer_8,3,63,"[3, 63]",[40],5.24437808376615,0.09535232879574818,0,0
4529,1550,1,detour_2,Customer_80,Customer_8,3,63,"[3, 53, 63]","[34, 408]",5.366149647807276,0.11328511711405317,0,0
4530,1550,2,detour_3,Customer_80,Customer_8,3,63,"[3, 30, 63]","[32, 304]",7.856897725347688,0.1428526859154125,0,0
4531,1551,0,shortest,Customer_80,Customer_16,3,64,"[3, 30, 64]","[32, 302]",7.795243605818902,0.14173170192398005,0,0
4532,1551,1,detour_2,Customer_80,Customer_16,3,64,"[3, 30, 12, 64]","[32, 149, 140]",8.190196348720107,0.1552603479489136,0,0
4533,1551,2,detour_3,Customer_80,Customer_16,3,64,"[3, 30, 12, 54, 64]","[32, 149, 142, 410]",9.275495268875346,0.18239282095279458,0,0
4534,1552,0,shortest,Customer_80,Customer_56,3,64,"[3, 30, 64]","[32, 302]",7.795243605818902,0.14173170192398005,0,0
4535,1552,1,detour_2,Customer_80,Customer_56,3,64,"[3, 30, 12, 64]","[32, 149, 140]",8.190196348720107,0.1552603479489136,0,0
4536,1552,2,detour_3,Customer_80,Customer_56,3,64,"[3, 30, 12, 54, 64]","[32, 149, 142, 410]",9.275495268875346,0.18239282095279458,0,0
4537,1553,0,shortest,Customer_80,Customer_63,3,64,"[3, 30, 64]","[32, 302]",7.795243605818902,0.14173170192398005,0,0
4538,1553,1,detour_2,Customer_80,Customer_63,3,64,"[3, 30, 12, 64]","[32, 149, 140]",8.190196348720107,0.1552603479489136,0,0
4539,1553,2,detour_3,Customer_80,Customer_63,3,64,"[3, 30, 12, 54, 64]","[32, 149, 142, 410]",9.275495268875346,0.18239282095279458,0,0
4540,1554,0,shortest,Customer_80,Customer_64,3,64,"[3, 30, 64]","[32, 302]",7.795243605818902,0.14173170192398005,0,0
4541,1554,1,detour_2,Customer_80,Customer_64,3,64,"[3, 30, 12, 64]","[32, 149, 140]",8.190196348720107,0.1552603479489136,0,0
4542,1554,2,detour_3,Customer_80,Customer_64,3,64,"[3, 30, 12, 54, 64]","[32, 149, 142, 410]",9.275495268875346,0.18239282095279458,0,0
4543,1555,0,shortest,Customer_80,Customer_34,3,66,"[3, 30, 12, 77, 57, 66]","[32, 149, 144, 427, 430]",17.65403936243099,0.3329981565391715,0,0
4544,1555,1,detour_2,Customer_80,Customer_34,3,66,"[3, 30, 12, 77, 57, 16, 66]","[32, 149, 144, 427, 185, 186]",18.065892410725628,0.3432944827465375,0,0
4545,1555,2,detour_3,Customer_80,Customer_34,3,66,"[3, 30, 64, 77, 57, 66]","[32, 302, 452, 427, 430]",18.362641952850943,0.34588184000135247,0,0
4546,1556,0,shortest,Customer_80,Customer_73,3,66,"[3, 30, 12, 77, 57, 66]","[32, 149, 144, 427, 430]",17.65403936243099,0.3329981565391715,0,0
4547,1556,1,detour_2,Customer_80,Customer_73,3,66,"[3, 30, 12, 77, 57, 16, 66]","[32, 149, 144, 427, 185, 186]",18.065892410725628,0.3432944827465375,0,0
4548,1556,2,detour_3,Customer_80,Customer_73,3,66,"[3, 30, 64, 77, 57, 66]","[32, 302, 452, 427, 430]",18.362641952850943,0.34588184000135247,0,0
4549,1557,0,shortest,Customer_80,Customer_33,3,4,"[3, 48, 4]","[36, 53]",7.906005455592306,0.14374555373804193,2,0
4550,1557,1,avoid_congestion,Customer_80,Customer_33,3,4,"[3, 53, 48, 4]","[34, 389, 53]",10.822640287681061,0.2124940378390311,1,0
4551,1557,2,detour_2,Customer_80,Customer_33,3,4,"[3, 48, 42, 4]","[36, 373, 45]",7.906309236438354,0.17300745978733745,3,0
4552,1557,3,detour_3,Customer_80,Customer_33,3,4,"[3, 48, 42, 17, 4]","[36, 373, 195, 51]",8.650829784284289,0.19162047348348585,4,0
4553,1558,0,shortest,Customer_80,Customer_18,3,57,"[3, 30, 12, 77, 57]","[32, 149, 144, 427]",15.89174803650181,0.288940873390942,0,0
4554,1558,1,detour_2,Customer_80,Customer_18,3,57,"[3, 30, 64, 77, 57]","[32, 302, 452, 427]",16.600350626921763,0.301824556853123,0,0
4555,1558,2,detour_3,Customer_80,Customer_18,3,57,"[3, 30, 12, 64, 77, 57]","[32, 149, 140, 452, 427]",16.99530336982297,0.31535320287805657,0,0
4556,1559,0,shortest,Customer_80,Customer_28,3,16,"[3, 30, 12, 77, 57, 16]","[32, 149, 144, 427, 185]",16.137626622104296,0.2950878380310042,0,0
4557,1559,1,detour_2,Customer_80,Customer_28,3,16,"[3, 30, 64, 77, 57, 16]","[32, 302, 452, 427, 185]",16.84622921252425,0.3079715214931852,0,0
4558,1559,2,detour_3,Customer_80,Customer_28,3,16,"[3, 30, 12, 64, 77, 57, 16]","[32, 149, 140, 452, 427, 185]",17.241181955425457,0.3215001675181188,0,0
4559,1560,0,shortest,Customer_80,Customer_66,3,16,"[3, 30, 12, 77, 57, 16]","[32, 149, 144, 427, 185]",16.137626622104296,0.2950878380310042,0,0
4560,1560,1,detour_2,Customer_80,Customer_66,3,16,"[3, 30, 64, 77, 57, 16]","[32, 302, 452, 427, 185]",16.84622921252425,0.3079715214931852,0,0
4561,1560,2,detour_3,Customer_80,Customer_66,3,16,"[3, 30, 12, 64, 77, 57, 16]","[32, 149, 140, 452, 427, 185]",17.241181955425457,0.3215001675181188,0,0
4562,1561,0,shortest,Customer_80,Customer_14,3,17,"[3, 48, 4, 17]","[36, 53, 50]",8.379228079073929,0.15557611932508253,3,0
4563,1561,1,avoid_congestion,Customer_80,Customer_14,3,17,"[3, 53, 48, 4, 17]","[34, 389, 53, 50]",11.295862911162684,0.2243246034260717,2,0
4564,1561,2,detour_2,Customer_80,Customer_14,3,17,"[3, 48, 42, 17]","[36, 373, 195]",8.177607160802665,0.17978990789644525,3,0
4565,1561,3,detour_3,Customer_80,Customer_14,3,17,"[3, 48, 42, 4, 17]","[36, 373, 45, 50]",8.379531859919977,0.18483802537437805,4,0
4566,1562,0,shortest,Customer_80,Customer_29,3,17,"[3, 48, 4, 17]","[36, 53, 50]",8.379228079073929,0.15557611932508253,3,0
4567,1562,1,avoid_congestion,Customer_80,Customer_29,3,17,"[3, 53, 48, 4, 17]","[34, 389, 53, 50]",11.295862911162684,0.2243246034260717,2,0
4568,1562,2,detour_2,Customer_80,Customer_29,3,17,"[3, 48, 42, 17]","[36, 373, 195]",8.177607160802665,0.17978990789644525,3,0
4569,1562,3,detour_3,Customer_80,Customer_29,3,17,"[3, 48, 42, 4, 17]","[36, 373, 45, 50]",8.379531859919977,0.18483802537437805,4,0
4570,1563,0,shortest,Customer_80,Customer_31,3,17,"[3, 48, 4, 17]","[36, 53, 50]",8.379228079073929,0.15557611932508253,3,0
4571,1563,1,avoid_congestion,Customer_80,Customer_31,3,17,"[3, 53, 48, 4, 17]","[34, 389, 53, 50]",11.295862911162684,0.2243246034260717,2,0
4572,1563,2,detour_2,Customer_80,Customer_31,3,17,"[3, 48, 42, 17]","[36, 373, 195]",8.177607160802665,0.17978990789644525,3,0
4573,1563,3,detour_3,Customer_80,Customer_31,3,17,"[3, 48, 42, 4, 17]","[36, 373, 45, 50]",8.379531859919977,0.18483802537437805,4,0
4574,1564,0,shortest,Customer_80,Customer_23,3,39,"[3, 30, 64, 39]","[32, 302, 359]",10.53150925799483,0.19148198650899695,0,0
4575,1564,1,detour_2,Customer_80,Customer_23,3,39,"[3, 30, 12, 39]","[32, 149, 146]",10.724908044017104,0.19499832807303827,0,0
4576,1564,2,detour_3,Customer_80,Customer_23,3,39,"[3, 30, 12, 64, 39]","[32, 149, 140, 359]",10.926462000896036,0.2050106325339305,0,0
4577,1565,0,shortest,Customer_80,Customer_26,3,31,"[3, 48, 18, 31]","[36, 213, 206]",8.302560482785848,0.152218192501961,3,0
4578,1565,1,avoid_congestion,Customer_80,Customer_26,3,31,"[3, 53, 48, 18, 31]","[34, 389, 213, 206]",11.219195314874606,0.2209666766029502,2,0
4579,1565,2,detour_2,Customer_80,Customer_26,3,31,"[3, 48, 42, 18, 31]","[36, 373, 211, 206]",9.33378992547618,0.18577992420353298,4,0
4580,1565,3,detour_3,Customer_80,Customer_26,3,31,"[3, 48, 4, 17, 31]","[36, 53, 50, 202]",11.449194335109977,0.21139368761664706,4,0
4581,1566,0,shortest,Customer_80,Customer_67,3,31,"[3, 48, 18, 31]","[36, 213, 206]",8.302560482785848,0.152218192501961,3,0
4582,1566,1,avoid_congestion,Customer_80,Customer_67,3,31,"[3, 53, 48, 18, 31]","[34, 389, 213, 206]",11.219195314874606,0.2209666766029502,2,0
4583,1566,2,detour_2,Customer_80,Customer_67,3,31,"[3, 48, 42, 18, 31]","[36, 373, 211, 206]",9.33378992547618,0.18577992420353298,4,0
4584,1566,3,detour_3,Customer_80,Customer_67,3,31,"[3, 48, 4, 17, 31]","[36, 53, 50, 202]",11.449194335109977,0.21139368761664706,4,0
4585,1567,0,shortest,Customer_80,Customer_30,3,47,"[3, 48, 4, 55, 50, 46, 14, 47]","[36, 53, 46, 395, 385, 171, 162]",22.75285111400343,0.42909211860943836,4,0
4586,1567,1,avoid_congestion,Customer_80,Customer_30,3,47,"[3, 30, 12, 77, 57, 61, 1, 47]","[32, 149, 144, 427, 428, 11, 14]",27.31390622183948,0.49661647676071796,0,0
4587,1567,2,detour_2,Customer_80,Customer_30,3,47,"[3, 48, 4, 55, 50, 46, 14, 34, 47]","[36, 53, 46, 395, 385, 171, 168, 328]",23.408094791876255,0.44547321055625905,5,0
4588,1567,3,detour_3,Customer_80,Customer_30,3,47,"[3, 48, 4, 17, 55, 50, 46, 14, 47]","[36, 53, 50, 198, 395, 385, 171, 162]",22.861403946257795,0.45132077634320467,5,0
ev_15,5,ev_15,shortest,Customer_1,Customer_38,1,14,"[1, 26, 'vir_14', 14]","[12, 'arc_26_vir_14', 'arc_vir_14_14']",5.787701526462876,0.10523093684477956,0,1
ev_16,5,ev_16,detour_2,Customer_1,Customer_38,1,14,"[1, 9, 26, 'vir_14', 14]","[16, 108, 'arc_26_vir_14', 'arc_vir_14_14']",5.7886991704098705,0.12294915832327845,0,1
ev_17,5,ev_17,detour_3,Customer_1,Customer_38,1,14,"[1, 47, 'vir_14', 14]","[14, 'arc_47_vir_14', 'arc_vir_14_14']",6.74435282557104,0.13802851336521307,0,1
ev_19,6,ev_19,detour_2,Customer_1,Customer_34,1,66,"[1, 'vir_61', 61, 66]","['arc_1_vir_61', 'arc_vir_61_61', 446]",5.8385656454318235,0.12110953523756748,0,1
ev_20,6,ev_20,detour_3,Customer_1,Customer_34,1,66,"[1, 'vir_61', 61, 57, 66]","['arc_1_vir_61', 'arc_vir_61_61', 429, 430]",8.699337777737625,0.17018540045383757,0,1
ev_22,7,ev_22,detour_2,Customer_1,Customer_73,1,66,"[1, 'vir_61', 61, 66]","['arc_1_vir_61', 'arc_vir_61_61', 446]",5.8385656454318235,0.12110953523756748,0,1
ev_23,7,ev_23,detour_3,Customer_1,Customer_73,1,66,"[1, 'vir_61', 61, 57, 66]","['arc_1_vir_61', 'arc_vir_61_61', 429, 430]",8.699337777737625,0.17018540045383757,0,1
ev_27,9,ev_27,shortest,Customer_1,Customer_18,1,57,"[1, 'vir_61', 61, 57]","['arc_1_vir_61', 'arc_vir_61_61', 429]",6.937046451808445,0.12612811730560808,0,1
ev_28,9,ev_28,detour_2,Customer_1,Customer_18,1,57,"[1, 'vir_61', 61, 16, 57]","['arc_1_vir_61', 'arc_vir_61_61', 189, 184]",7.198418033856887,0.1325567727901422,0,1
ev_30,10,ev_30,shortest,Customer_1,Customer_28,1,16,"[1, 'vir_61', 61, 16]","['arc_1_vir_61', 'arc_vir_61_61', 189]",6.952539448254399,0.12640980815008,0,1
ev_31,10,ev_31,detour_2,Customer_1,Customer_28,1,16,"[1, 'vir_61', 61, 57, 16]","['arc_1_vir_61', 'arc_vir_61_61', 429, 185]",7.182925037410934,0.13227508194567028,0,1
ev_33,11,ev_33,shortest,Customer_1,Customer_66,1,16,"[1, 'vir_61', 61, 16]","['arc_1_vir_61', 'arc_vir_61_61', 189]",6.952539448254399,0.12640980815008,0,1
ev_34,11,ev_34,detour_2,Customer_1,Customer_66,1,16,"[1, 'vir_61', 61, 57, 16]","['arc_1_vir_61', 'arc_vir_61_61', 429, 185]",7.182925037410934,0.13227508194567028,0,1
ev_36,12,ev_36,shortest,Customer_1,Customer_32,1,46,"[1, 26, 'vir_14', 14, 46]","[12, 'arc_26_vir_14', 'arc_vir_14_14', 170]",9.126837354063998,0.16594249734661815,0,1
ev_37,12,ev_37,detour_2,Customer_1,Customer_32,1,46,"[1, 9, 26, 'vir_14', 14, 46]","[16, 108, 'arc_26_vir_14', 'arc_vir_14_14', 170]",9.127834998010993,0.18366071882511703,0,1
ev_38,12,ev_38,detour_3,Customer_1,Customer_32,1,46,"[1, 47, 'vir_14', 14, 46]","[14, 'arc_47_vir_14', 'arc_vir_14_14', 170]",10.08348865317216,0.19874007386705164,0,1
ev_39,13,ev_39,shortest,Customer_1,Customer_49,1,46,"[1, 26, 'vir_14', 14, 46]","[12, 'arc_26_vir_14', 'arc_vir_14_14', 170]",9.126837354063998,0.16594249734661815,0,1
ev_40,13,ev_40,detour_2,Customer_1,Customer_49,1,46,"[1, 9, 26, 'vir_14', 14, 46]","[16, 108, 'arc_26_vir_14', 'arc_vir_14_14', 170]",9.127834998010993,0.18366071882511703,0,1
ev_41,13,ev_41,detour_3,Customer_1,Customer_49,1,46,"[1, 47, 'vir_14', 14, 46]","[14, 'arc_47_vir_14', 'arc_vir_14_14', 170]",10.08348865317216,0.19874007386705164,0,1
ev_42,14,ev_42,shortest,Customer_1,Customer_27,1,33,"[1, 26, 'vir_14', 14, 'vir_33', 33]","[12, 'arc_26_vir_14', 'arc_vir_14_14', 'arc_14_vir_33', 'arc_vir_33_33']",10.457497171164967,0.19013631220299937,0,1
ev_43,14,ev_43,detour_2,Customer_1,Customer_27,1,33,"[1, 26, 'vir_14', 14, 46, 'vir_33', 33]","[12, 'arc_26_vir_14', 'arc_vir_14_14', 170, 'arc_46_vir_33', 'arc_vir_33_33']",10.643797496316184,0.2038665009029228,0,1
ev_44,14,ev_44,detour_3,Customer_1,Customer_27,1,33,"[1, 9, 26, 'vir_14', 14, 'vir_33', 33]","[16, 108, 'arc_26_vir_14', 'arc_vir_14_14', 'arc_14_vir_33', 'arc_vir_33_33']",10.45849481511196,0.20785453368149825,0,1
ev_45,15,ev_45,shortest,Customer_1,Customer_79,1,33,"[1, 26, 'vir_14', 14, 'vir_33', 33]","[12, 'arc_26_vir_14', 'arc_vir_14_14', 'arc_14_vir_33', 'arc_vir_33_33']",10.457497171164967,0.19013631220299937,0,1
ev_46,15,ev_46,detour_2,Customer_1,Customer_79,1,33,"[1, 26, 'vir_14', 14, 46, 'vir_33', 33]","[12, 'arc_26_vir_14', 'arc_vir_14_14', 170, 'arc_46_vir_33', 'arc_vir_33_33']",10.643797496316184,0.2038665009029228,0,1
ev_47,15,ev_47,detour_3,Customer_1,Customer_79,1,33,"[1, 9, 26, 'vir_14', 14, 'vir_33', 33]","[16, 108, 'arc_26_vir_14', 'arc_vir_14_14', 'arc_14_vir_33', 'arc_vir_33_33']",10.45849481511196,0.20785453368149825,0,1
ev_48,16,ev_48,shortest,Customer_1,Customer_33,1,4,"[1, 26, 'vir_14', 14, 46, 50, 55, 4]","[12, 'arc_26_vir_14', 'arc_vir_14_14', 170, 384, 394, 47]",18.375306092832194,0.3340964744151308,2,1
ev_49,16,ev_49,detour_2,Customer_1,Customer_33,1,4,"[1, 9, 26, 'vir_14', 14, 46, 50, 55, 4]","[16, 108, 'arc_26_vir_14', 'arc_vir_14_14', 170, 384, 394, 47]",18.37630373677919,0.3518146958936297,2,1
ev_50,16,ev_50,detour_3,Customer_1,Customer_33,1,4,"[1, 26, 'vir_14', 14, 46, 50, 55, 17, 4]","[12, 'arc_26_vir_14', 'arc_vir_14_14', 170, 384, 394, 199, 51]",18.483858925086555,0.3563251321488971,3,1
ev_51,17,ev_51,shortest,Customer_1,Customer_14,1,17,"[1, 26, 'vir_14', 14, 46, 50, 55, 17]","[12, 'arc_26_vir_14', 'arc_vir_14_14', 170, 384, 394, 199]",18.01063630160493,0.3444945665618565,2,1
ev_52,17,ev_52,detour_2,Customer_1,Customer_14,1,17,"[1, 26, 'vir_14', 14, 46, 50, 55, 4, 17]","[12, 'arc_26_vir_14', 'arc_vir_14_14', 170, 384, 394, 47, 50]",18.84852871631382,0.3459270400021714,3,1
ev_53,17,ev_53,detour_3,Customer_1,Customer_14,1,17,"[1, 26, 'vir_14', 14, 46, 50, 'vir_74', 74, 17]","[12, 'arc_26_vir_14', 'arc_vir_14_14', 170, 384, 'arc_50_vir_74', 'arc_vir_74_74', 205]",19.749117110638323,0.3590748565570604,2,1
ev_54,18,ev_54,shortest,Customer_1,Customer_29,1,17,"[1, 26, 'vir_14', 14, 46, 50, 55, 17]","[12, 'arc_26_vir_14', 'arc_vir_14_14', 170, 384, 394, 199]",18.01063630160493,0.3444945665618565,2,1
ev_55,18,ev_55,detour_2,Customer_1,Customer_29,1,17,"[1, 26, 'vir_14', 14, 46, 50, 55, 4, 17]","[12, 'arc_26_vir_14', 'arc_vir_14_14', 170, 384, 394, 47, 50]",18.84852871631382,0.3459270400021714,3,1
ev_56,18,ev_56,detour_3,Customer_1,Customer_29,1,17,"[1, 26, 'vir_14', 14, 46, 50, 'vir_74', 74, 17]","[12, 'arc_26_vir_14', 'arc_vir_14_14', 170, 384, 'arc_50_vir_74', 'arc_vir_74_74', 205]",19.749117110638323,0.3590748565570604,2,1
ev_57,19,ev_57,shortest,Customer_1,Customer_31,1,17,"[1, 26, 'vir_14', 14, 46, 50, 55, 17]","[12, 'arc_26_vir_14', 'arc_vir_14_14', 170, 384, 394, 199]",18.01063630160493,0.3444945665618565,2,1
ev_58,19,ev_58,detour_2,Customer_1,Customer_31,1,17,"[1, 26, 'vir_14', 14, 46, 50, 55, 4, 17]","[12, 'arc_26_vir_14', 'arc_vir_14_14', 170, 384, 394, 47, 50]",18.84852871631382,0.3459270400021714,3,1
ev_59,19,ev_59,detour_3,Customer_1,Customer_31,1,17,"[1, 26, 'vir_14', 14, 46, 50, 'vir_74', 74, 17]","[12, 'arc_26_vir_14', 'arc_vir_14_14', 170, 384, 'arc_50_vir_74', 'arc_vir_74_74', 205]",19.749117110638323,0.3590748565570604,2,1
ev_60,20,ev_60,shortest,Customer_2,Customer_3,55,74,"[55, 'vir_74', 74]","['arc_55_vir_74', 'arc_vir_74_74']",1.451114450093509,0.03627786125233772,1,1
ev_61,20,ev_61,detour_2,Customer_2,Customer_3,55,74,"[55, 72, 'vir_74', 74]","[416, 'arc_72_vir_74', 'arc_vir_74_74']",3.5225288256697826,0.08806322064174457,2,1
ev_62,20,ev_62,detour_3,Customer_2,Customer_3,55,74,"[55, 59, 'vir_74', 74]","[418, 'arc_59_vir_74', 'arc_vir_74_74']",4.764054820497257,0.09822410754200905,2,1
ev_63,21,ev_63,shortest,Customer_2,Customer_42,55,74,"[55, 'vir_74', 74]","['arc_55_vir_74', 'arc_vir_74_74']",1.451114450093509,0.03627786125233772,1,1
ev_64,21,ev_64,detour_2,Customer_2,Customer_42,55,74,"[55, 72, 'vir_74', 74]","[416, 'arc_72_vir_74', 'arc_vir_74_74']",3.5225288256697826,0.08806322064174457,2,1
ev_65,21,ev_65,detour_3,Customer_2,Customer_42,55,74,"[55, 59, 'vir_74', 74]","[418, 'arc_59_vir_74', 'arc_vir_74_74']",4.764054820497257,0.09822410754200905,2,1
ev_66,22,ev_66,shortest,Customer_2,Customer_47,55,74,"[55, 'vir_74', 74]","['arc_55_vir_74', 'arc_vir_74_74']",1.451114450093509,0.03627786125233772,1,1
ev_67,22,ev_67,detour_2,Customer_2,Customer_47,55,74,"[55, 72, 'vir_74', 74]","[416, 'arc_72_vir_74', 'arc_vir_74_74']",3.5225288256697826,0.08806322064174457,2,1
ev_68,22,ev_68,detour_3,Customer_2,Customer_47,55,74,"[55, 59, 'vir_74', 74]","[418, 'arc_59_vir_74', 'arc_vir_74_74']",4.764054820497257,0.09822410754200905,2,1
ev_70,23,ev_70,detour_2,Customer_2,Customer_15,55,72,"[55, 'vir_74', 74, 72]","['arc_55_vir_74', 'arc_vir_74_74', 461]",2.671207555390629,0.06678018888476572,2,1
ev_74,24,ev_74,detour_3,Customer_2,Customer_14,55,17,"[55, 'vir_74', 74, 17]","['arc_55_vir_74', 'arc_vir_74_74', 205]",4.329018994688021,0.08860339842678341,2,1
ev_77,25,ev_77,detour_3,Customer_2,Customer_29,55,17,"[55, 'vir_74', 74, 17]","['arc_55_vir_74', 'arc_vir_74_74', 205]",4.329018994688021,0.08860339842678341,2,1
ev_80,26,ev_80,detour_3,Customer_2,Customer_31,55,17,"[55, 'vir_74', 74, 17]","['arc_55_vir_74', 'arc_vir_74_74', 205]",4.329018994688021,0.08860339842678341,2,1
ev_83,27,ev_83,detour_3,Customer_2,Customer_35,55,8,"[55, 'vir_74', 74, 8]","['arc_55_vir_74', 'arc_vir_74_74', 107]",3.6921408564613074,0.0923035214115327,2,1
ev_86,28,ev_86,detour_3,Customer_2,Customer_41,55,8,"[55, 'vir_74', 74, 8]","['arc_55_vir_74', 'arc_vir_74_74', 107]",3.6921408564613074,0.0923035214115327,2,1
ev_89,29,ev_89,detour_3,Customer_2,Customer_46,55,8,"[55, 'vir_74', 74, 8]","['arc_55_vir_74', 'arc_vir_74_74', 107]",3.6921408564613074,0.0923035214115327,2,1
ev_92,30,ev_92,detour_3,Customer_2,Customer_33,55,4,"[55, 'vir_74', 74, 17, 4]","['arc_55_vir_74', 'arc_vir_74_74', 205, 51]",4.802241618169645,0.10043396401382401,3,1
ev_94,31,ev_94,detour_2,Customer_2,Customer_26,55,31,"[55, 'vir_74', 74, 31]","['arc_55_vir_74', 'arc_vir_74_74', 309]",4.736819527772882,0.09601795357378087,2,1
ev_97,32,ev_97,detour_2,Customer_2,Customer_67,55,31,"[55, 'vir_74', 74, 31]","['arc_55_vir_74', 'arc_vir_74_74', 309]",4.736819527772882,0.09601795357378087,2,1
ev_105,35,ev_105,shortest,Customer_2,Customer_9,55,34,"[55, 50, 46, 'vir_14', 14, 34]","[395, 385, 'arc_46_vir_14', 'arc_vir_14_14', 168]",11.767970629037487,0.2278895260644627,1,1
ev_106,35,ev_106,detour_2,Customer_2,Customer_9,55,34,"[55, 50, 46, 'vir_14', 14, 47, 34]","[395, 385, 'arc_46_vir_14', 'arc_vir_14_14', 162, 329]",12.856612200284793,0.2551055653456454,2,1
ev_107,35,ev_107,detour_3,Customer_2,Customer_9,55,34,"[55, 50, 10, 46, 'vir_14', 14, 34]","[395, 121, 124, 'arc_46_vir_14', 'arc_vir_14_14', 168]",14.017928765718965,0.2687978558223078,1,1
ev_110,36,ev_110,detour_2,Customer_2,Customer_77,55,28,"[55, 'vir_74', 74, 28]","['arc_55_vir_74', 'arc_vir_74_74', 285]",6.171102610429447,0.12209582780390024,2,1
ev_111,36,ev_111,detour_3,Customer_2,Customer_77,55,28,"[55, 'vir_74', 74, 59, 28]","['arc_55_vir_74', 'arc_vir_74_74', 439, 283]",6.476699162794231,0.13925705774350072,3,1
ev_115,37,ev_115,detour_3,Customer_2,Customer_54,55,69,"[55, 'vir_74', 74, 72, 69]","['arc_55_vir_74', 'arc_vir_74_74', 461, 459]",6.699921065482897,0.14002952543189787,3,1
ev_118,38,ev_118,detour_3,Customer_2,Customer_32,55,46,"[55, 'vir_74', 74, 50, 46]","['arc_55_vir_74', 'arc_vir_74_74', 397, 385]",9.195489662073323,0.17708468328833435,2,1
ev_121,39,ev_121,detour_3,Customer_2,Customer_49,55,46,"[55, 'vir_74', 74, 50, 46]","['arc_55_vir_74', 'arc_vir_74_74', 397, 385]",9.195489662073323,0.17708468328833435,2,1
ev_174,58,ev_174,shortest,Customer_3,Customer_9,74,34,"[74, 50, 46, 'vir_14', 14, 34]","[397, 385, 'arc_46_vir_14', 'arc_vir_14_14', 168]",13.126053184935504,0.2525819361716994,1,1
ev_175,58,ev_175,detour_2,Customer_3,Customer_9,74,34,"[74, 55, 50, 46, 'vir_14', 14, 34]","[415, 395, 385, 'arc_46_vir_14', 'arc_vir_14_14', 168]",13.219085079130995,0.26416738731680045,2,1
ev_176,58,ev_176,detour_3,Customer_3,Customer_9,74,34,"[74, 50, 46, 'vir_14', 14, 47, 34]","[397, 385, 'arc_46_vir_14', 'arc_vir_14_14', 162, 329]",14.21469475618281,0.2797979754528821,2,1
ev_181,61,ev_181,shortest,Customer_4,Customer_36,56,62,"[56, 'vir_62', 62]","['arc_56_vir_62', 'arc_vir_62_62']",6.364542174036592,0.11571894861884713,0,1
ev_182,61,ev_182,detour_2,Customer_4,Customer_36,56,62,"[56, 78, 'vir_62', 62]","[420, 'arc_78_vir_62', 'arc_vir_62_62']",10.498414289018283,0.1908802598003324,0,1
ev_183,61,ev_183,detour_3,Customer_4,Customer_36,56,62,"[56, 78, 16, 'vir_62', 62]","[420, 191, 'arc_16_vir_62', 'arc_vir_62_62']",21.558846148543672,0.3919790208826123,0,1
ev_184,62,ev_184,shortest,Customer_4,Customer_59,56,62,"[56, 'vir_62', 62]","['arc_56_vir_62', 'arc_vir_62_62']",6.364542174036592,0.11571894861884713,0,1
ev_185,62,ev_185,detour_2,Customer_4,Customer_59,56,62,"[56, 78, 'vir_62', 62]","[420, 'arc_78_vir_62', 'arc_vir_62_62']",10.498414289018283,0.1908802598003324,0,1
ev_186,62,ev_186,detour_3,Customer_4,Customer_59,56,62,"[56, 78, 16, 'vir_62', 62]","[420, 191, 'arc_16_vir_62', 'arc_vir_62_62']",21.558846148543672,0.3919790208826123,0,1
ev_187,63,ev_187,shortest,Customer_4,Customer_62,56,62,"[56, 'vir_62', 62]","['arc_56_vir_62', 'arc_vir_62_62']",6.364542174036592,0.11571894861884713,0,1
ev_188,63,ev_188,detour_2,Customer_4,Customer_62,56,62,"[56, 78, 'vir_62', 62]","[420, 'arc_78_vir_62', 'arc_vir_62_62']",10.498414289018283,0.1908802598003324,0,1
ev_189,63,ev_189,detour_3,Customer_4,Customer_62,56,62,"[56, 78, 16, 'vir_62', 62]","[420, 191, 'arc_16_vir_62', 'arc_vir_62_62']",21.558846148543672,0.3919790208826123,0,1
ev_192,64,ev_192,detour_3,Customer_4,Customer_28,56,16,"[56, 'vir_62', 62, 16]","['arc_56_vir_62', 'arc_vir_62_62', 193]",15.427755624000216,0.2805046477090949,0,1
ev_195,65,ev_195,detour_3,Customer_4,Customer_66,56,16,"[56, 'vir_62', 62, 16]","['arc_56_vir_62', 'arc_vir_62_62', 193]",15.427755624000216,0.2805046477090949,0,1
ev_198,66,ev_198,detour_3,Customer_4,Customer_18,56,57,"[56, 'vir_62', 62, 57]","['arc_56_vir_62', 'arc_vir_62_62', 433]",15.673621429235677,0.2849749350770123,0,1
ev_211,71,ev_211,shortest,Customer_4,Customer_19,56,71,"[56, 'vir_71', 71]","['arc_56_vir_71', 'arc_vir_71_71']",13.449625375227917,0.24453864318596213,0,1
ev_212,71,ev_212,detour_2,Customer_4,Customer_19,56,71,"[56, 37, 'vir_71', 71]","[345, 'arc_37_vir_71', 'arc_vir_71_71']",13.577851209853502,0.24687002199733643,0,1
ev_213,71,ev_213,detour_3,Customer_4,Customer_19,56,71,"[56, 40, 'vir_71', 71]","[367, 'arc_40_vir_71', 'arc_vir_71_71']",19.380177500710573,0.35236686364928316,0,1
ev_226,76,ev_226,shortest,Customer_4,Customer_38,56,14,"[56, 40, 26, 'vir_14', 14]","[367, 269, 'arc_26_vir_14', 'arc_vir_14_14']",17.56725410302427,0.3194046200549867,0,1
ev_227,76,ev_227,detour_2,Customer_4,Customer_38,56,14,"[56, 40, 1, 26, 'vir_14', 14]","[367, 19, 12, 'arc_26_vir_14', 'arc_vir_14_14']",17.647294895449882,0.32085990718999785,0,1
ev_228,76,ev_228,detour_3,Customer_4,Customer_38,56,14,"[56, 40, 9, 26, 'vir_14', 14]","[367, 117, 108, 'arc_26_vir_14', 'arc_vir_14_14']",17.601114734469864,0.32789776574446794,0,1
ev_234,78,ev_234,detour_3,Customer_4,Customer_25,56,19,"[56, 'vir_62', 62, 57, 77, 19]","['arc_56_vir_62', 'arc_vir_62_62', 433, 426, 221]",24.79022595218556,0.4507313809488283,0,1
ev_236,79,ev_236,detour_2,Customer_5,Customer_24,7,22,"[7, 'vir_44', 44, 22]","['arc_7_vir_44', 'arc_vir_44_44', 241]",3.9091492025472028,0.07379522055526803,0,1
ev_240,80,ev_240,detour_3,Customer_5,Customer_6,7,5,"[7, 'vir_44', 44, 5]","['arc_7_vir_44', 'arc_vir_44_44', 59]",4.308902984246917,0.08106347113162647,0,1
ev_241,81,ev_241,shortest,Customer_5,Customer_8,7,63,"[7, 'vir_45', 45, 63]","['arc_7_vir_45', 'arc_vir_45_45', 382]",6.767888693060099,0.12305252169200182,0,1
ev_243,81,ev_243,detour_3,Customer_5,Customer_8,7,63,"[7, 'vir_44', 44, 13, 63]","['arc_7_vir_44', 'arc_vir_44_44', 159, 152]",6.495366793777147,0.133779436134437,0,1
ev_253,85,ev_253,shortest,Customer_5,Customer_55,7,48,"[7, 'vir_45', 45, 63, 'vir_53', 53, 48]","['arc_7_vir_45', 'arc_vir_45_45', 382, 'arc_63_vir_53', 'arc_vir_53_53', 389]",14.055210039270477,0.2555492734412814,0,1
ev_254,85,ev_254,detour_2,Customer_5,Customer_55,7,48,"[7, 13, 63, 'vir_53', 53, 48]","[88, 152, 'arc_63_vir_53', 'arc_vir_53_53', 389]",13.48952445044209,0.25822615847393526,0,1
ev_255,85,ev_255,detour_3,Customer_5,Customer_55,7,48,"[7, 'vir_44', 44, 13, 63, 'vir_53', 53, 48]","['arc_7_vir_44', 'arc_vir_44_44', 159, 152, 'arc_63_vir_53', 'arc_vir_53_53', 389]",13.782688139987524,0.2662761878837166,0,1
ev_265,89,ev_265,shortest,Customer_5,Customer_70,7,53,"[7, 'vir_45', 45, 63, 'vir_53', 53]","['arc_7_vir_45', 'arc_vir_45_45', 382, 'arc_63_vir_53', 'arc_vir_53_53']",9.828620224958978,0.17870218590834508,0,1
ev_266,89,ev_266,detour_2,Customer_5,Customer_70,7,53,"[7, 13, 63, 'vir_53', 53]","[88, 152, 'arc_63_vir_53', 'arc_vir_53_53']",9.262934636130591,0.18137907094099892,0,1
ev_267,89,ev_267,detour_3,Customer_5,Customer_70,7,53,"[7, 'vir_44', 44, 13, 63, 'vir_53', 53]","['arc_7_vir_44', 'arc_vir_44_44', 159, 152, 'arc_63_vir_53', 'arc_vir_53_53']",9.556098325676025,0.18942910035078026,0,1
ev_281,94,ev_281,avoid_congestion,Customer_5,Customer_33,7,4,"[7, 'vir_45', 45, 63, 'vir_53', 53, 48, 4]","['arc_7_vir_45', 'arc_vir_45_45', 382, 'arc_63_vir_53', 'arc_vir_53_53', 389, 53]",18.345842396731644,0.3335607708496663,1,1
ev_284,95,ev_284,shortest,Customer_5,Customer_11,7,52,"[7, 13, 'vir_52', 52]","[88, 'arc_13_vir_52', 'arc_vir_52_52']",8.371124299352935,0.1522022599882352,0,1
ev_285,95,ev_285,detour_2,Customer_5,Customer_11,7,52,"[7, 'vir_44', 44, 13, 'vir_52', 52]","['arc_7_vir_44', 'arc_vir_44_44', 159, 'arc_13_vir_52', 'arc_vir_52_52']",8.66428798889837,0.16025228939801653,0,1
ev_286,95,ev_286,detour_3,Customer_5,Customer_11,7,52,"[7, 'vir_45', 45, 13, 'vir_52', 52]","['arc_7_vir_45', 'arc_vir_45_45', 155, 'arc_13_vir_52', 'arc_vir_52_52']",9.060268884834455,0.1766313507380452,0,1
ev_287,96,ev_287,shortest,Customer_5,Customer_12,7,52,"[7, 13, 'vir_52', 52]","[88, 'arc_13_vir_52', 'arc_vir_52_52']",8.371124299352935,0.1522022599882352,0,1
ev_288,96,ev_288,detour_2,Customer_5,Customer_12,7,52,"[7, 'vir_44', 44, 13, 'vir_52', 52]","['arc_7_vir_44', 'arc_vir_44_44', 159, 'arc_13_vir_52', 'arc_vir_52_52']",8.66428798889837,0.16025228939801653,0,1
ev_289,96,ev_289,detour_3,Customer_5,Customer_12,7,52,"[7, 'vir_45', 45, 13, 'vir_52', 52]","['arc_7_vir_45', 'arc_vir_45_45', 155, 'arc_13_vir_52', 'arc_vir_52_52']",9.060268884834455,0.1766313507380452,0,1
ev_290,97,ev_290,shortest,Customer_5,Customer_20,7,52,"[7, 13, 'vir_52', 52]","[88, 'arc_13_vir_52', 'arc_vir_52_52']",8.371124299352935,0.1522022599882352,0,1
ev_291,97,ev_291,detour_2,Customer_5,Customer_20,7,52,"[7, 'vir_44', 44, 13, 'vir_52', 52]","['arc_7_vir_44', 'arc_vir_44_44', 159, 'arc_13_vir_52', 'arc_vir_52_52']",8.66428798889837,0.16025228939801653,0,1
ev_292,97,ev_292,detour_3,Customer_5,Customer_20,7,52,"[7, 'vir_45', 45, 13, 'vir_52', 52]","['arc_7_vir_45', 'arc_vir_45_45', 155, 'arc_13_vir_52', 'arc_vir_52_52']",9.060268884834455,0.1766313507380452,0,1
ev_293,98,ev_293,shortest,Customer_5,Customer_53,7,52,"[7, 13, 'vir_52', 52]","[88, 'arc_13_vir_52', 'arc_vir_52_52']",8.371124299352935,0.1522022599882352,0,1
ev_294,98,ev_294,detour_2,Customer_5,Customer_53,7,52,"[7, 'vir_44', 44, 13, 'vir_52', 52]","['arc_7_vir_44', 'arc_vir_44_44', 159, 'arc_13_vir_52', 'arc_vir_52_52']",8.66428798889837,0.16025228939801653,0,1
ev_295,98,ev_295,detour_3,Customer_5,Customer_53,7,52,"[7, 'vir_45', 45, 13, 'vir_52', 52]","['arc_7_vir_45', 'arc_vir_45_45', 155, 'arc_13_vir_52', 'arc_vir_52_52']",9.060268884834455,0.1766313507380452,0,1
ev_298,99,ev_298,detour_3,Customer_6,Customer_24,5,22,"[5, 'vir_44', 44, 22]","['arc_5_vir_44', 'arc_vir_44_44', 241]",7.420249904167243,0.1349136346212226,0,1
ev_301,100,ev_301,detour_3,Customer_6,Customer_5,5,7,"[5, 'vir_44', 44, 7]","['arc_5_vir_44', 'arc_vir_44_44', 83]",4.308902984246917,0.08106347113162647,0,1
ev_320,107,ev_320,shortest,Customer_6,Customer_8,5,63,"[5, 7, 'vir_45', 45, 63]","[60, 'arc_7_vir_45', 'arc_vir_45_45', 382]",10.310575214736657,0.18746500390430285,0,1
ev_322,107,ev_322,detour_3,Customer_6,Customer_8,5,63,"[5, 22, 7, 'vir_45', 45, 63]","[56, 87, 'arc_7_vir_45', 'arc_vir_45_45', 382]",10.361542751175808,0.19140161235801087,0,1
ev_336,112,ev_336,avoid_congestion,Customer_6,Customer_55,5,48,"[5, 7, 'vir_45', 45, 63, 'vir_53', 53, 48]","[60, 'arc_7_vir_45', 'arc_vir_45_45', 382, 'arc_63_vir_53', 'arc_vir_53_53', 389]",17.597896560947035,0.3199617556535824,0,1
ev_339,113,ev_339,shortest,Customer_6,Customer_3,5,74,"[5, 69, 72, 'vir_74', 74]","[54, 458, 'arc_72_vir_74', 'arc_vir_74_74']",10.227441408378656,0.19427229677936497,2,1
ev_340,113,ev_340,avoid_congestion,Customer_6,Customer_3,5,74,"[5, 69, 27, 59, 'vir_74', 74]","[54, 275, 270, 'arc_59_vir_74', 'arc_vir_74_74']",15.764343851110638,0.2982293626440705,1,1
ev_341,113,ev_341,detour_2,Customer_6,Customer_3,5,74,"[5, 69, 59, 'vir_74', 74]","[54, 443, 'arc_59_vir_74', 'arc_vir_74_74']",10.34984538803233,0.19978393604264674,2,1
ev_342,113,ev_342,detour_3,Customer_6,Customer_3,5,74,"[5, 22, 69, 72, 'vir_74', 74]","[56, 238, 458, 'arc_72_vir_74', 'arc_vir_74_74']",10.379970539548768,0.20005547968272686,2,1
ev_343,114,ev_343,shortest,Customer_6,Customer_42,5,74,"[5, 69, 72, 'vir_74', 74]","[54, 458, 'arc_72_vir_74', 'arc_vir_74_74']",10.227441408378656,0.19427229677936497,2,1
ev_344,114,ev_344,avoid_congestion,Customer_6,Customer_42,5,74,"[5, 69, 27, 59, 'vir_74', 74]","[54, 275, 270, 'arc_59_vir_74', 'arc_vir_74_74']",15.764343851110638,0.2982293626440705,1,1
ev_345,114,ev_345,detour_2,Customer_6,Customer_42,5,74,"[5, 69, 59, 'vir_74', 74]","[54, 443, 'arc_59_vir_74', 'arc_vir_74_74']",10.34984538803233,0.19978393604264674,2,1
ev_346,114,ev_346,detour_3,Customer_6,Customer_42,5,74,"[5, 22, 69, 72, 'vir_74', 74]","[56, 238, 458, 'arc_72_vir_74', 'arc_vir_74_74']",10.379970539548768,0.20005547968272686,2,1
ev_347,115,ev_347,shortest,Customer_6,Customer_47,5,74,"[5, 69, 72, 'vir_74', 74]","[54, 458, 'arc_72_vir_74', 'arc_vir_74_74']",10.227441408378656,0.19427229677936497,2,1
ev_348,115,ev_348,avoid_congestion,Customer_6,Customer_47,5,74,"[5, 69, 27, 59, 'vir_74', 74]","[54, 275, 270, 'arc_59_vir_74', 'arc_vir_74_74']",15.764343851110638,0.2982293626440705,1,1
ev_349,115,ev_349,detour_2,Customer_6,Customer_47,5,74,"[5, 69, 59, 'vir_74', 74]","[54, 443, 'arc_59_vir_74', 'arc_vir_74_74']",10.34984538803233,0.19978393604264674,2,1
ev_350,115,ev_350,detour_3,Customer_6,Customer_47,5,74,"[5, 22, 69, 72, 'vir_74', 74]","[56, 238, 458, 'arc_72_vir_74', 'arc_vir_74_74']",10.379970539548768,0.20005547968272686,2,1
ev_361,119,ev_361,detour_2,Customer_7,Customer_37,11,68,"[11, 'vir_51', 51, 68]","['arc_11_vir_51', 'arc_vir_51_51', 400]",11.154309692475778,0.20280563077228686,0,1
ev_365,120,ev_365,detour_3,Customer_7,Customer_48,11,27,"[11, 'vir_51', 51, 27]","['arc_11_vir_51', 'arc_vir_51_51', 281]",14.673088111462253,0.26678342020840456,0,1
ev_388,128,ev_388,detour_2,Customer_7,Customer_15,11,72,"[11, 27, 'vir_74', 74, 72]","[138, 'arc_27_vir_74', 'arc_vir_74_74', 461]",14.23009782525332,0.26704786799526803,2,1
ev_390,129,ev_390,shortest,Customer_7,Customer_3,11,74,"[11, 27, 'vir_74', 74]","[138, 'arc_27_vir_74', 'arc_vir_74_74']",13.0100047199562,0.23654554036284,1,1
ev_391,129,ev_391,avoid_congestion,Customer_7,Customer_3,11,74,"[11, 27, 59, 'vir_74', 74]","[138, 270, 'arc_59_vir_74', 'arc_vir_74_74']",13.010676249696672,0.24816267898199845,1,1
ev_392,129,ev_392,detour_3,Customer_7,Customer_3,11,74,"[11, 68, 27, 'vir_74', 74]","[134, 277, 'arc_27_vir_74', 'arc_vir_74_74']",14.058720767202578,0.2556131048582287,1,1
ev_393,130,ev_393,shortest,Customer_7,Customer_42,11,74,"[11, 27, 'vir_74', 74]","[138, 'arc_27_vir_74', 'arc_vir_74_74']",13.0100047199562,0.23654554036284,1,1
ev_394,130,ev_394,avoid_congestion,Customer_7,Customer_42,11,74,"[11, 27, 59, 'vir_74', 74]","[138, 270, 'arc_59_vir_74', 'arc_vir_74_74']",13.010676249696672,0.24816267898199845,1,1
ev_395,130,ev_395,detour_3,Customer_7,Customer_42,11,74,"[11, 68, 27, 'vir_74', 74]","[134, 277, 'arc_27_vir_74', 'arc_vir_74_74']",14.058720767202578,0.2556131048582287,1,1
ev_396,131,ev_396,shortest,Customer_7,Customer_47,11,74,"[11, 27, 'vir_74', 74]","[138, 'arc_27_vir_74', 'arc_vir_74_74']",13.0100047199562,0.23654554036284,1,1
ev_397,131,ev_397,avoid_congestion,Customer_7,Customer_47,11,74,"[11, 27, 59, 'vir_74', 74]","[138, 270, 'arc_59_vir_74', 'arc_vir_74_74']",13.010676249696672,0.24816267898199845,1,1
ev_398,131,ev_398,detour_3,Customer_7,Customer_47,11,74,"[11, 68, 27, 'vir_74', 74]","[134, 277, 'arc_27_vir_74', 'arc_vir_74_74']",14.058720767202578,0.2556131048582287,1,1
ev_415,137,ev_415,detour_2,Customer_7,Customer_2,11,55,"[11, 27, 'vir_74', 74, 55]","[138, 'arc_27_vir_74', 'arc_vir_74_74', 415]",14.46111917004971,0.2728234016151777,2,1
ev_417,138,ev_417,shortest,Customer_7,Customer_14,11,17,"[11, 27, 'vir_74', 74, 17]","[138, 'arc_27_vir_74', 'arc_vir_74_74', 205]",15.887909264550713,0.2888710775372857,2,1
ev_418,138,ev_418,avoid_congestion,Customer_7,Customer_14,11,17,"[11, 27, 59, 'vir_74', 74, 17]","[138, 270, 'arc_59_vir_74', 'arc_vir_74_74', 205]",15.888580794291185,0.30048821615644417,2,1
ev_420,139,ev_420,shortest,Customer_8,Customer_70,63,53,"[63, 'vir_53', 53]","['arc_63_vir_53', 'arc_vir_53_53']",3.060731531898879,0.05564966421634325,0,1
ev_421,139,ev_421,detour_2,Customer_8,Customer_70,63,53,"[63, 60, 'vir_53', 53]","[445, 'arc_60_vir_53', 'arc_vir_53_53']",6.69879786460158,0.12179632481093781,0,1
ev_422,139,ev_422,detour_3,Customer_8,Customer_70,63,53,"[63, 30, 'vir_53', 53]","[305, 'arc_30_vir_53', 'arc_vir_53_53']",6.5933809356125,0.13585185798164714,0,1
ev_423,140,ev_423,shortest,Customer_8,Customer_11,63,52,"[63, 'vir_52', 52]","['arc_63_vir_52', 'arc_vir_52_52']",4.691338068031211,0.08529705578238565,0,1
ev_424,140,ev_424,detour_2,Customer_8,Customer_11,63,52,"[63, 13, 'vir_52', 52]","[153, 'arc_13_vir_52', 'arc_vir_52_52']",5.9711306117844165,0.12152808868015937,0,1
ev_425,140,ev_425,detour_3,Customer_8,Customer_11,63,52,"[63, 'vir_45', 45, 13, 'vir_52', 52]","['arc_63_vir_45', 'arc_vir_45_45', 155, 'arc_13_vir_52', 'arc_vir_52_52']",9.338100445840784,0.181682833665433,0,1
ev_426,141,ev_426,shortest,Customer_8,Customer_12,63,52,"[63, 'vir_52', 52]","['arc_63_vir_52', 'arc_vir_52_52']",4.691338068031211,0.08529705578238565,0,1
ev_427,141,ev_427,detour_2,Customer_8,Customer_12,63,52,"[63, 13, 'vir_52', 52]","[153, 'arc_13_vir_52', 'arc_vir_52_52']",5.9711306117844165,0.12152808868015937,0,1
ev_428,141,ev_428,detour_3,Customer_8,Customer_12,63,52,"[63, 'vir_45', 45, 13, 'vir_52', 52]","['arc_63_vir_45', 'arc_vir_45_45', 155, 'arc_13_vir_52', 'arc_vir_52_52']",9.338100445840784,0.181682833665433,0,1
ev_429,142,ev_429,shortest,Customer_8,Customer_20,63,52,"[63, 'vir_52', 52]","['arc_63_vir_52', 'arc_vir_52_52']",4.691338068031211,0.08529705578238565,0,1
ev_430,142,ev_430,detour_2,Customer_8,Customer_20,63,52,"[63, 13, 'vir_52', 52]","[153, 'arc_13_vir_52', 'arc_vir_52_52']",5.9711306117844165,0.12152808868015937,0,1
ev_431,142,ev_431,detour_3,Customer_8,Customer_20,63,52,"[63, 'vir_45', 45, 13, 'vir_52', 52]","['arc_63_vir_45', 'arc_vir_45_45', 155, 'arc_13_vir_52', 'arc_vir_52_52']",9.338100445840784,0.181682833665433,0,1
ev_432,143,ev_432,shortest,Customer_8,Customer_53,63,52,"[63, 'vir_52', 52]","['arc_63_vir_52', 'arc_vir_52_52']",4.691338068031211,0.08529705578238565,0,1
ev_433,143,ev_433,detour_2,Customer_8,Customer_53,63,52,"[63, 13, 'vir_52', 52]","[153, 'arc_13_vir_52', 'arc_vir_52_52']",5.9711306117844165,0.12152808868015937,0,1
ev_434,143,ev_434,detour_3,Customer_8,Customer_53,63,52,"[63, 'vir_45', 45, 13, 'vir_52', 52]","['arc_63_vir_45', 'arc_vir_45_45', 155, 'arc_13_vir_52', 'arc_vir_52_52']",9.338100445840784,0.181682833665433,0,1
ev_435,144,ev_435,shortest,Customer_8,Customer_5,63,7,"[63, 'vir_45', 45, 7]","['arc_63_vir_45', 'arc_vir_45_45', 85]",6.767888693060099,0.12305252169200182,0,1
ev_437,144,ev_437,detour_3,Customer_8,Customer_5,63,7,"[63, 13, 'vir_44', 44, 7]","[153, 'arc_13_vir_44', 'arc_vir_44_44', 83]",6.495366793777147,0.13377943613443702,0,1
ev_439,145,ev_439,detour_2,Customer_8,Customer_80,63,3,"[63, 'vir_53', 53, 3]","['arc_63_vir_53', 'arc_vir_53_53', 35]",5.366149647807276,0.11328511711405317,0,1
ev_441,146,ev_441,shortest,Customer_8,Customer_55,63,48,"[63, 'vir_53', 53, 48]","['arc_63_vir_53', 'arc_vir_53_53', 389]",7.287321346210376,0.13249675174927958,0,1
ev_443,146,ev_443,detour_3,Customer_8,Customer_55,63,48,"[63, 'vir_53', 53, 3, 48]","['arc_63_vir_53', 'arc_vir_53_53', 35, 36]",8.981522745938415,0.17901917344371024,1,1
ev_444,147,ev_444,shortest,Customer_8,Customer_43,63,0,"[63, 'vir_52', 52, 'vir_0', 0]","['arc_63_vir_52', 'arc_vir_52_52', 'arc_52_vir_0', 'arc_vir_0_0']",7.815393834614958,0.14209806972027195,0,1
ev_445,147,ev_445,detour_2,Customer_8,Customer_43,63,0,"[63, 13, 'vir_52', 52, 'vir_0', 0]","[153, 'arc_13_vir_52', 'arc_vir_52_52', 'arc_52_vir_0', 'arc_vir_0_0']",9.095186378368163,0.1783291026180457,0,1
ev_446,147,ev_446,detour_3,Customer_8,Customer_43,63,0,"[63, 'vir_52', 52, 24, 'vir_0', 0]","['arc_63_vir_52', 'arc_vir_52_52', 251, 'arc_24_vir_0', 'arc_vir_0_0']",11.826131460814265,0.21502057201480484,0,1
ev_447,148,ev_447,shortest,Customer_8,Customer_76,63,0,"[63, 'vir_52', 52, 'vir_0', 0]","['arc_63_vir_52', 'arc_vir_52_52', 'arc_52_vir_0', 'arc_vir_0_0']",7.815393834614958,0.14209806972027195,0,1
ev_448,148,ev_448,detour_2,Customer_8,Customer_76,63,0,"[63, 13, 'vir_52', 52, 'vir_0', 0]","[153, 'arc_13_vir_52', 'arc_vir_52_52', 'arc_52_vir_0', 'arc_vir_0_0']",9.095186378368163,0.1783291026180457,0,1
ev_449,148,ev_449,detour_3,Customer_8,Customer_76,63,0,"[63, 'vir_52', 52, 24, 'vir_0', 0]","['arc_63_vir_52', 'arc_vir_52_52', 251, 'arc_24_vir_0', 'arc_vir_0_0']",11.826131460814265,0.21502057201480484,0,1
ev_450,149,ev_450,shortest,Customer_8,Customer_24,63,22,"[63, 'vir_45', 45, 7, 22]","['arc_63_vir_45', 'arc_vir_45_45', 85, 86]",9.920086941803033,0.18036521712369152,0,1
ev_452,149,ev_452,detour_3,Customer_8,Customer_24,63,22,"[63, 13, 'vir_44', 44, 22]","[153, 'arc_13_vir_44', 'arc_vir_44_44', 241]",9.606713713697474,0.18762959962403314,0,1
ev_453,150,ev_453,shortest,Customer_8,Customer_26,63,31,"[63, 'vir_53', 53, 48, 18, 31]","['arc_63_vir_53', 'arc_vir_53_53', 389, 213, 206]",11.974508730865086,0.21898088792158352,2,1
ev_455,150,ev_455,detour_3,Customer_8,Customer_26,63,31,"[63, 'vir_53', 53, 48, 42, 18, 31]","['arc_63_vir_53', 'arc_vir_53_53', 389, 373, 211, 206]",13.005738173555418,0.2525426196231555,3,1
ev_456,151,ev_456,shortest,Customer_8,Customer_67,63,31,"[63, 'vir_53', 53, 48, 18, 31]","['arc_63_vir_53', 'arc_vir_53_53', 389, 213, 206]",11.974508730865086,0.21898088792158352,2,1
ev_458,151,ev_458,detour_3,Customer_8,Customer_67,63,31,"[63, 'vir_53', 53, 48, 42, 18, 31]","['arc_63_vir_53', 'arc_vir_53_53', 389, 373, 211, 206]",13.005738173555418,0.2525426196231555,3,1
ev_474,157,ev_474,shortest,Customer_8,Customer_6,63,5,"[63, 'vir_45', 45, 7, 5]","['arc_63_vir_45', 'arc_vir_45_45', 85, 61]",10.310575214736657,0.18746500390430287,0,1
ev_476,157,ev_476,detour_3,Customer_8,Customer_6,63,5,"[63, 'vir_45', 45, 7, 22, 5]","['arc_63_vir_45', 'arc_vir_45_45', 85, 86, 57]",10.361542751175808,0.19140161235801087,0,1
ev_477,158,ev_477,shortest,Customer_8,Customer_35,63,8,"[63, 'vir_53', 53, 48, 42, 8]","['arc_63_vir_53', 'arc_vir_53_53', 389, 373, 101]",12.38722393559471,0.24003435884528795,2,1
ev_478,158,ev_478,detour_2,Customer_8,Customer_35,63,8,"[63, 'vir_53', 53, 48, 18, 8]","['arc_63_vir_53', 'arc_vir_53_53', 389, 213, 99]",13.509140996181989,0.2573466945545061,2,1
ev_479,158,ev_479,detour_3,Customer_8,Customer_35,63,8,"[63, 'vir_53', 53, 48, 18, 31, 8]","['arc_63_vir_53', 'arc_vir_53_53', 389, 213, 206, 93]",13.546309027765686,0.2582758953440985,3,1
ev_481,159,ev_481,detour_2,Customer_9,Customer_30,34,47,"[34, 'vir_65', 65, 47]","['arc_34_vir_65', 'arc_vir_65_65', 387]",3.600998201395149,0.09002495503487873,1,1
ev_484,160,ev_484,detour_2,Customer_9,Customer_60,34,47,"[34, 'vir_65', 65, 47]","['arc_34_vir_65', 'arc_vir_65_65', 387]",3.600998201395149,0.09002495503487873,1,1
ev_487,161,ev_487,detour_2,Customer_9,Customer_65,34,47,"[34, 'vir_65', 65, 47]","['arc_34_vir_65', 'arc_vir_65_65', 387]",3.600998201395149,0.09002495503487873,1,1
ev_489,162,ev_489,shortest,Customer_9,Customer_38,34,14,"[34, 'vir_14', 14]","['arc_34_vir_14', 'arc_vir_14_14']",2.042542145354568,0.0510635536338642,0,1
ev_490,162,ev_490,detour_2,Customer_9,Customer_38,34,14,"[34, 47, 'vir_14', 14]","[328, 'arc_47_vir_14', 'arc_vir_14_14']",3.131183716601875,0.07827959291504688,1,1
ev_491,162,ev_491,detour_3,Customer_9,Customer_38,34,14,"[34, 26, 'vir_14', 14]","[267, 'arc_26_vir_14', 'arc_vir_14_14']",5.979823067296811,0.10872405576903293,0,1
ev_498,165,ev_498,shortest,Customer_9,Customer_33,34,4,"[34, 'vir_14', 14, 46, 50, 55, 4]","['arc_34_vir_14', 'arc_vir_14_14', 170, 384, 394, 47]",14.630146711723885,0.2799290912042154,2,1
ev_499,165,ev_499,detour_2,Customer_9,Customer_33,34,4,"[34, 'vir_14', 14, 46, 50, 55, 17, 4]","['arc_34_vir_14', 'arc_vir_14_14', 170, 384, 394, 199, 51]",14.738699543978246,0.3021577489379817,3,1
ev_500,165,ev_500,detour_3,Customer_9,Customer_33,34,4,"[34, 47, 'vir_14', 14, 46, 50, 55, 4]","[328, 'arc_47_vir_14', 'arc_vir_14_14', 170, 384, 394, 47]",15.71878828297119,0.3071451304853981,3,1
ev_501,166,ev_501,shortest,Customer_9,Customer_14,34,17,"[34, 'vir_14', 14, 46, 50, 55, 17]","['arc_34_vir_14', 'arc_vir_14_14', 170, 384, 394, 199]",14.265476920496623,0.2903271833509411,2,1
ev_502,166,ev_502,detour_2,Customer_9,Customer_14,34,17,"[34, 'vir_14', 14, 46, 50, 55, 4, 17]","['arc_34_vir_14', 'arc_vir_14_14', 170, 384, 394, 47, 50]",15.103369335205509,0.291759656791256,3,1
ev_503,166,ev_503,detour_3,Customer_9,Customer_14,34,17,"[34, 'vir_14', 14, 46, 50, 'vir_74', 74, 17]","['arc_34_vir_14', 'arc_vir_14_14', 170, 384, 'arc_50_vir_74', 'arc_vir_74_74', 205]",16.003957729530015,0.3049074733461451,2,1
ev_504,167,ev_504,shortest,Customer_9,Customer_29,34,17,"[34, 'vir_14', 14, 46, 50, 55, 17]","['arc_34_vir_14', 'arc_vir_14_14', 170, 384, 394, 199]",14.265476920496623,0.2903271833509411,2,1
ev_505,167,ev_505,detour_2,Customer_9,Customer_29,34,17,"[34, 'vir_14', 14, 46, 50, 55, 4, 17]","['arc_34_vir_14', 'arc_vir_14_14', 170, 384, 394, 47, 50]",15.103369335205509,0.291759656791256,3,1
ev_506,167,ev_506,detour_3,Customer_9,Customer_29,34,17,"[34, 'vir_14', 14, 46, 50, 'vir_74', 74, 17]","['arc_34_vir_14', 'arc_vir_14_14', 170, 384, 'arc_50_vir_74', 'arc_vir_74_74', 205]",16.003957729530015,0.3049074733461451,2,1
ev_507,168,ev_507,shortest,Customer_9,Customer_31,34,17,"[34, 'vir_14', 14, 46, 50, 55, 17]","['arc_34_vir_14', 'arc_vir_14_14', 170, 384, 394, 199]",14.265476920496623,0.2903271833509411,2,1
ev_508,168,ev_508,detour_2,Customer_9,Customer_31,34,17,"[34, 'vir_14', 14, 46, 50, 55, 4, 17]","['arc_34_vir_14', 'arc_vir_14_14', 170, 384, 394, 47, 50]",15.103369335205509,0.291759656791256,3,1
ev_509,168,ev_509,detour_3,Customer_9,Customer_31,34,17,"[34, 'vir_14', 14, 46, 50, 'vir_74', 74, 17]","['arc_34_vir_14', 'arc_vir_14_14', 170, 384, 'arc_50_vir_74', 'arc_vir_74_74', 205]",16.003957729530015,0.3049074733461451,2,1
ev_510,169,ev_510,shortest,Customer_9,Customer_32,34,46,"[34, 'vir_14', 14, 46]","['arc_34_vir_14', 'arc_vir_14_14', 170]",5.381677972955689,0.11177511413570278,0,1
ev_511,169,ev_511,detour_2,Customer_9,Customer_32,34,46,"[34, 47, 'vir_14', 14, 46]","[328, 'arc_47_vir_14', 'arc_vir_14_14', 170]",6.470319544202996,0.13899115341688545,1,1
ev_512,169,ev_512,detour_3,Customer_9,Customer_32,34,46,"[34, 26, 'vir_14', 14, 46]","[267, 'arc_26_vir_14', 'arc_vir_14_14', 170]",9.318958894897932,0.1694356162708715,0,1
ev_513,170,ev_513,shortest,Customer_9,Customer_49,34,46,"[34, 'vir_14', 14, 46]","['arc_34_vir_14', 'arc_vir_14_14', 170]",5.381677972955689,0.11177511413570278,0,1
ev_514,170,ev_514,detour_2,Customer_9,Customer_49,34,46,"[34, 47, 'vir_14', 14, 46]","[328, 'arc_47_vir_14', 'arc_vir_14_14', 170]",6.470319544202996,0.13899115341688545,1,1
ev_515,170,ev_515,detour_3,Customer_9,Customer_49,34,46,"[34, 26, 'vir_14', 14, 46]","[267, 'arc_26_vir_14', 'arc_vir_14_14', 170]",9.318958894897932,0.1694356162708715,0,1
ev_519,172,ev_519,shortest,Customer_9,Customer_2,34,55,"[34, 'vir_14', 14, 46, 50, 55]","['arc_34_vir_14', 'arc_vir_14_14', 170, 384, 394]",11.767970629037485,0.2278895260644627,1,1
ev_520,172,ev_520,detour_2,Customer_9,Customer_2,34,55,"[34, 47, 'vir_14', 14, 46, 50, 55]","[328, 'arc_47_vir_14', 'arc_vir_14_14', 170, 384, 394]",12.856612200284792,0.2551055653456454,2,1
ev_521,172,ev_521,detour_3,Customer_9,Customer_2,34,55,"[34, 'vir_14', 14, 46, 10, 50, 55]","['arc_34_vir_14', 'arc_vir_14_14', 170, 125, 120, 394]",14.017928765718965,0.26879785582230775,1,1
ev_522,173,ev_522,shortest,Customer_9,Customer_27,34,33,"[34, 'vir_14', 14, 'vir_33', 33]","['arc_34_vir_14', 'arc_vir_14_14', 'arc_14_vir_33', 'arc_vir_33_33']",6.712337790056658,0.13596892899208401,0,1
ev_523,173,ev_523,detour_2,Customer_9,Customer_27,34,33,"[34, 'vir_14', 14, 46, 'vir_33', 33]","['arc_34_vir_14', 'arc_vir_14_14', 170, 'arc_46_vir_33', 'arc_vir_33_33']",6.898638115207875,0.14969911769200744,0,1
ev_524,173,ev_524,detour_3,Customer_9,Customer_27,34,33,"[34, 47, 'vir_14', 14, 'vir_33', 33]","[328, 'arc_47_vir_14', 'arc_vir_14_14', 'arc_14_vir_33', 'arc_vir_33_33']",7.800979361303964,0.16318496827326667,1,1
ev_525,174,ev_525,shortest,Customer_9,Customer_79,34,33,"[34, 'vir_14', 14, 'vir_33', 33]","['arc_34_vir_14', 'arc_vir_14_14', 'arc_14_vir_33', 'arc_vir_33_33']",6.712337790056658,0.13596892899208401,0,1
ev_526,174,ev_526,detour_2,Customer_9,Customer_79,34,33,"[34, 'vir_14', 14, 46, 'vir_33', 33]","['arc_34_vir_14', 'arc_vir_14_14', 170, 'arc_46_vir_33', 'arc_vir_33_33']",6.898638115207875,0.14969911769200744,0,1
ev_527,174,ev_527,detour_3,Customer_9,Customer_79,34,33,"[34, 47, 'vir_14', 14, 'vir_33', 33]","[328, 'arc_47_vir_14', 'arc_vir_14_14', 'arc_14_vir_33', 'arc_vir_33_33']",7.800979361303964,0.16318496827326667,1,1
ev_528,175,ev_528,shortest,Customer_9,Customer_35,34,8,"[34, 'vir_14', 14, 46, 50, 55, 8]","['arc_34_vir_14', 'arc_vir_14_14', 170, 384, 394, 103]",14.532004579193533,0.27814468879457266,2,1
ev_529,175,ev_529,detour_2,Customer_9,Customer_35,34,8,"[34, 47, 'vir_14', 14, 46, 50, 55, 8]","[328, 'arc_47_vir_14', 'arc_vir_14_14', 170, 384, 394, 103]",15.62064615044084,0.3053607280757553,3,1
ev_530,175,ev_530,detour_3,Customer_9,Customer_35,34,8,"[34, 'vir_14', 14, 46, 50, 'vir_74', 74, 8]","['arc_34_vir_14', 'arc_vir_14_14', 170, 384, 'arc_50_vir_74', 'arc_vir_74_74', 107]",15.367079591303302,0.30860759633089435,2,1
ev_531,176,ev_531,shortest,Customer_9,Customer_41,34,8,"[34, 'vir_14', 14, 46, 50, 55, 8]","['arc_34_vir_14', 'arc_vir_14_14', 170, 384, 394, 103]",14.532004579193533,0.27814468879457266,2,1
ev_532,176,ev_532,detour_2,Customer_9,Customer_41,34,8,"[34, 47, 'vir_14', 14, 46, 50, 55, 8]","[328, 'arc_47_vir_14', 'arc_vir_14_14', 170, 384, 394, 103]",15.62064615044084,0.3053607280757553,3,1
ev_533,176,ev_533,detour_3,Customer_9,Customer_41,34,8,"[34, 'vir_14', 14, 46, 50, 'vir_74', 74, 8]","['arc_34_vir_14', 'arc_vir_14_14', 170, 384, 'arc_50_vir_74', 'arc_vir_74_74', 107]",15.367079591303302,0.30860759633089435,2,1
ev_534,177,ev_534,shortest,Customer_9,Customer_46,34,8,"[34, 'vir_14', 14, 46, 50, 55, 8]","['arc_34_vir_14', 'arc_vir_14_14', 170, 384, 394, 103]",14.532004579193533,0.27814468879457266,2,1
ev_535,177,ev_535,detour_2,Customer_9,Customer_46,34,8,"[34, 47, 'vir_14', 14, 46, 50, 55, 8]","[328, 'arc_47_vir_14', 'arc_vir_14_14', 170, 384, 394, 103]",15.62064615044084,0.3053607280757553,3,1
ev_536,177,ev_536,detour_3,Customer_9,Customer_46,34,8,"[34, 'vir_14', 14, 46, 50, 'vir_74', 74, 8]","['arc_34_vir_14', 'arc_vir_14_14', 170, 384, 'arc_50_vir_74', 'arc_vir_74_74', 107]",15.367079591303302,0.30860759633089435,2,1
ev_537,178,ev_537,shortest,Customer_9,Customer_51,34,10,"[34, 'vir_14', 14, 46, 10]","['arc_34_vir_14', 'arc_vir_14_14', 170, 125]",8.355463502961289,0.1658439419539864,0,1
ev_538,178,ev_538,detour_2,Customer_9,Customer_51,34,10,"[34, 'vir_14', 14, 'vir_33', 33, 10]","['arc_34_vir_14', 'arc_vir_14_14', 'arc_14_vir_33', 'arc_vir_33_33', 127]",9.743739824747143,0.1910853296228201,0,1
ev_539,178,ev_539,detour_3,Customer_9,Customer_51,34,10,"[34, 47, 'vir_14', 14, 46, 10]","[328, 'arc_47_vir_14', 'arc_vir_14_14', 170, 125]",9.444105074208597,0.1930599812351691,1,1
ev_567,188,ev_567,shortest,Customer_10,Customer_27,73,33,"[73, 67, 'vir_33', 33]","[455, 'arc_67_vir_33', 'arc_vir_33_33']",8.307447739378954,0.15104450435234462,0,1
ev_568,188,ev_568,detour_2,Customer_10,Customer_27,73,33,"[73, 67, 43, 'vir_33', 33]","[455, 375, 'arc_43_vir_33', 'arc_vir_33_33']",9.116201751723382,0.17400932919582437,0,1
ev_569,188,ev_569,detour_3,Customer_10,Customer_27,73,33,"[73, 38, 43, 'vir_33', 33]","[357, 350, 'arc_43_vir_33', 'arc_vir_33_33']",10.537525752688145,0.19159137732160264,0,1
ev_570,189,ev_570,shortest,Customer_10,Customer_79,73,33,"[73, 67, 'vir_33', 33]","[455, 'arc_67_vir_33', 'arc_vir_33_33']",8.307447739378954,0.15104450435234462,0,1
ev_571,189,ev_571,detour_2,Customer_10,Customer_79,73,33,"[73, 67, 43, 'vir_33', 33]","[455, 375, 'arc_43_vir_33', 'arc_vir_33_33']",9.116201751723382,0.17400932919582437,0,1
ev_572,189,ev_572,detour_3,Customer_10,Customer_79,73,33,"[73, 38, 43, 'vir_33', 33]","[357, 350, 'arc_43_vir_33', 'arc_vir_33_33']",10.537525752688145,0.19159137732160264,0,1
ev_579,192,ev_579,shortest,Customer_10,Customer_32,73,46,"[73, 67, 'vir_33', 33, 46]","[455, 'arc_67_vir_33', 'arc_vir_33_33', 324]",9.82440788163114,0.18896850790864927,0,1
ev_581,192,ev_581,detour_3,Customer_10,Customer_32,73,46,"[73, 67, 43, 'vir_33', 33, 46]","[455, 375, 'arc_43_vir_33', 'arc_vir_33_33', 324]",10.633161893975569,0.21193333275212903,0,1
ev_582,193,ev_582,shortest,Customer_10,Customer_49,73,46,"[73, 67, 'vir_33', 33, 46]","[455, 'arc_67_vir_33', 'arc_vir_33_33', 324]",9.82440788163114,0.18896850790864927,0,1
ev_584,193,ev_584,detour_3,Customer_10,Customer_49,73,46,"[73, 67, 43, 'vir_33', 33, 46]","[455, 375, 'arc_43_vir_33', 'arc_vir_33_33', 324]",10.633161893975569,0.21193333275212903,0,1
ev_585,194,ev_585,shortest,Customer_10,Customer_38,73,14,"[73, 67, 'vir_33', 33, 'vir_14', 14]","[455, 'arc_67_vir_33', 'arc_vir_33_33', 'arc_33_vir_14', 'arc_vir_14_14']",12.977243384081044,0.23594987971056441,0,1
ev_586,194,ev_586,detour_2,Customer_10,Customer_38,73,14,"[73, 67, 'vir_33', 33, 46, 'vir_14', 14]","[455, 'arc_67_vir_33', 'arc_vir_33_33', 324, 'arc_46_vir_14', 'arc_vir_14_14']",13.163543709232261,0.24968006841048784,0,1
ev_587,194,ev_587,detour_3,Customer_10,Customer_38,73,14,"[73, 67, 43, 46, 'vir_14', 14]","[455, 375, 376, 'arc_46_vir_14', 'arc_vir_14_14']",13.627764516987138,0.25603774310971084,0,1
ev_594,197,ev_594,shortest,Customer_10,Customer_3,73,74,"[73, 38, 32, 55, 'vir_74', 74]","[357, 313, 316, 'arc_55_vir_74', 'arc_vir_74_74']",15.02126657872394,0.2830078999547092,2,1
ev_595,197,ev_595,avoid_congestion,Customer_10,Customer_3,73,74,"[73, 38, 10, 50, 'vir_74', 74]","[357, 129, 120, 'arc_50_vir_74', 'arc_vir_74_74']",15.758145821225739,0.28651174220410436,1,1
ev_596,197,ev_596,detour_3,Customer_10,Customer_3,73,74,"[73, 67, 10, 50, 'vir_74', 74]","[455, 133, 120, 'arc_50_vir_74', 'arc_vir_74_74']",15.93694305311266,0.28976260096568474,1,1
ev_597,198,ev_597,shortest,Customer_10,Customer_42,73,74,"[73, 38, 32, 55, 'vir_74', 74]","[357, 313, 316, 'arc_55_vir_74', 'arc_vir_74_74']",15.02126657872394,0.2830078999547092,2,1
ev_598,198,ev_598,avoid_congestion,Customer_10,Customer_42,73,74,"[73, 38, 10, 50, 'vir_74', 74]","[357, 129, 120, 'arc_50_vir_74', 'arc_vir_74_74']",15.758145821225739,0.28651174220410436,1,1
ev_599,198,ev_599,detour_3,Customer_10,Customer_42,73,74,"[73, 67, 10, 50, 'vir_74', 74]","[455, 133, 120, 'arc_50_vir_74', 'arc_vir_74_74']",15.93694305311266,0.28976260096568474,1,1
ev_603,202,ev_603,shortest,Customer_11,Customer_43,52,0,"[52, 'vir_0', 0]","['arc_52_vir_0', 'arc_vir_0_0']",3.124055766583747,0.05680101393788631,0,1
ev_604,202,ev_604,detour_2,Customer_11,Customer_43,52,0,"[52, 24, 'vir_0', 0]","[251, 'arc_24_vir_0', 'arc_vir_0_0']",7.134793392783054,0.12972351623241918,0,1
ev_605,202,ev_605,detour_3,Customer_11,Customer_43,52,0,"[52, 2, 'vir_0', 0]","[29, 'arc_2_vir_0', 'arc_vir_0_0']",10.261102809424886,0.186565505625907,0,1
ev_606,203,ev_606,shortest,Customer_11,Customer_76,52,0,"[52, 'vir_0', 0]","['arc_52_vir_0', 'arc_vir_0_0']",3.124055766583747,0.05680101393788631,0,1
ev_607,203,ev_607,detour_2,Customer_11,Customer_76,52,0,"[52, 24, 'vir_0', 0]","[251, 'arc_24_vir_0', 'arc_vir_0_0']",7.134793392783054,0.12972351623241918,0,1
ev_608,203,ev_608,detour_3,Customer_11,Customer_76,52,0,"[52, 2, 'vir_0', 0]","[29, 'arc_2_vir_0', 'arc_vir_0_0']",10.261102809424886,0.186565505625907,0,1
ev_610,204,ev_610,detour_2,Customer_11,Customer_72,52,24,"[52, 'vir_0', 0, 24]","['arc_52_vir_0', 'arc_vir_0_0', 2]",5.718279879921189,0.10396872508947616,0,1
ev_614,205,ev_614,detour_3,Customer_11,Customer_8,52,63,"[52, 13, 'vir_45', 45, 63]","[157, 'arc_13_vir_45', 'arc_vir_45_45', 382]",9.338100445840784,0.181682833665433,0,1
ev_615,206,ev_615,shortest,Customer_11,Customer_70,52,53,"[52, 63, 'vir_53', 53]","[402, 'arc_63_vir_53', 'arc_vir_53_53']",7.75206959993009,0.1409467199987289,0,1
ev_616,206,ev_616,detour_2,Customer_11,Customer_70,52,53,"[52, 13, 63, 'vir_53', 53]","[157, 152, 'arc_63_vir_53', 'arc_vir_53_53']",9.031862143683295,0.17717775289650262,0,1
ev_617,206,ev_617,detour_3,Customer_11,Customer_70,52,53,"[52, 63, 60, 'vir_53', 53]","[402, 445, 'arc_60_vir_53', 'arc_vir_53_53']",11.390135932632791,0.20709338059332347,0,1
ev_619,207,ev_619,detour_2,Customer_11,Customer_23,52,39,"[52, 79, 'vir_6', 6, 39]","[404, 'arc_79_vir_6', 'arc_vir_6_6', 80]",15.473038163700725,0.28132796661274045,0,1
ev_622,208,ev_622,detour_2,Customer_11,Customer_5,52,7,"[52, 13, 'vir_44', 44, 7]","[157, 'arc_13_vir_44', 'arc_vir_44_44', 83]",8.66428798889837,0.16025228939801653,0,1
ev_623,208,ev_623,detour_3,Customer_11,Customer_5,52,7,"[52, 13, 'vir_45', 45, 7]","[157, 'arc_13_vir_45', 'arc_vir_45_45', 85]",9.060268884834455,0.17663135073804523,0,1
ev_625,209,ev_625,detour_2,Customer_11,Customer_80,52,3,"[52, 63, 'vir_53', 53, 3]","[402, 'arc_63_vir_53', 'arc_vir_53_53', 35]",10.057487715838487,0.1985821728964388,0,1
ev_639,214,ev_639,shortest,Customer_11,Customer_55,52,48,"[52, 63, 'vir_53', 53, 48]","[402, 'arc_63_vir_53', 'arc_vir_53_53', 389]",11.978659414241587,0.21779380753166522,0,1
ev_641,214,ev_641,detour_3,Customer_11,Customer_55,52,48,"[52, 13, 63, 'vir_53', 53, 48]","[157, 152, 'arc_63_vir_53', 'arc_vir_53_53', 389]",13.258451957994794,0.25402484042943896,0,1
ev_643,215,ev_643,detour_2,Customer_11,Customer_24,52,22,"[52, 13, 'vir_44', 44, 22]","[157, 'arc_13_vir_44', 'arc_vir_44_44', 241]",11.775634908818695,0.21410245288761265,0,1
ev_644,215,ev_644,detour_3,Customer_11,Customer_24,52,22,"[52, 13, 'vir_44', 44, 7, 22]","[157, 'arc_13_vir_44', 'arc_vir_44_44', 83, 86]",11.816486237641303,0.21756498482970624,0,1
ev_647,216,ev_647,detour_3,Customer_11,Customer_6,52,5,"[52, 13, 'vir_44', 44, 5]","[157, 'arc_13_vir_44', 'arc_vir_44_44', 59]",12.17538869051841,0.22137070346397109,0,1
ev_648,217,ev_648,shortest,Customer_11,Customer_26,52,31,"[52, 63, 'vir_53', 53, 48, 18, 31]","[402, 'arc_63_vir_53', 'arc_vir_53_53', 389, 213, 206]",16.665846798896297,0.30427794370396916,2,1
ev_650,217,ev_650,detour_3,Customer_11,Customer_26,52,31,"[52, 63, 'vir_53', 53, 48, 42, 18, 31]","[402, 'arc_63_vir_53', 'arc_vir_53_53', 389, 373, 211, 206]",17.69707624158663,0.3378396754055411,3,1
ev_651,218,ev_651,shortest,Customer_11,Customer_67,52,31,"[52, 63, 'vir_53', 53, 48, 18, 31]","[402, 'arc_63_vir_53', 'arc_vir_53_53', 389, 213, 206]",16.665846798896297,0.30427794370396916,2,1
ev_653,218,ev_653,detour_3,Customer_11,Customer_67,52,31,"[52, 63, 'vir_53', 53, 48, 42, 18, 31]","[402, 'arc_63_vir_53', 'arc_vir_53_53', 389, 373, 211, 206]",17.69707624158663,0.3378396754055411,3,1
ev_657,222,ev_657,shortest,Customer_12,Customer_43,52,0,"[52, 'vir_0', 0]","['arc_52_vir_0', 'arc_vir_0_0']",3.124055766583747,0.05680101393788631,0,1
ev_658,222,ev_658,detour_2,Customer_12,Customer_43,52,0,"[52, 24, 'vir_0', 0]","[251, 'arc_24_vir_0', 'arc_vir_0_0']",7.134793392783054,0.12972351623241918,0,1
ev_659,222,ev_659,detour_3,Customer_12,Customer_43,52,0,"[52, 2, 'vir_0', 0]","[29, 'arc_2_vir_0', 'arc_vir_0_0']",10.261102809424886,0.186565505625907,0,1
ev_660,223,ev_660,shortest,Customer_12,Customer_76,52,0,"[52, 'vir_0', 0]","['arc_52_vir_0', 'arc_vir_0_0']",3.124055766583747,0.05680101393788631,0,1
ev_661,223,ev_661,detour_2,Customer_12,Customer_76,52,0,"[52, 24, 'vir_0', 0]","[251, 'arc_24_vir_0', 'arc_vir_0_0']",7.134793392783054,0.12972351623241918,0,1
ev_662,223,ev_662,detour_3,Customer_12,Customer_76,52,0,"[52, 2, 'vir_0', 0]","[29, 'arc_2_vir_0', 'arc_vir_0_0']",10.261102809424886,0.186565505625907,0,1
ev_664,224,ev_664,detour_2,Customer_12,Customer_72,52,24,"[52, 'vir_0', 0, 24]","['arc_52_vir_0', 'arc_vir_0_0', 2]",5.718279879921189,0.10396872508947616,0,1
ev_668,225,ev_668,detour_3,Customer_12,Customer_8,52,63,"[52, 13, 'vir_45', 45, 63]","[157, 'arc_13_vir_45', 'arc_vir_45_45', 382]",9.338100445840784,0.181682833665433,0,1
ev_669,226,ev_669,shortest,Customer_12,Customer_70,52,53,"[52, 63, 'vir_53', 53]","[402, 'arc_63_vir_53', 'arc_vir_53_53']",7.75206959993009,0.1409467199987289,0,1
ev_670,226,ev_670,detour_2,Customer_12,Customer_70,52,53,"[52, 13, 63, 'vir_53', 53]","[157, 152, 'arc_63_vir_53', 'arc_vir_53_53']",9.031862143683295,0.17717775289650262,0,1
ev_671,226,ev_671,detour_3,Customer_12,Customer_70,52,53,"[52, 63, 60, 'vir_53', 53]","[402, 445, 'arc_60_vir_53', 'arc_vir_53_53']",11.390135932632791,0.20709338059332347,0,1
ev_673,227,ev_673,detour_2,Customer_12,Customer_23,52,39,"[52, 79, 'vir_6', 6, 39]","[404, 'arc_79_vir_6', 'arc_vir_6_6', 80]",15.473038163700725,0.28132796661274045,0,1
ev_676,228,ev_676,detour_2,Customer_12,Customer_5,52,7,"[52, 13, 'vir_44', 44, 7]","[157, 'arc_13_vir_44', 'arc_vir_44_44', 83]",8.66428798889837,0.16025228939801653,0,1
ev_677,228,ev_677,detour_3,Customer_12,Customer_5,52,7,"[52, 13, 'vir_45', 45, 7]","[157, 'arc_13_vir_45', 'arc_vir_45_45', 85]",9.060268884834455,0.17663135073804523,0,1
ev_679,229,ev_679,detour_2,Customer_12,Customer_80,52,3,"[52, 63, 'vir_53', 53, 3]","[402, 'arc_63_vir_53', 'arc_vir_53_53', 35]",10.057487715838487,0.1985821728964388,0,1
ev_693,234,ev_693,shortest,Customer_12,Customer_55,52,48,"[52, 63, 'vir_53', 53, 48]","[402, 'arc_63_vir_53', 'arc_vir_53_53', 389]",11.978659414241587,0.21779380753166522,0,1
ev_695,234,ev_695,detour_3,Customer_12,Customer_55,52,48,"[52, 13, 63, 'vir_53', 53, 48]","[157, 152, 'arc_63_vir_53', 'arc_vir_53_53', 389]",13.258451957994794,0.25402484042943896,0,1
ev_697,235,ev_697,detour_2,Customer_12,Customer_24,52,22,"[52, 13, 'vir_44', 44, 22]","[157, 'arc_13_vir_44', 'arc_vir_44_44', 241]",11.775634908818695,0.21410245288761265,0,1
ev_698,235,ev_698,detour_3,Customer_12,Customer_24,52,22,"[52, 13, 'vir_44', 44, 7, 22]","[157, 'arc_13_vir_44', 'arc_vir_44_44', 83, 86]",11.816486237641303,0.21756498482970624,0,1
ev_701,236,ev_701,detour_3,Customer_12,Customer_6,52,5,"[52, 13, 'vir_44', 44, 5]","[157, 'arc_13_vir_44', 'arc_vir_44_44', 59]",12.17538869051841,0.22137070346397109,0,1
ev_702,237,ev_702,shortest,Customer_12,Customer_26,52,31,"[52, 63, 'vir_53', 53, 48, 18, 31]","[402, 'arc_63_vir_53', 'arc_vir_53_53', 389, 213, 206]",16.665846798896297,0.30427794370396916,2,1
ev_704,237,ev_704,detour_3,Customer_12,Customer_26,52,31,"[52, 63, 'vir_53', 53, 48, 42, 18, 31]","[402, 'arc_63_vir_53', 'arc_vir_53_53', 389, 373, 211, 206]",17.69707624158663,0.3378396754055411,3,1
ev_705,238,ev_705,shortest,Customer_12,Customer_67,52,31,"[52, 63, 'vir_53', 53, 48, 18, 31]","[402, 'arc_63_vir_53', 'arc_vir_53_53', 389, 213, 206]",16.665846798896297,0.30427794370396916,2,1
ev_707,238,ev_707,detour_3,Customer_12,Customer_67,52,31,"[52, 63, 'vir_53', 53, 48, 42, 18, 31]","[402, 'arc_63_vir_53', 'arc_vir_53_53', 389, 373, 211, 206]",17.69707624158663,0.3378396754055411,3,1
ev_710,239,ev_710,detour_3,Customer_13,Customer_39,35,15,"[35, 'vir_70', 70, 15]","['arc_35_vir_70', 'arc_vir_70_70', 183]",12.715200941612384,0.2311854716656797,0,1
ev_713,240,ev_713,detour_3,Customer_13,Customer_75,35,15,"[35, 'vir_70', 70, 15]","['arc_35_vir_70', 'arc_vir_70_70', 183]",12.715200941612384,0.2311854716656797,0,1
ev_716,241,ev_716,detour_3,Customer_13,Customer_57,35,58,"[35, 'vir_70', 70, 58]","['arc_35_vir_70', 'arc_vir_70_70', 437]",13.35329395996719,0.24278716290849434,0,1
ev_719,242,ev_719,detour_3,Customer_13,Customer_78,35,58,"[35, 'vir_70', 70, 58]","['arc_35_vir_70', 'arc_vir_70_70', 437]",13.35329395996719,0.24278716290849434,0,1
ev_730,246,ev_730,detour_2,Customer_13,Customer_40,35,36,"[35, 'vir_70', 70, 36]","['arc_35_vir_70', 'arc_vir_70_70', 339]",12.0909017715178,0.21983457766396,0,1
ev_733,247,ev_733,detour_2,Customer_13,Customer_44,35,36,"[35, 'vir_70', 70, 36]","['arc_35_vir_70', 'arc_vir_70_70', 339]",12.0909017715178,0.21983457766396,0,1
ev_759,256,ev_759,shortest,Customer_13,Customer_27,35,33,"[35, 15, 73, 67, 'vir_33', 33]","[175, 180, 455, 'arc_67_vir_33', 'arc_vir_33_33']",17.910641555597987,0.32564802828359973,0,1
ev_760,256,ev_760,detour_2,Customer_13,Customer_27,35,33,"[35, 49, 76, 10, 'vir_33', 33]","[332, 390, 123, 'arc_10_vir_33', 'arc_vir_33_33']",18.72396450737471,0.3404357183159038,0,1
ev_761,256,ev_761,detour_3,Customer_13,Customer_27,35,33,"[35, 15, 73, 67, 43, 'vir_33', 33]","[175, 180, 455, 375, 'arc_43_vir_33', 'arc_vir_33_33']",18.719395567942417,0.34861285312707946,0,1
ev_762,257,ev_762,shortest,Customer_13,Customer_79,35,33,"[35, 15, 73, 67, 'vir_33', 33]","[175, 180, 455, 'arc_67_vir_33', 'arc_vir_33_33']",17.910641555597987,0.32564802828359973,0,1
ev_763,257,ev_763,detour_2,Customer_13,Customer_79,35,33,"[35, 49, 76, 10, 'vir_33', 33]","[332, 390, 123, 'arc_10_vir_33', 'arc_vir_33_33']",18.72396450737471,0.3404357183159038,0,1
ev_764,257,ev_764,detour_3,Customer_13,Customer_79,35,33,"[35, 15, 73, 67, 43, 'vir_33', 33]","[175, 180, 455, 375, 'arc_43_vir_33', 'arc_vir_33_33']",18.719395567942417,0.34861285312707946,0,1
ev_767,258,ev_767,detour_3,Customer_13,Customer_32,35,46,"[35, 15, 73, 67, 'vir_33', 33, 46]","[175, 180, 455, 'arc_67_vir_33', 'arc_vir_33_33', 324]",19.42760169785017,0.3635720318399044,0,1
ev_787,266,ev_787,detour_3,Customer_14,Customer_2,17,55,"[17, 'vir_74', 74, 55]","['arc_17_vir_74', 'arc_vir_74_74', 415]",4.329018994688021,0.08860339842678341,2,1
ev_788,267,ev_788,shortest,Customer_14,Customer_3,17,74,"[17, 'vir_74', 74]","['arc_17_vir_74', 'arc_vir_74_74']",2.8779045445945126,0.052325537174445685,1,1
ev_789,267,ev_789,detour_2,Customer_14,Customer_3,17,74,"[17, 72, 'vir_74', 74]","[196, 'arc_72_vir_74', 'arc_vir_74_74']",3.6926769919834124,0.09231692479958531,2,1
ev_790,267,ev_790,detour_3,Customer_14,Customer_3,17,74,"[17, 4, 72, 'vir_74', 74]","[51, 48, 'arc_72_vir_74', 'arc_vir_74_74']",4.630053179698124,0.09572811959982097,3,1
ev_791,268,ev_791,shortest,Customer_14,Customer_42,17,74,"[17, 'vir_74', 74]","['arc_17_vir_74', 'arc_vir_74_74']",2.8779045445945126,0.052325537174445685,1,1
ev_792,268,ev_792,detour_2,Customer_14,Customer_42,17,74,"[17, 72, 'vir_74', 74]","[196, 'arc_72_vir_74', 'arc_vir_74_74']",3.6926769919834124,0.09231692479958531,2,1
ev_793,268,ev_793,detour_3,Customer_14,Customer_42,17,74,"[17, 4, 72, 'vir_74', 74]","[51, 48, 'arc_72_vir_74', 'arc_vir_74_74']",4.630053179698124,0.09572811959982097,3,1
ev_794,269,ev_794,shortest,Customer_14,Customer_47,17,74,"[17, 'vir_74', 74]","['arc_17_vir_74', 'arc_vir_74_74']",2.8779045445945126,0.052325537174445685,1,1
ev_795,269,ev_795,detour_2,Customer_14,Customer_47,17,74,"[17, 72, 'vir_74', 74]","[196, 'arc_72_vir_74', 'arc_vir_74_74']",3.6926769919834124,0.09231692479958531,2,1
ev_796,269,ev_796,detour_3,Customer_14,Customer_47,17,74,"[17, 4, 72, 'vir_74', 74]","[51, 48, 'arc_72_vir_74', 'arc_vir_74_74']",4.630053179698124,0.09572811959982097,3,1
ev_806,273,ev_806,shortest,Customer_14,Customer_9,17,34,"[17, 55, 50, 46, 'vir_14', 14, 34]","[198, 395, 385, 'arc_46_vir_14', 'arc_vir_14_14', 168]",14.265476920496623,0.2903271833509411,2,1
ev_807,273,ev_807,detour_2,Customer_14,Customer_9,17,34,"[17, 4, 55, 50, 46, 'vir_14', 14, 34]","[51, 46, 395, 385, 'arc_46_vir_14', 'arc_vir_14_14', 168]",15.103369335205509,0.291759656791256,3,1
ev_808,273,ev_808,detour_3,Customer_14,Customer_9,17,34,"[17, 'vir_74', 74, 50, 46, 'vir_14', 14, 34]","['arc_17_vir_74', 'arc_vir_74_74', 397, 385, 'arc_46_vir_14', 'arc_vir_14_14', 168]",16.003957729530015,0.3049074733461451,2,1
ev_809,274,ev_809,shortest,Customer_14,Customer_30,17,47,"[17, 55, 50, 46, 'vir_14', 14, 47]","[198, 395, 385, 'arc_46_vir_14', 'arc_vir_14_14', 162]",14.482175867183862,0.29574465701812214,2,1
ev_810,274,ev_810,detour_2,Customer_14,Customer_30,17,47,"[17, 4, 55, 50, 46, 'vir_14', 14, 47]","[51, 46, 395, 385, 'arc_46_vir_14', 'arc_vir_14_14', 162]",15.320068281892748,0.297177130458437,3,1
ev_811,274,ev_811,detour_3,Customer_14,Customer_30,17,47,"[17, 'vir_74', 74, 50, 46, 'vir_14', 14, 47]","['arc_17_vir_74', 'arc_vir_74_74', 397, 385, 'arc_46_vir_14', 'arc_vir_14_14', 162]",16.220656676217256,0.3103249470133261,2,1
ev_812,275,ev_812,shortest,Customer_14,Customer_60,17,47,"[17, 55, 50, 46, 'vir_14', 14, 47]","[198, 395, 385, 'arc_46_vir_14', 'arc_vir_14_14', 162]",14.482175867183862,0.29574465701812214,2,1
ev_813,275,ev_813,detour_2,Customer_14,Customer_60,17,47,"[17, 4, 55, 50, 46, 'vir_14', 14, 47]","[51, 46, 395, 385, 'arc_46_vir_14', 'arc_vir_14_14', 162]",15.320068281892748,0.297177130458437,3,1
ev_814,275,ev_814,detour_3,Customer_14,Customer_60,17,47,"[17, 'vir_74', 74, 50, 46, 'vir_14', 14, 47]","['arc_17_vir_74', 'arc_vir_74_74', 397, 385, 'arc_46_vir_14', 'arc_vir_14_14', 162]",16.220656676217256,0.3103249470133261,2,1
ev_815,276,ev_815,shortest,Customer_14,Customer_65,17,47,"[17, 55, 50, 46, 'vir_14', 14, 47]","[198, 395, 385, 'arc_46_vir_14', 'arc_vir_14_14', 162]",14.482175867183862,0.29574465701812214,2,1
ev_816,276,ev_816,detour_2,Customer_14,Customer_65,17,47,"[17, 4, 55, 50, 46, 'vir_14', 14, 47]","[51, 46, 395, 385, 'arc_46_vir_14', 'arc_vir_14_14', 162]",15.320068281892748,0.297177130458437,3,1
ev_817,276,ev_817,detour_3,Customer_14,Customer_65,17,47,"[17, 'vir_74', 74, 50, 46, 'vir_14', 14, 47]","['arc_17_vir_74', 'arc_vir_74_74', 397, 385, 'arc_46_vir_14', 'arc_vir_14_14', 162]",16.220656676217256,0.3103249470133261,2,1
ev_821,278,ev_821,shortest,Customer_14,Customer_38,17,14,"[17, 55, 50, 46, 'vir_14', 14]","[198, 395, 385, 'arc_46_vir_14', 'arc_vir_14_14']",12.222934775142054,0.2392636297170769,2,1
ev_822,278,ev_822,detour_2,Customer_14,Customer_38,17,14,"[17, 4, 55, 50, 46, 'vir_14', 14]","[51, 46, 395, 385, 'arc_46_vir_14', 'arc_vir_14_14']",13.06082718985094,0.2406961031573918,3,1
ev_823,278,ev_823,detour_3,Customer_14,Customer_38,17,14,"[17, 'vir_74', 74, 50, 46, 'vir_14', 14]","['arc_17_vir_74', 'arc_vir_74_74', 397, 385, 'arc_46_vir_14', 'arc_vir_14_14']",13.961415584175448,0.2538439197122809,2,1
ev_824,279,ev_824,shortest,Customer_15,Customer_3,72,74,"[72, 'vir_74', 74]","['arc_72_vir_74', 'arc_vir_74_74']",1.22009310529712,0.030502327632428,1,1
ev_825,279,ev_825,detour_2,Customer_15,Customer_3,72,74,"[72, 8, 'vir_74', 74]","[95, 'arc_8_vir_74', 'arc_vir_74_74']",3.476713837311578,0.08691784593278945,2,1
ev_826,279,ev_826,detour_3,Customer_15,Customer_3,72,74,"[72, 55, 'vir_74', 74]","[417, 'arc_55_vir_74', 'arc_vir_74_74']",3.7535501704661716,0.09383875426165429,2,1
ev_827,280,ev_827,shortest,Customer_15,Customer_42,72,74,"[72, 'vir_74', 74]","['arc_72_vir_74', 'arc_vir_74_74']",1.22009310529712,0.030502327632428,1,1
ev_828,280,ev_828,detour_2,Customer_15,Customer_42,72,74,"[72, 8, 'vir_74', 74]","[95, 'arc_8_vir_74', 'arc_vir_74_74']",3.476713837311578,0.08691784593278945,2,1
ev_829,280,ev_829,detour_3,Customer_15,Customer_42,72,74,"[72, 55, 'vir_74', 74]","[417, 'arc_55_vir_74', 'arc_vir_74_74']",3.7535501704661716,0.09383875426165429,2,1
ev_830,281,ev_830,shortest,Customer_15,Customer_47,72,74,"[72, 'vir_74', 74]","['arc_72_vir_74', 'arc_vir_74_74']",1.22009310529712,0.030502327632428,1,1
ev_831,281,ev_831,detour_2,Customer_15,Customer_47,72,74,"[72, 8, 'vir_74', 74]","[95, 'arc_8_vir_74', 'arc_vir_74_74']",3.476713837311578,0.08691784593278945,2,1
ev_832,281,ev_832,detour_3,Customer_15,Customer_47,72,74,"[72, 55, 'vir_74', 74]","[417, 'arc_55_vir_74', 'arc_vir_74_74']",3.7535501704661716,0.09383875426165429,2,1
ev_834,282,ev_834,detour_2,Customer_15,Customer_35,72,8,"[72, 'vir_74', 74, 8]","['arc_72_vir_74', 'arc_vir_74_74', 107]",3.4611195116649185,0.08652798779162296,2,1
ev_837,283,ev_837,detour_2,Customer_15,Customer_41,72,8,"[72, 'vir_74', 74, 8]","['arc_72_vir_74', 'arc_vir_74_74', 107]",3.4611195116649185,0.08652798779162296,2,1
ev_840,284,ev_840,detour_2,Customer_15,Customer_46,72,8,"[72, 'vir_74', 74, 8]","['arc_72_vir_74', 'arc_vir_74_74', 107]",3.4611195116649185,0.08652798779162296,2,1
ev_849,287,ev_849,detour_2,Customer_15,Customer_2,72,55,"[72, 'vir_74', 74, 55]","['arc_72_vir_74', 'arc_vir_74_74', 415]",2.671207555390629,0.06678018888476572,2,1
ev_868,293,ev_868,detour_3,Customer_15,Customer_77,72,28,"[72, 'vir_74', 74, 28]","['arc_72_vir_74', 'arc_vir_74_74', 285]",5.940081265633058,0.11632029418399051,2,1
ev_874,295,ev_874,detour_2,Customer_15,Customer_71,72,32,"[72, 'vir_74', 74, 55, 32]","['arc_72_vir_74', 'arc_vir_74_74', 415, 317]",6.902134109705134,0.14370612623593854,3,1
ev_877,296,ev_877,detour_2,Customer_15,Customer_48,72,27,"[72, 'vir_74', 74, 27]","['arc_72_vir_74', 'arc_vir_74_74', 279]",7.623704722789833,0.14693162976865914,2,1
ev_879,297,ev_879,shortest,Customer_15,Customer_9,72,34,"[72, 'vir_74', 74, 50, 46, 'vir_14', 14, 34]","['arc_72_vir_74', 'arc_vir_74_74', 397, 385, 'arc_46_vir_14', 'arc_vir_14_14', 168]",14.346146290232623,0.2830842638041274,2,1
ev_880,297,ev_880,detour_2,Customer_15,Customer_9,72,34,"[72, 55, 50, 46, 'vir_14', 14, 34]","[417, 395, 385, 'arc_46_vir_14', 'arc_vir_14_14', 168]",14.070406349410147,0.28545041907377927,2,1
ev_881,297,ev_881,detour_3,Customer_15,Customer_9,72,34,"[72, 'vir_74', 74, 55, 50, 46, 'vir_14', 14, 34]","['arc_72_vir_74', 'arc_vir_74_74', 415, 395, 385, 'arc_46_vir_14', 'arc_vir_14_14', 168]",14.439178184428114,0.29466971494922845,3,1
ev_894,304,ev_894,shortest,Customer_16,Customer_70,64,53,"[64, 30, 'vir_53', 53]","[303, 'arc_30_vir_53', 'arc_vir_53_53']",6.531726816083715,0.1347308739902147,0,1
ev_895,304,ev_895,detour_2,Customer_16,Customer_70,64,53,"[64, 12, 30, 'vir_53', 53]","[141, 148, 'arc_30_vir_53', 'arc_vir_53_53']",6.9266795589849215,0.14825952001514825,0,1
ev_896,304,ev_896,detour_3,Customer_16,Customer_70,64,53,"[64, 12, 60, 'vir_53', 53]","[141, 150, 'arc_60_vir_53', 'arc_vir_53_53']",8.292717452351889,0.15712436801494598,0,1
ev_918,312,ev_918,shortest,Customer_16,Customer_11,64,52,"[64, 39, 79, 'vir_52', 52]","[359, 362, 'arc_79_vir_52', 'arc_vir_52_52']",12.146210332683474,0.22084018786697227,0,1
ev_919,312,ev_919,detour_2,Customer_16,Customer_11,64,52,"[64, 30, 63, 'vir_52', 52]","[303, 304, 'arc_63_vir_52', 'arc_vir_52_52']",13.131265801710931,0.23875028730383513,0,1
ev_920,312,ev_920,detour_3,Customer_16,Customer_11,64,52,"[64, 54, 39, 79, 'vir_52', 52]","[411, 361, 362, 'arc_79_vir_52', 'arc_vir_52_52']",12.37450773924548,0.24520397975040376,0,1
ev_921,313,ev_921,shortest,Customer_16,Customer_12,64,52,"[64, 39, 79, 'vir_52', 52]","[359, 362, 'arc_79_vir_52', 'arc_vir_52_52']",12.146210332683474,0.22084018786697227,0,1
ev_922,313,ev_922,detour_2,Customer_16,Customer_12,64,52,"[64, 30, 63, 'vir_52', 52]","[303, 304, 'arc_63_vir_52', 'arc_vir_52_52']",13.131265801710931,0.23875028730383513,0,1
ev_923,313,ev_923,detour_3,Customer_16,Customer_12,64,52,"[64, 54, 39, 79, 'vir_52', 52]","[411, 361, 362, 'arc_79_vir_52', 'arc_vir_52_52']",12.37450773924548,0.24520397975040376,0,1
ev_924,314,ev_924,shortest,Customer_16,Customer_20,64,52,"[64, 39, 79, 'vir_52', 52]","[359, 362, 'arc_79_vir_52', 'arc_vir_52_52']",12.146210332683474,0.22084018786697227,0,1
ev_925,314,ev_925,detour_2,Customer_16,Customer_20,64,52,"[64, 30, 63, 'vir_52', 52]","[303, 304, 'arc_63_vir_52', 'arc_vir_52_52']",13.131265801710931,0.23875028730383513,0,1
ev_926,314,ev_926,detour_3,Customer_16,Customer_20,64,52,"[64, 54, 39, 79, 'vir_52', 52]","[411, 361, 362, 'arc_79_vir_52', 'arc_vir_52_52']",12.37450773924548,0.24520397975040376,0,1
ev_927,315,ev_927,shortest,Customer_16,Customer_53,64,52,"[64, 39, 79, 'vir_52', 52]","[359, 362, 'arc_79_vir_52', 'arc_vir_52_52']",12.146210332683474,0.22084018786697227,0,1
ev_928,315,ev_928,detour_2,Customer_16,Customer_53,64,52,"[64, 30, 63, 'vir_52', 52]","[303, 304, 'arc_63_vir_52', 'arc_vir_52_52']",13.131265801710931,0.23875028730383513,0,1
ev_929,315,ev_929,detour_3,Customer_16,Customer_53,64,52,"[64, 54, 39, 79, 'vir_52', 52]","[411, 361, 362, 'arc_79_vir_52', 'arc_vir_52_52']",12.37450773924548,0.24520397975040376,0,1
ev_931,316,ev_931,avoid_congestion,Customer_16,Customer_55,64,48,"[64, 30, 'vir_53', 53, 48]","[303, 'arc_30_vir_53', 'arc_vir_53_53', 389]",10.758316630395214,0.211577961523151,0,1
ev_933,317,ev_933,shortest,Customer_16,Customer_72,64,24,"[64, 39, 'vir_6', 6, 24]","[359, 'arc_39_vir_6', 'arc_vir_6_6', 78]",14.760664184730594,0.2683757124496472,0,1
ev_934,317,ev_934,detour_2,Customer_16,Customer_72,64,24,"[64, 39, 79, 'vir_6', 6, 24]","[359, 362, 'arc_79_vir_6', 'arc_vir_6_6', 78]",15.395406632656556,0.2799164842301192,0,1
ev_936,318,ev_936,shortest,Customer_16,Customer_43,64,0,"[64, 39, 79, 'vir_52', 52, 'vir_0', 0]","[359, 362, 'arc_79_vir_52', 'arc_vir_52_52', 'arc_52_vir_0', 'arc_vir_0_0']",15.270266099267221,0.2776412018048586,0,1
ev_937,318,ev_937,detour_2,Customer_16,Customer_43,64,0,"[64, 30, 63, 'vir_52', 52, 'vir_0', 0]","[303, 304, 'arc_63_vir_52', 'arc_vir_52_52', 'arc_52_vir_0', 'arc_vir_0_0']",16.25532156829468,0.29555130124172146,0,1
ev_938,318,ev_938,detour_3,Customer_16,Customer_43,64,0,"[64, 54, 39, 79, 'vir_52', 52, 'vir_0', 0]","[411, 361, 362, 'arc_79_vir_52', 'arc_vir_52_52', 'arc_52_vir_0', 'arc_vir_0_0']",15.498563505829228,0.30200499368829004,0,1
ev_961,327,ev_961,shortest,Customer_17,Customer_27,38,33,"[38, 43, 'vir_33', 33]","[350, 'arc_43_vir_33', 'arc_vir_33_33']",5.75993207489215,0.10472603772531183,0,1
ev_962,327,ev_962,detour_2,Customer_17,Customer_27,38,33,"[38, 67, 'vir_33', 33]","[352, 'arc_67_vir_33', 'arc_vir_33_33']",6.866564432195942,0.12484662603992622,0,1
ev_963,327,ev_963,detour_3,Customer_17,Customer_27,38,33,"[38, 10, 'vir_33', 33]","[129, 'arc_10_vir_33', 'arc_vir_33_33']",6.991406359464534,0.12711647926299152,0,1
ev_964,328,ev_964,shortest,Customer_17,Customer_79,38,33,"[38, 43, 'vir_33', 33]","[350, 'arc_43_vir_33', 'arc_vir_33_33']",5.75993207489215,0.10472603772531183,0,1
ev_965,328,ev_965,detour_2,Customer_17,Customer_79,38,33,"[38, 67, 'vir_33', 33]","[352, 'arc_67_vir_33', 'arc_vir_33_33']",6.866564432195942,0.12484662603992622,0,1
ev_966,328,ev_966,detour_3,Customer_17,Customer_79,38,33,"[38, 10, 'vir_33', 33]","[129, 'arc_10_vir_33', 'arc_vir_33_33']",6.991406359464534,0.12711647926299152,0,1
ev_969,329,ev_969,detour_3,Customer_17,Customer_32,38,46,"[38, 43, 'vir_33', 33, 46]","[350, 'arc_43_vir_33', 'arc_vir_33_33', 324]",7.276892217144336,0.14265004128161649,0,1
ev_972,330,ev_972,detour_3,Customer_17,Customer_49,38,46,"[38, 43, 'vir_33', 33, 46]","[350, 'arc_43_vir_33', 'arc_vir_33_33', 324]",7.276892217144336,0.14265004128161649,0,1
ev_988,336,ev_988,shortest,Customer_17,Customer_3,38,74,"[38, 32, 55, 'vir_74', 74]","[313, 316, 'arc_55_vir_74', 'arc_vir_74_74']",10.243672900927944,0.19614256035841837,2,1
ev_989,336,ev_989,avoid_congestion,Customer_17,Customer_3,38,74,"[38, 10, 50, 'vir_74', 74]","[129, 120, 'arc_50_vir_74', 'arc_vir_74_74']",10.980552143429744,0.19964640260781352,1,1
ev_990,336,ev_990,detour_3,Customer_17,Customer_3,38,74,"[38, 32, 50, 'vir_74', 74]","[313, 318, 'arc_50_vir_74', 'arc_vir_74_74']",11.581329129385018,0.21056962053427306,2,1
ev_991,337,ev_991,shortest,Customer_17,Customer_42,38,74,"[38, 32, 55, 'vir_74', 74]","[313, 316, 'arc_55_vir_74', 'arc_vir_74_74']",10.243672900927944,0.19614256035841837,2,1
ev_992,337,ev_992,avoid_congestion,Customer_17,Customer_42,38,74,"[38, 10, 50, 'vir_74', 74]","[129, 120, 'arc_50_vir_74', 'arc_vir_74_74']",10.980552143429744,0.19964640260781352,1,1
ev_993,337,ev_993,detour_3,Customer_17,Customer_42,38,74,"[38, 32, 50, 'vir_74', 74]","[313, 318, 'arc_50_vir_74', 'arc_vir_74_74']",11.581329129385018,0.21056962053427306,2,1
ev_994,338,ev_994,shortest,Customer_17,Customer_47,38,74,"[38, 32, 55, 'vir_74', 74]","[313, 316, 'arc_55_vir_74', 'arc_vir_74_74']",10.243672900927944,0.19614256035841837,2,1
ev_995,338,ev_995,avoid_congestion,Customer_17,Customer_47,38,74,"[38, 10, 50, 'vir_74', 74]","[129, 120, 'arc_50_vir_74', 'arc_vir_74_74']",10.980552143429744,0.19964640260781352,1,1
ev_996,338,ev_996,detour_3,Customer_17,Customer_47,38,74,"[38, 32, 50, 'vir_74', 74]","[313, 318, 'arc_50_vir_74', 'arc_vir_74_74']",11.581329129385018,0.21056962053427306,2,1
ev_999,339,ev_999,detour_3,Customer_18,Customer_28,57,16,"[57, 'vir_61', 61, 16]","['arc_57_vir_61', 'arc_vir_61_61', 189]",6.598901503249266,0.11998002733180482,0,1
ev_1002,340,ev_1002,detour_3,Customer_18,Customer_66,57,16,"[57, 'vir_61', 61, 16]","['arc_57_vir_61', 'arc_vir_61_61', 189]",6.598901503249266,0.11998002733180482,0,1
ev_1005,341,ev_1005,detour_3,Customer_18,Customer_34,57,66,"[57, 'vir_61', 61, 66]","['arc_57_vir_61', 'arc_vir_61_61', 446]",5.48492770042669,0.11467975441929233,0,1
ev_1008,342,ev_1008,detour_3,Customer_18,Customer_73,57,66,"[57, 'vir_61', 61, 66]","['arc_57_vir_61', 'arc_vir_61_61', 446]",5.48492770042669,0.11467975441929233,0,1
ev_1009,343,ev_1009,shortest,Customer_18,Customer_1,57,1,"[57, 'vir_61', 61, 1]","['arc_57_vir_61', 'arc_vir_61_61', 11]",6.937046451808445,0.12612811730560808,0,1
ev_1010,343,ev_1010,detour_2,Customer_18,Customer_1,57,1,"[57, 16, 'vir_61', 61, 1]","[185, 'arc_16_vir_61', 'arc_vir_61_61', 11]",7.198418033856887,0.1325567727901422,0,1
ev_1012,344,ev_1012,shortest,Customer_18,Customer_69,57,9,"[57, 'vir_61', 61, 1, 9]","['arc_57_vir_61', 'arc_vir_61_61', 11, 16]",8.377692200860627,0.16214426103191262,0,1
ev_1013,344,ev_1013,detour_2,Customer_18,Customer_69,57,9,"[57, 16, 'vir_61', 61, 1, 9]","[185, 'arc_16_vir_61', 'arc_vir_61_61', 11, 16]",8.63906378290907,0.16857291651644674,0,1
ev_1015,345,ev_1015,shortest,Customer_18,Customer_50,57,26,"[57, 'vir_61', 61, 1, 26]","['arc_57_vir_61', 'arc_vir_61_61', 11, 12]",9.532060907515966,0.1733101983184721,0,1
ev_1016,345,ev_1016,detour_2,Customer_18,Customer_50,57,26,"[57, 16, 'vir_61', 61, 1, 26]","[185, 'arc_16_vir_61', 'arc_vir_61_61', 11, 12]",9.793432489564408,0.1797388538030062,0,1
ev_1033,351,ev_1033,shortest,Customer_18,Customer_30,57,47,"[57, 'vir_61', 61, 1, 47]","['arc_57_vir_61', 'arc_vir_61_61', 11, 14]",11.422158185337677,0.20767560336977592,0,1
ev_1034,351,ev_1034,detour_2,Customer_18,Customer_30,57,47,"[57, 16, 'vir_61', 61, 1, 47]","[185, 'arc_16_vir_61', 'arc_vir_61_61', 11, 14]",11.68352976738612,0.21410425885431006,0,1
ev_1036,352,ev_1036,shortest,Customer_18,Customer_60,57,47,"[57, 'vir_61', 61, 1, 47]","['arc_57_vir_61', 'arc_vir_61_61', 11, 14]",11.422158185337677,0.20767560336977592,0,1
ev_1037,352,ev_1037,detour_2,Customer_18,Customer_60,57,47,"[57, 16, 'vir_61', 61, 1, 47]","[185, 'arc_16_vir_61', 'arc_vir_61_61', 11, 14]",11.68352976738612,0.21410425885431006,0,1
ev_1039,353,ev_1039,shortest,Customer_18,Customer_65,57,47,"[57, 'vir_61', 61, 1, 47]","['arc_57_vir_61', 'arc_vir_61_61', 11, 14]",11.422158185337677,0.20767560336977592,0,1
ev_1040,353,ev_1040,detour_2,Customer_18,Customer_65,57,47,"[57, 16, 'vir_61', 61, 1, 47]","[185, 'arc_16_vir_61', 'arc_vir_61_61', 11, 14]",11.68352976738612,0.21410425885431006,0,1
ev_1045,355,ev_1045,shortest,Customer_18,Customer_36,57,62,"[57, 'vir_62', 62]","['arc_57_vir_62', 'arc_vir_62_62']",9.309079255199084,0.16925598645816517,0,1
ev_1046,355,ev_1046,detour_2,Customer_18,Customer_36,57,62,"[57, 78, 'vir_62', 62]","[434, 'arc_78_vir_62', 'arc_vir_62_62']",9.312026426589693,0.16930957139253985,0,1
ev_1047,355,ev_1047,detour_3,Customer_18,Customer_36,57,62,"[57, 16, 'vir_62', 62]","[185, 'arc_16_vir_62', 'arc_vir_62_62']",9.309092035566113,0.17093266373030994,0,1
ev_1048,356,ev_1048,shortest,Customer_18,Customer_59,57,62,"[57, 'vir_62', 62]","['arc_57_vir_62', 'arc_vir_62_62']",9.309079255199084,0.16925598645816517,0,1
ev_1049,356,ev_1049,detour_2,Customer_18,Customer_59,57,62,"[57, 78, 'vir_62', 62]","[434, 'arc_78_vir_62', 'arc_vir_62_62']",9.312026426589693,0.16930957139253985,0,1
ev_1050,356,ev_1050,detour_3,Customer_18,Customer_59,57,62,"[57, 16, 'vir_62', 62]","[185, 'arc_16_vir_62', 'arc_vir_62_62']",9.309092035566113,0.17093266373030994,0,1
ev_1051,357,ev_1051,shortest,Customer_18,Customer_62,57,62,"[57, 'vir_62', 62]","['arc_57_vir_62', 'arc_vir_62_62']",9.309079255199084,0.16925598645816517,0,1
ev_1052,357,ev_1052,detour_2,Customer_18,Customer_62,57,62,"[57, 78, 'vir_62', 62]","[434, 'arc_78_vir_62', 'arc_vir_62_62']",9.312026426589693,0.16930957139253985,0,1
ev_1053,357,ev_1053,detour_3,Customer_18,Customer_62,57,62,"[57, 16, 'vir_62', 62]","[185, 'arc_16_vir_62', 'arc_vir_62_62']",9.309092035566113,0.17093266373030994,0,1
ev_1054,358,ev_1054,shortest,Customer_18,Customer_9,57,34,"[57, 'vir_61', 61, 1, 26, 34]","['arc_57_vir_61', 'arc_vir_61_61', 11, 12, 266]",12.319196904057423,0.2239853982555895,0,1
ev_1055,358,ev_1055,detour_2,Customer_18,Customer_9,57,34,"[57, 'vir_61', 61, 1, 47, 34]","['arc_57_vir_61', 'arc_vir_61_61', 11, 14, 329]",12.294100809897744,0.22947416898377757,1,1
ev_1056,358,ev_1056,detour_3,Customer_18,Customer_9,57,34,"[57, 16, 'vir_61', 61, 1, 26, 34]","[185, 'arc_16_vir_61', 'arc_vir_61_61', 11, 12, 266]",12.580568486105864,0.23041405374012358,0,1
ev_1066,362,ev_1066,shortest,Customer_19,Customer_27,71,33,"[71, 21, 'vir_33', 33]","[237, 'arc_21_vir_33', 'arc_vir_33_33']",15.115676135596942,0.2748304751926717,0,1
ev_1067,362,ev_1067,detour_2,Customer_19,Customer_27,71,33,"[71, 21, 67, 'vir_33', 33]","[237, 228, 'arc_67_vir_33', 'arc_vir_33_33']",18.423427071630147,0.3349714013023663,0,1
ev_1068,362,ev_1068,detour_3,Customer_19,Customer_27,71,33,"[71, 21, 46, 'vir_33', 33]","[237, 234, 'arc_46_vir_33', 'arc_vir_33_33']",17.85502652156152,0.33497975590738344,0,1
ev_1069,363,ev_1069,shortest,Customer_19,Customer_79,71,33,"[71, 21, 'vir_33', 33]","[237, 'arc_21_vir_33', 'arc_vir_33_33']",15.115676135596942,0.2748304751926717,0,1
ev_1070,363,ev_1070,detour_2,Customer_19,Customer_79,71,33,"[71, 21, 67, 'vir_33', 33]","[237, 228, 'arc_67_vir_33', 'arc_vir_33_33']",18.423427071630147,0.3349714013023663,0,1
ev_1071,363,ev_1071,detour_3,Customer_19,Customer_79,71,33,"[71, 21, 46, 'vir_33', 33]","[237, 234, 'arc_46_vir_33', 'arc_vir_33_33']",17.85502652156152,0.33497975590738344,0,1
ev_1077,365,ev_1077,detour_3,Customer_19,Customer_21,71,67,"[71, 21, 'vir_33', 33, 67]","[237, 'arc_21_vir_33', 'arc_vir_33_33', 322]",18.763841982814657,0.3411607633239028,0,1
ev_1080,366,ev_1080,detour_3,Customer_19,Customer_22,71,67,"[71, 21, 'vir_33', 33, 67]","[237, 'arc_21_vir_33', 'arc_vir_33_33', 322]",18.763841982814657,0.3411607633239028,0,1
ev_1082,367,ev_1082,detour_2,Customer_19,Customer_32,71,46,"[71, 21, 'vir_33', 33, 46]","[237, 'arc_21_vir_33', 'arc_vir_33_33', 324]",16.63263627784913,0.31275447874897633,0,1
ev_1085,368,ev_1085,detour_2,Customer_19,Customer_49,71,46,"[71, 21, 'vir_33', 33, 46]","[237, 'arc_21_vir_33', 'arc_vir_33_33', 324]",16.63263627784913,0.31275447874897633,0,1
ev_1087,369,ev_1087,shortest,Customer_19,Customer_38,71,14,"[71, 21, 46, 'vir_14', 14]","[237, 234, 'arc_46_vir_14', 'arc_vir_14_14']",19.677202206910454,0.35776731285291735,0,1
ev_1088,369,ev_1088,detour_2,Customer_19,Customer_38,71,14,"[71, 21, 'vir_33', 33, 'vir_14', 14]","[237, 'arc_21_vir_33', 'arc_vir_33_33', 'arc_33_vir_14', 'arc_vir_14_14']",19.785471780299034,0.35973585055089147,0,1
ev_1089,369,ev_1089,detour_3,Customer_19,Customer_38,71,14,"[71, 40, 26, 'vir_14', 14]","[369, 269, 'arc_26_vir_14', 'arc_vir_14_14']",19.916280564482296,0.3621141920814963,0,1
ev_1095,371,ev_1095,detour_3,Customer_19,Customer_52,71,43,"[71, 21, 'vir_33', 33, 43]","[237, 'arc_21_vir_33', 'arc_vir_33_33', 320]",18.361099051033865,0.3338381645642521,0,1
ev_1098,372,ev_1098,detour_3,Customer_19,Customer_58,71,43,"[71, 21, 'vir_33', 33, 43]","[237, 'arc_21_vir_33', 'arc_vir_33_33', 320]",18.361099051033865,0.3338381645642521,0,1
ev_1114,378,ev_1114,shortest,Customer_19,Customer_51,71,10,"[71, 21, 'vir_33', 33, 10]","[237, 'arc_21_vir_33', 'arc_vir_33_33', 127]",18.147078170287426,0.32994687582340776,0,1
ev_1120,382,ev_1120,shortest,Customer_20,Customer_43,52,0,"[52, 'vir_0', 0]","['arc_52_vir_0', 'arc_vir_0_0']",3.124055766583747,0.05680101393788631,0,1
ev_1121,382,ev_1121,detour_2,Customer_20,Customer_43,52,0,"[52, 24, 'vir_0', 0]","[251, 'arc_24_vir_0', 'arc_vir_0_0']",7.134793392783054,0.12972351623241918,0,1
ev_1122,382,ev_1122,detour_3,Customer_20,Customer_43,52,0,"[52, 2, 'vir_0', 0]","[29, 'arc_2_vir_0', 'arc_vir_0_0']",10.261102809424886,0.186565505625907,0,1
ev_1123,383,ev_1123,shortest,Customer_20,Customer_76,52,0,"[52, 'vir_0', 0]","['arc_52_vir_0', 'arc_vir_0_0']",3.124055766583747,0.05680101393788631,0,1
ev_1124,383,ev_1124,detour_2,Customer_20,Customer_76,52,0,"[52, 24, 'vir_0', 0]","[251, 'arc_24_vir_0', 'arc_vir_0_0']",7.134793392783054,0.12972351623241918,0,1
ev_1125,383,ev_1125,detour_3,Customer_20,Customer_76,52,0,"[52, 2, 'vir_0', 0]","[29, 'arc_2_vir_0', 'arc_vir_0_0']",10.261102809424886,0.186565505625907,0,1
ev_1127,384,ev_1127,detour_2,Customer_20,Customer_72,52,24,"[52, 'vir_0', 0, 24]","['arc_52_vir_0', 'arc_vir_0_0', 2]",5.718279879921189,0.10396872508947616,0,1
ev_1131,385,ev_1131,detour_3,Customer_20,Customer_8,52,63,"[52, 13, 'vir_45', 45, 63]","[157, 'arc_13_vir_45', 'arc_vir_45_45', 382]",9.338100445840784,0.181682833665433,0,1
ev_1132,386,ev_1132,shortest,Customer_20,Customer_70,52,53,"[52, 63, 'vir_53', 53]","[402, 'arc_63_vir_53', 'arc_vir_53_53']",7.75206959993009,0.1409467199987289,0,1
ev_1133,386,ev_1133,detour_2,Customer_20,Customer_70,52,53,"[52, 13, 63, 'vir_53', 53]","[157, 152, 'arc_63_vir_53', 'arc_vir_53_53']",9.031862143683295,0.17717775289650262,0,1
ev_1134,386,ev_1134,detour_3,Customer_20,Customer_70,52,53,"[52, 63, 60, 'vir_53', 53]","[402, 445, 'arc_60_vir_53', 'arc_vir_53_53']",11.390135932632791,0.20709338059332347,0,1
ev_1136,387,ev_1136,detour_2,Customer_20,Customer_23,52,39,"[52, 79, 'vir_6', 6, 39]","[404, 'arc_79_vir_6', 'arc_vir_6_6', 80]",15.473038163700725,0.28132796661274045,0,1
ev_1139,388,ev_1139,detour_2,Customer_20,Customer_5,52,7,"[52, 13, 'vir_44', 44, 7]","[157, 'arc_13_vir_44', 'arc_vir_44_44', 83]",8.66428798889837,0.16025228939801653,0,1
ev_1140,388,ev_1140,detour_3,Customer_20,Customer_5,52,7,"[52, 13, 'vir_45', 45, 7]","[157, 'arc_13_vir_45', 'arc_vir_45_45', 85]",9.060268884834455,0.17663135073804523,0,1
ev_1142,389,ev_1142,detour_2,Customer_20,Customer_80,52,3,"[52, 63, 'vir_53', 53, 3]","[402, 'arc_63_vir_53', 'arc_vir_53_53', 35]",10.057487715838487,0.1985821728964388,0,1
ev_1156,394,ev_1156,shortest,Customer_20,Customer_55,52,48,"[52, 63, 'vir_53', 53, 48]","[402, 'arc_63_vir_53', 'arc_vir_53_53', 389]",11.978659414241587,0.21779380753166522,0,1
ev_1158,394,ev_1158,detour_3,Customer_20,Customer_55,52,48,"[52, 13, 63, 'vir_53', 53, 48]","[157, 152, 'arc_63_vir_53', 'arc_vir_53_53', 389]",13.258451957994794,0.25402484042943896,0,1
ev_1160,395,ev_1160,detour_2,Customer_20,Customer_24,52,22,"[52, 13, 'vir_44', 44, 22]","[157, 'arc_13_vir_44', 'arc_vir_44_44', 241]",11.775634908818695,0.21410245288761265,0,1
ev_1161,395,ev_1161,detour_3,Customer_20,Customer_24,52,22,"[52, 13, 'vir_44', 44, 7, 22]","[157, 'arc_13_vir_44', 'arc_vir_44_44', 83, 86]",11.816486237641303,0.21756498482970624,0,1
ev_1164,396,ev_1164,detour_3,Customer_20,Customer_6,52,5,"[52, 13, 'vir_44', 44, 5]","[157, 'arc_13_vir_44', 'arc_vir_44_44', 59]",12.17538869051841,0.22137070346397109,0,1
ev_1165,397,ev_1165,shortest,Customer_20,Customer_26,52,31,"[52, 63, 'vir_53', 53, 48, 18, 31]","[402, 'arc_63_vir_53', 'arc_vir_53_53', 389, 213, 206]",16.665846798896297,0.30427794370396916,2,1
ev_1167,397,ev_1167,detour_3,Customer_20,Customer_26,52,31,"[52, 63, 'vir_53', 53, 48, 42, 18, 31]","[402, 'arc_63_vir_53', 'arc_vir_53_53', 389, 373, 211, 206]",17.69707624158663,0.3378396754055411,3,1
ev_1168,398,ev_1168,shortest,Customer_20,Customer_67,52,31,"[52, 63, 'vir_53', 53, 48, 18, 31]","[402, 'arc_63_vir_53', 'arc_vir_53_53', 389, 213, 206]",16.665846798896297,0.30427794370396916,2,1
ev_1170,398,ev_1170,detour_3,Customer_20,Customer_67,52,31,"[52, 63, 'vir_53', 53, 48, 42, 18, 31]","[402, 'arc_63_vir_53', 'arc_vir_53_53', 389, 373, 211, 206]",17.69707624158663,0.3378396754055411,3,1
ev_1174,400,ev_1174,detour_3,Customer_21,Customer_52,67,43,"[67, 'vir_33', 33, 43]","['arc_67_vir_33', 'arc_vir_33_33', 320]",6.8935887626546375,0.1253379775028116,0,1
ev_1177,401,ev_1177,detour_3,Customer_21,Customer_58,67,43,"[67, 'vir_33', 33, 43]","['arc_67_vir_33', 'arc_vir_33_33', 320]",6.8935887626546375,0.1253379775028116,0,1
ev_1184,404,ev_1184,shortest,Customer_21,Customer_27,67,33,"[67, 'vir_33', 33]","['arc_67_vir_33', 'arc_vir_33_33']",3.6481658472177143,0.06633028813123117,0,1
ev_1185,404,ev_1185,detour_2,Customer_21,Customer_27,67,33,"[67, 43, 'vir_33', 33]","[375, 'arc_43_vir_33', 'arc_vir_33_33']",4.456919859562142,0.0892951129747109,0,1
ev_1186,404,ev_1186,detour_3,Customer_21,Customer_27,67,33,"[67, 10, 'vir_33', 33]","[133, 'arc_10_vir_33', 'arc_vir_33_33']",7.288515376986211,0.1325184613997493,0,1
ev_1187,405,ev_1187,shortest,Customer_21,Customer_79,67,33,"[67, 'vir_33', 33]","['arc_67_vir_33', 'arc_vir_33_33']",3.6481658472177143,0.06633028813123117,0,1
ev_1188,405,ev_1188,detour_2,Customer_21,Customer_79,67,33,"[67, 43, 'vir_33', 33]","[375, 'arc_43_vir_33', 'arc_vir_33_33']",4.456919859562142,0.0892951129747109,0,1
ev_1189,405,ev_1189,detour_3,Customer_21,Customer_79,67,33,"[67, 10, 'vir_33', 33]","[133, 'arc_10_vir_33', 'arc_vir_33_33']",7.288515376986211,0.1325184613997493,0,1
ev_1192,406,ev_1192,detour_3,Customer_21,Customer_51,67,10,"[67, 'vir_33', 33, 10]","['arc_67_vir_33', 'arc_vir_33_33', 127]",6.6795678819081985,0.12144668876196725,0,1
ev_1196,408,ev_1196,shortest,Customer_21,Customer_32,67,46,"[67, 'vir_33', 33, 46]","['arc_67_vir_33', 'arc_vir_33_33', 324]",5.1651259894699,0.10425429168753582,0,1
ev_1198,408,ev_1198,detour_3,Customer_21,Customer_32,67,46,"[67, 43, 'vir_33', 33, 46]","[375, 'arc_43_vir_33', 'arc_vir_33_33', 324]",5.9738800018143285,0.12721911653101556,0,1
ev_1199,409,ev_1199,shortest,Customer_21,Customer_49,67,46,"[67, 'vir_33', 33, 46]","['arc_67_vir_33', 'arc_vir_33_33', 324]",5.1651259894699,0.10425429168753582,0,1
ev_1201,409,ev_1201,detour_3,Customer_21,Customer_49,67,46,"[67, 43, 'vir_33', 33, 46]","[375, 'arc_43_vir_33', 'arc_vir_33_33', 324]",5.9738800018143285,0.12721911653101556,0,1
ev_1205,411,ev_1205,shortest,Customer_21,Customer_38,67,14,"[67, 'vir_33', 33, 'vir_14', 14]","['arc_67_vir_33', 'arc_vir_33_33', 'arc_33_vir_14', 'arc_vir_14_14']",8.317961491919803,0.15123566348945097,0,1
ev_1206,411,ev_1206,detour_2,Customer_21,Customer_38,67,14,"[67, 'vir_33', 33, 46, 'vir_14', 14]","['arc_67_vir_33', 'arc_vir_33_33', 324, 'arc_46_vir_14', 'arc_vir_14_14']",8.504261817071022,0.1649658521893744,0,1
ev_1207,411,ev_1207,detour_3,Customer_21,Customer_38,67,14,"[67, 43, 46, 'vir_14', 14]","[375, 376, 'arc_46_vir_14', 'arc_vir_14_14']",8.968482624825896,0.17132352688859734,0,1
ev_1217,415,ev_1217,shortest,Customer_21,Customer_9,67,34,"[67, 'vir_33', 33, 'vir_14', 14, 34]","['arc_67_vir_33', 'arc_vir_33_33', 'arc_33_vir_14', 'arc_vir_14_14', 168]",10.360503637274372,0.20229921712331517,0,1
ev_1218,415,ev_1218,detour_2,Customer_21,Customer_9,67,34,"[67, 'vir_33', 33, 46, 'vir_14', 14, 34]","['arc_67_vir_33', 'arc_vir_33_33', 324, 'arc_46_vir_14', 'arc_vir_14_14', 168]",10.54680396242559,0.2160294058232386,0,1
ev_1219,415,ev_1219,detour_3,Customer_21,Customer_9,67,34,"[67, 43, 46, 'vir_14', 14, 34]","[375, 376, 'arc_46_vir_14', 'arc_vir_14_14', 168]",11.011024770180464,0.22238708052246153,0,1
ev_1220,416,ev_1220,shortest,Customer_21,Customer_30,67,47,"[67, 'vir_33', 33, 'vir_14', 14, 47]","['arc_67_vir_33', 'arc_vir_33_33', 'arc_33_vir_14', 'arc_vir_14_14', 162]",10.577202583961611,0.2077166907904962,0,1
ev_1221,416,ev_1221,detour_2,Customer_21,Customer_30,67,47,"[67, 'vir_33', 33, 46, 'vir_14', 14, 47]","['arc_67_vir_33', 'arc_vir_33_33', 324, 'arc_46_vir_14', 'arc_vir_14_14', 162]",10.76350290911283,0.22144687949041963,0,1
ev_1222,416,ev_1222,detour_3,Customer_21,Customer_30,67,47,"[67, 'vir_33', 33, 'vir_14', 14, 34, 47]","['arc_67_vir_33', 'arc_vir_33_33', 'arc_33_vir_14', 'arc_vir_14_14', 168, 328]",11.232446261834438,0.22409778273731681,1,1
ev_1223,417,ev_1223,shortest,Customer_21,Customer_60,67,47,"[67, 'vir_33', 33, 'vir_14', 14, 47]","['arc_67_vir_33', 'arc_vir_33_33', 'arc_33_vir_14', 'arc_vir_14_14', 162]",10.577202583961611,0.2077166907904962,0,1
ev_1224,417,ev_1224,detour_2,Customer_21,Customer_60,67,47,"[67, 'vir_33', 33, 46, 'vir_14', 14, 47]","['arc_67_vir_33', 'arc_vir_33_33', 324, 'arc_46_vir_14', 'arc_vir_14_14', 162]",10.76350290911283,0.22144687949041963,0,1
ev_1225,417,ev_1225,detour_3,Customer_21,Customer_60,67,47,"[67, 'vir_33', 33, 'vir_14', 14, 34, 47]","['arc_67_vir_33', 'arc_vir_33_33', 'arc_33_vir_14', 'arc_vir_14_14', 168, 328]",11.232446261834438,0.22409778273731681,1,1
ev_1226,418,ev_1226,shortest,Customer_21,Customer_65,67,47,"[67, 'vir_33', 33, 'vir_14', 14, 47]","['arc_67_vir_33', 'arc_vir_33_33', 'arc_33_vir_14', 'arc_vir_14_14', 162]",10.577202583961611,0.2077166907904962,0,1
ev_1227,418,ev_1227,detour_2,Customer_21,Customer_65,67,47,"[67, 'vir_33', 33, 46, 'vir_14', 14, 47]","['arc_67_vir_33', 'arc_vir_33_33', 324, 'arc_46_vir_14', 'arc_vir_14_14', 162]",10.76350290911283,0.22144687949041963,0,1
ev_1228,418,ev_1228,detour_3,Customer_21,Customer_65,67,47,"[67, 'vir_33', 33, 'vir_14', 14, 34, 47]","['arc_67_vir_33', 'arc_vir_33_33', 'arc_33_vir_14', 'arc_vir_14_14', 168, 328]",11.232446261834438,0.22409778273731681,1,1
ev_1232,420,ev_1232,detour_3,Customer_22,Customer_52,67,43,"[67, 'vir_33', 33, 43]","['arc_67_vir_33', 'arc_vir_33_33', 320]",6.8935887626546375,0.1253379775028116,0,1
ev_1235,421,ev_1235,detour_3,Customer_22,Customer_58,67,43,"[67, 'vir_33', 33, 43]","['arc_67_vir_33', 'arc_vir_33_33', 320]",6.8935887626546375,0.1253379775028116,0,1
ev_1242,424,ev_1242,shortest,Customer_22,Customer_27,67,33,"[67, 'vir_33', 33]","['arc_67_vir_33', 'arc_vir_33_33']",3.6481658472177143,0.06633028813123117,0,1
ev_1243,424,ev_1243,detour_2,Customer_22,Customer_27,67,33,"[67, 43, 'vir_33', 33]","[375, 'arc_43_vir_33', 'arc_vir_33_33']",4.456919859562142,0.0892951129747109,0,1
ev_1244,424,ev_1244,detour_3,Customer_22,Customer_27,67,33,"[67, 10, 'vir_33', 33]","[133, 'arc_10_vir_33', 'arc_vir_33_33']",7.288515376986211,0.1325184613997493,0,1
ev_1245,425,ev_1245,shortest,Customer_22,Customer_79,67,33,"[67, 'vir_33', 33]","['arc_67_vir_33', 'arc_vir_33_33']",3.6481658472177143,0.06633028813123117,0,1
ev_1246,425,ev_1246,detour_2,Customer_22,Customer_79,67,33,"[67, 43, 'vir_33', 33]","[375, 'arc_43_vir_33', 'arc_vir_33_33']",4.456919859562142,0.0892951129747109,0,1
ev_1247,425,ev_1247,detour_3,Customer_22,Customer_79,67,33,"[67, 10, 'vir_33', 33]","[133, 'arc_10_vir_33', 'arc_vir_33_33']",7.288515376986211,0.1325184613997493,0,1
ev_1250,426,ev_1250,detour_3,Customer_22,Customer_51,67,10,"[67, 'vir_33', 33, 10]","['arc_67_vir_33', 'arc_vir_33_33', 127]",6.6795678819081985,0.12144668876196725,0,1
ev_1254,428,ev_1254,shortest,Customer_22,Customer_32,67,46,"[67, 'vir_33', 33, 46]","['arc_67_vir_33', 'arc_vir_33_33', 324]",5.1651259894699,0.10425429168753582,0,1
ev_1256,428,ev_1256,detour_3,Customer_22,Customer_32,67,46,"[67, 43, 'vir_33', 33, 46]","[375, 'arc_43_vir_33', 'arc_vir_33_33', 324]",5.9738800018143285,0.12721911653101556,0,1
ev_1257,429,ev_1257,shortest,Customer_22,Customer_49,67,46,"[67, 'vir_33', 33, 46]","['arc_67_vir_33', 'arc_vir_33_33', 324]",5.1651259894699,0.10425429168753582,0,1
ev_1259,429,ev_1259,detour_3,Customer_22,Customer_49,67,46,"[67, 43, 'vir_33', 33, 46]","[375, 'arc_43_vir_33', 'arc_vir_33_33', 324]",5.9738800018143285,0.12721911653101556,0,1
ev_1263,431,ev_1263,shortest,Customer_22,Customer_38,67,14,"[67, 'vir_33', 33, 'vir_14', 14]","['arc_67_vir_33', 'arc_vir_33_33', 'arc_33_vir_14', 'arc_vir_14_14']",8.317961491919803,0.15123566348945097,0,1
ev_1264,431,ev_1264,detour_2,Customer_22,Customer_38,67,14,"[67, 'vir_33', 33, 46, 'vir_14', 14]","['arc_67_vir_33', 'arc_vir_33_33', 324, 'arc_46_vir_14', 'arc_vir_14_14']",8.504261817071022,0.1649658521893744,0,1
ev_1265,431,ev_1265,detour_3,Customer_22,Customer_38,67,14,"[67, 43, 46, 'vir_14', 14]","[375, 376, 'arc_46_vir_14', 'arc_vir_14_14']",8.968482624825896,0.17132352688859734,0,1
ev_1275,435,ev_1275,shortest,Customer_22,Customer_9,67,34,"[67, 'vir_33', 33, 'vir_14', 14, 34]","['arc_67_vir_33', 'arc_vir_33_33', 'arc_33_vir_14', 'arc_vir_14_14', 168]",10.360503637274372,0.20229921712331517,0,1
ev_1276,435,ev_1276,detour_2,Customer_22,Customer_9,67,34,"[67, 'vir_33', 33, 46, 'vir_14', 14, 34]","['arc_67_vir_33', 'arc_vir_33_33', 324, 'arc_46_vir_14', 'arc_vir_14_14', 168]",10.54680396242559,0.2160294058232386,0,1
ev_1277,435,ev_1277,detour_3,Customer_22,Customer_9,67,34,"[67, 43, 46, 'vir_14', 14, 34]","[375, 376, 'arc_46_vir_14', 'arc_vir_14_14', 168]",11.011024770180464,0.22238708052246153,0,1
ev_1278,436,ev_1278,shortest,Customer_22,Customer_30,67,47,"[67, 'vir_33', 33, 'vir_14', 14, 47]","['arc_67_vir_33', 'arc_vir_33_33', 'arc_33_vir_14', 'arc_vir_14_14', 162]",10.577202583961611,0.2077166907904962,0,1
ev_1279,436,ev_1279,detour_2,Customer_22,Customer_30,67,47,"[67, 'vir_33', 33, 46, 'vir_14', 14, 47]","['arc_67_vir_33', 'arc_vir_33_33', 324, 'arc_46_vir_14', 'arc_vir_14_14', 162]",10.76350290911283,0.22144687949041963,0,1
ev_1280,436,ev_1280,detour_3,Customer_22,Customer_30,67,47,"[67, 'vir_33', 33, 'vir_14', 14, 34, 47]","['arc_67_vir_33', 'arc_vir_33_33', 'arc_33_vir_14', 'arc_vir_14_14', 168, 328]",11.232446261834438,0.22409778273731681,1,1
ev_1281,437,ev_1281,shortest,Customer_22,Customer_60,67,47,"[67, 'vir_33', 33, 'vir_14', 14, 47]","['arc_67_vir_33', 'arc_vir_33_33', 'arc_33_vir_14', 'arc_vir_14_14', 162]",10.577202583961611,0.2077166907904962,0,1
ev_1282,437,ev_1282,detour_2,Customer_22,Customer_60,67,47,"[67, 'vir_33', 33, 46, 'vir_14', 14, 47]","['arc_67_vir_33', 'arc_vir_33_33', 324, 'arc_46_vir_14', 'arc_vir_14_14', 162]",10.76350290911283,0.22144687949041963,0,1
ev_1283,437,ev_1283,detour_3,Customer_22,Customer_60,67,47,"[67, 'vir_33', 33, 'vir_14', 14, 34, 47]","['arc_67_vir_33', 'arc_vir_33_33', 'arc_33_vir_14', 'arc_vir_14_14', 168, 328]",11.232446261834438,0.22409778273731681,1,1
ev_1284,438,ev_1284,shortest,Customer_22,Customer_65,67,47,"[67, 'vir_33', 33, 'vir_14', 14, 47]","['arc_67_vir_33', 'arc_vir_33_33', 'arc_33_vir_14', 'arc_vir_14_14', 162]",10.577202583961611,0.2077166907904962,0,1
ev_1285,438,ev_1285,detour_2,Customer_22,Customer_65,67,47,"[67, 'vir_33', 33, 46, 'vir_14', 14, 47]","['arc_67_vir_33', 'arc_vir_33_33', 324, 'arc_46_vir_14', 'arc_vir_14_14', 162]",10.76350290911283,0.22144687949041963,0,1
ev_1286,438,ev_1286,detour_3,Customer_22,Customer_65,67,47,"[67, 'vir_33', 33, 'vir_14', 14, 34, 47]","['arc_67_vir_33', 'arc_vir_33_33', 'arc_33_vir_14', 'arc_vir_14_14', 168, 328]",11.232446261834438,0.22409778273731681,1,1
ev_1302,444,ev_1302,shortest,Customer_23,Customer_70,39,53,"[39, 64, 30, 'vir_53', 53]","[358, 303, 'arc_30_vir_53', 'arc_vir_53_53']",9.267992468259646,0.18448115857523156,0,1
ev_1303,444,ev_1303,detour_2,Customer_23,Customer_70,39,53,"[39, 12, 30, 'vir_53', 53]","[147, 148, 'arc_30_vir_53', 'arc_vir_53_53']",9.461391254281917,0.1879975001392729,0,1
ev_1304,444,ev_1304,detour_3,Customer_23,Customer_70,39,53,"[39, 12, 60, 'vir_53', 53]","[147, 150, 'arc_60_vir_53', 'arc_vir_53_53']",10.827429147648886,0.19686234813907064,0,1
ev_1305,445,ev_1305,shortest,Customer_23,Customer_11,39,52,"[39, 79, 'vir_52', 52]","[362, 'arc_79_vir_52', 'arc_vir_52_52']",9.409944680507547,0.1710899032819554,0,1
ev_1306,445,ev_1306,detour_2,Customer_23,Customer_11,39,52,"[39, 'vir_6', 6, 79, 'vir_52', 52]","['arc_39_vir_6', 'arc_vir_6_6', 76, 'arc_79_vir_52', 'arc_vir_52_52']",15.473038163700725,0.28132796661274045,0,1
ev_1307,445,ev_1307,detour_3,Customer_23,Customer_11,39,52,"[39, 64, 30, 63, 'vir_52', 52]","[358, 303, 304, 'arc_63_vir_52', 'arc_vir_52_52']",15.867531453886862,0.28850057188885203,0,1
ev_1308,446,ev_1308,shortest,Customer_23,Customer_12,39,52,"[39, 79, 'vir_52', 52]","[362, 'arc_79_vir_52', 'arc_vir_52_52']",9.409944680507547,0.1710899032819554,0,1
ev_1309,446,ev_1309,detour_2,Customer_23,Customer_12,39,52,"[39, 'vir_6', 6, 79, 'vir_52', 52]","['arc_39_vir_6', 'arc_vir_6_6', 76, 'arc_79_vir_52', 'arc_vir_52_52']",15.473038163700725,0.28132796661274045,0,1
ev_1310,446,ev_1310,detour_3,Customer_23,Customer_12,39,52,"[39, 64, 30, 63, 'vir_52', 52]","[358, 303, 304, 'arc_63_vir_52', 'arc_vir_52_52']",15.867531453886862,0.28850057188885203,0,1
ev_1311,447,ev_1311,shortest,Customer_23,Customer_20,39,52,"[39, 79, 'vir_52', 52]","[362, 'arc_79_vir_52', 'arc_vir_52_52']",9.409944680507547,0.1710899032819554,0,1
ev_1312,447,ev_1312,detour_2,Customer_23,Customer_20,39,52,"[39, 'vir_6', 6, 79, 'vir_52', 52]","['arc_39_vir_6', 'arc_vir_6_6', 76, 'arc_79_vir_52', 'arc_vir_52_52']",15.473038163700725,0.28132796661274045,0,1
ev_1313,447,ev_1313,detour_3,Customer_23,Customer_20,39,52,"[39, 64, 30, 63, 'vir_52', 52]","[358, 303, 304, 'arc_63_vir_52', 'arc_vir_52_52']",15.867531453886862,0.28850057188885203,0,1
ev_1314,448,ev_1314,shortest,Customer_23,Customer_53,39,52,"[39, 79, 'vir_52', 52]","[362, 'arc_79_vir_52', 'arc_vir_52_52']",9.409944680507547,0.1710899032819554,0,1
ev_1315,448,ev_1315,detour_2,Customer_23,Customer_53,39,52,"[39, 'vir_6', 6, 79, 'vir_52', 52]","['arc_39_vir_6', 'arc_vir_6_6', 76, 'arc_79_vir_52', 'arc_vir_52_52']",15.473038163700725,0.28132796661274045,0,1
ev_1316,448,ev_1316,detour_3,Customer_23,Customer_53,39,52,"[39, 64, 30, 63, 'vir_52', 52]","[358, 303, 304, 'arc_63_vir_52', 'arc_vir_52_52']",15.867531453886862,0.28850057188885203,0,1
ev_1323,451,ev_1323,shortest,Customer_23,Customer_72,39,24,"[39, 'vir_6', 6, 24]","['arc_39_vir_6', 'arc_vir_6_6', 78]",12.024398532554665,0.2186254278646303,0,1
ev_1324,451,ev_1324,detour_2,Customer_23,Customer_72,39,24,"[39, 79, 'vir_6', 6, 24]","[362, 'arc_79_vir_6', 'arc_vir_6_6', 78]",12.659140980480625,0.23016619964510232,0,1
ev_1326,452,ev_1326,shortest,Customer_23,Customer_43,39,0,"[39, 79, 'vir_52', 52, 'vir_0', 0]","[362, 'arc_79_vir_52', 'arc_vir_52_52', 'arc_52_vir_0', 'arc_vir_0_0']",12.534000447091294,0.2278909172198417,0,1
ev_1327,452,ev_1327,detour_2,Customer_23,Customer_43,39,0,"[39, 'vir_6', 6, 24, 'vir_0', 0]","['arc_39_vir_6', 'arc_vir_6_6', 78, 'arc_24_vir_0', 'arc_vir_0_0']",14.618622645892106,0.26579313901622015,0,1
ev_1328,452,ev_1328,detour_3,Customer_23,Customer_43,39,0,"[39, 79, 'vir_6', 6, 24, 'vir_0', 0]","[362, 'arc_79_vir_6', 'arc_vir_6_6', 78, 'arc_24_vir_0', 'arc_vir_0_0']",15.253365093818067,0.2773339107966922,0,1
ev_1329,453,ev_1329,shortest,Customer_23,Customer_76,39,0,"[39, 79, 'vir_52', 52, 'vir_0', 0]","[362, 'arc_79_vir_52', 'arc_vir_52_52', 'arc_52_vir_0', 'arc_vir_0_0']",12.534000447091294,0.2278909172198417,0,1
ev_1330,453,ev_1330,detour_2,Customer_23,Customer_76,39,0,"[39, 'vir_6', 6, 24, 'vir_0', 0]","['arc_39_vir_6', 'arc_vir_6_6', 78, 'arc_24_vir_0', 'arc_vir_0_0']",14.618622645892106,0.26579313901622015,0,1
ev_1331,453,ev_1331,detour_3,Customer_23,Customer_76,39,0,"[39, 79, 'vir_6', 6, 24, 'vir_0', 0]","[362, 'arc_79_vir_6', 'arc_vir_6_6', 78, 'arc_24_vir_0', 'arc_vir_0_0']",15.253365093818067,0.2773339107966922,0,1
ev_1342,457,ev_1342,avoid_congestion,Customer_23,Customer_55,39,48,"[39, 64, 30, 'vir_53', 53, 48]","[358, 303, 'arc_30_vir_53', 'arc_vir_53_53', 389]",13.494582282571145,0.2613282461081679,0,1
ev_1349,459,ev_1349,detour_3,Customer_24,Customer_6,22,5,"[22, 'vir_44', 44, 5]","['arc_22_vir_44', 'arc_vir_44_44', 59]",7.420249904167243,0.1349136346212226,0,1
ev_1351,460,ev_1351,detour_2,Customer_24,Customer_5,22,7,"[22, 'vir_44', 44, 7]","['arc_22_vir_44', 'arc_vir_44_44', 83]",3.9091492025472028,0.07379522055526803,0,1
ev_1371,467,ev_1371,shortest,Customer_24,Customer_8,22,63,"[22, 7, 'vir_45', 45, 63]","[87, 'arc_7_vir_45', 'arc_vir_45_45', 382]",9.920086941803033,0.18036521712369152,0,1
ev_1373,467,ev_1373,detour_3,Customer_24,Customer_8,22,63,"[22, 'vir_44', 44, 13, 63]","['arc_22_vir_44', 'arc_vir_44_44', 159, 152]",9.606713713697474,0.18762959962403314,0,1
ev_1387,472,ev_1387,avoid_congestion,Customer_24,Customer_55,22,48,"[22, 7, 'vir_45', 45, 63, 'vir_53', 53, 48]","[87, 'arc_7_vir_45', 'arc_vir_45_45', 382, 'arc_63_vir_53', 'arc_vir_53_53', 389]",17.20740828801341,0.31286196887297113,0,1
ev_1390,473,ev_1390,shortest,Customer_24,Customer_3,22,74,"[22, 69, 72, 'vir_74', 74]","[238, 458, 'arc_72_vir_74', 'arc_vir_74_74']",9.938514730175994,0.1890190844484075,2,1
ev_1391,473,ev_1391,avoid_congestion,Customer_24,Customer_3,22,74,"[22, 69, 27, 59, 'vir_74', 74]","[238, 275, 270, 'arc_59_vir_74', 'arc_vir_74_74']",15.475417172907974,0.292976150313113,1,1
ev_1392,473,ev_1392,detour_2,Customer_24,Customer_3,22,74,"[22, 69, 59, 'vir_74', 74]","[238, 443, 'arc_59_vir_74', 'arc_vir_74_74']",10.06091870982967,0.19453072371168928,2,1
ev_1393,473,ev_1393,detour_3,Customer_24,Customer_3,22,74,"[22, 5, 69, 72, 'vir_74', 74]","[57, 54, 458, 'arc_72_vir_74', 'arc_vir_74_74']",10.668897217751429,0.20530869201368435,2,1
ev_1394,474,ev_1394,shortest,Customer_24,Customer_42,22,74,"[22, 69, 72, 'vir_74', 74]","[238, 458, 'arc_72_vir_74', 'arc_vir_74_74']",9.938514730175994,0.1890190844484075,2,1
ev_1395,474,ev_1395,avoid_congestion,Customer_24,Customer_42,22,74,"[22, 69, 27, 59, 'vir_74', 74]","[238, 275, 270, 'arc_59_vir_74', 'arc_vir_74_74']",15.475417172907974,0.292976150313113,1,1
ev_1396,474,ev_1396,detour_2,Customer_24,Customer_42,22,74,"[22, 69, 59, 'vir_74', 74]","[238, 443, 'arc_59_vir_74', 'arc_vir_74_74']",10.06091870982967,0.19453072371168928,2,1
ev_1397,474,ev_1397,detour_3,Customer_24,Customer_42,22,74,"[22, 5, 69, 72, 'vir_74', 74]","[57, 54, 458, 'arc_72_vir_74', 'arc_vir_74_74']",10.668897217751429,0.20530869201368435,2,1
ev_1398,475,ev_1398,shortest,Customer_24,Customer_47,22,74,"[22, 69, 72, 'vir_74', 74]","[238, 458, 'arc_72_vir_74', 'arc_vir_74_74']",9.938514730175994,0.1890190844484075,2,1
ev_1399,475,ev_1399,avoid_congestion,Customer_24,Customer_47,22,74,"[22, 69, 27, 59, 'vir_74', 74]","[238, 275, 270, 'arc_59_vir_74', 'arc_vir_74_74']",15.475417172907974,0.292976150313113,1,1
ev_1400,475,ev_1400,detour_2,Customer_24,Customer_47,22,74,"[22, 69, 59, 'vir_74', 74]","[238, 443, 'arc_59_vir_74', 'arc_vir_74_74']",10.06091870982967,0.19453072371168928,2,1
ev_1401,475,ev_1401,detour_3,Customer_24,Customer_47,22,74,"[22, 5, 69, 72, 'vir_74', 74]","[57, 54, 458, 'arc_72_vir_74', 'arc_vir_74_74']",10.668897217751429,0.20530869201368435,2,1
ev_1438,488,ev_1438,shortest,Customer_25,Customer_70,19,53,"[19, 64, 30, 'vir_53', 53]","[218, 303, 'arc_30_vir_53', 'arc_vir_53_53']",10.323305104328366,0.2036686610492084,0,1
ev_1439,488,ev_1439,detour_2,Customer_25,Customer_70,19,53,"[19, 54, 64, 30, 'vir_53', 53]","[216, 410, 303, 'arc_30_vir_53', 'arc_vir_53_53']",10.497628048819426,0.2105437296147883,0,1
ev_1440,488,ev_1440,detour_3,Customer_25,Customer_70,19,53,"[19, 64, 12, 30, 'vir_53', 53]","[218, 141, 148, 'arc_30_vir_53', 'arc_vir_53_53']",10.718257847229573,0.21719730707414192,0,1
ev_1450,492,ev_1450,shortest,Customer_25,Customer_36,19,62,"[19, 77, 57, 'vir_62', 62]","[220, 427, 'arc_57_vir_62', 'arc_vir_62_62']",18.425683778148965,0.3350124323299811,0,1
ev_1451,492,ev_1451,detour_2,Customer_25,Customer_36,19,62,"[19, 77, 57, 78, 'vir_62', 62]","[220, 427, 434, 'arc_78_vir_62', 'arc_vir_62_62']",18.42863094953957,0.33506601726435586,0,1
ev_1452,492,ev_1452,detour_3,Customer_25,Customer_36,19,62,"[19, 77, 57, 16, 'vir_62', 62]","[220, 427, 185, 'arc_16_vir_62', 'arc_vir_62_62']",18.425696558515995,0.33668910960212595,0,1
ev_1453,493,ev_1453,shortest,Customer_25,Customer_59,19,62,"[19, 77, 57, 'vir_62', 62]","[220, 427, 'arc_57_vir_62', 'arc_vir_62_62']",18.425683778148965,0.3350124323299811,0,1
ev_1454,493,ev_1454,detour_2,Customer_25,Customer_59,19,62,"[19, 77, 57, 78, 'vir_62', 62]","[220, 427, 434, 'arc_78_vir_62', 'arc_vir_62_62']",18.42863094953957,0.33506601726435586,0,1
ev_1455,493,ev_1455,detour_3,Customer_25,Customer_59,19,62,"[19, 77, 57, 16, 'vir_62', 62]","[220, 427, 185, 'arc_16_vir_62', 'arc_vir_62_62']",18.425696558515995,0.33668910960212595,0,1
ev_1456,494,ev_1456,shortest,Customer_25,Customer_62,19,62,"[19, 77, 57, 'vir_62', 62]","[220, 427, 'arc_57_vir_62', 'arc_vir_62_62']",18.425683778148965,0.3350124323299811,0,1
ev_1457,494,ev_1457,detour_2,Customer_25,Customer_62,19,62,"[19, 77, 57, 78, 'vir_62', 62]","[220, 427, 434, 'arc_78_vir_62', 'arc_vir_62_62']",18.42863094953957,0.33506601726435586,0,1
ev_1458,494,ev_1458,detour_3,Customer_25,Customer_62,19,62,"[19, 77, 57, 16, 'vir_62', 62]","[220, 427, 185, 'arc_16_vir_62', 'arc_vir_62_62']",18.425696558515995,0.33668910960212595,0,1
ev_1459,495,ev_1459,shortest,Customer_25,Customer_11,19,52,"[19, 64, 39, 79, 'vir_52', 52]","[218, 359, 362, 'arc_79_vir_52', 'arc_vir_52_52']",15.937788620928128,0.28977797492596596,0,1
ev_1460,495,ev_1460,detour_2,Customer_25,Customer_11,19,52,"[19, 54, 39, 79, 'vir_52', 52]","[216, 361, 362, 'arc_79_vir_52', 'arc_vir_52_52']",15.253444563363388,0.29384272515953225,0,1
ev_1461,495,ev_1461,detour_3,Customer_25,Customer_11,19,52,"[19, 54, 64, 39, 79, 'vir_52', 52]","[216, 410, 359, 362, 'arc_79_vir_52', 'arc_vir_52_52']",16.112111565419184,0.29665304349154586,0,1
ev_1462,496,ev_1462,shortest,Customer_25,Customer_12,19,52,"[19, 64, 39, 79, 'vir_52', 52]","[218, 359, 362, 'arc_79_vir_52', 'arc_vir_52_52']",15.937788620928128,0.28977797492596596,0,1
ev_1463,496,ev_1463,detour_2,Customer_25,Customer_12,19,52,"[19, 54, 39, 79, 'vir_52', 52]","[216, 361, 362, 'arc_79_vir_52', 'arc_vir_52_52']",15.253444563363388,0.29384272515953225,0,1
ev_1464,496,ev_1464,detour_3,Customer_25,Customer_12,19,52,"[19, 54, 64, 39, 79, 'vir_52', 52]","[216, 410, 359, 362, 'arc_79_vir_52', 'arc_vir_52_52']",16.112111565419184,0.29665304349154586,0,1
ev_1465,497,ev_1465,shortest,Customer_25,Customer_20,19,52,"[19, 64, 39, 79, 'vir_52', 52]","[218, 359, 362, 'arc_79_vir_52', 'arc_vir_52_52']",15.937788620928128,0.28977797492596596,0,1
ev_1466,497,ev_1466,detour_2,Customer_25,Customer_20,19,52,"[19, 54, 39, 79, 'vir_52', 52]","[216, 361, 362, 'arc_79_vir_52', 'arc_vir_52_52']",15.253444563363388,0.29384272515953225,0,1
ev_1467,497,ev_1467,detour_3,Customer_25,Customer_20,19,52,"[19, 54, 64, 39, 79, 'vir_52', 52]","[216, 410, 359, 362, 'arc_79_vir_52', 'arc_vir_52_52']",16.112111565419184,0.29665304349154586,0,1
ev_1468,498,ev_1468,shortest,Customer_25,Customer_53,19,52,"[19, 64, 39, 79, 'vir_52', 52]","[218, 359, 362, 'arc_79_vir_52', 'arc_vir_52_52']",15.937788620928128,0.28977797492596596,0,1
ev_1469,498,ev_1469,detour_2,Customer_25,Customer_53,19,52,"[19, 54, 39, 79, 'vir_52', 52]","[216, 361, 362, 'arc_79_vir_52', 'arc_vir_52_52']",15.253444563363388,0.29384272515953225,0,1
ev_1470,498,ev_1470,detour_3,Customer_25,Customer_53,19,52,"[19, 54, 64, 39, 79, 'vir_52', 52]","[216, 410, 359, 362, 'arc_79_vir_52', 'arc_vir_52_52']",16.112111565419184,0.29665304349154586,0,1
ev_1493,507,ev_1493,shortest,Customer_26,Customer_3,31,74,"[31, 'vir_74', 74]","['arc_31_vir_74', 'arc_vir_74_74']",3.2857050776793733,0.05974009232144315,1,1
ev_1494,507,ev_1494,detour_2,Customer_26,Customer_3,31,74,"[31, 72, 'vir_74', 74]","[306, 'arc_72_vir_74', 'arc_vir_74_74']",3.2858464216437584,0.08214616054109397,2,1
ev_1495,507,ev_1495,detour_3,Customer_26,Customer_3,31,74,"[31, 18, 72, 'vir_74', 74]","[207, 208, 'arc_72_vir_74', 'arc_vir_74_74']",3.656058476388929,0.09140146190972322,3,1
ev_1496,508,ev_1496,shortest,Customer_26,Customer_42,31,74,"[31, 'vir_74', 74]","['arc_31_vir_74', 'arc_vir_74_74']",3.2857050776793733,0.05974009232144315,1,1
ev_1497,508,ev_1497,detour_2,Customer_26,Customer_42,31,74,"[31, 72, 'vir_74', 74]","[306, 'arc_72_vir_74', 'arc_vir_74_74']",3.2858464216437584,0.08214616054109397,2,1
ev_1498,508,ev_1498,detour_3,Customer_26,Customer_42,31,74,"[31, 18, 72, 'vir_74', 74]","[207, 208, 'arc_72_vir_74', 'arc_vir_74_74']",3.656058476388929,0.09140146190972322,3,1
ev_1499,509,ev_1499,shortest,Customer_26,Customer_47,31,74,"[31, 'vir_74', 74]","['arc_31_vir_74', 'arc_vir_74_74']",3.2857050776793733,0.05974009232144315,1,1
ev_1500,509,ev_1500,detour_2,Customer_26,Customer_47,31,74,"[31, 72, 'vir_74', 74]","[306, 'arc_72_vir_74', 'arc_vir_74_74']",3.2858464216437584,0.08214616054109397,2,1
ev_1501,509,ev_1501,detour_3,Customer_26,Customer_47,31,74,"[31, 18, 72, 'vir_74', 74]","[207, 208, 'arc_72_vir_74', 'arc_vir_74_74']",3.656058476388929,0.09140146190972322,3,1
ev_1509,512,ev_1509,detour_2,Customer_26,Customer_2,31,55,"[31, 'vir_74', 74, 55]","['arc_31_vir_74', 'arc_vir_74_74', 415]",4.736819527772882,0.09601795357378087,2,1
ev_1520,516,ev_1520,shortest,Customer_26,Customer_77,31,28,"[31, 'vir_74', 74, 28]","['arc_31_vir_74', 'arc_vir_74_74', 285]",8.005693238015311,0.14555805887300566,2,1
ev_1529,518,ev_1529,detour_3,Customer_26,Customer_48,31,27,"[31, 'vir_74', 74, 27]","['arc_31_vir_74', 'arc_vir_74_74', 279]",9.689316695172087,0.1761693944576743,2,1
ev_1552,527,ev_1552,shortest,Customer_27,Customer_38,33,14,"[33, 'vir_14', 14]","['arc_33_vir_14', 'arc_vir_14_14']",4.66979564470209,0.0849053753582198,0,1
ev_1553,527,ev_1553,detour_2,Customer_27,Customer_38,33,14,"[33, 46, 'vir_14', 14]","[324, 'arc_46_vir_14', 'arc_vir_14_14']",4.856095969853308,0.09863556405814322,0,1
ev_1554,527,ev_1554,detour_3,Customer_27,Customer_38,33,14,"[33, 10, 46, 'vir_14', 14]","[127, 124, 'arc_46_vir_14', 'arc_vir_14_14']",9.344323392297206,0.1698967889508583,0,1
ev_1564,531,ev_1564,shortest,Customer_27,Customer_9,33,34,"[33, 'vir_14', 14, 34]","['arc_33_vir_14', 'arc_vir_14_14', 168]",6.712337790056658,0.13596892899208401,0,1
ev_1565,531,ev_1565,detour_2,Customer_27,Customer_9,33,34,"[33, 46, 'vir_14', 14, 34]","[324, 'arc_46_vir_14', 'arc_vir_14_14', 168]",6.898638115207875,0.14969911769200742,0,1
ev_1566,531,ev_1566,detour_3,Customer_27,Customer_9,33,34,"[33, 'vir_14', 14, 47, 34]","['arc_33_vir_14', 'arc_vir_14_14', 162, 329]",7.800979361303964,0.16318496827326667,1,1
ev_1567,532,ev_1567,shortest,Customer_27,Customer_30,33,47,"[33, 'vir_14', 14, 47]","['arc_33_vir_14', 'arc_vir_14_14', 162]",6.929036736743898,0.14138640265926503,0,1
ev_1568,532,ev_1568,detour_2,Customer_27,Customer_30,33,47,"[33, 46, 'vir_14', 14, 47]","[324, 'arc_46_vir_14', 'arc_vir_14_14', 162]",7.115337061895117,0.15511659135918843,0,1
ev_1569,532,ev_1569,detour_3,Customer_27,Customer_30,33,47,"[33, 'vir_14', 14, 34, 47]","['arc_33_vir_14', 'arc_vir_14_14', 168, 328]",7.584280414616725,0.15776749460608566,1,1
ev_1570,533,ev_1570,shortest,Customer_27,Customer_60,33,47,"[33, 'vir_14', 14, 47]","['arc_33_vir_14', 'arc_vir_14_14', 162]",6.929036736743898,0.14138640265926503,0,1
ev_1571,533,ev_1571,detour_2,Customer_27,Customer_60,33,47,"[33, 46, 'vir_14', 14, 47]","[324, 'arc_46_vir_14', 'arc_vir_14_14', 162]",7.115337061895117,0.15511659135918843,0,1
ev_1572,533,ev_1572,detour_3,Customer_27,Customer_60,33,47,"[33, 'vir_14', 14, 34, 47]","['arc_33_vir_14', 'arc_vir_14_14', 168, 328]",7.584280414616725,0.15776749460608566,1,1
ev_1573,534,ev_1573,shortest,Customer_27,Customer_65,33,47,"[33, 'vir_14', 14, 47]","['arc_33_vir_14', 'arc_vir_14_14', 162]",6.929036736743898,0.14138640265926503,0,1
ev_1574,534,ev_1574,detour_2,Customer_27,Customer_65,33,47,"[33, 46, 'vir_14', 14, 47]","[324, 'arc_46_vir_14', 'arc_vir_14_14', 162]",7.115337061895117,0.15511659135918843,0,1
ev_1575,534,ev_1575,detour_3,Customer_27,Customer_65,33,47,"[33, 'vir_14', 14, 34, 47]","['arc_33_vir_14', 'arc_vir_14_14', 168, 328]",7.584280414616725,0.15776749460608566,1,1
ev_1579,536,ev_1579,shortest,Customer_27,Customer_50,33,26,"[33, 'vir_14', 14, 26]","['arc_33_vir_14', 'arc_vir_14_14', 164]",7.862482715457444,0.14295423119013534,0,1
ev_1580,536,ev_1580,detour_2,Customer_27,Customer_50,33,26,"[33, 46, 'vir_14', 14, 26]","[324, 'arc_46_vir_14', 'arc_vir_14_14', 164]",8.048783040608663,0.15668441989005877,0,1
ev_1581,536,ev_1581,detour_3,Customer_27,Customer_50,33,26,"[33, 'vir_14', 14, 34, 26]","['arc_33_vir_14', 'arc_vir_14_14', 168, 267]",9.499473786598115,0.1866441289292014,0,1
ev_1582,537,ev_1582,shortest,Customer_27,Customer_69,33,9,"[33, 'vir_14', 14, 26, 9]","['arc_33_vir_14', 'arc_vir_14_14', 164, 109]",9.017849066059778,0.17183838995519368,0,1
ev_1583,537,ev_1583,detour_2,Customer_27,Customer_69,33,9,"[33, 46, 'vir_14', 14, 26, 9]","[324, 'arc_46_vir_14', 'arc_vir_14_14', 164, 109]",9.204149391210997,0.1855685786551171,0,1
ev_1584,537,ev_1584,detour_3,Customer_27,Customer_69,33,9,"[33, 'vir_14', 14, 47, 9]","['arc_33_vir_14', 'arc_vir_14_14', 162, 113]",9.99859249644542,0.19719650738111089,0,1
ev_1591,540,ev_1591,detour_3,Customer_28,Customer_18,16,57,"[16, 'vir_61', 61, 57]","['arc_16_vir_61', 'arc_vir_61_61', 429]",6.598901503249266,0.11998002733180482,0,1
ev_1594,541,ev_1594,detour_3,Customer_28,Customer_34,16,66,"[16, 'vir_61', 61, 66]","['arc_16_vir_61', 'arc_vir_61_61', 446]",5.500420696872644,0.11496144526376423,0,1
ev_1597,542,ev_1597,detour_3,Customer_28,Customer_73,16,66,"[16, 'vir_61', 61, 66]","['arc_16_vir_61', 'arc_vir_61_61', 446]",5.500420696872644,0.11496144526376423,0,1
ev_1598,543,ev_1598,shortest,Customer_28,Customer_1,16,1,"[16, 'vir_61', 61, 1]","['arc_16_vir_61', 'arc_vir_61_61', 11]",6.952539448254399,0.12640980815008,0,1
ev_1599,543,ev_1599,detour_2,Customer_28,Customer_1,16,1,"[16, 57, 'vir_61', 61, 1]","[184, 'arc_57_vir_61', 'arc_vir_61_61', 11]",7.182925037410933,0.13227508194567028,0,1
ev_1601,544,ev_1601,shortest,Customer_28,Customer_69,16,9,"[16, 'vir_61', 61, 1, 9]","['arc_16_vir_61', 'arc_vir_61_61', 11, 16]",8.39318519730658,0.16242595187638453,0,1
ev_1602,544,ev_1602,detour_2,Customer_28,Customer_69,16,9,"[16, 57, 'vir_61', 61, 1, 9]","[184, 'arc_57_vir_61', 'arc_vir_61_61', 11, 16]",8.623570786463114,0.16829122567197483,0,1
ev_1604,545,ev_1604,shortest,Customer_28,Customer_50,16,26,"[16, 'vir_61', 61, 1, 26]","['arc_16_vir_61', 'arc_vir_61_61', 11, 12]",9.54755390396192,0.173591889162944,0,1
ev_1605,545,ev_1605,detour_2,Customer_28,Customer_50,16,26,"[16, 57, 'vir_61', 61, 1, 26]","[184, 'arc_57_vir_61', 'arc_vir_61_61', 11, 12]",9.777939493118454,0.1794571629585343,0,1
ev_1622,551,ev_1622,shortest,Customer_28,Customer_30,16,47,"[16, 'vir_61', 61, 1, 47]","['arc_16_vir_61', 'arc_vir_61_61', 11, 14]",11.43765118178363,0.20795729421424786,0,1
ev_1623,551,ev_1623,detour_2,Customer_28,Customer_30,16,47,"[16, 57, 'vir_61', 61, 1, 47]","[184, 'arc_57_vir_61', 'arc_vir_61_61', 11, 14]",11.668036770940166,0.21382256800983812,0,1
ev_1624,551,ev_1624,detour_3,Customer_28,Customer_30,16,47,"[16, 'vir_61', 61, 1, 9, 47]","['arc_16_vir_61', 'arc_vir_61_61', 11, 16, 112]",11.462740957008103,0.2182360565982304,0,1
ev_1625,552,ev_1625,shortest,Customer_28,Customer_60,16,47,"[16, 'vir_61', 61, 1, 47]","['arc_16_vir_61', 'arc_vir_61_61', 11, 14]",11.43765118178363,0.20795729421424786,0,1
ev_1626,552,ev_1626,detour_2,Customer_28,Customer_60,16,47,"[16, 57, 'vir_61', 61, 1, 47]","[184, 'arc_57_vir_61', 'arc_vir_61_61', 11, 14]",11.668036770940166,0.21382256800983812,0,1
ev_1627,552,ev_1627,detour_3,Customer_28,Customer_60,16,47,"[16, 'vir_61', 61, 1, 9, 47]","['arc_16_vir_61', 'arc_vir_61_61', 11, 16, 112]",11.462740957008103,0.2182360565982304,0,1
ev_1628,553,ev_1628,shortest,Customer_28,Customer_65,16,47,"[16, 'vir_61', 61, 1, 47]","['arc_16_vir_61', 'arc_vir_61_61', 11, 14]",11.43765118178363,0.20795729421424786,0,1
ev_1629,553,ev_1629,detour_2,Customer_28,Customer_65,16,47,"[16, 57, 'vir_61', 61, 1, 47]","[184, 'arc_57_vir_61', 'arc_vir_61_61', 11, 14]",11.668036770940166,0.21382256800983812,0,1
ev_1630,553,ev_1630,detour_3,Customer_28,Customer_65,16,47,"[16, 'vir_61', 61, 1, 9, 47]","['arc_16_vir_61', 'arc_vir_61_61', 11, 16, 112]",11.462740957008103,0.2182360565982304,0,1
ev_1634,555,ev_1634,shortest,Customer_28,Customer_36,16,62,"[16, 'vir_62', 62]","['arc_16_vir_62', 'arc_vir_62_62']",9.063213449963625,0.16478569909024773,0,1
ev_1635,555,ev_1635,detour_2,Customer_28,Customer_36,16,62,"[16, 78, 'vir_62', 62]","[190, 'arc_78_vir_62', 'arc_vir_62_62']",9.06626138666686,0.16484111612121566,0,1
ev_1636,555,ev_1636,detour_3,Customer_28,Customer_36,16,62,"[16, 57, 'vir_62', 62]","[184, 'arc_57_vir_62', 'arc_vir_62_62']",9.554957840801572,0.17540295109822737,0,1
ev_1637,556,ev_1637,shortest,Customer_28,Customer_59,16,62,"[16, 'vir_62', 62]","['arc_16_vir_62', 'arc_vir_62_62']",9.063213449963625,0.16478569909024773,0,1
ev_1638,556,ev_1638,detour_2,Customer_28,Customer_59,16,62,"[16, 78, 'vir_62', 62]","[190, 'arc_78_vir_62', 'arc_vir_62_62']",9.06626138666686,0.16484111612121566,0,1
ev_1639,556,ev_1639,detour_3,Customer_28,Customer_59,16,62,"[16, 57, 'vir_62', 62]","[184, 'arc_57_vir_62', 'arc_vir_62_62']",9.554957840801572,0.17540295109822737,0,1
ev_1640,557,ev_1640,shortest,Customer_28,Customer_62,16,62,"[16, 'vir_62', 62]","['arc_16_vir_62', 'arc_vir_62_62']",9.063213449963625,0.16478569909024773,0,1
ev_1641,557,ev_1641,detour_2,Customer_28,Customer_62,16,62,"[16, 78, 'vir_62', 62]","[190, 'arc_78_vir_62', 'arc_vir_62_62']",9.06626138666686,0.16484111612121566,0,1
ev_1642,557,ev_1642,detour_3,Customer_28,Customer_62,16,62,"[16, 57, 'vir_62', 62]","[184, 'arc_57_vir_62', 'arc_vir_62_62']",9.554957840801572,0.17540295109822737,0,1
ev_1643,558,ev_1643,shortest,Customer_28,Customer_9,16,34,"[16, 'vir_61', 61, 1, 26, 34]","['arc_16_vir_61', 'arc_vir_61_61', 11, 12, 266]",12.334689900503376,0.22426708910006138,0,1
ev_1644,558,ev_1644,detour_2,Customer_28,Customer_9,16,34,"[16, 'vir_61', 61, 1, 47, 34]","['arc_16_vir_61', 'arc_vir_61_61', 11, 14, 329]",12.309593806343697,0.2297558598282495,1,1
ev_1645,558,ev_1645,detour_3,Customer_28,Customer_9,16,34,"[16, 57, 'vir_61', 61, 1, 26, 34]","[184, 'arc_57_vir_61', 'arc_vir_61_61', 11, 12, 266]",12.565075489659911,0.2301323628956517,0,1
ev_1665,566,ev_1665,detour_3,Customer_29,Customer_2,17,55,"[17, 'vir_74', 74, 55]","['arc_17_vir_74', 'arc_vir_74_74', 415]",4.329018994688021,0.08860339842678341,2,1
ev_1666,567,ev_1666,shortest,Customer_29,Customer_3,17,74,"[17, 'vir_74', 74]","['arc_17_vir_74', 'arc_vir_74_74']",2.8779045445945126,0.052325537174445685,1,1
ev_1667,567,ev_1667,detour_2,Customer_29,Customer_3,17,74,"[17, 72, 'vir_74', 74]","[196, 'arc_72_vir_74', 'arc_vir_74_74']",3.6926769919834124,0.09231692479958531,2,1
ev_1668,567,ev_1668,detour_3,Customer_29,Customer_3,17,74,"[17, 4, 72, 'vir_74', 74]","[51, 48, 'arc_72_vir_74', 'arc_vir_74_74']",4.630053179698124,0.09572811959982097,3,1
ev_1669,568,ev_1669,shortest,Customer_29,Customer_42,17,74,"[17, 'vir_74', 74]","['arc_17_vir_74', 'arc_vir_74_74']",2.8779045445945126,0.052325537174445685,1,1
ev_1670,568,ev_1670,detour_2,Customer_29,Customer_42,17,74,"[17, 72, 'vir_74', 74]","[196, 'arc_72_vir_74', 'arc_vir_74_74']",3.6926769919834124,0.09231692479958531,2,1
ev_1671,568,ev_1671,detour_3,Customer_29,Customer_42,17,74,"[17, 4, 72, 'vir_74', 74]","[51, 48, 'arc_72_vir_74', 'arc_vir_74_74']",4.630053179698124,0.09572811959982097,3,1
ev_1672,569,ev_1672,shortest,Customer_29,Customer_47,17,74,"[17, 'vir_74', 74]","['arc_17_vir_74', 'arc_vir_74_74']",2.8779045445945126,0.052325537174445685,1,1
ev_1673,569,ev_1673,detour_2,Customer_29,Customer_47,17,74,"[17, 72, 'vir_74', 74]","[196, 'arc_72_vir_74', 'arc_vir_74_74']",3.6926769919834124,0.09231692479958531,2,1
ev_1674,569,ev_1674,detour_3,Customer_29,Customer_47,17,74,"[17, 4, 72, 'vir_74', 74]","[51, 48, 'arc_72_vir_74', 'arc_vir_74_74']",4.630053179698124,0.09572811959982097,3,1
ev_1684,573,ev_1684,shortest,Customer_29,Customer_9,17,34,"[17, 55, 50, 46, 'vir_14', 14, 34]","[198, 395, 385, 'arc_46_vir_14', 'arc_vir_14_14', 168]",14.265476920496623,0.2903271833509411,2,1
ev_1685,573,ev_1685,detour_2,Customer_29,Customer_9,17,34,"[17, 4, 55, 50, 46, 'vir_14', 14, 34]","[51, 46, 395, 385, 'arc_46_vir_14', 'arc_vir_14_14', 168]",15.103369335205509,0.291759656791256,3,1
ev_1686,573,ev_1686,detour_3,Customer_29,Customer_9,17,34,"[17, 'vir_74', 74, 50, 46, 'vir_14', 14, 34]","['arc_17_vir_74', 'arc_vir_74_74', 397, 385, 'arc_46_vir_14', 'arc_vir_14_14', 168]",16.003957729530015,0.3049074733461451,2,1
ev_1687,574,ev_1687,shortest,Customer_29,Customer_30,17,47,"[17, 55, 50, 46, 'vir_14', 14, 47]","[198, 395, 385, 'arc_46_vir_14', 'arc_vir_14_14', 162]",14.482175867183862,0.29574465701812214,2,1
ev_1688,574,ev_1688,detour_2,Customer_29,Customer_30,17,47,"[17, 4, 55, 50, 46, 'vir_14', 14, 47]","[51, 46, 395, 385, 'arc_46_vir_14', 'arc_vir_14_14', 162]",15.320068281892748,0.297177130458437,3,1
ev_1689,574,ev_1689,detour_3,Customer_29,Customer_30,17,47,"[17, 'vir_74', 74, 50, 46, 'vir_14', 14, 47]","['arc_17_vir_74', 'arc_vir_74_74', 397, 385, 'arc_46_vir_14', 'arc_vir_14_14', 162]",16.220656676217256,0.3103249470133261,2,1
ev_1690,575,ev_1690,shortest,Customer_29,Customer_60,17,47,"[17, 55, 50, 46, 'vir_14', 14, 47]","[198, 395, 385, 'arc_46_vir_14', 'arc_vir_14_14', 162]",14.482175867183862,0.29574465701812214,2,1
ev_1691,575,ev_1691,detour_2,Customer_29,Customer_60,17,47,"[17, 4, 55, 50, 46, 'vir_14', 14, 47]","[51, 46, 395, 385, 'arc_46_vir_14', 'arc_vir_14_14', 162]",15.320068281892748,0.297177130458437,3,1
ev_1692,575,ev_1692,detour_3,Customer_29,Customer_60,17,47,"[17, 'vir_74', 74, 50, 46, 'vir_14', 14, 47]","['arc_17_vir_74', 'arc_vir_74_74', 397, 385, 'arc_46_vir_14', 'arc_vir_14_14', 162]",16.220656676217256,0.3103249470133261,2,1
ev_1693,576,ev_1693,shortest,Customer_29,Customer_65,17,47,"[17, 55, 50, 46, 'vir_14', 14, 47]","[198, 395, 385, 'arc_46_vir_14', 'arc_vir_14_14', 162]",14.482175867183862,0.29574465701812214,2,1
ev_1694,576,ev_1694,detour_2,Customer_29,Customer_65,17,47,"[17, 4, 55, 50, 46, 'vir_14', 14, 47]","[51, 46, 395, 385, 'arc_46_vir_14', 'arc_vir_14_14', 162]",15.320068281892748,0.297177130458437,3,1
ev_1695,576,ev_1695,detour_3,Customer_29,Customer_65,17,47,"[17, 'vir_74', 74, 50, 46, 'vir_14', 14, 47]","['arc_17_vir_74', 'arc_vir_74_74', 397, 385, 'arc_46_vir_14', 'arc_vir_14_14', 162]",16.220656676217256,0.3103249470133261,2,1
ev_1699,578,ev_1699,shortest,Customer_29,Customer_38,17,14,"[17, 55, 50, 46, 'vir_14', 14]","[198, 395, 385, 'arc_46_vir_14', 'arc_vir_14_14']",12.222934775142054,0.2392636297170769,2,1
ev_1700,578,ev_1700,detour_2,Customer_29,Customer_38,17,14,"[17, 4, 55, 50, 46, 'vir_14', 14]","[51, 46, 395, 385, 'arc_46_vir_14', 'arc_vir_14_14']",13.06082718985094,0.2406961031573918,3,1
ev_1701,578,ev_1701,detour_3,Customer_29,Customer_38,17,14,"[17, 'vir_74', 74, 50, 46, 'vir_14', 14]","['arc_17_vir_74', 'arc_vir_74_74', 397, 385, 'arc_46_vir_14', 'arc_vir_14_14']",13.961415584175448,0.2538439197122809,2,1
ev_1705,581,ev_1705,detour_2,Customer_30,Customer_9,47,34,"[47, 'vir_65', 65, 34]","['arc_47_vir_65', 'arc_vir_65_65', 327]",3.600998201395149,0.09002495503487873,1,1
ev_1710,583,ev_1710,shortest,Customer_30,Customer_38,47,14,"[47, 'vir_14', 14]","['arc_47_vir_14', 'arc_vir_14_14']",2.2592410920418087,0.05648102730104522,0,1
ev_1711,583,ev_1711,detour_2,Customer_30,Customer_38,47,14,"[47, 34, 'vir_14', 14]","[329, 'arc_34_vir_14', 'arc_vir_14_14']",2.914484769914634,0.07286211924786586,1,1
ev_1712,583,ev_1712,detour_3,Customer_30,Customer_38,47,14,"[47, 'vir_65', 65, 'vir_14', 14]","['arc_47_vir_65', 'arc_vir_65_65', 'arc_65_vir_14', 'arc_vir_14_14']",5.236906374868708,0.10540037036343283,0,1
ev_1719,586,ev_1719,shortest,Customer_30,Customer_33,47,4,"[47, 'vir_14', 14, 46, 50, 55, 4]","['arc_47_vir_14', 'arc_vir_14_14', 170, 384, 394, 47]",14.846845658411127,0.2853465648713964,2,1
ev_1720,586,ev_1720,detour_2,Customer_30,Customer_33,47,4,"[47, 34, 'vir_14', 14, 46, 50, 55, 4]","[329, 'arc_34_vir_14', 'arc_vir_14_14', 170, 384, 394, 47]",15.502089336283952,0.30172765681821706,3,1
ev_1721,586,ev_1721,detour_3,Customer_30,Customer_33,47,4,"[47, 'vir_14', 14, 46, 50, 55, 17, 4]","['arc_47_vir_14', 'arc_vir_14_14', 170, 384, 394, 199, 51]",14.955398490665488,0.30757522260516273,3,1
ev_1722,587,ev_1722,shortest,Customer_30,Customer_32,47,46,"[47, 'vir_14', 14, 46]","['arc_47_vir_14', 'arc_vir_14_14', 170]",5.598376919642931,0.1171925878028838,0,1
ev_1723,587,ev_1723,detour_2,Customer_30,Customer_32,47,46,"[47, 34, 'vir_14', 14, 46]","[329, 'arc_34_vir_14', 'arc_vir_14_14', 170]",6.253620597515756,0.13357367974970444,1,1
ev_1724,587,ev_1724,detour_3,Customer_30,Customer_32,47,46,"[47, 'vir_65', 65, 'vir_14', 14, 46]","['arc_47_vir_65', 'arc_vir_65_65', 'arc_65_vir_14', 'arc_vir_14_14', 170]",8.576042202469829,0.1661119308652714,0,1
ev_1725,588,ev_1725,shortest,Customer_30,Customer_49,47,46,"[47, 'vir_14', 14, 46]","['arc_47_vir_14', 'arc_vir_14_14', 170]",5.598376919642931,0.1171925878028838,0,1
ev_1726,588,ev_1726,detour_2,Customer_30,Customer_49,47,46,"[47, 34, 'vir_14', 14, 46]","[329, 'arc_34_vir_14', 'arc_vir_14_14', 170]",6.253620597515756,0.13357367974970444,1,1
ev_1727,588,ev_1727,detour_3,Customer_30,Customer_49,47,46,"[47, 'vir_65', 65, 'vir_14', 14, 46]","['arc_47_vir_65', 'arc_vir_65_65', 'arc_65_vir_14', 'arc_vir_14_14', 170]",8.576042202469829,0.1661119308652714,0,1
ev_1728,589,ev_1728,shortest,Customer_30,Customer_14,47,17,"[47, 'vir_14', 14, 46, 50, 55, 17]","['arc_47_vir_14', 'arc_vir_14_14', 170, 384, 394, 199]",14.482175867183864,0.29574465701812214,2,1
ev_1729,589,ev_1729,detour_2,Customer_30,Customer_14,47,17,"[47, 'vir_14', 14, 46, 50, 55, 4, 17]","['arc_47_vir_14', 'arc_vir_14_14', 170, 384, 394, 47, 50]",15.32006828189275,0.297177130458437,3,1
ev_1730,589,ev_1730,detour_3,Customer_30,Customer_14,47,17,"[47, 'vir_14', 14, 46, 50, 'vir_74', 74, 17]","['arc_47_vir_14', 'arc_vir_14_14', 170, 384, 'arc_50_vir_74', 'arc_vir_74_74', 205]",16.22065667621726,0.31032494701332614,2,1
ev_1731,590,ev_1731,shortest,Customer_30,Customer_29,47,17,"[47, 'vir_14', 14, 46, 50, 55, 17]","['arc_47_vir_14', 'arc_vir_14_14', 170, 384, 394, 199]",14.482175867183864,0.29574465701812214,2,1
ev_1732,590,ev_1732,detour_2,Customer_30,Customer_29,47,17,"[47, 'vir_14', 14, 46, 50, 55, 4, 17]","['arc_47_vir_14', 'arc_vir_14_14', 170, 384, 394, 47, 50]",15.32006828189275,0.297177130458437,3,1
ev_1733,590,ev_1733,detour_3,Customer_30,Customer_29,47,17,"[47, 'vir_14', 14, 46, 50, 'vir_74', 74, 17]","['arc_47_vir_14', 'arc_vir_14_14', 170, 384, 'arc_50_vir_74', 'arc_vir_74_74', 205]",16.22065667621726,0.31032494701332614,2,1
ev_1734,591,ev_1734,shortest,Customer_30,Customer_31,47,17,"[47, 'vir_14', 14, 46, 50, 55, 17]","['arc_47_vir_14', 'arc_vir_14_14', 170, 384, 394, 199]",14.482175867183864,0.29574465701812214,2,1
ev_1735,591,ev_1735,detour_2,Customer_30,Customer_31,47,17,"[47, 'vir_14', 14, 46, 50, 55, 4, 17]","['arc_47_vir_14', 'arc_vir_14_14', 170, 384, 394, 47, 50]",15.32006828189275,0.297177130458437,3,1
ev_1736,591,ev_1736,detour_3,Customer_30,Customer_31,47,17,"[47, 'vir_14', 14, 46, 50, 'vir_74', 74, 17]","['arc_47_vir_14', 'arc_vir_14_14', 170, 384, 'arc_50_vir_74', 'arc_vir_74_74', 205]",16.22065667621726,0.31032494701332614,2,1
ev_1737,592,ev_1737,shortest,Customer_30,Customer_2,47,55,"[47, 'vir_14', 14, 46, 50, 55]","['arc_47_vir_14', 'arc_vir_14_14', 170, 384, 394]",11.984669575724727,0.23330699973164373,1,1
ev_1738,592,ev_1738,detour_2,Customer_30,Customer_2,47,55,"[47, 34, 'vir_14', 14, 46, 50, 55]","[329, 'arc_34_vir_14', 'arc_vir_14_14', 170, 384, 394]",12.639913253597552,0.24968809167846437,2,1
ev_1739,592,ev_1739,detour_3,Customer_30,Customer_2,47,55,"[47, 'vir_14', 14, 46, 10, 50, 55]","['arc_47_vir_14', 'arc_vir_14_14', 170, 125, 120, 394]",14.234627712406207,0.2742153294894888,1,1
ev_1740,593,ev_1740,shortest,Customer_30,Customer_27,47,33,"[47, 'vir_14', 14, 'vir_33', 33]","['arc_47_vir_14', 'arc_vir_14_14', 'arc_14_vir_33', 'arc_vir_33_33']",6.929036736743898,0.14138640265926503,0,1
ev_1741,593,ev_1741,detour_2,Customer_30,Customer_27,47,33,"[47, 'vir_14', 14, 46, 'vir_33', 33]","['arc_47_vir_14', 'arc_vir_14_14', 170, 'arc_46_vir_33', 'arc_vir_33_33']",7.115337061895117,0.15511659135918845,0,1
ev_1742,593,ev_1742,detour_3,Customer_30,Customer_27,47,33,"[47, 34, 'vir_14', 14, 'vir_33', 33]","[329, 'arc_34_vir_14', 'arc_vir_14_14', 'arc_14_vir_33', 'arc_vir_33_33']",7.584280414616724,0.15776749460608566,1,1
ev_1743,594,ev_1743,shortest,Customer_30,Customer_79,47,33,"[47, 'vir_14', 14, 'vir_33', 33]","['arc_47_vir_14', 'arc_vir_14_14', 'arc_14_vir_33', 'arc_vir_33_33']",6.929036736743898,0.14138640265926503,0,1
ev_1744,594,ev_1744,detour_2,Customer_30,Customer_79,47,33,"[47, 'vir_14', 14, 46, 'vir_33', 33]","['arc_47_vir_14', 'arc_vir_14_14', 170, 'arc_46_vir_33', 'arc_vir_33_33']",7.115337061895117,0.15511659135918845,0,1
ev_1745,594,ev_1745,detour_3,Customer_30,Customer_79,47,33,"[47, 34, 'vir_14', 14, 'vir_33', 33]","[329, 'arc_34_vir_14', 'arc_vir_14_14', 'arc_14_vir_33', 'arc_vir_33_33']",7.584280414616724,0.15776749460608566,1,1
ev_1752,597,ev_1752,shortest,Customer_30,Customer_55,47,48,"[47, 'vir_14', 14, 46, 50, 55, 4, 48]","['arc_47_vir_14', 'arc_vir_14_14', 170, 384, 394, 47, 52]",19.137478015872293,0.3633580622797813,3,1
ev_1753,597,ev_1753,avoid_congestion,Customer_30,Customer_55,47,48,"[47, 1, 'vir_61', 61, 57, 77, 12, 30, 'vir_53', 53, 48]","[15, 'arc_1_vir_61', 'arc_vir_61_61', 429, 426, 145, 148, 'arc_30_vir_53', 'arc_vir_53_53', 389]",30.2769792464158,0.5664627363598889,0,1
ev_1754,597,ev_1754,detour_2,Customer_30,Customer_55,47,48,"[47, 34, 'vir_14', 14, 46, 50, 55, 4, 48]","[329, 'arc_34_vir_14', 'arc_vir_14_14', 170, 384, 394, 47, 52]",19.79272169374512,0.3797391542266019,4,1
ev_1755,597,ev_1755,detour_3,Customer_30,Customer_55,47,48,"[47, 'vir_14', 14, 46, 50, 55, 17, 4, 48]","['arc_47_vir_14', 'arc_vir_14_14', 170, 384, 394, 199, 51, 52]",19.246030848126654,0.3855867200135476,4,1
ev_1756,598,ev_1756,shortest,Customer_30,Customer_35,47,8,"[47, 'vir_14', 14, 46, 50, 55, 8]","['arc_47_vir_14', 'arc_vir_14_14', 170, 384, 394, 103]",14.748703525880774,0.2835621624617537,2,1
ev_1757,598,ev_1757,detour_2,Customer_30,Customer_35,47,8,"[47, 34, 'vir_14', 14, 46, 50, 55, 8]","[329, 'arc_34_vir_14', 'arc_vir_14_14', 170, 384, 394, 103]",15.4039472037536,0.29994325440857433,3,1
ev_1758,598,ev_1758,detour_3,Customer_30,Customer_35,47,8,"[47, 'vir_14', 14, 46, 50, 'vir_74', 74, 8]","['arc_47_vir_14', 'arc_vir_14_14', 170, 384, 'arc_50_vir_74', 'arc_vir_74_74', 107]",15.583778537990543,0.3140250699980754,2,1
ev_1778,606,ev_1778,detour_3,Customer_31,Customer_2,17,55,"[17, 'vir_74', 74, 55]","['arc_17_vir_74', 'arc_vir_74_74', 415]",4.329018994688021,0.08860339842678341,2,1
ev_1779,607,ev_1779,shortest,Customer_31,Customer_3,17,74,"[17, 'vir_74', 74]","['arc_17_vir_74', 'arc_vir_74_74']",2.8779045445945126,0.052325537174445685,1,1
ev_1780,607,ev_1780,detour_2,Customer_31,Customer_3,17,74,"[17, 72, 'vir_74', 74]","[196, 'arc_72_vir_74', 'arc_vir_74_74']",3.6926769919834124,0.09231692479958531,2,1
ev_1781,607,ev_1781,detour_3,Customer_31,Customer_3,17,74,"[17, 4, 72, 'vir_74', 74]","[51, 48, 'arc_72_vir_74', 'arc_vir_74_74']",4.630053179698124,0.09572811959982097,3,1
ev_1782,608,ev_1782,shortest,Customer_31,Customer_42,17,74,"[17, 'vir_74', 74]","['arc_17_vir_74', 'arc_vir_74_74']",2.8779045445945126,0.052325537174445685,1,1
ev_1783,608,ev_1783,detour_2,Customer_31,Customer_42,17,74,"[17, 72, 'vir_74', 74]","[196, 'arc_72_vir_74', 'arc_vir_74_74']",3.6926769919834124,0.09231692479958531,2,1
ev_1784,608,ev_1784,detour_3,Customer_31,Customer_42,17,74,"[17, 4, 72, 'vir_74', 74]","[51, 48, 'arc_72_vir_74', 'arc_vir_74_74']",4.630053179698124,0.09572811959982097,3,1
ev_1785,609,ev_1785,shortest,Customer_31,Customer_47,17,74,"[17, 'vir_74', 74]","['arc_17_vir_74', 'arc_vir_74_74']",2.8779045445945126,0.052325537174445685,1,1
ev_1786,609,ev_1786,detour_2,Customer_31,Customer_47,17,74,"[17, 72, 'vir_74', 74]","[196, 'arc_72_vir_74', 'arc_vir_74_74']",3.6926769919834124,0.09231692479958531,2,1
ev_1787,609,ev_1787,detour_3,Customer_31,Customer_47,17,74,"[17, 4, 72, 'vir_74', 74]","[51, 48, 'arc_72_vir_74', 'arc_vir_74_74']",4.630053179698124,0.09572811959982097,3,1
ev_1797,613,ev_1797,shortest,Customer_31,Customer_9,17,34,"[17, 55, 50, 46, 'vir_14', 14, 34]","[198, 395, 385, 'arc_46_vir_14', 'arc_vir_14_14', 168]",14.265476920496623,0.2903271833509411,2,1
ev_1798,613,ev_1798,detour_2,Customer_31,Customer_9,17,34,"[17, 4, 55, 50, 46, 'vir_14', 14, 34]","[51, 46, 395, 385, 'arc_46_vir_14', 'arc_vir_14_14', 168]",15.103369335205509,0.291759656791256,3,1
ev_1799,613,ev_1799,detour_3,Customer_31,Customer_9,17,34,"[17, 'vir_74', 74, 50, 46, 'vir_14', 14, 34]","['arc_17_vir_74', 'arc_vir_74_74', 397, 385, 'arc_46_vir_14', 'arc_vir_14_14', 168]",16.003957729530015,0.3049074733461451,2,1
ev_1800,614,ev_1800,shortest,Customer_31,Customer_30,17,47,"[17, 55, 50, 46, 'vir_14', 14, 47]","[198, 395, 385, 'arc_46_vir_14', 'arc_vir_14_14', 162]",14.482175867183862,0.29574465701812214,2,1
ev_1801,614,ev_1801,detour_2,Customer_31,Customer_30,17,47,"[17, 4, 55, 50, 46, 'vir_14', 14, 47]","[51, 46, 395, 385, 'arc_46_vir_14', 'arc_vir_14_14', 162]",15.320068281892748,0.297177130458437,3,1
ev_1802,614,ev_1802,detour_3,Customer_31,Customer_30,17,47,"[17, 'vir_74', 74, 50, 46, 'vir_14', 14, 47]","['arc_17_vir_74', 'arc_vir_74_74', 397, 385, 'arc_46_vir_14', 'arc_vir_14_14', 162]",16.220656676217256,0.3103249470133261,2,1
ev_1803,615,ev_1803,shortest,Customer_31,Customer_60,17,47,"[17, 55, 50, 46, 'vir_14', 14, 47]","[198, 395, 385, 'arc_46_vir_14', 'arc_vir_14_14', 162]",14.482175867183862,0.29574465701812214,2,1
ev_1804,615,ev_1804,detour_2,Customer_31,Customer_60,17,47,"[17, 4, 55, 50, 46, 'vir_14', 14, 47]","[51, 46, 395, 385, 'arc_46_vir_14', 'arc_vir_14_14', 162]",15.320068281892748,0.297177130458437,3,1
ev_1805,615,ev_1805,detour_3,Customer_31,Customer_60,17,47,"[17, 'vir_74', 74, 50, 46, 'vir_14', 14, 47]","['arc_17_vir_74', 'arc_vir_74_74', 397, 385, 'arc_46_vir_14', 'arc_vir_14_14', 162]",16.220656676217256,0.3103249470133261,2,1
ev_1806,616,ev_1806,shortest,Customer_31,Customer_65,17,47,"[17, 55, 50, 46, 'vir_14', 14, 47]","[198, 395, 385, 'arc_46_vir_14', 'arc_vir_14_14', 162]",14.482175867183862,0.29574465701812214,2,1
ev_1807,616,ev_1807,detour_2,Customer_31,Customer_65,17,47,"[17, 4, 55, 50, 46, 'vir_14', 14, 47]","[51, 46, 395, 385, 'arc_46_vir_14', 'arc_vir_14_14', 162]",15.320068281892748,0.297177130458437,3,1
ev_1808,616,ev_1808,detour_3,Customer_31,Customer_65,17,47,"[17, 'vir_74', 74, 50, 46, 'vir_14', 14, 47]","['arc_17_vir_74', 'arc_vir_74_74', 397, 385, 'arc_46_vir_14', 'arc_vir_14_14', 162]",16.220656676217256,0.3103249470133261,2,1
ev_1812,618,ev_1812,shortest,Customer_31,Customer_38,17,14,"[17, 55, 50, 46, 'vir_14', 14]","[198, 395, 385, 'arc_46_vir_14', 'arc_vir_14_14']",12.222934775142054,0.2392636297170769,2,1
ev_1813,618,ev_1813,detour_2,Customer_31,Customer_38,17,14,"[17, 4, 55, 50, 46, 'vir_14', 14]","[51, 46, 395, 385, 'arc_46_vir_14', 'arc_vir_14_14']",13.06082718985094,0.2406961031573918,3,1
ev_1814,618,ev_1814,detour_3,Customer_31,Customer_38,17,14,"[17, 'vir_74', 74, 50, 46, 'vir_14', 14]","['arc_17_vir_74', 'arc_vir_74_74', 397, 385, 'arc_46_vir_14', 'arc_vir_14_14']",13.961415584175448,0.2538439197122809,2,1
ev_1816,620,ev_1816,shortest,Customer_32,Customer_27,46,33,"[46, 'vir_33', 33]","['arc_46_vir_33', 'arc_vir_33_33']",1.5169601422521861,0.03792400355630465,0,1
ev_1817,620,ev_1817,detour_2,Customer_32,Customer_27,46,33,"[46, 10, 'vir_33', 33]","[125, 'arc_10_vir_33', 'arc_vir_33_33']",6.005187564696085,0.10918522844901972,0,1
ev_1818,620,ev_1818,detour_3,Customer_32,Customer_27,46,33,"[46, 43, 'vir_33', 33]","[377, 'arc_43_vir_33', 'arc_vir_33_33']",7.663272768536478,0.13933223215520868,0,1
ev_1819,621,ev_1819,shortest,Customer_32,Customer_79,46,33,"[46, 'vir_33', 33]","['arc_46_vir_33', 'arc_vir_33_33']",1.5169601422521861,0.03792400355630465,0,1
ev_1820,621,ev_1820,detour_2,Customer_32,Customer_79,46,33,"[46, 10, 'vir_33', 33]","[125, 'arc_10_vir_33', 'arc_vir_33_33']",6.005187564696085,0.10918522844901972,0,1
ev_1821,621,ev_1821,detour_3,Customer_32,Customer_79,46,33,"[46, 43, 'vir_33', 33]","[377, 'arc_43_vir_33', 'arc_vir_33_33']",7.663272768536478,0.13933223215520868,0,1
ev_1823,622,ev_1823,detour_2,Customer_32,Customer_51,46,10,"[46, 'vir_33', 33, 10]","['arc_46_vir_33', 'arc_vir_33_33', 127]",4.548362176942671,0.09304040418704074,0,1
ev_1825,623,ev_1825,shortest,Customer_32,Customer_38,46,14,"[46, 'vir_14', 14]","['arc_46_vir_14', 'arc_vir_14_14']",3.3391358276011216,0.060711560501838575,0,1
ev_1826,623,ev_1826,detour_2,Customer_32,Customer_38,46,14,"[46, 'vir_33', 33, 'vir_14', 14]","['arc_46_vir_33', 'arc_vir_33_33', 'arc_33_vir_14', 'arc_vir_14_14']",6.186755786954276,0.12282937891452446,0,1
ev_1827,623,ev_1827,detour_3,Customer_32,Customer_38,46,14,"[46, 10, 'vir_33', 33, 'vir_14', 14]","[125, 'arc_10_vir_33', 'arc_vir_33_33', 'arc_33_vir_14', 'arc_vir_14_14']",10.674983209398174,0.19409060380723953,0,1
ev_1829,624,ev_1829,detour_2,Customer_32,Customer_52,46,43,"[46, 'vir_33', 33, 43]","['arc_46_vir_33', 'arc_vir_33_33', 320]",4.762383057689108,0.09693169292788506,0,1
ev_1832,625,ev_1832,detour_2,Customer_32,Customer_58,46,43,"[46, 'vir_33', 33, 43]","['arc_46_vir_33', 'arc_vir_33_33', 320]",4.762383057689108,0.09693169292788506,0,1
ev_1834,626,ev_1834,shortest,Customer_32,Customer_9,46,34,"[46, 'vir_14', 14, 34]","['arc_46_vir_14', 'arc_vir_14_14', 168]",5.381677972955689,0.11177511413570278,0,1
ev_1835,626,ev_1835,detour_2,Customer_32,Customer_9,46,34,"[46, 'vir_14', 14, 47, 34]","['arc_46_vir_14', 'arc_vir_14_14', 162, 329]",6.470319544202997,0.13899115341688545,1,1
ev_1836,626,ev_1836,detour_3,Customer_32,Customer_9,46,34,"[46, 'vir_14', 14, 26, 34]","['arc_46_vir_14', 'arc_vir_14_14', 164, 266]",9.318958894897934,0.1694356162708715,0,1
ev_1837,627,ev_1837,shortest,Customer_32,Customer_21,46,67,"[46, 'vir_33', 33, 67]","['arc_46_vir_33', 'arc_vir_33_33', 322]",5.1651259894699,0.10425429168753582,0,1
ev_1839,627,ev_1839,detour_3,Customer_32,Customer_21,46,67,"[46, 'vir_33', 33, 43, 67]","['arc_46_vir_33', 'arc_vir_33_33', 320, 374]",5.973880001814328,0.12721911653101556,0,1
ev_1840,628,ev_1840,shortest,Customer_32,Customer_22,46,67,"[46, 'vir_33', 33, 67]","['arc_46_vir_33', 'arc_vir_33_33', 322]",5.1651259894699,0.10425429168753582,0,1
ev_1842,628,ev_1842,detour_3,Customer_32,Customer_22,46,67,"[46, 'vir_33', 33, 43, 67]","['arc_46_vir_33', 'arc_vir_33_33', 320, 374]",5.973880001814328,0.12721911653101556,0,1
ev_1845,629,ev_1845,detour_3,Customer_32,Customer_71,46,32,"[46, 'vir_33', 33, 10, 32]","['arc_46_vir_33', 'arc_vir_33_33', 127, 118]",7.159047109323032,0.14050740295759273,0,1
ev_1846,630,ev_1846,shortest,Customer_32,Customer_30,46,47,"[46, 'vir_14', 14, 47]","['arc_46_vir_14', 'arc_vir_14_14', 162]",5.598376919642931,0.1171925878028838,0,1
ev_1847,630,ev_1847,detour_2,Customer_32,Customer_30,46,47,"[46, 'vir_14', 14, 34, 47]","['arc_46_vir_14', 'arc_vir_14_14', 168, 328]",6.253620597515756,0.13357367974970444,1,1
ev_1848,630,ev_1848,detour_3,Customer_32,Customer_30,46,47,"[46, 'vir_14', 14, 'vir_65', 65, 47]","['arc_46_vir_14', 'arc_vir_14_14', 'arc_14_vir_65', 'arc_vir_65_65', 387]",8.57604220246983,0.1661119308652714,0,1
ev_1849,631,ev_1849,shortest,Customer_32,Customer_60,46,47,"[46, 'vir_14', 14, 47]","['arc_46_vir_14', 'arc_vir_14_14', 162]",5.598376919642931,0.1171925878028838,0,1
ev_1850,631,ev_1850,detour_2,Customer_32,Customer_60,46,47,"[46, 'vir_14', 14, 34, 47]","['arc_46_vir_14', 'arc_vir_14_14', 168, 328]",6.253620597515756,0.13357367974970444,1,1
ev_1851,631,ev_1851,detour_3,Customer_32,Customer_60,46,47,"[46, 'vir_14', 14, 'vir_65', 65, 47]","['arc_46_vir_14', 'arc_vir_14_14', 'arc_14_vir_65', 'arc_vir_65_65', 387]",8.57604220246983,0.1661119308652714,0,1
ev_1852,632,ev_1852,shortest,Customer_32,Customer_65,46,47,"[46, 'vir_14', 14, 47]","['arc_46_vir_14', 'arc_vir_14_14', 162]",5.598376919642931,0.1171925878028838,0,1
ev_1853,632,ev_1853,detour_2,Customer_32,Customer_65,46,47,"[46, 'vir_14', 14, 34, 47]","['arc_46_vir_14', 'arc_vir_14_14', 168, 328]",6.253620597515756,0.13357367974970444,1,1
ev_1854,632,ev_1854,detour_3,Customer_32,Customer_65,46,47,"[46, 'vir_14', 14, 'vir_65', 65, 47]","['arc_46_vir_14', 'arc_vir_14_14', 'arc_14_vir_65', 'arc_vir_65_65', 387]",8.57604220246983,0.1661119308652714,0,1
ev_1857,633,ev_1857,detour_3,Customer_32,Customer_2,46,55,"[46, 50, 'vir_74', 74, 55]","[384, 'arc_50_vir_74', 'arc_vir_74_74', 415]",9.195489662073323,0.17708468328833435,2,1
ev_1860,634,ev_1860,detour_3,Customer_32,Customer_17,46,38,"[46, 'vir_33', 33, 43, 38]","['arc_46_vir_33', 'arc_vir_33_33', 320, 351]",7.276892217144336,0.14265004128161646,0,1
ev_1863,635,ev_1863,detour_3,Customer_32,Customer_74,46,38,"[46, 'vir_33', 33, 43, 38]","['arc_46_vir_33', 'arc_vir_33_33', 320, 351]",7.276892217144336,0.14265004128161646,0,1
ev_1864,636,ev_1864,shortest,Customer_32,Customer_50,46,26,"[46, 'vir_14', 14, 26]","['arc_46_vir_14', 'arc_vir_14_14', 164]",6.531822898356477,0.11876041633375412,0,1
ev_1865,636,ev_1865,detour_2,Customer_32,Customer_50,46,26,"[46, 'vir_14', 14, 34, 26]","['arc_46_vir_14', 'arc_vir_14_14', 168, 267]",8.168813969497146,0.16245031407282018,0,1
ev_1866,636,ev_1866,detour_3,Customer_32,Customer_50,46,26,"[46, 'vir_14', 14, 47, 26]","['arc_46_vir_14', 'arc_vir_14_14', 162, 263]",7.53927851469997,0.1657151276793098,0,1
ev_1867,637,ev_1867,shortest,Customer_32,Customer_69,46,9,"[46, 'vir_14', 14, 26, 9]","['arc_46_vir_14', 'arc_vir_14_14', 164, 109]",7.687189248958811,0.14764457509881246,0,1
ev_1868,637,ev_1868,detour_2,Customer_32,Customer_69,46,9,"[46, 'vir_14', 14, 47, 9]","['arc_46_vir_14', 'arc_vir_14_14', 162, 113]",8.667932679344453,0.17300269252472966,0,1
ev_1869,637,ev_1869,detour_3,Customer_32,Customer_69,46,9,"[46, 'vir_14', 14, 34, 9]","['arc_46_vir_14', 'arc_vir_14_14', 168, 111]",9.27081386868914,0.182486675876311,0,1
ev_1872,638,ev_1872,detour_3,Customer_32,Customer_33,46,4,"[46, 50, 'vir_74', 74, 17, 4]","[384, 'arc_50_vir_74', 'arc_vir_74_74', 205, 51]",11.09550238005595,0.2049629247974829,3,1
ev_1893,645,ev_1893,detour_3,Customer_33,Customer_2,4,55,"[4, 17, 'vir_74', 74, 55]","[50, 'arc_17_vir_74', 'arc_vir_74_74', 415]",4.802241618169646,0.10043396401382401,3,1
ev_1897,647,ev_1897,shortest,Customer_33,Customer_3,4,74,"[4, 17, 'vir_74', 74]","[50, 'arc_17_vir_74', 'arc_vir_74_74']",3.3511271680761365,0.06415610276148628,2,1
ev_1898,647,ev_1898,detour_2,Customer_33,Customer_3,4,74,"[4, 72, 'vir_74', 74]","[48, 'arc_72_vir_74', 'arc_vir_74_74']",4.156830556216501,0.08389755401278037,2,1
ev_1899,647,ev_1899,detour_3,Customer_33,Customer_3,4,74,"[4, 55, 'vir_74', 74]","[46, 'arc_55_vir_74', 'arc_vir_74_74']",4.313290532779908,0.08831742639209042,2,1
ev_1900,648,ev_1900,shortest,Customer_33,Customer_42,4,74,"[4, 17, 'vir_74', 74]","[50, 'arc_17_vir_74', 'arc_vir_74_74']",3.3511271680761365,0.06415610276148628,2,1
ev_1901,648,ev_1901,detour_2,Customer_33,Customer_42,4,74,"[4, 72, 'vir_74', 74]","[48, 'arc_72_vir_74', 'arc_vir_74_74']",4.156830556216501,0.08389755401278037,2,1
ev_1902,648,ev_1902,detour_3,Customer_33,Customer_42,4,74,"[4, 55, 'vir_74', 74]","[46, 'arc_55_vir_74', 'arc_vir_74_74']",4.313290532779908,0.08831742639209042,2,1
ev_1903,649,ev_1903,shortest,Customer_33,Customer_47,4,74,"[4, 17, 'vir_74', 74]","[50, 'arc_17_vir_74', 'arc_vir_74_74']",3.3511271680761365,0.06415610276148628,2,1
ev_1904,649,ev_1904,detour_2,Customer_33,Customer_47,4,74,"[4, 72, 'vir_74', 74]","[48, 'arc_72_vir_74', 'arc_vir_74_74']",4.156830556216501,0.08389755401278037,2,1
ev_1905,649,ev_1905,detour_3,Customer_33,Customer_47,4,74,"[4, 55, 'vir_74', 74]","[46, 'arc_55_vir_74', 'arc_vir_74_74']",4.313290532779908,0.08831742639209042,2,1
ev_1915,653,ev_1915,shortest,Customer_33,Customer_9,4,34,"[4, 55, 50, 46, 'vir_14', 14, 34]","[46, 395, 385, 'arc_46_vir_14', 'arc_vir_14_14', 168]",14.630146711723883,0.2799290912042154,2,1
ev_1916,653,ev_1916,detour_2,Customer_33,Customer_9,4,34,"[4, 17, 55, 50, 46, 'vir_14', 14, 34]","[50, 198, 395, 385, 'arc_46_vir_14', 'arc_vir_14_14', 168]",14.738699543978248,0.30215774893798175,3,1
ev_1917,653,ev_1917,detour_3,Customer_33,Customer_9,4,34,"[4, 55, 50, 46, 'vir_14', 14, 47, 34]","[46, 395, 385, 'arc_46_vir_14', 'arc_vir_14_14', 162, 329]",15.71878828297119,0.3071451304853981,3,1
ev_1918,654,ev_1918,shortest,Customer_33,Customer_30,4,47,"[4, 55, 50, 46, 'vir_14', 14, 47]","[46, 395, 385, 'arc_46_vir_14', 'arc_vir_14_14', 162]",14.846845658411123,0.2853465648713964,2,1
ev_1919,654,ev_1919,detour_2,Customer_33,Customer_30,4,47,"[4, 55, 50, 46, 'vir_14', 14, 34, 47]","[46, 395, 385, 'arc_46_vir_14', 'arc_vir_14_14', 168, 328]",15.50208933628395,0.30172765681821706,3,1
ev_1920,654,ev_1920,detour_3,Customer_33,Customer_30,4,47,"[4, 17, 55, 50, 46, 'vir_14', 14, 47]","[50, 198, 395, 385, 'arc_46_vir_14', 'arc_vir_14_14', 162]",14.955398490665488,0.30757522260516273,3,1
ev_1921,655,ev_1921,shortest,Customer_33,Customer_60,4,47,"[4, 55, 50, 46, 'vir_14', 14, 47]","[46, 395, 385, 'arc_46_vir_14', 'arc_vir_14_14', 162]",14.846845658411123,0.2853465648713964,2,1
ev_1922,655,ev_1922,detour_2,Customer_33,Customer_60,4,47,"[4, 55, 50, 46, 'vir_14', 14, 34, 47]","[46, 395, 385, 'arc_46_vir_14', 'arc_vir_14_14', 168, 328]",15.50208933628395,0.30172765681821706,3,1
ev_1923,655,ev_1923,detour_3,Customer_33,Customer_60,4,47,"[4, 17, 55, 50, 46, 'vir_14', 14, 47]","[50, 198, 395, 385, 'arc_46_vir_14', 'arc_vir_14_14', 162]",14.955398490665488,0.30757522260516273,3,1
ev_1924,656,ev_1924,shortest,Customer_33,Customer_65,4,47,"[4, 55, 50, 46, 'vir_14', 14, 47]","[46, 395, 385, 'arc_46_vir_14', 'arc_vir_14_14', 162]",14.846845658411123,0.2853465648713964,2,1
ev_1925,656,ev_1925,detour_2,Customer_33,Customer_65,4,47,"[4, 55, 50, 46, 'vir_14', 14, 34, 47]","[46, 395, 385, 'arc_46_vir_14', 'arc_vir_14_14', 168, 328]",15.50208933628395,0.30172765681821706,3,1
ev_1926,656,ev_1926,detour_3,Customer_33,Customer_65,4,47,"[4, 17, 55, 50, 46, 'vir_14', 14, 47]","[50, 198, 395, 385, 'arc_46_vir_14', 'arc_vir_14_14', 162]",14.955398490665488,0.30757522260516273,3,1
ev_1927,657,ev_1927,shortest,Customer_33,Customer_38,4,14,"[4, 55, 50, 46, 'vir_14', 14]","[46, 395, 385, 'arc_46_vir_14', 'arc_vir_14_14']",12.587604566369315,0.2288655375703512,2,1
ev_1928,657,ev_1928,detour_2,Customer_33,Customer_38,4,14,"[4, 17, 55, 50, 46, 'vir_14', 14]","[50, 198, 395, 385, 'arc_46_vir_14', 'arc_vir_14_14']",12.69615739862368,0.25109419530411753,3,1
ev_1929,657,ev_1929,detour_3,Customer_33,Customer_38,4,14,"[4, 17, 'vir_74', 74, 50, 46, 'vir_14', 14]","[50, 'arc_17_vir_74', 'arc_vir_74_74', 397, 385, 'arc_46_vir_14', 'arc_vir_14_14']",14.434638207657073,0.2656744852993215,3,1
ev_1936,660,ev_1936,detour_3,Customer_34,Customer_18,66,57,"[66, 'vir_61', 61, 57]","['arc_66_vir_61', 'arc_vir_61_61', 429]",5.48492770042669,0.11467975441929233,0,1
ev_1939,661,ev_1939,detour_3,Customer_34,Customer_28,66,16,"[66, 'vir_61', 61, 16]","['arc_66_vir_61', 'arc_vir_61_61', 189]",5.500420696872644,0.11496144526376423,0,1
ev_1942,662,ev_1942,detour_3,Customer_34,Customer_66,66,16,"[66, 'vir_61', 61, 16]","['arc_66_vir_61', 'arc_vir_61_61', 189]",5.500420696872644,0.11496144526376423,0,1
ev_1944,663,ev_1944,detour_2,Customer_34,Customer_1,66,1,"[66, 'vir_61', 61, 1]","['arc_66_vir_61', 'arc_vir_61_61', 11]",5.8385656454318235,0.12110953523756748,0,1
ev_1945,663,ev_1945,detour_3,Customer_34,Customer_1,66,1,"[66, 57, 'vir_61', 61, 1]","[431, 'arc_57_vir_61', 'arc_vir_61_61', 11]",8.699337777737625,0.17018540045383757,0,1
ev_1947,664,ev_1947,detour_2,Customer_34,Customer_69,66,9,"[66, 'vir_61', 61, 1, 9]","['arc_66_vir_61', 'arc_vir_61_61', 11, 16]",7.279211394484006,0.15712567896387203,0,1
ev_1951,665,ev_1951,detour_3,Customer_34,Customer_50,66,26,"[66, 'vir_61', 61, 1, 26]","['arc_66_vir_61', 'arc_vir_61_61', 11, 12]",8.433580101139345,0.16829161625043149,0,1
ev_1967,671,ev_1967,shortest,Customer_34,Customer_38,66,14,"[66, 1, 26, 'vir_14', 14]","[23, 12, 'arc_26_vir_14', 'arc_vir_14_14']",10.807828939491278,0.19650598071802322,0,1
ev_1968,671,ev_1968,detour_2,Customer_34,Customer_38,66,14,"[66, 1, 9, 26, 'vir_14', 14]","[23, 16, 108, 'arc_26_vir_14', 'arc_vir_14_14']",10.808826583438274,0.2142242021965221,0,1
ev_1969,671,ev_1969,detour_3,Customer_34,Customer_38,66,14,"[66, 'vir_61', 61, 1, 26, 'vir_14', 14]","['arc_66_vir_61', 'arc_vir_61_61', 11, 12, 'arc_26_vir_14', 'arc_vir_14_14']",11.6262671718947,0.22634047208234703,0,1
ev_1971,672,ev_1971,avoid_congestion,Customer_34,Customer_55,66,48,"[66, 57, 77, 12, 30, 'vir_53', 53, 48]","[431, 426, 145, 148, 'arc_30_vir_53', 'arc_vir_53_53', 389]",20.617112387007303,0.4028444161383425,0,1
ev_1985,677,ev_1985,shortest,Customer_34,Customer_70,66,53,"[66, 57, 77, 12, 30, 'vir_53', 53]","[431, 426, 145, 148, 'arc_30_vir_53', 'arc_vir_53_53']",16.390522572695804,0.32599732860540614,0,1
ev_1986,677,ev_1986,detour_2,Customer_34,Customer_70,66,53,"[66, 57, 77, 12, 60, 'vir_53', 53]","[431, 426, 145, 150, 'arc_60_vir_53', 'arc_vir_53_53']",17.75656046606277,0.33486217660520384,0,1
ev_1987,677,ev_1987,detour_3,Customer_34,Customer_70,66,53,"[66, 16, 57, 77, 12, 30, 'vir_53', 53]","[187, 184, 426, 145, 148, 'arc_30_vir_53', 'arc_vir_53_53']",16.802375620990446,0.33629365481277224,0,1
ev_1988,678,ev_1988,shortest,Customer_34,Customer_33,66,4,"[66, 1, 26, 'vir_14', 14, 46, 50, 55, 4]","[23, 12, 'arc_26_vir_14', 'arc_vir_14_14', 170, 384, 394, 47]",23.39543350586059,0.4253715182883744,2,1
ev_1989,678,ev_1989,detour_2,Customer_34,Customer_33,66,4,"[66, 1, 9, 26, 'vir_14', 14, 46, 50, 55, 4]","[23, 16, 108, 'arc_26_vir_14', 'arc_vir_14_14', 170, 384, 394, 47]",23.396431149807587,0.44308973976687327,2,1
ev_1990,678,ev_1990,detour_3,Customer_34,Customer_33,66,4,"[66, 1, 26, 'vir_14', 14, 46, 50, 55, 17, 4]","[23, 12, 'arc_26_vir_14', 'arc_vir_14_14', 170, 384, 394, 199, 51]",23.503986338114952,0.4476001760221407,3,1
ev_1994,681,ev_1994,detour_2,Customer_35,Customer_15,8,72,"[8, 'vir_74', 74, 72]","['arc_8_vir_74', 'arc_vir_74_74', 461]",3.4611195116649185,0.08652798779162296,2,1
ev_2014,688,ev_2014,shortest,Customer_35,Customer_3,8,74,"[8, 'vir_74', 74]","['arc_8_vir_74', 'arc_vir_74_74']",2.2410264063677987,0.05602566015919497,1,1
ev_2015,688,ev_2015,detour_2,Customer_35,Customer_3,8,74,"[8, 72, 'vir_74', 74]","[94, 'arc_72_vir_74', 'arc_vir_74_74']",2.4557805362408995,0.061394513406022484,2,1
ev_2016,688,ev_2016,detour_3,Customer_35,Customer_3,8,74,"[8, 55, 'vir_74', 74]","[102, 'arc_55_vir_74', 'arc_vir_74_74']",4.215148400249557,0.0865330239824477,2,1
ev_2017,689,ev_2017,shortest,Customer_35,Customer_42,8,74,"[8, 'vir_74', 74]","['arc_8_vir_74', 'arc_vir_74_74']",2.2410264063677987,0.05602566015919497,1,1
ev_2018,689,ev_2018,detour_2,Customer_35,Customer_42,8,74,"[8, 72, 'vir_74', 74]","[94, 'arc_72_vir_74', 'arc_vir_74_74']",2.4557805362408995,0.061394513406022484,2,1
ev_2019,689,ev_2019,detour_3,Customer_35,Customer_42,8,74,"[8, 55, 'vir_74', 74]","[102, 'arc_55_vir_74', 'arc_vir_74_74']",4.215148400249557,0.0865330239824477,2,1
ev_2020,690,ev_2020,shortest,Customer_35,Customer_47,8,74,"[8, 'vir_74', 74]","['arc_8_vir_74', 'arc_vir_74_74']",2.2410264063677987,0.05602566015919497,1,1
ev_2021,690,ev_2021,detour_2,Customer_35,Customer_47,8,74,"[8, 72, 'vir_74', 74]","[94, 'arc_72_vir_74', 'arc_vir_74_74']",2.4557805362408995,0.061394513406022484,2,1
ev_2022,690,ev_2022,detour_3,Customer_35,Customer_47,8,74,"[8, 55, 'vir_74', 74]","[102, 'arc_55_vir_74', 'arc_vir_74_74']",4.215148400249557,0.0865330239824477,2,1
ev_2025,691,ev_2025,detour_3,Customer_35,Customer_2,8,55,"[8, 'vir_74', 74, 55]","['arc_8_vir_74', 'arc_vir_74_74', 415]",3.6921408564613074,0.0923035214115327,2,1
ev_2032,694,ev_2032,shortest,Customer_35,Customer_9,8,34,"[8, 55, 50, 46, 'vir_14', 14, 34]","[102, 395, 385, 'arc_46_vir_14', 'arc_vir_14_14', 168]",14.532004579193535,0.27814468879457266,2,1
ev_2033,694,ev_2033,detour_2,Customer_35,Customer_9,8,34,"[8, 55, 50, 46, 'vir_14', 14, 47, 34]","[102, 395, 385, 'arc_46_vir_14', 'arc_vir_14_14', 162, 329]",15.620646150440841,0.30536072807575537,3,1
ev_2034,694,ev_2034,detour_3,Customer_35,Customer_9,8,34,"[8, 'vir_74', 74, 50, 46, 'vir_14', 14, 34]","['arc_8_vir_74', 'arc_vir_74_74', 397, 385, 'arc_46_vir_14', 'arc_vir_14_14', 168]",15.367079591303304,0.3086075963308944,2,1
ev_2038,695,ev_2038,detour_3,Customer_35,Customer_77,8,28,"[8, 'vir_74', 74, 28]","['arc_8_vir_74', 'arc_vir_74_74', 285]",6.961014566703737,0.14184362671075748,2,1
ev_2045,698,ev_2045,shortest,Customer_35,Customer_30,8,47,"[8, 55, 50, 46, 'vir_14', 14, 47]","[102, 395, 385, 'arc_46_vir_14', 'arc_vir_14_14', 162]",14.748703525880774,0.2835621624617537,2,1
ev_2046,698,ev_2046,detour_2,Customer_35,Customer_30,8,47,"[8, 55, 50, 46, 'vir_14', 14, 34, 47]","[102, 395, 385, 'arc_46_vir_14', 'arc_vir_14_14', 168, 328]",15.403947203753601,0.29994325440857433,3,1
ev_2047,698,ev_2047,detour_3,Customer_35,Customer_30,8,47,"[8, 'vir_74', 74, 50, 46, 'vir_14', 14, 47]","['arc_8_vir_74', 'arc_vir_74_74', 397, 385, 'arc_46_vir_14', 'arc_vir_14_14', 162]",15.583778537990543,0.3140250699980754,2,1
ev_2074,709,ev_2074,shortest,Customer_36,Customer_1,62,1,"[62, 78, 'vir_61', 61, 1]","[450, 'arc_78_vir_61', 'arc_vir_61_61', 11]",13.8180569589284,0.2512373992532436,0,1
ev_2075,709,ev_2075,detour_2,Customer_36,Customer_1,62,1,"[62, 16, 'vir_61', 61, 1]","[193, 'arc_16_vir_61', 'arc_vir_61_61', 11]",16.015752898218025,0.2911955072403277,0,1
ev_2076,709,ev_2076,detour_3,Customer_36,Customer_1,62,1,"[62, 78, 16, 'vir_61', 61, 1]","[450, 191, 'arc_16_vir_61', 'arc_vir_61_61', 11]",16.018800834921258,0.2912509242712956,0,1
ev_2077,710,ev_2077,shortest,Customer_36,Customer_69,62,9,"[62, 78, 'vir_61', 61, 1, 9]","[450, 'arc_78_vir_61', 'arc_vir_61_61', 11, 16]",15.258702707980582,0.2872535429795482,0,1
ev_2078,710,ev_2078,detour_2,Customer_36,Customer_69,62,9,"[62, 16, 'vir_61', 61, 1, 9]","[193, 'arc_16_vir_61', 'arc_vir_61_61', 11, 16]",17.456398647270206,0.3272116509666323,0,1
ev_2079,710,ev_2079,detour_3,Customer_36,Customer_69,62,9,"[62, 78, 16, 'vir_61', 61, 1, 9]","[450, 191, 'arc_16_vir_61', 'arc_vir_61_61', 11, 16]",17.45944658397344,0.3272670679976002,0,1
ev_2092,715,ev_2092,shortest,Customer_36,Customer_50,62,26,"[62, 78, 'vir_61', 61, 1, 26]","[450, 'arc_78_vir_61', 'arc_vir_61_61', 11, 12]",16.413071414635922,0.29841948026610765,0,1
ev_2093,715,ev_2093,detour_2,Customer_36,Customer_50,62,26,"[62, 78, 'vir_61', 61, 1, 9, 26]","[450, 'arc_78_vir_61', 'arc_vir_61_61', 11, 16, 108]",16.414069058582918,0.31613770174460654,0,1
ev_2094,715,ev_2094,detour_3,Customer_36,Customer_50,62,26,"[62, 16, 'vir_61', 61, 1, 26]","[193, 'arc_16_vir_61', 'arc_vir_61_61', 11, 12]",18.610767353925546,0.33837758825319175,0,1
ev_2101,718,ev_2101,shortest,Customer_36,Customer_30,62,47,"[62, 78, 'vir_61', 61, 1, 47]","[450, 'arc_78_vir_61', 'arc_vir_61_61', 11, 14]",18.303168692457632,0.33278488531741146,0,1
ev_2102,718,ev_2102,detour_2,Customer_36,Customer_30,62,47,"[62, 78, 'vir_61', 61, 1, 9, 47]","[450, 'arc_78_vir_61', 'arc_vir_61_61', 11, 16, 112]",18.328258467682105,0.3430636477013941,0,1
ev_2103,718,ev_2103,detour_3,Customer_36,Customer_30,62,47,"[62, 78, 'vir_61', 61, 1, 26, 47]","[450, 'arc_78_vir_61', 'arc_vir_61_61', 11, 12, 262]",18.35397300969296,0.3469420201425336,0,1
ev_2105,719,ev_2105,detour_2,Customer_37,Customer_7,68,11,"[68, 'vir_51', 51, 11]","['arc_68_vir_51', 'arc_vir_51_51', 137]",11.154309692475778,0.20280563077228686,0,1
ev_2132,728,ev_2132,detour_2,Customer_37,Customer_15,68,72,"[68, 27, 'vir_74', 74, 72]","[277, 'arc_27_vir_74', 'arc_vir_74_74', 461]",12.446973878180227,0.23462743259393898,2,1
ev_2134,729,ev_2134,shortest,Customer_37,Customer_3,68,74,"[68, 27, 'vir_74', 74]","[277, 'arc_27_vir_74', 'arc_vir_74_74']",11.226880772883106,0.20412510496151098,1,1
ev_2135,729,ev_2135,avoid_congestion,Customer_37,Customer_3,68,74,"[68, 27, 59, 'vir_74', 74]","[277, 270, 'arc_59_vir_74', 'arc_vir_74_74']",11.227552302623579,0.21574224358066943,1,1
ev_2136,729,ev_2136,detour_3,Customer_37,Customer_3,68,74,"[68, 27, 28, 'vir_74', 74]","[277, 272, 'arc_28_vir_74', 'arc_vir_74_74']",12.617066545948028,0.22940120992632776,1,1
ev_2137,730,ev_2137,shortest,Customer_37,Customer_42,68,74,"[68, 27, 'vir_74', 74]","[277, 'arc_27_vir_74', 'arc_vir_74_74']",11.226880772883106,0.20412510496151098,1,1
ev_2138,730,ev_2138,avoid_congestion,Customer_37,Customer_42,68,74,"[68, 27, 59, 'vir_74', 74]","[277, 270, 'arc_59_vir_74', 'arc_vir_74_74']",11.227552302623579,0.21574224358066943,1,1
ev_2139,730,ev_2139,detour_3,Customer_37,Customer_42,68,74,"[68, 27, 28, 'vir_74', 74]","[277, 272, 'arc_28_vir_74', 'arc_vir_74_74']",12.617066545948028,0.22940120992632776,1,1
ev_2140,731,ev_2140,shortest,Customer_37,Customer_47,68,74,"[68, 27, 'vir_74', 74]","[277, 'arc_27_vir_74', 'arc_vir_74_74']",11.226880772883106,0.20412510496151098,1,1
ev_2141,731,ev_2141,avoid_congestion,Customer_37,Customer_47,68,74,"[68, 27, 59, 'vir_74', 74]","[277, 270, 'arc_59_vir_74', 'arc_vir_74_74']",11.227552302623579,0.21574224358066943,1,1
ev_2142,731,ev_2142,detour_3,Customer_37,Customer_47,68,74,"[68, 27, 28, 'vir_74', 74]","[277, 272, 'arc_28_vir_74', 'arc_vir_74_74']",12.617066545948028,0.22940120992632776,1,1
ev_2145,732,ev_2145,detour_3,Customer_37,Customer_35,68,8,"[68, 27, 'vir_74', 74, 8]","[277, 'arc_27_vir_74', 'arc_vir_74_74', 107]",13.467907179250904,0.26015076512070595,2,1
ev_2148,733,ev_2148,detour_3,Customer_37,Customer_41,68,8,"[68, 27, 'vir_74', 74, 8]","[277, 'arc_27_vir_74', 'arc_vir_74_74', 107]",13.467907179250904,0.26015076512070595,2,1
ev_2151,734,ev_2151,detour_3,Customer_37,Customer_46,68,8,"[68, 27, 'vir_74', 74, 8]","[277, 'arc_27_vir_74', 'arc_vir_74_74', 107]",13.467907179250904,0.26015076512070595,2,1
ev_2153,735,ev_2153,detour_2,Customer_37,Customer_2,68,55,"[68, 27, 'vir_74', 74, 55]","[277, 'arc_27_vir_74', 'arc_vir_74_74', 415]",12.677995222976616,0.2404029662138487,2,1
ev_2154,735,ev_2154,detour_3,Customer_37,Customer_2,68,55,"[68, 27, 59, 'vir_74', 74, 55]","[277, 270, 'arc_59_vir_74', 'arc_vir_74_74', 415]",12.678666752717088,0.25202010483300713,2,1
ev_2155,736,ev_2155,shortest,Customer_37,Customer_14,68,17,"[68, 27, 'vir_74', 74, 17]","[277, 'arc_27_vir_74', 'arc_vir_74_74', 205]",14.104785317477619,0.2564506421359567,2,1
ev_2156,736,ev_2156,avoid_congestion,Customer_37,Customer_14,68,17,"[68, 27, 59, 'vir_74', 74, 17]","[277, 270, 'arc_59_vir_74', 'arc_vir_74_74', 205]",14.105456847218091,0.2680677807551151,2,1
ev_2158,737,ev_2158,shortest,Customer_37,Customer_29,68,17,"[68, 27, 'vir_74', 74, 17]","[277, 'arc_27_vir_74', 'arc_vir_74_74', 205]",14.104785317477619,0.2564506421359567,2,1
ev_2159,737,ev_2159,avoid_congestion,Customer_37,Customer_29,68,17,"[68, 27, 59, 'vir_74', 74, 17]","[277, 270, 'arc_59_vir_74', 'arc_vir_74_74', 205]",14.105456847218091,0.2680677807551151,2,1
ev_2161,738,ev_2161,shortest,Customer_37,Customer_31,68,17,"[68, 27, 'vir_74', 74, 17]","[277, 'arc_27_vir_74', 'arc_vir_74_74', 205]",14.104785317477619,0.2564506421359567,2,1
ev_2162,738,ev_2162,avoid_congestion,Customer_37,Customer_31,68,17,"[68, 27, 59, 'vir_74', 74, 17]","[277, 270, 'arc_59_vir_74', 'arc_vir_74_74', 205]",14.105456847218091,0.2680677807551151,2,1
ev_2169,740,ev_2169,detour_3,Customer_38,Customer_30,14,47,"[14, 'vir_65', 65, 47]","['arc_14_vir_65', 'arc_vir_65_65', 387]",5.236906374868708,0.10540037036343283,0,1
ev_2172,741,ev_2172,detour_3,Customer_38,Customer_60,14,47,"[14, 'vir_65', 65, 47]","['arc_14_vir_65', 'arc_vir_65_65', 387]",5.236906374868708,0.10540037036343283,0,1
ev_2175,742,ev_2175,detour_3,Customer_38,Customer_65,14,47,"[14, 'vir_65', 65, 47]","['arc_14_vir_65', 'arc_vir_65_65', 387]",5.236906374868708,0.10540037036343283,0,1
ev_2180,744,ev_2180,detour_2,Customer_38,Customer_32,14,46,"[14, 'vir_33', 33, 46]","['arc_14_vir_33', 'arc_vir_33_33', 324]",6.186755786954276,0.12282937891452446,0,1
ev_2181,744,ev_2181,detour_3,Customer_38,Customer_32,14,46,"[14, 'vir_33', 33, 10, 46]","['arc_14_vir_33', 'arc_vir_33_33', 127, 124]",10.674983209398174,0.19409060380723953,0,1
ev_2183,745,ev_2183,detour_2,Customer_38,Customer_49,14,46,"[14, 'vir_33', 33, 46]","['arc_14_vir_33', 'arc_vir_33_33', 324]",6.186755786954276,0.12282937891452446,0,1
ev_2184,745,ev_2184,detour_3,Customer_38,Customer_49,14,46,"[14, 'vir_33', 33, 10, 46]","['arc_14_vir_33', 'arc_vir_33_33', 127, 124]",10.674983209398174,0.19409060380723953,0,1
ev_2188,747,ev_2188,shortest,Customer_38,Customer_27,14,33,"[14, 'vir_33', 33]","['arc_14_vir_33', 'arc_vir_33_33']",4.66979564470209,0.0849053753582198,0,1
ev_2189,747,ev_2189,detour_2,Customer_38,Customer_27,14,33,"[14, 46, 'vir_33', 33]","[170, 'arc_46_vir_33', 'arc_vir_33_33']",4.856095969853308,0.09863556405814322,0,1
ev_2190,747,ev_2190,detour_3,Customer_38,Customer_27,14,33,"[14, 46, 10, 'vir_33', 33]","[170, 125, 'arc_10_vir_33', 'arc_vir_33_33']",9.344323392297206,0.1698967889508583,0,1
ev_2191,748,ev_2191,shortest,Customer_38,Customer_79,14,33,"[14, 'vir_33', 33]","['arc_14_vir_33', 'arc_vir_33_33']",4.66979564470209,0.0849053753582198,0,1
ev_2192,748,ev_2192,detour_2,Customer_38,Customer_79,14,33,"[14, 46, 'vir_33', 33]","[170, 'arc_46_vir_33', 'arc_vir_33_33']",4.856095969853308,0.09863556405814322,0,1
ev_2193,748,ev_2193,detour_3,Customer_38,Customer_79,14,33,"[14, 46, 10, 'vir_33', 33]","[170, 125, 'arc_10_vir_33', 'arc_vir_33_33']",9.344323392297206,0.1698967889508583,0,1
ev_2198,750,ev_2198,detour_2,Customer_38,Customer_51,14,10,"[14, 'vir_33', 33, 10]","['arc_14_vir_33', 'arc_vir_33_33', 127]",7.701197679392575,0.14002177598895588,0,1
ev_2199,750,ev_2199,detour_3,Customer_38,Customer_51,14,10,"[14, 46, 'vir_33', 33, 10]","[170, 'arc_46_vir_33', 'arc_vir_33_33', 127]",7.887498004543792,0.1537519646888793,0,1
ev_2202,751,ev_2202,detour_3,Customer_38,Customer_33,14,4,"[14, 46, 50, 'vir_74', 74, 17, 4]","[170, 384, 'arc_50_vir_74', 'arc_vir_74_74', 205, 51]",14.434638207657072,0.2656744852993215,3,1
ev_2205,752,ev_2205,detour_3,Customer_38,Customer_14,14,17,"[14, 46, 50, 'vir_74', 74, 17]","[170, 384, 'arc_50_vir_74', 'arc_vir_74_74', 205]",13.961415584175448,0.2538439197122809,2,1
ev_2208,753,ev_2208,detour_3,Customer_38,Customer_29,14,17,"[14, 46, 50, 'vir_74', 74, 17]","[170, 384, 'arc_50_vir_74', 'arc_vir_74_74', 205]",13.961415584175448,0.2538439197122809,2,1
ev_2211,754,ev_2211,detour_3,Customer_38,Customer_31,14,17,"[14, 46, 50, 'vir_74', 74, 17]","[170, 384, 'arc_50_vir_74', 'arc_vir_74_74', 205]",13.961415584175448,0.2538439197122809,2,1
ev_2214,755,ev_2214,detour_3,Customer_38,Customer_2,14,55,"[14, 46, 50, 'vir_74', 74, 55]","[170, 384, 'arc_50_vir_74', 'arc_vir_74_74', 415]",12.534625489674445,0.23779624379017292,2,1
ev_2217,756,ev_2217,detour_3,Customer_38,Customer_71,14,32,"[14, 'vir_33', 33, 10, 32]","['arc_14_vir_33', 'arc_vir_33_33', 127, 118]",10.311882611772935,0.18748877475950787,0,1
ev_2219,757,ev_2219,detour_2,Customer_38,Customer_52,14,43,"[14, 'vir_33', 33, 43]","['arc_14_vir_33', 'arc_vir_33_33', 320]",7.915218560139012,0.14391306472980023,0,1
ev_2220,757,ev_2220,detour_3,Customer_38,Customer_52,14,43,"[14, 46, 'vir_33', 33, 43]","[170, 'arc_46_vir_33', 'arc_vir_33_33', 320]",8.101518885290231,0.15764325342972363,0,1
ev_2222,758,ev_2222,detour_2,Customer_38,Customer_58,14,43,"[14, 'vir_33', 33, 43]","['arc_14_vir_33', 'arc_vir_33_33', 320]",7.915218560139012,0.14391306472980023,0,1
ev_2223,758,ev_2223,detour_3,Customer_38,Customer_58,14,43,"[14, 46, 'vir_33', 33, 43]","[170, 'arc_46_vir_33', 'arc_vir_33_33', 320]",8.101518885290231,0.15764325342972363,0,1
ev_2230,761,ev_2230,detour_3,Customer_39,Customer_13,15,35,"[15, 'vir_70', 70, 35]","['arc_15_vir_70', 'arc_vir_70_70', 331]",12.715200941612384,0.2311854716656797,0,1
ev_2255,770,ev_2255,shortest,Customer_39,Customer_27,15,33,"[15, 73, 67, 'vir_33', 33]","[180, 455, 'arc_67_vir_33', 'arc_vir_33_33']",12.601199097024992,0.22911271085499985,0,1
ev_2256,770,ev_2256,detour_2,Customer_39,Customer_27,15,33,"[15, 73, 67, 43, 'vir_33', 33]","[180, 455, 375, 'arc_43_vir_33', 'arc_vir_33_33']",13.409953109369418,0.25207753569847957,0,1
ev_2257,770,ev_2257,detour_3,Customer_39,Customer_27,15,33,"[15, 73, 38, 43, 'vir_33', 33]","[180, 357, 350, 'arc_43_vir_33', 'arc_vir_33_33']",14.831277110334183,0.26965958382425786,0,1
ev_2258,771,ev_2258,shortest,Customer_39,Customer_79,15,33,"[15, 73, 67, 'vir_33', 33]","[180, 455, 'arc_67_vir_33', 'arc_vir_33_33']",12.601199097024992,0.22911271085499985,0,1
ev_2259,771,ev_2259,detour_2,Customer_39,Customer_79,15,33,"[15, 73, 67, 43, 'vir_33', 33]","[180, 455, 375, 'arc_43_vir_33', 'arc_vir_33_33']",13.409953109369418,0.25207753569847957,0,1
ev_2260,771,ev_2260,detour_3,Customer_39,Customer_79,15,33,"[15, 73, 38, 43, 'vir_33', 33]","[180, 357, 350, 'arc_43_vir_33', 'arc_vir_33_33']",14.831277110334183,0.26965958382425786,0,1
ev_2261,772,ev_2261,shortest,Customer_39,Customer_32,15,46,"[15, 73, 67, 'vir_33', 33, 46]","[180, 455, 'arc_67_vir_33', 'arc_vir_33_33', 324]",14.118159239277178,0.2670367144113045,0,1
ev_2263,772,ev_2263,detour_3,Customer_39,Customer_32,15,46,"[15, 73, 67, 43, 'vir_33', 33, 46]","[180, 455, 375, 'arc_43_vir_33', 'arc_vir_33_33', 324]",14.926913251621604,0.2900015392547842,0,1
ev_2264,773,ev_2264,shortest,Customer_39,Customer_49,15,46,"[15, 73, 67, 'vir_33', 33, 46]","[180, 455, 'arc_67_vir_33', 'arc_vir_33_33', 324]",14.118159239277178,0.2670367144113045,0,1
ev_2266,773,ev_2266,detour_3,Customer_39,Customer_49,15,46,"[15, 73, 67, 43, 'vir_33', 33, 46]","[180, 455, 375, 'arc_43_vir_33', 'arc_vir_33_33', 324]",14.926913251621604,0.2900015392547842,0,1
ev_2269,774,ev_2269,detour_3,Customer_39,Customer_57,15,58,"[15, 'vir_70', 70, 58]","['arc_15_vir_70', 'arc_vir_70_70', 437]",16.86140094441511,0.3065709262620929,0,1
ev_2272,775,ev_2272,detour_3,Customer_39,Customer_78,15,58,"[15, 'vir_70', 70, 58]","['arc_15_vir_70', 'arc_vir_70_70', 437]",16.86140094441511,0.3065709262620929,0,1
ev_2274,776,ev_2274,detour_2,Customer_39,Customer_40,15,36,"[15, 'vir_70', 70, 36]","['arc_15_vir_70', 'arc_vir_70_70', 339]",15.599008755965723,0.28361834101755856,0,1
ev_2277,777,ev_2277,detour_2,Customer_39,Customer_44,15,36,"[15, 'vir_70', 70, 36]","['arc_15_vir_70', 'arc_vir_70_70', 339]",15.599008755965723,0.28361834101755856,0,1
ev_2284,780,ev_2284,detour_2,Customer_40,Customer_57,36,58,"[36, 'vir_70', 70, 58]","['arc_36_vir_70', 'arc_vir_70_70', 437]",16.237101774320525,0.2952200322603732,0,1
ev_2287,781,ev_2287,detour_2,Customer_40,Customer_78,36,58,"[36, 'vir_70', 70, 58]","['arc_36_vir_70', 'arc_vir_70_70', 437]",16.237101774320525,0.2952200322603732,0,1
ev_2290,782,ev_2290,detour_2,Customer_40,Customer_13,36,35,"[36, 'vir_70', 70, 35]","['arc_36_vir_70', 'arc_vir_70_70', 331]",12.0909017715178,0.21983457766396,0,1
ev_2293,783,ev_2293,detour_2,Customer_40,Customer_39,36,15,"[36, 'vir_70', 70, 15]","['arc_36_vir_70', 'arc_vir_70_70', 183]",15.599008755965723,0.28361834101755856,0,1
ev_2296,784,ev_2296,detour_2,Customer_40,Customer_75,36,15,"[36, 'vir_70', 70, 15]","['arc_36_vir_70', 'arc_vir_70_70', 183]",15.599008755965723,0.28361834101755856,0,1
ev_2314,790,ev_2314,detour_2,Customer_40,Customer_10,36,73,"[36, 'vir_70', 70, 15, 73]","['arc_36_vir_70', 'arc_vir_70_70', 183, 180]",19.892760113611757,0.3616865475202138,0,1
ev_2319,793,ev_2319,detour_2,Customer_41,Customer_15,8,72,"[8, 'vir_74', 74, 72]","['arc_8_vir_74', 'arc_vir_74_74', 461]",3.4611195116649185,0.08652798779162296,2,1
ev_2339,800,ev_2339,shortest,Customer_41,Customer_3,8,74,"[8, 'vir_74', 74]","['arc_8_vir_74', 'arc_vir_74_74']",2.2410264063677987,0.05602566015919497,1,1
ev_2340,800,ev_2340,detour_2,Customer_41,Customer_3,8,74,"[8, 72, 'vir_74', 74]","[94, 'arc_72_vir_74', 'arc_vir_74_74']",2.4557805362408995,0.061394513406022484,2,1
ev_2341,800,ev_2341,detour_3,Customer_41,Customer_3,8,74,"[8, 55, 'vir_74', 74]","[102, 'arc_55_vir_74', 'arc_vir_74_74']",4.215148400249557,0.0865330239824477,2,1
ev_2342,801,ev_2342,shortest,Customer_41,Customer_42,8,74,"[8, 'vir_74', 74]","['arc_8_vir_74', 'arc_vir_74_74']",2.2410264063677987,0.05602566015919497,1,1
ev_2343,801,ev_2343,detour_2,Customer_41,Customer_42,8,74,"[8, 72, 'vir_74', 74]","[94, 'arc_72_vir_74', 'arc_vir_74_74']",2.4557805362408995,0.061394513406022484,2,1
ev_2344,801,ev_2344,detour_3,Customer_41,Customer_42,8,74,"[8, 55, 'vir_74', 74]","[102, 'arc_55_vir_74', 'arc_vir_74_74']",4.215148400249557,0.0865330239824477,2,1
ev_2345,802,ev_2345,shortest,Customer_41,Customer_47,8,74,"[8, 'vir_74', 74]","['arc_8_vir_74', 'arc_vir_74_74']",2.2410264063677987,0.05602566015919497,1,1
ev_2346,802,ev_2346,detour_2,Customer_41,Customer_47,8,74,"[8, 72, 'vir_74', 74]","[94, 'arc_72_vir_74', 'arc_vir_74_74']",2.4557805362408995,0.061394513406022484,2,1
ev_2347,802,ev_2347,detour_3,Customer_41,Customer_47,8,74,"[8, 55, 'vir_74', 74]","[102, 'arc_55_vir_74', 'arc_vir_74_74']",4.215148400249557,0.0865330239824477,2,1
ev_2350,803,ev_2350,detour_3,Customer_41,Customer_2,8,55,"[8, 'vir_74', 74, 55]","['arc_8_vir_74', 'arc_vir_74_74', 415]",3.6921408564613074,0.0923035214115327,2,1
ev_2357,806,ev_2357,shortest,Customer_41,Customer_9,8,34,"[8, 55, 50, 46, 'vir_14', 14, 34]","[102, 395, 385, 'arc_46_vir_14', 'arc_vir_14_14', 168]",14.532004579193535,0.27814468879457266,2,1
ev_2358,806,ev_2358,detour_2,Customer_41,Customer_9,8,34,"[8, 55, 50, 46, 'vir_14', 14, 47, 34]","[102, 395, 385, 'arc_46_vir_14', 'arc_vir_14_14', 162, 329]",15.620646150440841,0.30536072807575537,3,1
ev_2359,806,ev_2359,detour_3,Customer_41,Customer_9,8,34,"[8, 'vir_74', 74, 50, 46, 'vir_14', 14, 34]","['arc_8_vir_74', 'arc_vir_74_74', 397, 385, 'arc_46_vir_14', 'arc_vir_14_14', 168]",15.367079591303304,0.3086075963308944,2,1
ev_2363,807,ev_2363,detour_3,Customer_41,Customer_77,8,28,"[8, 'vir_74', 74, 28]","['arc_8_vir_74', 'arc_vir_74_74', 285]",6.961014566703737,0.14184362671075748,2,1
ev_2370,810,ev_2370,shortest,Customer_41,Customer_30,8,47,"[8, 55, 50, 46, 'vir_14', 14, 47]","[102, 395, 385, 'arc_46_vir_14', 'arc_vir_14_14', 162]",14.748703525880774,0.2835621624617537,2,1
ev_2371,810,ev_2371,detour_2,Customer_41,Customer_30,8,47,"[8, 55, 50, 46, 'vir_14', 14, 34, 47]","[102, 395, 385, 'arc_46_vir_14', 'arc_vir_14_14', 168, 328]",15.403947203753601,0.29994325440857433,3,1
ev_2372,810,ev_2372,detour_3,Customer_41,Customer_30,8,47,"[8, 'vir_74', 74, 50, 46, 'vir_14', 14, 47]","['arc_8_vir_74', 'arc_vir_74_74', 397, 385, 'arc_46_vir_14', 'arc_vir_14_14', 162]",15.583778537990543,0.3140250699980754,2,1
ev_2425,829,ev_2425,shortest,Customer_42,Customer_9,74,34,"[74, 50, 46, 'vir_14', 14, 34]","[397, 385, 'arc_46_vir_14', 'arc_vir_14_14', 168]",13.126053184935504,0.2525819361716994,1,1
ev_2426,829,ev_2426,detour_2,Customer_42,Customer_9,74,34,"[74, 55, 50, 46, 'vir_14', 14, 34]","[415, 395, 385, 'arc_46_vir_14', 'arc_vir_14_14', 168]",13.219085079130995,0.26416738731680045,2,1
ev_2427,829,ev_2427,detour_3,Customer_42,Customer_9,74,34,"[74, 50, 46, 'vir_14', 14, 47, 34]","[397, 385, 'arc_46_vir_14', 'arc_vir_14_14', 162, 329]",14.21469475618281,0.2797979754528821,2,1
ev_2433,832,ev_2433,detour_2,Customer_43,Customer_72,0,24,"[0, 'vir_52', 52, 24]","['arc_0_vir_52', 'arc_vir_52_52', 251]",7.66462504602936,0.13935681901871563,0,1
ev_2435,833,ev_2435,shortest,Customer_43,Customer_11,0,52,"[0, 'vir_52', 52]","['arc_0_vir_52', 'arc_vir_52_52']",3.124055766583747,0.05680101393788631,0,1
ev_2436,833,ev_2436,detour_2,Customer_43,Customer_11,0,52,"[0, 24, 'vir_52', 52]","[2, 'arc_24_vir_52', 'arc_vir_52_52']",7.134793392783054,0.12972351623241918,0,1
ev_2437,833,ev_2437,detour_3,Customer_43,Customer_11,0,52,"[0, 2, 'vir_52', 52]","[4, 'arc_2_vir_52', 'arc_vir_52_52']",10.261102809424886,0.186565505625907,0,1
ev_2438,834,ev_2438,shortest,Customer_43,Customer_12,0,52,"[0, 'vir_52', 52]","['arc_0_vir_52', 'arc_vir_52_52']",3.124055766583747,0.05680101393788631,0,1
ev_2439,834,ev_2439,detour_2,Customer_43,Customer_12,0,52,"[0, 24, 'vir_52', 52]","[2, 'arc_24_vir_52', 'arc_vir_52_52']",7.134793392783054,0.12972351623241918,0,1
ev_2440,834,ev_2440,detour_3,Customer_43,Customer_12,0,52,"[0, 2, 'vir_52', 52]","[4, 'arc_2_vir_52', 'arc_vir_52_52']",10.261102809424886,0.186565505625907,0,1
ev_2441,835,ev_2441,shortest,Customer_43,Customer_20,0,52,"[0, 'vir_52', 52]","['arc_0_vir_52', 'arc_vir_52_52']",3.124055766583747,0.05680101393788631,0,1
ev_2442,835,ev_2442,detour_2,Customer_43,Customer_20,0,52,"[0, 24, 'vir_52', 52]","[2, 'arc_24_vir_52', 'arc_vir_52_52']",7.134793392783054,0.12972351623241918,0,1
ev_2443,835,ev_2443,detour_3,Customer_43,Customer_20,0,52,"[0, 2, 'vir_52', 52]","[4, 'arc_2_vir_52', 'arc_vir_52_52']",10.261102809424886,0.186565505625907,0,1
ev_2444,836,ev_2444,shortest,Customer_43,Customer_53,0,52,"[0, 'vir_52', 52]","['arc_0_vir_52', 'arc_vir_52_52']",3.124055766583747,0.05680101393788631,0,1
ev_2445,836,ev_2445,detour_2,Customer_43,Customer_53,0,52,"[0, 24, 'vir_52', 52]","[2, 'arc_24_vir_52', 'arc_vir_52_52']",7.134793392783054,0.12972351623241918,0,1
ev_2446,836,ev_2446,detour_3,Customer_43,Customer_53,0,52,"[0, 2, 'vir_52', 52]","[4, 'arc_2_vir_52', 'arc_vir_52_52']",10.261102809424886,0.186565505625907,0,1
ev_2447,837,ev_2447,shortest,Customer_43,Customer_8,0,63,"[0, 'vir_52', 52, 63]","['arc_0_vir_52', 'arc_vir_52_52', 402]",7.815393834614958,0.14209806972027195,0,1
ev_2448,837,ev_2448,detour_2,Customer_43,Customer_8,0,63,"[0, 'vir_52', 52, 13, 63]","['arc_0_vir_52', 'arc_vir_52_52', 157, 152]",9.095186378368163,0.17832910261804566,0,1
ev_2449,837,ev_2449,detour_3,Customer_43,Customer_8,0,63,"[0, 24, 'vir_52', 52, 63]","[2, 'arc_24_vir_52', 'arc_vir_52_52', 402]",11.826131460814265,0.21502057201480484,0,1
ev_2451,838,ev_2451,detour_2,Customer_43,Customer_5,0,7,"[0, 'vir_52', 52, 13, 7]","['arc_0_vir_52', 'arc_vir_52_52', 157, 89]",11.495180065936683,0.2090032739261215,0,1
ev_2452,838,ev_2452,detour_3,Customer_43,Customer_5,0,7,"[0, 'vir_52', 52, 13, 'vir_44', 44, 7]","['arc_0_vir_52', 'arc_vir_52_52', 157, 'arc_13_vir_44', 'arc_vir_44_44', 83]",11.788343755482117,0.2170533033359028,0,1
ev_2453,839,ev_2453,shortest,Customer_43,Customer_70,0,53,"[0, 'vir_52', 52, 63, 'vir_53', 53]","['arc_0_vir_52', 'arc_vir_52_52', 402, 'arc_63_vir_53', 'arc_vir_53_53']",10.876125366513836,0.1977477339366152,0,1
ev_2454,839,ev_2454,detour_2,Customer_43,Customer_70,0,53,"[0, 'vir_52', 52, 13, 63, 'vir_53', 53]","['arc_0_vir_52', 'arc_vir_52_52', 157, 152, 'arc_63_vir_53', 'arc_vir_53_53']",12.155917910267043,0.2339787668343889,0,1
ev_2455,839,ev_2455,detour_3,Customer_43,Customer_70,0,53,"[0, 'vir_52', 52, 63, 60, 'vir_53', 53]","['arc_0_vir_52', 'arc_vir_52_52', 402, 445, 'arc_60_vir_53', 'arc_vir_53_53']",14.514191699216537,0.2638943945312098,0,1
ev_2456,840,ev_2456,shortest,Customer_43,Customer_23,0,39,"[0, 'vir_52', 52, 79, 39]","['arc_0_vir_52', 'arc_vir_52_52', 404, 363]",12.534000447091293,0.22789091721984167,0,1
ev_2457,840,ev_2457,detour_2,Customer_43,Customer_23,0,39,"[0, 24, 'vir_6', 6, 39]","[2, 'arc_24_vir_6', 'arc_vir_6_6', 80]",14.618622645892106,0.26579313901622015,0,1
ev_2458,840,ev_2458,detour_3,Customer_43,Customer_23,0,39,"[0, 24, 'vir_6', 6, 79, 39]","[2, 'arc_24_vir_6', 'arc_vir_6_6', 76, 363]",15.253365093818068,0.2773339107966922,0,1
ev_2465,843,ev_2465,shortest,Customer_43,Customer_16,0,64,"[0, 'vir_52', 52, 79, 39, 64]","['arc_0_vir_52', 'arc_vir_52_52', 404, 363, 358]",15.270266099267221,0.2776412018048586,0,1
ev_2466,843,ev_2466,detour_2,Customer_43,Customer_16,0,64,"[0, 'vir_52', 52, 63, 30, 64]","['arc_0_vir_52', 'arc_vir_52_52', 402, 305, 302]",16.25532156829468,0.29555130124172146,0,1
ev_2467,843,ev_2467,detour_3,Customer_43,Customer_16,0,64,"[0, 'vir_52', 52, 79, 39, 54, 64]","['arc_0_vir_52', 'arc_vir_52_52', 404, 363, 360, 410]",15.498563505829228,0.30200499368829004,0,1
ev_2468,844,ev_2468,shortest,Customer_43,Customer_56,0,64,"[0, 'vir_52', 52, 79, 39, 64]","['arc_0_vir_52', 'arc_vir_52_52', 404, 363, 358]",15.270266099267221,0.2776412018048586,0,1
ev_2469,844,ev_2469,detour_2,Customer_43,Customer_56,0,64,"[0, 'vir_52', 52, 63, 30, 64]","['arc_0_vir_52', 'arc_vir_52_52', 402, 305, 302]",16.25532156829468,0.29555130124172146,0,1
ev_2470,844,ev_2470,detour_3,Customer_43,Customer_56,0,64,"[0, 'vir_52', 52, 79, 39, 54, 64]","['arc_0_vir_52', 'arc_vir_52_52', 404, 363, 360, 410]",15.498563505829228,0.30200499368829004,0,1
ev_2471,845,ev_2471,shortest,Customer_43,Customer_63,0,64,"[0, 'vir_52', 52, 79, 39, 64]","['arc_0_vir_52', 'arc_vir_52_52', 404, 363, 358]",15.270266099267221,0.2776412018048586,0,1
ev_2472,845,ev_2472,detour_2,Customer_43,Customer_63,0,64,"[0, 'vir_52', 52, 63, 30, 64]","['arc_0_vir_52', 'arc_vir_52_52', 402, 305, 302]",16.25532156829468,0.29555130124172146,0,1
ev_2473,845,ev_2473,detour_3,Customer_43,Customer_63,0,64,"[0, 'vir_52', 52, 79, 39, 54, 64]","['arc_0_vir_52', 'arc_vir_52_52', 404, 363, 360, 410]",15.498563505829228,0.30200499368829004,0,1
ev_2474,846,ev_2474,shortest,Customer_43,Customer_64,0,64,"[0, 'vir_52', 52, 79, 39, 64]","['arc_0_vir_52', 'arc_vir_52_52', 404, 363, 358]",15.270266099267221,0.2776412018048586,0,1
ev_2475,846,ev_2475,detour_2,Customer_43,Customer_64,0,64,"[0, 'vir_52', 52, 63, 30, 64]","['arc_0_vir_52', 'arc_vir_52_52', 402, 305, 302]",16.25532156829468,0.29555130124172146,0,1
ev_2476,846,ev_2476,detour_3,Customer_43,Customer_64,0,64,"[0, 'vir_52', 52, 79, 39, 54, 64]","['arc_0_vir_52', 'arc_vir_52_52', 404, 363, 360, 410]",15.498563505829228,0.30200499368829004,0,1
ev_2477,847,ev_2477,shortest,Customer_43,Customer_80,0,3,"[0, 'vir_52', 52, 63, 3]","['arc_0_vir_52', 'arc_vir_52_52', 402, 41]",13.059771918381108,0.23745039851602012,0,1
ev_2478,847,ev_2478,detour_2,Customer_43,Customer_80,0,3,"[0, 'vir_52', 52, 63, 'vir_53', 53, 3]","['arc_0_vir_52', 'arc_vir_52_52', 402, 'arc_63_vir_53', 'arc_vir_53_53', 35]",13.181543482422233,0.25538318683432515,0,1
ev_2479,847,ev_2479,detour_3,Customer_43,Customer_80,0,3,"[0, 'vir_52', 52, 13, 63, 3]","['arc_0_vir_52', 'arc_vir_52_52', 157, 152, 41]",14.339564462134312,0.27368143141379386,0,1
ev_2480,848,ev_2480,shortest,Customer_43,Customer_55,0,48,"[0, 'vir_52', 52, 63, 'vir_53', 53, 48]","['arc_0_vir_52', 'arc_vir_52_52', 402, 'arc_63_vir_53', 'arc_vir_53_53', 389]",15.102715180825335,0.27459482146955155,0,1
ev_2481,848,ev_2481,detour_2,Customer_43,Customer_55,0,48,"[0, 'vir_52', 52, 63, 3, 48]","['arc_0_vir_52', 'arc_vir_52_52', 402, 41, 36]",16.675145016512246,0.3031844548456772,1,1
ev_2482,848,ev_2482,detour_3,Customer_43,Customer_55,0,48,"[0, 'vir_52', 52, 13, 63, 'vir_53', 53, 48]","['arc_0_vir_52', 'arc_vir_52_52', 157, 152, 'arc_63_vir_53', 'arc_vir_53_53', 389]",16.38250772457854,0.31082585436732524,0,1
ev_2491,852,ev_2491,detour_2,Customer_44,Customer_57,36,58,"[36, 'vir_70', 70, 58]","['arc_36_vir_70', 'arc_vir_70_70', 437]",16.237101774320525,0.2952200322603732,0,1
ev_2494,853,ev_2494,detour_2,Customer_44,Customer_78,36,58,"[36, 'vir_70', 70, 58]","['arc_36_vir_70', 'arc_vir_70_70', 437]",16.237101774320525,0.2952200322603732,0,1
ev_2497,854,ev_2497,detour_2,Customer_44,Customer_13,36,35,"[36, 'vir_70', 70, 35]","['arc_36_vir_70', 'arc_vir_70_70', 331]",12.0909017715178,0.21983457766396,0,1
ev_2500,855,ev_2500,detour_2,Customer_44,Customer_39,36,15,"[36, 'vir_70', 70, 15]","['arc_36_vir_70', 'arc_vir_70_70', 183]",15.599008755965723,0.28361834101755856,0,1
ev_2503,856,ev_2503,detour_2,Customer_44,Customer_75,36,15,"[36, 'vir_70', 70, 15]","['arc_36_vir_70', 'arc_vir_70_70', 183]",15.599008755965723,0.28361834101755856,0,1
ev_2521,862,ev_2521,detour_2,Customer_44,Customer_10,36,73,"[36, 'vir_70', 70, 15, 73]","['arc_36_vir_70', 'arc_vir_70_70', 183, 180]",19.892760113611757,0.3616865475202138,0,1
ev_2524,864,ev_2524,shortest,Customer_45,Customer_36,56,62,"[56, 'vir_62', 62]","['arc_56_vir_62', 'arc_vir_62_62']",6.364542174036592,0.11571894861884713,0,1
ev_2525,864,ev_2525,detour_2,Customer_45,Customer_36,56,62,"[56, 78, 'vir_62', 62]","[420, 'arc_78_vir_62', 'arc_vir_62_62']",10.498414289018283,0.1908802598003324,0,1
ev_2526,864,ev_2526,detour_3,Customer_45,Customer_36,56,62,"[56, 78, 16, 'vir_62', 62]","[420, 191, 'arc_16_vir_62', 'arc_vir_62_62']",21.558846148543672,0.3919790208826123,0,1
ev_2527,865,ev_2527,shortest,Customer_45,Customer_59,56,62,"[56, 'vir_62', 62]","['arc_56_vir_62', 'arc_vir_62_62']",6.364542174036592,0.11571894861884713,0,1
ev_2528,865,ev_2528,detour_2,Customer_45,Customer_59,56,62,"[56, 78, 'vir_62', 62]","[420, 'arc_78_vir_62', 'arc_vir_62_62']",10.498414289018283,0.1908802598003324,0,1
ev_2529,865,ev_2529,detour_3,Customer_45,Customer_59,56,62,"[56, 78, 16, 'vir_62', 62]","[420, 191, 'arc_16_vir_62', 'arc_vir_62_62']",21.558846148543672,0.3919790208826123,0,1
ev_2530,866,ev_2530,shortest,Customer_45,Customer_62,56,62,"[56, 'vir_62', 62]","['arc_56_vir_62', 'arc_vir_62_62']",6.364542174036592,0.11571894861884713,0,1
ev_2531,866,ev_2531,detour_2,Customer_45,Customer_62,56,62,"[56, 78, 'vir_62', 62]","[420, 'arc_78_vir_62', 'arc_vir_62_62']",10.498414289018283,0.1908802598003324,0,1
ev_2532,866,ev_2532,detour_3,Customer_45,Customer_62,56,62,"[56, 78, 16, 'vir_62', 62]","[420, 191, 'arc_16_vir_62', 'arc_vir_62_62']",21.558846148543672,0.3919790208826123,0,1
ev_2535,867,ev_2535,detour_3,Customer_45,Customer_28,56,16,"[56, 'vir_62', 62, 16]","['arc_56_vir_62', 'arc_vir_62_62', 193]",15.427755624000216,0.2805046477090949,0,1
ev_2538,868,ev_2538,detour_3,Customer_45,Customer_66,56,16,"[56, 'vir_62', 62, 16]","['arc_56_vir_62', 'arc_vir_62_62', 193]",15.427755624000216,0.2805046477090949,0,1
ev_2541,869,ev_2541,detour_3,Customer_45,Customer_18,56,57,"[56, 'vir_62', 62, 57]","['arc_56_vir_62', 'arc_vir_62_62', 433]",15.673621429235677,0.2849749350770123,0,1
ev_2554,874,ev_2554,shortest,Customer_45,Customer_19,56,71,"[56, 'vir_71', 71]","['arc_56_vir_71', 'arc_vir_71_71']",13.449625375227917,0.24453864318596213,0,1
ev_2555,874,ev_2555,detour_2,Customer_45,Customer_19,56,71,"[56, 37, 'vir_71', 71]","[345, 'arc_37_vir_71', 'arc_vir_71_71']",13.577851209853502,0.24687002199733643,0,1
ev_2556,874,ev_2556,detour_3,Customer_45,Customer_19,56,71,"[56, 40, 'vir_71', 71]","[367, 'arc_40_vir_71', 'arc_vir_71_71']",19.380177500710573,0.35236686364928316,0,1
ev_2569,879,ev_2569,shortest,Customer_45,Customer_38,56,14,"[56, 40, 26, 'vir_14', 14]","[367, 269, 'arc_26_vir_14', 'arc_vir_14_14']",17.56725410302427,0.3194046200549867,0,1
ev_2570,879,ev_2570,detour_2,Customer_45,Customer_38,56,14,"[56, 40, 1, 26, 'vir_14', 14]","[367, 19, 12, 'arc_26_vir_14', 'arc_vir_14_14']",17.647294895449882,0.32085990718999785,0,1
ev_2571,879,ev_2571,detour_3,Customer_45,Customer_38,56,14,"[56, 40, 9, 26, 'vir_14', 14]","[367, 117, 108, 'arc_26_vir_14', 'arc_vir_14_14']",17.601114734469864,0.32789776574446794,0,1
ev_2577,881,ev_2577,detour_3,Customer_45,Customer_25,56,19,"[56, 'vir_62', 62, 57, 77, 19]","['arc_56_vir_62', 'arc_vir_62_62', 433, 426, 221]",24.79022595218556,0.4507313809488283,0,1
ev_2581,884,ev_2581,detour_2,Customer_46,Customer_15,8,72,"[8, 'vir_74', 74, 72]","['arc_8_vir_74', 'arc_vir_74_74', 461]",3.4611195116649185,0.08652798779162296,2,1
ev_2601,891,ev_2601,shortest,Customer_46,Customer_3,8,74,"[8, 'vir_74', 74]","['arc_8_vir_74', 'arc_vir_74_74']",2.2410264063677987,0.05602566015919497,1,1
ev_2602,891,ev_2602,detour_2,Customer_46,Customer_3,8,74,"[8, 72, 'vir_74', 74]","[94, 'arc_72_vir_74', 'arc_vir_74_74']",2.4557805362408995,0.061394513406022484,2,1
ev_2603,891,ev_2603,detour_3,Customer_46,Customer_3,8,74,"[8, 55, 'vir_74', 74]","[102, 'arc_55_vir_74', 'arc_vir_74_74']",4.215148400249557,0.0865330239824477,2,1
ev_2604,892,ev_2604,shortest,Customer_46,Customer_42,8,74,"[8, 'vir_74', 74]","['arc_8_vir_74', 'arc_vir_74_74']",2.2410264063677987,0.05602566015919497,1,1
ev_2605,892,ev_2605,detour_2,Customer_46,Customer_42,8,74,"[8, 72, 'vir_74', 74]","[94, 'arc_72_vir_74', 'arc_vir_74_74']",2.4557805362408995,0.061394513406022484,2,1
ev_2606,892,ev_2606,detour_3,Customer_46,Customer_42,8,74,"[8, 55, 'vir_74', 74]","[102, 'arc_55_vir_74', 'arc_vir_74_74']",4.215148400249557,0.0865330239824477,2,1
ev_2607,893,ev_2607,shortest,Customer_46,Customer_47,8,74,"[8, 'vir_74', 74]","['arc_8_vir_74', 'arc_vir_74_74']",2.2410264063677987,0.05602566015919497,1,1
ev_2608,893,ev_2608,detour_2,Customer_46,Customer_47,8,74,"[8, 72, 'vir_74', 74]","[94, 'arc_72_vir_74', 'arc_vir_74_74']",2.4557805362408995,0.061394513406022484,2,1
ev_2609,893,ev_2609,detour_3,Customer_46,Customer_47,8,74,"[8, 55, 'vir_74', 74]","[102, 'arc_55_vir_74', 'arc_vir_74_74']",4.215148400249557,0.0865330239824477,2,1
ev_2612,894,ev_2612,detour_3,Customer_46,Customer_2,8,55,"[8, 'vir_74', 74, 55]","['arc_8_vir_74', 'arc_vir_74_74', 415]",3.6921408564613074,0.0923035214115327,2,1
ev_2619,897,ev_2619,shortest,Customer_46,Customer_9,8,34,"[8, 55, 50, 46, 'vir_14', 14, 34]","[102, 395, 385, 'arc_46_vir_14', 'arc_vir_14_14', 168]",14.532004579193535,0.27814468879457266,2,1
ev_2620,897,ev_2620,detour_2,Customer_46,Customer_9,8,34,"[8, 55, 50, 46, 'vir_14', 14, 47, 34]","[102, 395, 385, 'arc_46_vir_14', 'arc_vir_14_14', 162, 329]",15.620646150440841,0.30536072807575537,3,1
ev_2621,897,ev_2621,detour_3,Customer_46,Customer_9,8,34,"[8, 'vir_74', 74, 50, 46, 'vir_14', 14, 34]","['arc_8_vir_74', 'arc_vir_74_74', 397, 385, 'arc_46_vir_14', 'arc_vir_14_14', 168]",15.367079591303304,0.3086075963308944,2,1
ev_2625,898,ev_2625,detour_3,Customer_46,Customer_77,8,28,"[8, 'vir_74', 74, 28]","['arc_8_vir_74', 'arc_vir_74_74', 285]",6.961014566703737,0.14184362671075748,2,1
ev_2632,901,ev_2632,shortest,Customer_46,Customer_30,8,47,"[8, 55, 50, 46, 'vir_14', 14, 47]","[102, 395, 385, 'arc_46_vir_14', 'arc_vir_14_14', 162]",14.748703525880774,0.2835621624617537,2,1
ev_2633,901,ev_2633,detour_2,Customer_46,Customer_30,8,47,"[8, 55, 50, 46, 'vir_14', 14, 34, 47]","[102, 395, 385, 'arc_46_vir_14', 'arc_vir_14_14', 168, 328]",15.403947203753601,0.29994325440857433,3,1
ev_2634,901,ev_2634,detour_3,Customer_46,Customer_30,8,47,"[8, 'vir_74', 74, 50, 46, 'vir_14', 14, 47]","['arc_8_vir_74', 'arc_vir_74_74', 397, 385, 'arc_46_vir_14', 'arc_vir_14_14', 162]",15.583778537990543,0.3140250699980754,2,1
ev_2687,920,ev_2687,shortest,Customer_47,Customer_9,74,34,"[74, 50, 46, 'vir_14', 14, 34]","[397, 385, 'arc_46_vir_14', 'arc_vir_14_14', 168]",13.126053184935504,0.2525819361716994,1,1
ev_2688,920,ev_2688,detour_2,Customer_47,Customer_9,74,34,"[74, 55, 50, 46, 'vir_14', 14, 34]","[415, 395, 385, 'arc_46_vir_14', 'arc_vir_14_14', 168]",13.219085079130995,0.26416738731680045,2,1
ev_2689,920,ev_2689,detour_3,Customer_47,Customer_9,74,34,"[74, 50, 46, 'vir_14', 14, 47, 34]","[397, 385, 'arc_46_vir_14', 'arc_vir_14_14', 162, 329]",14.21469475618281,0.2797979754528821,2,1
ev_2695,922,ev_2695,detour_3,Customer_48,Customer_77,27,28,"[27, 'vir_74', 74, 28]","['arc_27_vir_74', 'arc_vir_74_74', 285]",11.123599777828652,0.20224726868779366,2,1
ev_2702,925,ev_2702,shortest,Customer_48,Customer_3,27,74,"[27, 'vir_74', 74]","['arc_27_vir_74', 'arc_vir_74_74']",6.403611617492714,0.11642930213623115,1,1
ev_2703,925,ev_2703,avoid_congestion,Customer_48,Customer_3,27,74,"[27, 59, 'vir_74', 74]","[270, 'arc_59_vir_74', 'arc_vir_74_74']",6.404283147233186,0.12804644075538957,1,1
ev_2704,925,ev_2704,detour_3,Customer_48,Customer_3,27,74,"[27, 28, 'vir_74', 74]","[272, 'arc_28_vir_74', 'arc_vir_74_74']",7.793797390557636,0.1417054071010479,1,1
ev_2705,926,ev_2705,shortest,Customer_48,Customer_42,27,74,"[27, 'vir_74', 74]","['arc_27_vir_74', 'arc_vir_74_74']",6.403611617492714,0.11642930213623115,1,1
ev_2706,926,ev_2706,avoid_congestion,Customer_48,Customer_42,27,74,"[27, 59, 'vir_74', 74]","[270, 'arc_59_vir_74', 'arc_vir_74_74']",6.404283147233186,0.12804644075538957,1,1
ev_2707,926,ev_2707,detour_3,Customer_48,Customer_42,27,74,"[27, 28, 'vir_74', 74]","[272, 'arc_28_vir_74', 'arc_vir_74_74']",7.793797390557636,0.1417054071010479,1,1
ev_2708,927,ev_2708,shortest,Customer_48,Customer_47,27,74,"[27, 'vir_74', 74]","['arc_27_vir_74', 'arc_vir_74_74']",6.403611617492714,0.11642930213623115,1,1
ev_2709,927,ev_2709,avoid_congestion,Customer_48,Customer_47,27,74,"[27, 59, 'vir_74', 74]","[270, 'arc_59_vir_74', 'arc_vir_74_74']",6.404283147233186,0.12804644075538957,1,1
ev_2710,927,ev_2710,detour_3,Customer_48,Customer_47,27,74,"[27, 28, 'vir_74', 74]","[272, 'arc_28_vir_74', 'arc_vir_74_74']",7.793797390557636,0.1417054071010479,1,1
ev_2712,928,ev_2712,detour_2,Customer_48,Customer_15,27,72,"[27, 'vir_74', 74, 72]","['arc_27_vir_74', 'arc_vir_74_74', 461]",7.623704722789833,0.14693162976865914,2,1
ev_2716,929,ev_2716,detour_3,Customer_48,Customer_7,27,11,"[27, 'vir_51', 51, 11]","['arc_27_vir_51', 'arc_vir_51_51', 137]",14.673088111462253,0.26678342020840456,0,1
ev_2719,930,ev_2719,detour_3,Customer_48,Customer_26,27,31,"[27, 'vir_74', 74, 31]","['arc_27_vir_74', 'arc_vir_74_74', 309]",9.689316695172087,0.1761693944576743,2,1
ev_2722,931,ev_2722,detour_3,Customer_48,Customer_67,27,31,"[27, 'vir_74', 74, 31]","['arc_27_vir_74', 'arc_vir_74_74', 309]",9.689316695172087,0.1761693944576743,2,1
ev_2725,932,ev_2725,detour_3,Customer_48,Customer_35,27,8,"[27, 'vir_74', 74, 8]","['arc_27_vir_74', 'arc_vir_74_74', 107]",8.644638023860512,0.17245496229542612,2,1
ev_2728,933,ev_2728,detour_3,Customer_48,Customer_41,27,8,"[27, 'vir_74', 74, 8]","['arc_27_vir_74', 'arc_vir_74_74', 107]",8.644638023860512,0.17245496229542612,2,1
ev_2731,934,ev_2731,detour_3,Customer_48,Customer_46,27,8,"[27, 'vir_74', 74, 8]","['arc_27_vir_74', 'arc_vir_74_74', 107]",8.644638023860512,0.17245496229542612,2,1
ev_2733,935,ev_2733,detour_2,Customer_48,Customer_2,27,55,"[27, 'vir_74', 74, 55]","['arc_27_vir_74', 'arc_vir_74_74', 415]",7.854726067586222,0.15270716338856888,2,1
ev_2734,935,ev_2734,detour_3,Customer_48,Customer_2,27,55,"[27, 59, 'vir_74', 74, 55]","[270, 'arc_59_vir_74', 'arc_vir_74_74', 415]",7.855397597326695,0.1643243020077273,2,1
ev_2743,938,ev_2743,detour_3,Customer_48,Customer_71,27,32,"[27, 'vir_74', 74, 55, 32]","['arc_27_vir_74', 'arc_vir_74_74', 415, 317]",12.085652621900728,0.2296331007397417,3,1
ev_2744,939,ev_2744,shortest,Customer_48,Customer_14,27,17,"[27, 'vir_74', 74, 17]","['arc_27_vir_74', 'arc_vir_74_74', 205]",9.281516162087225,0.16875483931067684,2,1
ev_2745,939,ev_2745,avoid_congestion,Customer_48,Customer_14,27,17,"[27, 59, 'vir_74', 74, 17]","[270, 'arc_59_vir_74', 'arc_vir_74_74', 205]",9.282187691827698,0.18037197792983525,2,1
ev_2747,940,ev_2747,shortest,Customer_48,Customer_29,27,17,"[27, 'vir_74', 74, 17]","['arc_27_vir_74', 'arc_vir_74_74', 205]",9.281516162087225,0.16875483931067684,2,1
ev_2748,940,ev_2748,avoid_congestion,Customer_48,Customer_29,27,17,"[27, 59, 'vir_74', 74, 17]","[270, 'arc_59_vir_74', 'arc_vir_74_74', 205]",9.282187691827698,0.18037197792983525,2,1
ev_2750,941,ev_2750,shortest,Customer_48,Customer_31,27,17,"[27, 'vir_74', 74, 17]","['arc_27_vir_74', 'arc_vir_74_74', 205]",9.281516162087225,0.16875483931067684,2,1
ev_2751,941,ev_2751,avoid_congestion,Customer_48,Customer_31,27,17,"[27, 59, 'vir_74', 74, 17]","[270, 'arc_59_vir_74', 'arc_vir_74_74', 205]",9.282187691827698,0.18037197792983525,2,1
ev_2754,943,ev_2754,shortest,Customer_49,Customer_27,46,33,"[46, 'vir_33', 33]","['arc_46_vir_33', 'arc_vir_33_33']",1.5169601422521861,0.03792400355630465,0,1
ev_2755,943,ev_2755,detour_2,Customer_49,Customer_27,46,33,"[46, 10, 'vir_33', 33]","[125, 'arc_10_vir_33', 'arc_vir_33_33']",6.005187564696085,0.10918522844901972,0,1
ev_2756,943,ev_2756,detour_3,Customer_49,Customer_27,46,33,"[46, 43, 'vir_33', 33]","[377, 'arc_43_vir_33', 'arc_vir_33_33']",7.663272768536478,0.13933223215520868,0,1
ev_2757,944,ev_2757,shortest,Customer_49,Customer_79,46,33,"[46, 'vir_33', 33]","['arc_46_vir_33', 'arc_vir_33_33']",1.5169601422521861,0.03792400355630465,0,1
ev_2758,944,ev_2758,detour_2,Customer_49,Customer_79,46,33,"[46, 10, 'vir_33', 33]","[125, 'arc_10_vir_33', 'arc_vir_33_33']",6.005187564696085,0.10918522844901972,0,1
ev_2759,944,ev_2759,detour_3,Customer_49,Customer_79,46,33,"[46, 43, 'vir_33', 33]","[377, 'arc_43_vir_33', 'arc_vir_33_33']",7.663272768536478,0.13933223215520868,0,1
ev_2761,945,ev_2761,detour_2,Customer_49,Customer_51,46,10,"[46, 'vir_33', 33, 10]","['arc_46_vir_33', 'arc_vir_33_33', 127]",4.548362176942671,0.09304040418704074,0,1
ev_2763,946,ev_2763,shortest,Customer_49,Customer_38,46,14,"[46, 'vir_14', 14]","['arc_46_vir_14', 'arc_vir_14_14']",3.3391358276011216,0.060711560501838575,0,1
ev_2764,946,ev_2764,detour_2,Customer_49,Customer_38,46,14,"[46, 'vir_33', 33, 'vir_14', 14]","['arc_46_vir_33', 'arc_vir_33_33', 'arc_33_vir_14', 'arc_vir_14_14']",6.186755786954276,0.12282937891452446,0,1
ev_2765,946,ev_2765,detour_3,Customer_49,Customer_38,46,14,"[46, 10, 'vir_33', 33, 'vir_14', 14]","[125, 'arc_10_vir_33', 'arc_vir_33_33', 'arc_33_vir_14', 'arc_vir_14_14']",10.674983209398174,0.19409060380723953,0,1
ev_2767,947,ev_2767,detour_2,Customer_49,Customer_52,46,43,"[46, 'vir_33', 33, 43]","['arc_46_vir_33', 'arc_vir_33_33', 320]",4.762383057689108,0.09693169292788506,0,1
ev_2770,948,ev_2770,detour_2,Customer_49,Customer_58,46,43,"[46, 'vir_33', 33, 43]","['arc_46_vir_33', 'arc_vir_33_33', 320]",4.762383057689108,0.09693169292788506,0,1
ev_2772,949,ev_2772,shortest,Customer_49,Customer_9,46,34,"[46, 'vir_14', 14, 34]","['arc_46_vir_14', 'arc_vir_14_14', 168]",5.381677972955689,0.11177511413570278,0,1
ev_2773,949,ev_2773,detour_2,Customer_49,Customer_9,46,34,"[46, 'vir_14', 14, 47, 34]","['arc_46_vir_14', 'arc_vir_14_14', 162, 329]",6.470319544202997,0.13899115341688545,1,1
ev_2774,949,ev_2774,detour_3,Customer_49,Customer_9,46,34,"[46, 'vir_14', 14, 26, 34]","['arc_46_vir_14', 'arc_vir_14_14', 164, 266]",9.318958894897934,0.1694356162708715,0,1
ev_2775,950,ev_2775,shortest,Customer_49,Customer_21,46,67,"[46, 'vir_33', 33, 67]","['arc_46_vir_33', 'arc_vir_33_33', 322]",5.1651259894699,0.10425429168753582,0,1
ev_2777,950,ev_2777,detour_3,Customer_49,Customer_21,46,67,"[46, 'vir_33', 33, 43, 67]","['arc_46_vir_33', 'arc_vir_33_33', 320, 374]",5.973880001814328,0.12721911653101556,0,1
ev_2778,951,ev_2778,shortest,Customer_49,Customer_22,46,67,"[46, 'vir_33', 33, 67]","['arc_46_vir_33', 'arc_vir_33_33', 322]",5.1651259894699,0.10425429168753582,0,1
ev_2780,951,ev_2780,detour_3,Customer_49,Customer_22,46,67,"[46, 'vir_33', 33, 43, 67]","['arc_46_vir_33', 'arc_vir_33_33', 320, 374]",5.973880001814328,0.12721911653101556,0,1
ev_2783,952,ev_2783,detour_3,Customer_49,Customer_71,46,32,"[46, 'vir_33', 33, 10, 32]","['arc_46_vir_33', 'arc_vir_33_33', 127, 118]",7.159047109323032,0.14050740295759273,0,1
ev_2784,953,ev_2784,shortest,Customer_49,Customer_30,46,47,"[46, 'vir_14', 14, 47]","['arc_46_vir_14', 'arc_vir_14_14', 162]",5.598376919642931,0.1171925878028838,0,1
ev_2785,953,ev_2785,detour_2,Customer_49,Customer_30,46,47,"[46, 'vir_14', 14, 34, 47]","['arc_46_vir_14', 'arc_vir_14_14', 168, 328]",6.253620597515756,0.13357367974970444,1,1
ev_2786,953,ev_2786,detour_3,Customer_49,Customer_30,46,47,"[46, 'vir_14', 14, 'vir_65', 65, 47]","['arc_46_vir_14', 'arc_vir_14_14', 'arc_14_vir_65', 'arc_vir_65_65', 387]",8.57604220246983,0.1661119308652714,0,1
ev_2787,954,ev_2787,shortest,Customer_49,Customer_60,46,47,"[46, 'vir_14', 14, 47]","['arc_46_vir_14', 'arc_vir_14_14', 162]",5.598376919642931,0.1171925878028838,0,1
ev_2788,954,ev_2788,detour_2,Customer_49,Customer_60,46,47,"[46, 'vir_14', 14, 34, 47]","['arc_46_vir_14', 'arc_vir_14_14', 168, 328]",6.253620597515756,0.13357367974970444,1,1
ev_2789,954,ev_2789,detour_3,Customer_49,Customer_60,46,47,"[46, 'vir_14', 14, 'vir_65', 65, 47]","['arc_46_vir_14', 'arc_vir_14_14', 'arc_14_vir_65', 'arc_vir_65_65', 387]",8.57604220246983,0.1661119308652714,0,1
ev_2790,955,ev_2790,shortest,Customer_49,Customer_65,46,47,"[46, 'vir_14', 14, 47]","['arc_46_vir_14', 'arc_vir_14_14', 162]",5.598376919642931,0.1171925878028838,0,1
ev_2791,955,ev_2791,detour_2,Customer_49,Customer_65,46,47,"[46, 'vir_14', 14, 34, 47]","['arc_46_vir_14', 'arc_vir_14_14', 168, 328]",6.253620597515756,0.13357367974970444,1,1
ev_2792,955,ev_2792,detour_3,Customer_49,Customer_65,46,47,"[46, 'vir_14', 14, 'vir_65', 65, 47]","['arc_46_vir_14', 'arc_vir_14_14', 'arc_14_vir_65', 'arc_vir_65_65', 387]",8.57604220246983,0.1661119308652714,0,1
ev_2795,956,ev_2795,detour_3,Customer_49,Customer_2,46,55,"[46, 50, 'vir_74', 74, 55]","[384, 'arc_50_vir_74', 'arc_vir_74_74', 415]",9.195489662073323,0.17708468328833435,2,1
ev_2798,957,ev_2798,detour_3,Customer_49,Customer_17,46,38,"[46, 'vir_33', 33, 43, 38]","['arc_46_vir_33', 'arc_vir_33_33', 320, 351]",7.276892217144336,0.14265004128161646,0,1
ev_2801,958,ev_2801,detour_3,Customer_49,Customer_74,46,38,"[46, 'vir_33', 33, 43, 38]","['arc_46_vir_33', 'arc_vir_33_33', 320, 351]",7.276892217144336,0.14265004128161646,0,1
ev_2802,959,ev_2802,shortest,Customer_49,Customer_50,46,26,"[46, 'vir_14', 14, 26]","['arc_46_vir_14', 'arc_vir_14_14', 164]",6.531822898356477,0.11876041633375412,0,1
ev_2803,959,ev_2803,detour_2,Customer_49,Customer_50,46,26,"[46, 'vir_14', 14, 34, 26]","['arc_46_vir_14', 'arc_vir_14_14', 168, 267]",8.168813969497146,0.16245031407282018,0,1
ev_2804,959,ev_2804,detour_3,Customer_49,Customer_50,46,26,"[46, 'vir_14', 14, 47, 26]","['arc_46_vir_14', 'arc_vir_14_14', 162, 263]",7.53927851469997,0.1657151276793098,0,1
ev_2805,960,ev_2805,shortest,Customer_49,Customer_69,46,9,"[46, 'vir_14', 14, 26, 9]","['arc_46_vir_14', 'arc_vir_14_14', 164, 109]",7.687189248958811,0.14764457509881246,0,1
ev_2806,960,ev_2806,detour_2,Customer_49,Customer_69,46,9,"[46, 'vir_14', 14, 47, 9]","['arc_46_vir_14', 'arc_vir_14_14', 162, 113]",8.667932679344453,0.17300269252472966,0,1
ev_2807,960,ev_2807,detour_3,Customer_49,Customer_69,46,9,"[46, 'vir_14', 14, 34, 9]","['arc_46_vir_14', 'arc_vir_14_14', 168, 111]",9.27081386868914,0.182486675876311,0,1
ev_2810,961,ev_2810,detour_3,Customer_49,Customer_33,46,4,"[46, 50, 'vir_74', 74, 17, 4]","[384, 'arc_50_vir_74', 'arc_vir_74_74', 205, 51]",11.09550238005595,0.2049629247974829,3,1
ev_2829,968,ev_2829,shortest,Customer_50,Customer_38,26,14,"[26, 'vir_14', 14]","['arc_26_vir_14', 'arc_vir_14_14']",3.192687070755355,0.05804885583191555,0,1
ev_2830,968,ev_2830,detour_2,Customer_50,Customer_38,26,14,"[26, 34, 'vir_14', 14]","[266, 'arc_34_vir_14', 'arc_vir_14_14']",4.829678141896024,0.10173875357098158,0,1
ev_2831,968,ev_2831,detour_3,Customer_50,Customer_38,26,14,"[26, 47, 'vir_14', 14]","[262, 'arc_47_vir_14', 'arc_vir_14_14']",4.2001426870988485,0.10500356717747121,0,1
ev_2834,969,ev_2834,detour_3,Customer_50,Customer_34,26,66,"[26, 1, 'vir_61', 61, 66]","[13, 'arc_1_vir_61', 'arc_vir_61_61', 446]",8.433580101139345,0.16829161625043149,0,1
ev_2837,970,ev_2837,detour_3,Customer_50,Customer_73,26,66,"[26, 1, 'vir_61', 61, 66]","[13, 'arc_1_vir_61', 'arc_vir_61_61', 446]",8.433580101139345,0.16829161625043149,0,1
ev_2838,971,ev_2838,shortest,Customer_50,Customer_32,26,46,"[26, 'vir_14', 14, 46]","['arc_26_vir_14', 'arc_vir_14_14', 170]",6.531822898356477,0.11876041633375412,0,1
ev_2839,971,ev_2839,detour_2,Customer_50,Customer_32,26,46,"[26, 34, 'vir_14', 14, 46]","[266, 'arc_34_vir_14', 'arc_vir_14_14', 170]",8.168813969497146,0.16245031407282015,0,1
ev_2840,971,ev_2840,detour_3,Customer_50,Customer_32,26,46,"[26, 47, 'vir_14', 14, 46]","[262, 'arc_47_vir_14', 'arc_vir_14_14', 170]",7.53927851469997,0.1657151276793098,0,1
ev_2841,972,ev_2841,shortest,Customer_50,Customer_49,26,46,"[26, 'vir_14', 14, 46]","['arc_26_vir_14', 'arc_vir_14_14', 170]",6.531822898356477,0.11876041633375412,0,1
ev_2842,972,ev_2842,detour_2,Customer_50,Customer_49,26,46,"[26, 34, 'vir_14', 14, 46]","[266, 'arc_34_vir_14', 'arc_vir_14_14', 170]",8.168813969497146,0.16245031407282015,0,1
ev_2843,972,ev_2843,detour_3,Customer_50,Customer_49,26,46,"[26, 47, 'vir_14', 14, 46]","[262, 'arc_47_vir_14', 'arc_vir_14_14', 170]",7.53927851469997,0.1657151276793098,0,1
ev_2844,973,ev_2844,shortest,Customer_50,Customer_33,26,4,"[26, 'vir_14', 14, 46, 50, 55, 4]","['arc_26_vir_14', 'arc_vir_14_14', 170, 384, 394, 47]",15.780291637124673,0.28691439340226677,2,1
ev_2845,973,ev_2845,detour_2,Customer_50,Customer_33,26,4,"[26, 'vir_14', 14, 46, 50, 55, 17, 4]","['arc_26_vir_14', 'arc_vir_14_14', 170, 384, 394, 199, 51]",15.888844469379034,0.3091430511360331,3,1
ev_2846,973,ev_2846,detour_3,Customer_50,Customer_33,26,4,"[26, 'vir_14', 14, 46, 50, 'vir_74', 74, 17, 4]","['arc_26_vir_14', 'arc_vir_14_14', 170, 384, 'arc_50_vir_74', 'arc_vir_74_74', 205, 51]",17.627325278412428,0.32372334113123696,3,1
ev_2847,974,ev_2847,shortest,Customer_50,Customer_18,26,57,"[26, 1, 'vir_61', 61, 57]","[13, 'arc_1_vir_61', 'arc_vir_61_61', 429]",9.532060907515966,0.1733101983184721,0,1
ev_2848,974,ev_2848,detour_2,Customer_50,Customer_18,26,57,"[26, 1, 'vir_61', 61, 16, 57]","[13, 'arc_1_vir_61', 'arc_vir_61_61', 189, 184]",9.793432489564408,0.1797388538030062,0,1
ev_2850,975,ev_2850,shortest,Customer_50,Customer_14,26,17,"[26, 'vir_14', 14, 46, 50, 55, 17]","['arc_26_vir_14', 'arc_vir_14_14', 170, 384, 394, 199]",15.41562184589741,0.2973124855489925,2,1
ev_2851,975,ev_2851,detour_2,Customer_50,Customer_14,26,17,"[26, 'vir_14', 14, 46, 50, 55, 4, 17]","['arc_26_vir_14', 'arc_vir_14_14', 170, 384, 394, 47, 50]",16.2535142606063,0.29874495898930736,3,1
ev_2852,975,ev_2852,detour_3,Customer_50,Customer_14,26,17,"[26, 'vir_14', 14, 46, 50, 'vir_74', 74, 17]","['arc_26_vir_14', 'arc_vir_14_14', 170, 384, 'arc_50_vir_74', 'arc_vir_74_74', 205]",17.154102654930803,0.31189277554419637,2,1
ev_2853,976,ev_2853,shortest,Customer_50,Customer_29,26,17,"[26, 'vir_14', 14, 46, 50, 55, 17]","['arc_26_vir_14', 'arc_vir_14_14', 170, 384, 394, 199]",15.41562184589741,0.2973124855489925,2,1
ev_2854,976,ev_2854,detour_2,Customer_50,Customer_29,26,17,"[26, 'vir_14', 14, 46, 50, 55, 4, 17]","['arc_26_vir_14', 'arc_vir_14_14', 170, 384, 394, 47, 50]",16.2535142606063,0.29874495898930736,3,1
ev_2855,976,ev_2855,detour_3,Customer_50,Customer_29,26,17,"[26, 'vir_14', 14, 46, 50, 'vir_74', 74, 17]","['arc_26_vir_14', 'arc_vir_14_14', 170, 384, 'arc_50_vir_74', 'arc_vir_74_74', 205]",17.154102654930803,0.31189277554419637,2,1
ev_2856,977,ev_2856,shortest,Customer_50,Customer_31,26,17,"[26, 'vir_14', 14, 46, 50, 55, 17]","['arc_26_vir_14', 'arc_vir_14_14', 170, 384, 394, 199]",15.41562184589741,0.2973124855489925,2,1
ev_2857,977,ev_2857,detour_2,Customer_50,Customer_31,26,17,"[26, 'vir_14', 14, 46, 50, 55, 4, 17]","['arc_26_vir_14', 'arc_vir_14_14', 170, 384, 394, 47, 50]",16.2535142606063,0.29874495898930736,3,1
ev_2858,977,ev_2858,detour_3,Customer_50,Customer_31,26,17,"[26, 'vir_14', 14, 46, 50, 'vir_74', 74, 17]","['arc_26_vir_14', 'arc_vir_14_14', 170, 384, 'arc_50_vir_74', 'arc_vir_74_74', 205]",17.154102654930803,0.31189277554419637,2,1
ev_2859,978,ev_2859,shortest,Customer_50,Customer_28,26,16,"[26, 1, 'vir_61', 61, 16]","[13, 'arc_1_vir_61', 'arc_vir_61_61', 189]",9.54755390396192,0.173591889162944,0,1
ev_2860,978,ev_2860,detour_2,Customer_50,Customer_28,26,16,"[26, 1, 'vir_61', 61, 57, 16]","[13, 'arc_1_vir_61', 'arc_vir_61_61', 429, 185]",9.777939493118454,0.1794571629585343,0,1
ev_2862,979,ev_2862,shortest,Customer_50,Customer_66,26,16,"[26, 1, 'vir_61', 61, 16]","[13, 'arc_1_vir_61', 'arc_vir_61_61', 189]",9.54755390396192,0.173591889162944,0,1
ev_2863,979,ev_2863,detour_2,Customer_50,Customer_66,26,16,"[26, 1, 'vir_61', 61, 57, 16]","[13, 'arc_1_vir_61', 'arc_vir_61_61', 429, 185]",9.777939493118454,0.1794571629585343,0,1
ev_2865,980,ev_2865,shortest,Customer_50,Customer_27,26,33,"[26, 'vir_14', 14, 'vir_33', 33]","['arc_26_vir_14', 'arc_vir_14_14', 'arc_14_vir_33', 'arc_vir_33_33']",7.862482715457444,0.14295423119013534,0,1
ev_2866,980,ev_2866,detour_2,Customer_50,Customer_27,26,33,"[26, 'vir_14', 14, 46, 'vir_33', 33]","['arc_26_vir_14', 'arc_vir_14_14', 170, 'arc_46_vir_33', 'arc_vir_33_33']",8.048783040608663,0.15668441989005877,0,1
ev_2867,980,ev_2867,detour_3,Customer_50,Customer_27,26,33,"[26, 34, 'vir_14', 14, 'vir_33', 33]","[266, 'arc_34_vir_14', 'arc_vir_14_14', 'arc_14_vir_33', 'arc_vir_33_33']",9.499473786598113,0.1866441289292014,0,1
ev_2868,981,ev_2868,shortest,Customer_50,Customer_79,26,33,"[26, 'vir_14', 14, 'vir_33', 33]","['arc_26_vir_14', 'arc_vir_14_14', 'arc_14_vir_33', 'arc_vir_33_33']",7.862482715457444,0.14295423119013534,0,1
ev_2869,981,ev_2869,detour_2,Customer_50,Customer_79,26,33,"[26, 'vir_14', 14, 46, 'vir_33', 33]","['arc_26_vir_14', 'arc_vir_14_14', 170, 'arc_46_vir_33', 'arc_vir_33_33']",8.048783040608663,0.15668441989005877,0,1
ev_2870,981,ev_2870,detour_3,Customer_50,Customer_79,26,33,"[26, 34, 'vir_14', 14, 'vir_33', 33]","[266, 'arc_34_vir_14', 'arc_vir_14_14', 'arc_14_vir_33', 'arc_vir_33_33']",9.499473786598113,0.1866441289292014,0,1
ev_2875,983,ev_2875,detour_2,Customer_51,Customer_32,10,46,"[10, 'vir_33', 33, 46]","['arc_10_vir_33', 'arc_vir_33_33', 324]",4.548362176942671,0.09304040418704074,0,1
ev_2878,984,ev_2878,detour_2,Customer_51,Customer_49,10,46,"[10, 'vir_33', 33, 46]","['arc_10_vir_33', 'arc_vir_33_33', 324]",4.548362176942671,0.09304040418704074,0,1
ev_2880,985,ev_2880,shortest,Customer_51,Customer_27,10,33,"[10, 'vir_33', 33]","['arc_10_vir_33', 'arc_vir_33_33']",3.0314020346904846,0.055116400630736084,0,1
ev_2881,985,ev_2881,detour_2,Customer_51,Customer_27,10,33,"[10, 46, 'vir_33', 33]","[124, 'arc_46_vir_33', 'arc_vir_33_33']",4.490745672257786,0.09199283137458829,0,1
ev_2882,985,ev_2882,detour_3,Customer_51,Customer_27,10,33,"[10, 43, 'vir_33', 33]","[130, 'arc_43_vir_33', 'arc_vir_33_33']",6.364485446768722,0.11571791721397677,0,1
ev_2883,986,ev_2883,shortest,Customer_51,Customer_79,10,33,"[10, 'vir_33', 33]","['arc_10_vir_33', 'arc_vir_33_33']",3.0314020346904846,0.055116400630736084,0,1
ev_2884,986,ev_2884,detour_2,Customer_51,Customer_79,10,33,"[10, 46, 'vir_33', 33]","[124, 'arc_46_vir_33', 'arc_vir_33_33']",4.490745672257786,0.09199283137458829,0,1
ev_2885,986,ev_2885,detour_3,Customer_51,Customer_79,10,33,"[10, 43, 'vir_33', 33]","[130, 'arc_43_vir_33', 'arc_vir_33_33']",6.364485446768722,0.11571791721397677,0,1
ev_2888,987,ev_2888,detour_3,Customer_51,Customer_52,10,43,"[10, 'vir_33', 33, 43]","['arc_10_vir_33', 'arc_vir_33_33', 320]",6.276824950127407,0.11412409000231649,0,1
ev_2891,988,ev_2891,detour_3,Customer_51,Customer_58,10,43,"[10, 'vir_33', 33, 43]","['arc_10_vir_33', 'arc_vir_33_33', 320]",6.276824950127407,0.11412409000231649,0,1
ev_2900,991,ev_2900,detour_3,Customer_51,Customer_21,10,67,"[10, 'vir_33', 33, 67]","['arc_10_vir_33', 'arc_vir_33_33', 322]",6.6795678819081985,0.12144668876196725,0,1
ev_2903,992,ev_2903,detour_3,Customer_51,Customer_22,10,67,"[10, 'vir_33', 33, 67]","['arc_10_vir_33', 'arc_vir_33_33', 322]",6.6795678819081985,0.12144668876196725,0,1
ev_2907,994,ev_2907,shortest,Customer_51,Customer_38,10,14,"[10, 46, 'vir_14', 14]","[124, 'arc_46_vir_14', 'arc_vir_14_14']",6.312921357606721,0.11478038832012222,0,1
ev_2908,994,ev_2908,detour_2,Customer_51,Customer_38,10,14,"[10, 'vir_33', 33, 'vir_14', 14]","['arc_10_vir_33', 'arc_vir_33_33', 'arc_33_vir_14', 'arc_vir_14_14']",7.701197679392575,0.14002177598895588,0,1
ev_2909,994,ev_2909,detour_3,Customer_51,Customer_38,10,14,"[10, 'vir_33', 33, 46, 'vir_14', 14]","['arc_10_vir_33', 'arc_vir_33_33', 324, 'arc_46_vir_14', 'arc_vir_14_14']",7.887498004543793,0.1537519646888793,0,1
ev_2910,995,ev_2910,shortest,Customer_51,Customer_3,10,74,"[10, 50, 'vir_74', 74]","[120, 'arc_50_vir_74', 'arc_vir_74_74']",7.020547818655694,0.12764632397555808,1,1
ev_2911,995,ev_2911,detour_2,Customer_51,Customer_3,10,74,"[10, 50, 55, 'vir_74', 74]","[120, 394, 'arc_55_vir_74', 'arc_vir_74_74']",7.113579712851185,0.1392317751206591,2,1
ev_2912,995,ev_2912,detour_3,Customer_51,Customer_3,10,74,"[10, 32, 55, 'vir_74', 74]","[118, 316, 'arc_55_vir_74', 'arc_vir_74_74']",8.292725936788376,0.16067079737406256,2,1
ev_2913,996,ev_2913,shortest,Customer_51,Customer_42,10,74,"[10, 50, 'vir_74', 74]","[120, 'arc_50_vir_74', 'arc_vir_74_74']",7.020547818655694,0.12764632397555808,1,1
ev_2914,996,ev_2914,detour_2,Customer_51,Customer_42,10,74,"[10, 50, 55, 'vir_74', 74]","[120, 394, 'arc_55_vir_74', 'arc_vir_74_74']",7.113579712851185,0.1392317751206591,2,1
ev_2915,996,ev_2915,detour_3,Customer_51,Customer_42,10,74,"[10, 32, 55, 'vir_74', 74]","[118, 316, 'arc_55_vir_74', 'arc_vir_74_74']",8.292725936788376,0.16067079737406256,2,1
ev_2916,997,ev_2916,shortest,Customer_51,Customer_47,10,74,"[10, 50, 'vir_74', 74]","[120, 'arc_50_vir_74', 'arc_vir_74_74']",7.020547818655694,0.12764632397555808,1,1
ev_2917,997,ev_2917,detour_2,Customer_51,Customer_47,10,74,"[10, 50, 55, 'vir_74', 74]","[120, 394, 'arc_55_vir_74', 'arc_vir_74_74']",7.113579712851185,0.1392317751206591,2,1
ev_2918,997,ev_2918,detour_3,Customer_51,Customer_47,10,74,"[10, 32, 55, 'vir_74', 74]","[118, 316, 'arc_55_vir_74', 'arc_vir_74_74']",8.292725936788376,0.16067079737406256,2,1
ev_2919,998,ev_2919,shortest,Customer_51,Customer_9,10,34,"[10, 46, 'vir_14', 14, 34]","[124, 'arc_46_vir_14', 'arc_vir_14_14', 168]",8.355463502961289,0.1658439419539864,0,1
ev_2920,998,ev_2920,detour_2,Customer_51,Customer_9,10,34,"[10, 'vir_33', 33, 'vir_14', 14, 34]","['arc_10_vir_33', 'arc_vir_33_33', 'arc_33_vir_14', 'arc_vir_14_14', 168]",9.743739824747143,0.19108532962282007,0,1
ev_2921,998,ev_2921,detour_3,Customer_51,Customer_9,10,34,"[10, 46, 'vir_14', 14, 47, 34]","[124, 'arc_46_vir_14', 'arc_vir_14_14', 162, 329]",9.444105074208597,0.19305998123516907,1,1
ev_2924,999,ev_2924,detour_3,Customer_51,Customer_14,10,17,"[10, 50, 'vir_74', 74, 17]","[120, 'arc_50_vir_74', 'arc_vir_74_74', 205]",9.898452363250207,0.17997186115000377,2,1
ev_2927,1000,ev_2927,detour_3,Customer_51,Customer_29,10,17,"[10, 50, 'vir_74', 74, 17]","[120, 'arc_50_vir_74', 'arc_vir_74_74', 205]",9.898452363250207,0.17997186115000377,2,1
ev_2930,1001,ev_2930,detour_3,Customer_51,Customer_31,10,17,"[10, 50, 'vir_74', 74, 17]","[120, 'arc_50_vir_74', 'arc_vir_74_74', 205]",9.898452363250207,0.17997186115000377,2,1
ev_2934,1003,ev_2934,detour_3,Customer_52,Customer_21,43,67,"[43, 'vir_33', 33, 67]","['arc_43_vir_33', 'arc_vir_33_33', 322]",6.8935887626546375,0.1253379775028116,0,1
ev_2937,1004,ev_2937,detour_3,Customer_52,Customer_22,43,67,"[43, 'vir_33', 33, 67]","['arc_43_vir_33', 'arc_vir_33_33', 322]",6.8935887626546375,0.1253379775028116,0,1
ev_2946,1007,ev_2946,detour_3,Customer_52,Customer_51,43,10,"[43, 'vir_33', 33, 10]","['arc_43_vir_33', 'arc_vir_33_33', 127]",6.276824950127407,0.11412409000231649,0,1
ev_2947,1008,ev_2947,shortest,Customer_52,Customer_27,43,33,"[43, 'vir_33', 33]","['arc_43_vir_33', 'arc_vir_33_33']",3.2454229154369227,0.059007689371580414,0,1
ev_2948,1008,ev_2948,detour_2,Customer_52,Customer_27,43,33,"[43, 67, 'vir_33', 33]","[374, 'arc_67_vir_33', 'arc_vir_33_33']",4.859662791342934,0.09661771173436165,0,1
ev_2949,1008,ev_2949,detour_3,Customer_52,Customer_27,43,33,"[43, 10, 'vir_33', 33]","[131, 'arc_10_vir_33', 'arc_vir_33_33']",6.1504645660222845,0.11182662847313243,0,1
ev_2950,1009,ev_2950,shortest,Customer_52,Customer_79,43,33,"[43, 'vir_33', 33]","['arc_43_vir_33', 'arc_vir_33_33']",3.2454229154369227,0.059007689371580414,0,1
ev_2951,1009,ev_2951,detour_2,Customer_52,Customer_79,43,33,"[43, 67, 'vir_33', 33]","[374, 'arc_67_vir_33', 'arc_vir_33_33']",4.859662791342934,0.09661771173436165,0,1
ev_2952,1009,ev_2952,detour_3,Customer_52,Customer_79,43,33,"[43, 10, 'vir_33', 33]","[131, 'arc_10_vir_33', 'arc_vir_33_33']",6.1504645660222845,0.11182662847313243,0,1
ev_2954,1010,ev_2954,detour_2,Customer_52,Customer_32,43,46,"[43, 'vir_33', 33, 46]","['arc_43_vir_33', 'arc_vir_33_33', 324]",4.762383057689108,0.09693169292788506,0,1
ev_2957,1011,ev_2957,detour_2,Customer_52,Customer_49,43,46,"[43, 'vir_33', 33, 46]","['arc_43_vir_33', 'arc_vir_33_33', 324]",4.762383057689108,0.09693169292788506,0,1
ev_2965,1014,ev_2965,shortest,Customer_52,Customer_38,43,14,"[43, 46, 'vir_14', 14]","[376, 'arc_46_vir_14', 'arc_vir_14_14']",7.7569856807006765,0.14103610328546684,0,1
ev_2966,1014,ev_2966,detour_2,Customer_52,Customer_38,43,14,"[43, 'vir_33', 33, 'vir_14', 14]","['arc_43_vir_33', 'arc_vir_33_33', 'arc_33_vir_14', 'arc_vir_14_14']",7.915218560139012,0.14391306472980023,0,1
ev_2967,1014,ev_2967,detour_3,Customer_52,Customer_38,43,14,"[43, 'vir_33', 33, 46, 'vir_14', 14]","['arc_43_vir_33', 'arc_vir_33_33', 324, 'arc_46_vir_14', 'arc_vir_14_14']",8.10151888529023,0.15764325342972363,0,1
ev_2977,1018,ev_2977,shortest,Customer_52,Customer_9,43,34,"[43, 46, 'vir_14', 14, 34]","[376, 'arc_46_vir_14', 'arc_vir_14_14', 168]",9.799527826055245,0.19209965691933104,0,1
ev_2978,1018,ev_2978,detour_2,Customer_52,Customer_9,43,34,"[43, 'vir_33', 33, 'vir_14', 14, 34]","['arc_43_vir_33', 'arc_vir_33_33', 'arc_33_vir_14', 'arc_vir_14_14', 168]",9.95776070549358,0.19497661836366442,0,1
ev_2979,1018,ev_2979,detour_3,Customer_52,Customer_9,43,34,"[43, 'vir_33', 33, 46, 'vir_14', 14, 34]","['arc_43_vir_33', 'arc_vir_33_33', 324, 'arc_46_vir_14', 'arc_vir_14_14', 168]",10.144061030644798,0.20870680706358782,0,1
ev_2980,1019,ev_2980,shortest,Customer_52,Customer_3,43,74,"[43, 10, 50, 'vir_74', 74]","[131, 120, 'arc_50_vir_74', 'arc_vir_74_74']",10.139610349987493,0.18435655181795443,1,1
ev_2981,1019,ev_2981,detour_2,Customer_52,Customer_3,43,74,"[43, 10, 50, 55, 'vir_74', 74]","[131, 120, 394, 'arc_55_vir_74', 'arc_vir_74_74']",10.232642244182985,0.19594200296305547,2,1
ev_2982,1019,ev_2982,detour_3,Customer_52,Customer_3,43,74,"[43, 10, 32, 55, 'vir_74', 74]","[131, 118, 316, 'arc_55_vir_74', 'arc_vir_74_74']",11.411788468120175,0.2173810252164589,2,1
ev_2983,1020,ev_2983,shortest,Customer_52,Customer_42,43,74,"[43, 10, 50, 'vir_74', 74]","[131, 120, 'arc_50_vir_74', 'arc_vir_74_74']",10.139610349987493,0.18435655181795443,1,1
ev_2984,1020,ev_2984,detour_2,Customer_52,Customer_42,43,74,"[43, 10, 50, 55, 'vir_74', 74]","[131, 120, 394, 'arc_55_vir_74', 'arc_vir_74_74']",10.232642244182985,0.19594200296305547,2,1
ev_2985,1020,ev_2985,detour_3,Customer_52,Customer_42,43,74,"[43, 10, 32, 55, 'vir_74', 74]","[131, 118, 316, 'arc_55_vir_74', 'arc_vir_74_74']",11.411788468120175,0.2173810252164589,2,1
ev_2986,1021,ev_2986,shortest,Customer_52,Customer_47,43,74,"[43, 10, 50, 'vir_74', 74]","[131, 120, 'arc_50_vir_74', 'arc_vir_74_74']",10.139610349987493,0.18435655181795443,1,1
ev_2987,1021,ev_2987,detour_2,Customer_52,Customer_47,43,74,"[43, 10, 50, 55, 'vir_74', 74]","[131, 120, 394, 'arc_55_vir_74', 'arc_vir_74_74']",10.232642244182985,0.19594200296305547,2,1
ev_2988,1021,ev_2988,detour_3,Customer_52,Customer_47,43,74,"[43, 10, 32, 55, 'vir_74', 74]","[131, 118, 316, 'arc_55_vir_74', 'arc_vir_74_74']",11.411788468120175,0.2173810252164589,2,1
ev_2992,1025,ev_2992,shortest,Customer_53,Customer_43,52,0,"[52, 'vir_0', 0]","['arc_52_vir_0', 'arc_vir_0_0']",3.124055766583747,0.05680101393788631,0,1
ev_2993,1025,ev_2993,detour_2,Customer_53,Customer_43,52,0,"[52, 24, 'vir_0', 0]","[251, 'arc_24_vir_0', 'arc_vir_0_0']",7.134793392783054,0.12972351623241918,0,1
ev_2994,1025,ev_2994,detour_3,Customer_53,Customer_43,52,0,"[52, 2, 'vir_0', 0]","[29, 'arc_2_vir_0', 'arc_vir_0_0']",10.261102809424886,0.186565505625907,0,1
ev_2995,1026,ev_2995,shortest,Customer_53,Customer_76,52,0,"[52, 'vir_0', 0]","['arc_52_vir_0', 'arc_vir_0_0']",3.124055766583747,0.05680101393788631,0,1
ev_2996,1026,ev_2996,detour_2,Customer_53,Customer_76,52,0,"[52, 24, 'vir_0', 0]","[251, 'arc_24_vir_0', 'arc_vir_0_0']",7.134793392783054,0.12972351623241918,0,1
ev_2997,1026,ev_2997,detour_3,Customer_53,Customer_76,52,0,"[52, 2, 'vir_0', 0]","[29, 'arc_2_vir_0', 'arc_vir_0_0']",10.261102809424886,0.186565505625907,0,1
ev_2999,1027,ev_2999,detour_2,Customer_53,Customer_72,52,24,"[52, 'vir_0', 0, 24]","['arc_52_vir_0', 'arc_vir_0_0', 2]",5.718279879921189,0.10396872508947616,0,1
ev_3003,1028,ev_3003,detour_3,Customer_53,Customer_8,52,63,"[52, 13, 'vir_45', 45, 63]","[157, 'arc_13_vir_45', 'arc_vir_45_45', 382]",9.338100445840784,0.181682833665433,0,1
ev_3004,1029,ev_3004,shortest,Customer_53,Customer_70,52,53,"[52, 63, 'vir_53', 53]","[402, 'arc_63_vir_53', 'arc_vir_53_53']",7.75206959993009,0.1409467199987289,0,1
ev_3005,1029,ev_3005,detour_2,Customer_53,Customer_70,52,53,"[52, 13, 63, 'vir_53', 53]","[157, 152, 'arc_63_vir_53', 'arc_vir_53_53']",9.031862143683295,0.17717775289650262,0,1
ev_3006,1029,ev_3006,detour_3,Customer_53,Customer_70,52,53,"[52, 63, 60, 'vir_53', 53]","[402, 445, 'arc_60_vir_53', 'arc_vir_53_53']",11.390135932632791,0.20709338059332347,0,1
ev_3008,1030,ev_3008,detour_2,Customer_53,Customer_23,52,39,"[52, 79, 'vir_6', 6, 39]","[404, 'arc_79_vir_6', 'arc_vir_6_6', 80]",15.473038163700725,0.28132796661274045,0,1
ev_3011,1031,ev_3011,detour_2,Customer_53,Customer_5,52,7,"[52, 13, 'vir_44', 44, 7]","[157, 'arc_13_vir_44', 'arc_vir_44_44', 83]",8.66428798889837,0.16025228939801653,0,1
ev_3012,1031,ev_3012,detour_3,Customer_53,Customer_5,52,7,"[52, 13, 'vir_45', 45, 7]","[157, 'arc_13_vir_45', 'arc_vir_45_45', 85]",9.060268884834455,0.17663135073804523,0,1
ev_3014,1032,ev_3014,detour_2,Customer_53,Customer_80,52,3,"[52, 63, 'vir_53', 53, 3]","[402, 'arc_63_vir_53', 'arc_vir_53_53', 35]",10.057487715838487,0.1985821728964388,0,1
ev_3028,1037,ev_3028,shortest,Customer_53,Customer_55,52,48,"[52, 63, 'vir_53', 53, 48]","[402, 'arc_63_vir_53', 'arc_vir_53_53', 389]",11.978659414241587,0.21779380753166522,0,1
ev_3030,1037,ev_3030,detour_3,Customer_53,Customer_55,52,48,"[52, 13, 63, 'vir_53', 53, 48]","[157, 152, 'arc_63_vir_53', 'arc_vir_53_53', 389]",13.258451957994794,0.25402484042943896,0,1
ev_3032,1038,ev_3032,detour_2,Customer_53,Customer_24,52,22,"[52, 13, 'vir_44', 44, 22]","[157, 'arc_13_vir_44', 'arc_vir_44_44', 241]",11.775634908818695,0.21410245288761265,0,1
ev_3033,1038,ev_3033,detour_3,Customer_53,Customer_24,52,22,"[52, 13, 'vir_44', 44, 7, 22]","[157, 'arc_13_vir_44', 'arc_vir_44_44', 83, 86]",11.816486237641303,0.21756498482970624,0,1
ev_3036,1039,ev_3036,detour_3,Customer_53,Customer_6,52,5,"[52, 13, 'vir_44', 44, 5]","[157, 'arc_13_vir_44', 'arc_vir_44_44', 59]",12.17538869051841,0.22137070346397109,0,1
ev_3037,1040,ev_3037,shortest,Customer_53,Customer_26,52,31,"[52, 63, 'vir_53', 53, 48, 18, 31]","[402, 'arc_63_vir_53', 'arc_vir_53_53', 389, 213, 206]",16.665846798896297,0.30427794370396916,2,1
ev_3039,1040,ev_3039,detour_3,Customer_53,Customer_26,52,31,"[52, 63, 'vir_53', 53, 48, 42, 18, 31]","[402, 'arc_63_vir_53', 'arc_vir_53_53', 389, 373, 211, 206]",17.69707624158663,0.3378396754055411,3,1
ev_3040,1041,ev_3040,shortest,Customer_53,Customer_67,52,31,"[52, 63, 'vir_53', 53, 48, 18, 31]","[402, 'arc_63_vir_53', 'arc_vir_53_53', 389, 213, 206]",16.665846798896297,0.30427794370396916,2,1
ev_3042,1041,ev_3042,detour_3,Customer_53,Customer_67,52,31,"[52, 63, 'vir_53', 53, 48, 42, 18, 31]","[402, 'arc_63_vir_53', 'arc_vir_53_53', 389, 373, 211, 206]",17.69707624158663,0.3378396754055411,3,1
ev_3067,1050,ev_3067,shortest,Customer_54,Customer_3,69,74,"[69, 72, 'vir_74', 74]","[458, 'arc_72_vir_74', 'arc_vir_74_74']",5.2488066153893875,0.10375166417956014,2,1
ev_3068,1050,ev_3068,avoid_congestion,Customer_54,Customer_3,69,74,"[69, 27, 59, 'vir_74', 74]","[275, 270, 'arc_59_vir_74', 'arc_vir_74_74']",10.78570905812137,0.20770873004426565,1,1
ev_3069,1050,ev_3069,detour_2,Customer_54,Customer_3,69,74,"[69, 59, 'vir_74', 74]","[443, 'arc_59_vir_74', 'arc_vir_74_74']",5.371210595043063,0.1092633034428419,2,1
ev_3070,1050,ev_3070,detour_3,Customer_54,Customer_3,69,74,"[69, 31, 'vir_74', 74]","[311, 'arc_31_vir_74', 'arc_vir_74_74']",6.7329328399446045,0.12241696072626554,2,1
ev_3071,1051,ev_3071,shortest,Customer_54,Customer_42,69,74,"[69, 72, 'vir_74', 74]","[458, 'arc_72_vir_74', 'arc_vir_74_74']",5.2488066153893875,0.10375166417956014,2,1
ev_3072,1051,ev_3072,avoid_congestion,Customer_54,Customer_42,69,74,"[69, 27, 59, 'vir_74', 74]","[275, 270, 'arc_59_vir_74', 'arc_vir_74_74']",10.78570905812137,0.20770873004426565,1,1
ev_3073,1051,ev_3073,detour_2,Customer_54,Customer_42,69,74,"[69, 59, 'vir_74', 74]","[443, 'arc_59_vir_74', 'arc_vir_74_74']",5.371210595043063,0.1092633034428419,2,1
ev_3074,1051,ev_3074,detour_3,Customer_54,Customer_42,69,74,"[69, 31, 'vir_74', 74]","[311, 'arc_31_vir_74', 'arc_vir_74_74']",6.7329328399446045,0.12241696072626554,2,1
ev_3075,1052,ev_3075,shortest,Customer_54,Customer_47,69,74,"[69, 72, 'vir_74', 74]","[458, 'arc_72_vir_74', 'arc_vir_74_74']",5.2488066153893875,0.10375166417956014,2,1
ev_3076,1052,ev_3076,avoid_congestion,Customer_54,Customer_47,69,74,"[69, 27, 59, 'vir_74', 74]","[275, 270, 'arc_59_vir_74', 'arc_vir_74_74']",10.78570905812137,0.20770873004426565,1,1
ev_3077,1052,ev_3077,detour_2,Customer_54,Customer_47,69,74,"[69, 59, 'vir_74', 74]","[443, 'arc_59_vir_74', 'arc_vir_74_74']",5.371210595043063,0.1092633034428419,2,1
ev_3078,1052,ev_3078,detour_3,Customer_54,Customer_47,69,74,"[69, 31, 'vir_74', 74]","[311, 'arc_31_vir_74', 'arc_vir_74_74']",6.7329328399446045,0.12241696072626554,2,1
ev_3094,1057,ev_3094,detour_3,Customer_54,Customer_2,69,55,"[69, 72, 'vir_74', 74, 55]","[458, 'arc_72_vir_74', 'arc_vir_74_74', 415]",6.699921065482896,0.14002952543189787,3,1
ev_3108,1062,ev_3108,avoid_congestion,Customer_55,Customer_80,48,3,"[48, 'vir_53', 53, 3]","['arc_48_vir_53', 'arc_vir_53_53', 35]",6.532007930219895,0.13448254043064625,0,1
ev_3109,1062,ev_3109,detour_3,Customer_55,Customer_80,48,3,"[48, 'vir_53', 53, 30, 3]","['arc_48_vir_53', 'arc_vir_53_53', 301, 33]",10.17528662206318,0.20097741591711404,0,1
ev_3110,1063,ev_3110,shortest,Customer_55,Customer_70,48,53,"[48, 'vir_53', 53]","['arc_48_vir_53', 'arc_vir_53_53']",4.226589814311498,0.07684708753293633,0,1
ev_3111,1063,ev_3111,detour_2,Customer_55,Customer_70,48,53,"[48, 3, 'vir_53', 53]","[37, 'arc_3_vir_53', 'arc_vir_53_53']",5.920791214039536,0.12336950922736699,1,1
ev_3112,1063,ev_3112,detour_3,Customer_55,Customer_70,48,53,"[48, 3, 30, 'vir_53', 53]","[37, 32, 'arc_30_vir_53', 'arc_vir_53_53']",9.56406990588282,0.18986438471383477,1,1
ev_3140,1073,ev_3140,shortest,Customer_55,Customer_8,48,63,"[48, 'vir_53', 53, 63]","['arc_48_vir_53', 'arc_vir_53_53', 408]",7.287321346210376,0.13249675174927958,0,1
ev_3142,1073,ev_3142,detour_3,Customer_55,Customer_8,48,63,"[48, 3, 'vir_53', 53, 63]","[37, 'arc_3_vir_53', 'arc_vir_53_53', 408]",8.981522745938415,0.17901917344371024,1,1
ev_3146,1075,ev_3146,shortest,Customer_55,Customer_5,48,7,"[48, 'vir_53', 53, 63, 'vir_45', 45, 7]","['arc_48_vir_53', 'arc_vir_53_53', 408, 'arc_63_vir_45', 'arc_vir_45_45', 85]",14.055210039270476,0.25554927344128137,0,1
ev_3147,1075,ev_3147,detour_2,Customer_55,Customer_5,48,7,"[48, 'vir_53', 53, 63, 13, 7]","['arc_48_vir_53', 'arc_vir_53_53', 408, 153, 89]",13.489524450442088,0.25822615847393526,0,1
ev_3148,1075,ev_3148,detour_3,Customer_55,Customer_5,48,7,"[48, 'vir_53', 53, 63, 13, 'vir_44', 44, 7]","['arc_48_vir_53', 'arc_vir_53_53', 408, 153, 'arc_13_vir_44', 'arc_vir_44_44', 83]",13.782688139987522,0.2662761878837166,0,1
ev_3149,1076,ev_3149,shortest,Customer_55,Customer_9,48,34,"[48, 4, 55, 50, 46, 'vir_14', 14, 34]","[53, 46, 395, 385, 'arc_46_vir_14', 'arc_vir_14_14', 168]",18.92077906918505,0.3579405886126003,3,1
ev_3150,1076,ev_3150,avoid_congestion,Customer_55,Customer_9,48,34,"[48, 'vir_53', 53, 30, 12, 77, 57, 'vir_61', 61, 1, 26, 34]","['arc_48_vir_53', 'arc_vir_53_53', 301, 149, 144, 427, 'arc_57_vir_61', 'arc_vir_61_61', 11, 12, 266]",31.174017965135537,0.5827725312457024,0,1
ev_3151,1076,ev_3151,detour_2,Customer_55,Customer_9,48,34,"[48, 4, 17, 55, 50, 46, 'vir_14', 14, 34]","[53, 50, 198, 395, 385, 'arc_46_vir_14', 'arc_vir_14_14', 168]",19.029331901439413,0.38016924634636656,4,1
ev_3152,1076,ev_3152,detour_3,Customer_55,Customer_9,48,34,"[48, 4, 55, 50, 46, 'vir_14', 14, 47, 34]","[53, 46, 395, 385, 'arc_46_vir_14', 'arc_vir_14_14', 162, 329]",20.009420640432356,0.38515662789378297,4,1
ev_3153,1077,ev_3153,shortest,Customer_55,Customer_3,48,74,"[48, 4, 17, 'vir_74', 74]","[53, 50, 'arc_17_vir_74', 'arc_vir_74_74']",7.641759525537303,0.14216760016987112,3,1
ev_3154,1077,ev_3154,detour_2,Customer_55,Customer_3,48,74,"[48, 18, 31, 'vir_74', 74]","[213, 206, 'arc_31_vir_74', 'arc_vir_74_74']",7.972892462334083,0.14622422849374708,3,1
ev_3155,1077,ev_3155,detour_3,Customer_55,Customer_3,48,74,"[48, 4, 72, 'vir_74', 74]","[53, 48, 'arc_72_vir_74', 'arc_vir_74_74']",8.447462913677668,0.1619090514211652,3,1
ev_3156,1078,ev_3156,shortest,Customer_55,Customer_42,48,74,"[48, 4, 17, 'vir_74', 74]","[53, 50, 'arc_17_vir_74', 'arc_vir_74_74']",7.641759525537303,0.14216760016987112,3,1
ev_3157,1078,ev_3157,detour_2,Customer_55,Customer_42,48,74,"[48, 18, 31, 'vir_74', 74]","[213, 206, 'arc_31_vir_74', 'arc_vir_74_74']",7.972892462334083,0.14622422849374708,3,1
ev_3158,1078,ev_3158,detour_3,Customer_55,Customer_42,48,74,"[48, 4, 72, 'vir_74', 74]","[53, 48, 'arc_72_vir_74', 'arc_vir_74_74']",8.447462913677668,0.1619090514211652,3,1
ev_3159,1079,ev_3159,shortest,Customer_55,Customer_47,48,74,"[48, 4, 17, 'vir_74', 74]","[53, 50, 'arc_17_vir_74', 'arc_vir_74_74']",7.641759525537303,0.14216760016987112,3,1
ev_3160,1079,ev_3160,detour_2,Customer_55,Customer_47,48,74,"[48, 18, 31, 'vir_74', 74]","[213, 206, 'arc_31_vir_74', 'arc_vir_74_74']",7.972892462334083,0.14622422849374708,3,1
ev_3161,1079,ev_3161,detour_3,Customer_55,Customer_47,48,74,"[48, 4, 72, 'vir_74', 74]","[53, 48, 'arc_72_vir_74', 'arc_vir_74_74']",8.447462913677668,0.1619090514211652,3,1
ev_3165,1081,ev_3165,shortest,Customer_55,Customer_30,48,47,"[48, 4, 55, 50, 46, 'vir_14', 14, 47]","[53, 46, 395, 385, 'arc_46_vir_14', 'arc_vir_14_14', 162]",19.13747801587229,0.3633580622797813,3,1
ev_3166,1081,ev_3166,avoid_congestion,Customer_55,Customer_30,48,47,"[48, 'vir_53', 53, 30, 12, 77, 57, 'vir_61', 61, 1, 47]","['arc_48_vir_53', 'arc_vir_53_53', 301, 149, 144, 427, 'arc_57_vir_61', 'arc_vir_61_61', 11, 14]",30.27697924641579,0.5664627363598889,0,1
ev_3167,1081,ev_3167,detour_2,Customer_55,Customer_30,48,47,"[48, 4, 55, 50, 46, 'vir_14', 14, 34, 47]","[53, 46, 395, 385, 'arc_46_vir_14', 'arc_vir_14_14', 168, 328]",19.792721693745115,0.379739154226602,4,1
ev_3168,1081,ev_3168,detour_3,Customer_55,Customer_30,48,47,"[48, 4, 17, 55, 50, 46, 'vir_14', 14, 47]","[53, 50, 198, 395, 385, 'arc_46_vir_14', 'arc_vir_14_14', 162]",19.246030848126654,0.38558672001354755,4,1
ev_3178,1087,ev_3178,shortest,Customer_56,Customer_70,64,53,"[64, 30, 'vir_53', 53]","[303, 'arc_30_vir_53', 'arc_vir_53_53']",6.531726816083715,0.1347308739902147,0,1
ev_3179,1087,ev_3179,detour_2,Customer_56,Customer_70,64,53,"[64, 12, 30, 'vir_53', 53]","[141, 148, 'arc_30_vir_53', 'arc_vir_53_53']",6.9266795589849215,0.14825952001514825,0,1
ev_3180,1087,ev_3180,detour_3,Customer_56,Customer_70,64,53,"[64, 12, 60, 'vir_53', 53]","[141, 150, 'arc_60_vir_53', 'arc_vir_53_53']",8.292717452351889,0.15712436801494598,0,1
ev_3202,1095,ev_3202,shortest,Customer_56,Customer_11,64,52,"[64, 39, 79, 'vir_52', 52]","[359, 362, 'arc_79_vir_52', 'arc_vir_52_52']",12.146210332683474,0.22084018786697227,0,1
ev_3203,1095,ev_3203,detour_2,Customer_56,Customer_11,64,52,"[64, 30, 63, 'vir_52', 52]","[303, 304, 'arc_63_vir_52', 'arc_vir_52_52']",13.131265801710931,0.23875028730383513,0,1
ev_3204,1095,ev_3204,detour_3,Customer_56,Customer_11,64,52,"[64, 54, 39, 79, 'vir_52', 52]","[411, 361, 362, 'arc_79_vir_52', 'arc_vir_52_52']",12.37450773924548,0.24520397975040376,0,1
ev_3205,1096,ev_3205,shortest,Customer_56,Customer_12,64,52,"[64, 39, 79, 'vir_52', 52]","[359, 362, 'arc_79_vir_52', 'arc_vir_52_52']",12.146210332683474,0.22084018786697227,0,1
ev_3206,1096,ev_3206,detour_2,Customer_56,Customer_12,64,52,"[64, 30, 63, 'vir_52', 52]","[303, 304, 'arc_63_vir_52', 'arc_vir_52_52']",13.131265801710931,0.23875028730383513,0,1
ev_3207,1096,ev_3207,detour_3,Customer_56,Customer_12,64,52,"[64, 54, 39, 79, 'vir_52', 52]","[411, 361, 362, 'arc_79_vir_52', 'arc_vir_52_52']",12.37450773924548,0.24520397975040376,0,1
ev_3208,1097,ev_3208,shortest,Customer_56,Customer_20,64,52,"[64, 39, 79, 'vir_52', 52]","[359, 362, 'arc_79_vir_52', 'arc_vir_52_52']",12.146210332683474,0.22084018786697227,0,1
ev_3209,1097,ev_3209,detour_2,Customer_56,Customer_20,64,52,"[64, 30, 63, 'vir_52', 52]","[303, 304, 'arc_63_vir_52', 'arc_vir_52_52']",13.131265801710931,0.23875028730383513,0,1
ev_3210,1097,ev_3210,detour_3,Customer_56,Customer_20,64,52,"[64, 54, 39, 79, 'vir_52', 52]","[411, 361, 362, 'arc_79_vir_52', 'arc_vir_52_52']",12.37450773924548,0.24520397975040376,0,1
ev_3211,1098,ev_3211,shortest,Customer_56,Customer_53,64,52,"[64, 39, 79, 'vir_52', 52]","[359, 362, 'arc_79_vir_52', 'arc_vir_52_52']",12.146210332683474,0.22084018786697227,0,1
ev_3212,1098,ev_3212,detour_2,Customer_56,Customer_53,64,52,"[64, 30, 63, 'vir_52', 52]","[303, 304, 'arc_63_vir_52', 'arc_vir_52_52']",13.131265801710931,0.23875028730383513,0,1
ev_3213,1098,ev_3213,detour_3,Customer_56,Customer_53,64,52,"[64, 54, 39, 79, 'vir_52', 52]","[411, 361, 362, 'arc_79_vir_52', 'arc_vir_52_52']",12.37450773924548,0.24520397975040376,0,1
ev_3215,1099,ev_3215,avoid_congestion,Customer_56,Customer_55,64,48,"[64, 30, 'vir_53', 53, 48]","[303, 'arc_30_vir_53', 'arc_vir_53_53', 389]",10.758316630395214,0.211577961523151,0,1
ev_3217,1100,ev_3217,shortest,Customer_56,Customer_72,64,24,"[64, 39, 'vir_6', 6, 24]","[359, 'arc_39_vir_6', 'arc_vir_6_6', 78]",14.760664184730594,0.2683757124496472,0,1
ev_3218,1100,ev_3218,detour_2,Customer_56,Customer_72,64,24,"[64, 39, 79, 'vir_6', 6, 24]","[359, 362, 'arc_79_vir_6', 'arc_vir_6_6', 78]",15.395406632656556,0.2799164842301192,0,1
ev_3220,1101,ev_3220,shortest,Customer_56,Customer_43,64,0,"[64, 39, 79, 'vir_52', 52, 'vir_0', 0]","[359, 362, 'arc_79_vir_52', 'arc_vir_52_52', 'arc_52_vir_0', 'arc_vir_0_0']",15.270266099267221,0.2776412018048586,0,1
ev_3221,1101,ev_3221,detour_2,Customer_56,Customer_43,64,0,"[64, 30, 63, 'vir_52', 52, 'vir_0', 0]","[303, 304, 'arc_63_vir_52', 'arc_vir_52_52', 'arc_52_vir_0', 'arc_vir_0_0']",16.25532156829468,0.29555130124172146,0,1
ev_3222,1101,ev_3222,detour_3,Customer_56,Customer_43,64,0,"[64, 54, 39, 79, 'vir_52', 52, 'vir_0', 0]","[411, 361, 362, 'arc_79_vir_52', 'arc_vir_52_52', 'arc_52_vir_0', 'arc_vir_0_0']",15.498563505829228,0.30200499368829004,0,1
ev_3225,1103,ev_3225,detour_2,Customer_57,Customer_40,58,36,"[58, 'vir_70', 70, 36]","['arc_58_vir_70', 'arc_vir_70_70', 339]",16.237101774320525,0.2952200322603732,0,1
ev_3228,1104,ev_3228,detour_2,Customer_57,Customer_44,58,36,"[58, 'vir_70', 70, 36]","['arc_58_vir_70', 'arc_vir_70_70', 339]",16.237101774320525,0.2952200322603732,0,1
ev_3232,1105,ev_3232,detour_3,Customer_57,Customer_13,58,35,"[58, 'vir_70', 70, 35]","['arc_58_vir_70', 'arc_vir_70_70', 331]",13.35329395996719,0.24278716290849434,0,1
ev_3241,1108,ev_3241,detour_3,Customer_57,Customer_39,58,15,"[58, 'vir_70', 70, 15]","['arc_58_vir_70', 'arc_vir_70_70', 183]",16.86140094441511,0.3065709262620929,0,1
ev_3244,1109,ev_3244,detour_3,Customer_57,Customer_75,58,15,"[58, 'vir_70', 70, 15]","['arc_58_vir_70', 'arc_vir_70_70', 183]",16.86140094441511,0.3065709262620929,0,1
ev_3266,1117,ev_3266,shortest,Customer_57,Customer_3,58,74,"[58, 49, 28, 'vir_74', 74]","[393, 291, 'arc_28_vir_74', 'arc_vir_74_74']",18.616252387056736,0.33847731612830434,1,1
ev_3267,1117,ev_3267,detour_2,Customer_57,Customer_3,58,74,"[58, 49, 28, 59, 'vir_74', 74]","[393, 291, 282, 'arc_59_vir_74', 'arc_vir_74_74']",18.921848939421523,0.3556385460679048,2,1
ev_3268,1117,ev_3268,detour_3,Customer_57,Customer_3,58,74,"[58, 49, 28, 72, 'vir_74', 74]","[393, 291, 286, 'arc_72_vir_74', 'arc_vir_74_74']",20.506556173883556,0.3811652925158177,2,1
ev_3269,1118,ev_3269,shortest,Customer_57,Customer_42,58,74,"[58, 49, 28, 'vir_74', 74]","[393, 291, 'arc_28_vir_74', 'arc_vir_74_74']",18.616252387056736,0.33847731612830434,1,1
ev_3270,1118,ev_3270,detour_2,Customer_57,Customer_42,58,74,"[58, 49, 28, 59, 'vir_74', 74]","[393, 291, 282, 'arc_59_vir_74', 'arc_vir_74_74']",18.921848939421523,0.3556385460679048,2,1
ev_3271,1118,ev_3271,detour_3,Customer_57,Customer_42,58,74,"[58, 49, 28, 72, 'vir_74', 74]","[393, 291, 286, 'arc_72_vir_74', 'arc_vir_74_74']",20.506556173883556,0.3811652925158177,2,1
ev_3272,1119,ev_3272,shortest,Customer_57,Customer_47,58,74,"[58, 49, 28, 'vir_74', 74]","[393, 291, 'arc_28_vir_74', 'arc_vir_74_74']",18.616252387056736,0.33847731612830434,1,1
ev_3273,1119,ev_3273,detour_2,Customer_57,Customer_47,58,74,"[58, 49, 28, 59, 'vir_74', 74]","[393, 291, 282, 'arc_59_vir_74', 'arc_vir_74_74']",18.921848939421523,0.3556385460679048,2,1
ev_3274,1119,ev_3274,detour_3,Customer_57,Customer_47,58,74,"[58, 49, 28, 72, 'vir_74', 74]","[393, 291, 286, 'arc_72_vir_74', 'arc_vir_74_74']",20.506556173883556,0.3811652925158177,2,1
ev_3284,1123,ev_3284,detour_3,Customer_58,Customer_21,43,67,"[43, 'vir_33', 33, 67]","['arc_43_vir_33', 'arc_vir_33_33', 322]",6.8935887626546375,0.1253379775028116,0,1
ev_3287,1124,ev_3287,detour_3,Customer_58,Customer_22,43,67,"[43, 'vir_33', 33, 67]","['arc_43_vir_33', 'arc_vir_33_33', 322]",6.8935887626546375,0.1253379775028116,0,1
ev_3296,1127,ev_3296,detour_3,Customer_58,Customer_51,43,10,"[43, 'vir_33', 33, 10]","['arc_43_vir_33', 'arc_vir_33_33', 127]",6.276824950127407,0.11412409000231649,0,1
ev_3297,1128,ev_3297,shortest,Customer_58,Customer_27,43,33,"[43, 'vir_33', 33]","['arc_43_vir_33', 'arc_vir_33_33']",3.2454229154369227,0.059007689371580414,0,1
ev_3298,1128,ev_3298,detour_2,Customer_58,Customer_27,43,33,"[43, 67, 'vir_33', 33]","[374, 'arc_67_vir_33', 'arc_vir_33_33']",4.859662791342934,0.09661771173436165,0,1
ev_3299,1128,ev_3299,detour_3,Customer_58,Customer_27,43,33,"[43, 10, 'vir_33', 33]","[131, 'arc_10_vir_33', 'arc_vir_33_33']",6.1504645660222845,0.11182662847313243,0,1
ev_3300,1129,ev_3300,shortest,Customer_58,Customer_79,43,33,"[43, 'vir_33', 33]","['arc_43_vir_33', 'arc_vir_33_33']",3.2454229154369227,0.059007689371580414,0,1
ev_3301,1129,ev_3301,detour_2,Customer_58,Customer_79,43,33,"[43, 67, 'vir_33', 33]","[374, 'arc_67_vir_33', 'arc_vir_33_33']",4.859662791342934,0.09661771173436165,0,1
ev_3302,1129,ev_3302,detour_3,Customer_58,Customer_79,43,33,"[43, 10, 'vir_33', 33]","[131, 'arc_10_vir_33', 'arc_vir_33_33']",6.1504645660222845,0.11182662847313243,0,1
ev_3304,1130,ev_3304,detour_2,Customer_58,Customer_32,43,46,"[43, 'vir_33', 33, 46]","['arc_43_vir_33', 'arc_vir_33_33', 324]",4.762383057689108,0.09693169292788506,0,1
ev_3307,1131,ev_3307,detour_2,Customer_58,Customer_49,43,46,"[43, 'vir_33', 33, 46]","['arc_43_vir_33', 'arc_vir_33_33', 324]",4.762383057689108,0.09693169292788506,0,1
ev_3315,1134,ev_3315,shortest,Customer_58,Customer_38,43,14,"[43, 46, 'vir_14', 14]","[376, 'arc_46_vir_14', 'arc_vir_14_14']",7.7569856807006765,0.14103610328546684,0,1
ev_3316,1134,ev_3316,detour_2,Customer_58,Customer_38,43,14,"[43, 'vir_33', 33, 'vir_14', 14]","['arc_43_vir_33', 'arc_vir_33_33', 'arc_33_vir_14', 'arc_vir_14_14']",7.915218560139012,0.14391306472980023,0,1
ev_3317,1134,ev_3317,detour_3,Customer_58,Customer_38,43,14,"[43, 'vir_33', 33, 46, 'vir_14', 14]","['arc_43_vir_33', 'arc_vir_33_33', 324, 'arc_46_vir_14', 'arc_vir_14_14']",8.10151888529023,0.15764325342972363,0,1
ev_3327,1138,ev_3327,shortest,Customer_58,Customer_9,43,34,"[43, 46, 'vir_14', 14, 34]","[376, 'arc_46_vir_14', 'arc_vir_14_14', 168]",9.799527826055245,0.19209965691933104,0,1
ev_3328,1138,ev_3328,detour_2,Customer_58,Customer_9,43,34,"[43, 'vir_33', 33, 'vir_14', 14, 34]","['arc_43_vir_33', 'arc_vir_33_33', 'arc_33_vir_14', 'arc_vir_14_14', 168]",9.95776070549358,0.19497661836366442,0,1
ev_3329,1138,ev_3329,detour_3,Customer_58,Customer_9,43,34,"[43, 'vir_33', 33, 46, 'vir_14', 14, 34]","['arc_43_vir_33', 'arc_vir_33_33', 324, 'arc_46_vir_14', 'arc_vir_14_14', 168]",10.144061030644798,0.20870680706358782,0,1
ev_3330,1139,ev_3330,shortest,Customer_58,Customer_3,43,74,"[43, 10, 50, 'vir_74', 74]","[131, 120, 'arc_50_vir_74', 'arc_vir_74_74']",10.139610349987493,0.18435655181795443,1,1
ev_3331,1139,ev_3331,detour_2,Customer_58,Customer_3,43,74,"[43, 10, 50, 55, 'vir_74', 74]","[131, 120, 394, 'arc_55_vir_74', 'arc_vir_74_74']",10.232642244182985,0.19594200296305547,2,1
ev_3332,1139,ev_3332,detour_3,Customer_58,Customer_3,43,74,"[43, 10, 32, 55, 'vir_74', 74]","[131, 118, 316, 'arc_55_vir_74', 'arc_vir_74_74']",11.411788468120175,0.2173810252164589,2,1
ev_3333,1140,ev_3333,shortest,Customer_58,Customer_42,43,74,"[43, 10, 50, 'vir_74', 74]","[131, 120, 'arc_50_vir_74', 'arc_vir_74_74']",10.139610349987493,0.18435655181795443,1,1
ev_3334,1140,ev_3334,detour_2,Customer_58,Customer_42,43,74,"[43, 10, 50, 55, 'vir_74', 74]","[131, 120, 394, 'arc_55_vir_74', 'arc_vir_74_74']",10.232642244182985,0.19594200296305547,2,1
ev_3335,1140,ev_3335,detour_3,Customer_58,Customer_42,43,74,"[43, 10, 32, 55, 'vir_74', 74]","[131, 118, 316, 'arc_55_vir_74', 'arc_vir_74_74']",11.411788468120175,0.2173810252164589,2,1
ev_3336,1141,ev_3336,shortest,Customer_58,Customer_47,43,74,"[43, 10, 50, 'vir_74', 74]","[131, 120, 'arc_50_vir_74', 'arc_vir_74_74']",10.139610349987493,0.18435655181795443,1,1
ev_3337,1141,ev_3337,detour_2,Customer_58,Customer_47,43,74,"[43, 10, 50, 55, 'vir_74', 74]","[131, 120, 394, 'arc_55_vir_74', 'arc_vir_74_74']",10.232642244182985,0.19594200296305547,2,1
ev_3338,1141,ev_3338,detour_3,Customer_58,Customer_47,43,74,"[43, 10, 32, 55, 'vir_74', 74]","[131, 118, 316, 'arc_55_vir_74', 'arc_vir_74_74']",11.411788468120175,0.2173810252164589,2,1
ev_3365,1152,ev_3365,shortest,Customer_59,Customer_1,62,1,"[62, 78, 'vir_61', 61, 1]","[450, 'arc_78_vir_61', 'arc_vir_61_61', 11]",13.8180569589284,0.2512373992532436,0,1
ev_3366,1152,ev_3366,detour_2,Customer_59,Customer_1,62,1,"[62, 16, 'vir_61', 61, 1]","[193, 'arc_16_vir_61', 'arc_vir_61_61', 11]",16.015752898218025,0.2911955072403277,0,1
ev_3367,1152,ev_3367,detour_3,Customer_59,Customer_1,62,1,"[62, 78, 16, 'vir_61', 61, 1]","[450, 191, 'arc_16_vir_61', 'arc_vir_61_61', 11]",16.018800834921258,0.2912509242712956,0,1
ev_3368,1153,ev_3368,shortest,Customer_59,Customer_69,62,9,"[62, 78, 'vir_61', 61, 1, 9]","[450, 'arc_78_vir_61', 'arc_vir_61_61', 11, 16]",15.258702707980582,0.2872535429795482,0,1
ev_3369,1153,ev_3369,detour_2,Customer_59,Customer_69,62,9,"[62, 16, 'vir_61', 61, 1, 9]","[193, 'arc_16_vir_61', 'arc_vir_61_61', 11, 16]",17.456398647270206,0.3272116509666323,0,1
ev_3370,1153,ev_3370,detour_3,Customer_59,Customer_69,62,9,"[62, 78, 16, 'vir_61', 61, 1, 9]","[450, 191, 'arc_16_vir_61', 'arc_vir_61_61', 11, 16]",17.45944658397344,0.3272670679976002,0,1
ev_3383,1158,ev_3383,shortest,Customer_59,Customer_50,62,26,"[62, 78, 'vir_61', 61, 1, 26]","[450, 'arc_78_vir_61', 'arc_vir_61_61', 11, 12]",16.413071414635922,0.29841948026610765,0,1
ev_3384,1158,ev_3384,detour_2,Customer_59,Customer_50,62,26,"[62, 78, 'vir_61', 61, 1, 9, 26]","[450, 'arc_78_vir_61', 'arc_vir_61_61', 11, 16, 108]",16.414069058582918,0.31613770174460654,0,1
ev_3385,1158,ev_3385,detour_3,Customer_59,Customer_50,62,26,"[62, 16, 'vir_61', 61, 1, 26]","[193, 'arc_16_vir_61', 'arc_vir_61_61', 11, 12]",18.610767353925546,0.33837758825319175,0,1
ev_3392,1161,ev_3392,shortest,Customer_59,Customer_30,62,47,"[62, 78, 'vir_61', 61, 1, 47]","[450, 'arc_78_vir_61', 'arc_vir_61_61', 11, 14]",18.303168692457632,0.33278488531741146,0,1
ev_3393,1161,ev_3393,detour_2,Customer_59,Customer_30,62,47,"[62, 78, 'vir_61', 61, 1, 9, 47]","[450, 'arc_78_vir_61', 'arc_vir_61_61', 11, 16, 112]",18.328258467682105,0.3430636477013941,0,1
ev_3394,1161,ev_3394,detour_3,Customer_59,Customer_30,62,47,"[62, 78, 'vir_61', 61, 1, 26, 47]","[450, 'arc_78_vir_61', 'arc_vir_61_61', 11, 12, 262]",18.35397300969296,0.3469420201425336,0,1
ev_3398,1164,ev_3398,detour_2,Customer_60,Customer_9,47,34,"[47, 'vir_65', 65, 34]","['arc_47_vir_65', 'arc_vir_65_65', 327]",3.600998201395149,0.09002495503487873,1,1
ev_3403,1166,ev_3403,shortest,Customer_60,Customer_38,47,14,"[47, 'vir_14', 14]","['arc_47_vir_14', 'arc_vir_14_14']",2.2592410920418087,0.05648102730104522,0,1
ev_3404,1166,ev_3404,detour_2,Customer_60,Customer_38,47,14,"[47, 34, 'vir_14', 14]","[329, 'arc_34_vir_14', 'arc_vir_14_14']",2.914484769914634,0.07286211924786586,1,1
ev_3405,1166,ev_3405,detour_3,Customer_60,Customer_38,47,14,"[47, 'vir_65', 65, 'vir_14', 14]","['arc_47_vir_65', 'arc_vir_65_65', 'arc_65_vir_14', 'arc_vir_14_14']",5.236906374868708,0.10540037036343283,0,1
ev_3412,1169,ev_3412,shortest,Customer_60,Customer_33,47,4,"[47, 'vir_14', 14, 46, 50, 55, 4]","['arc_47_vir_14', 'arc_vir_14_14', 170, 384, 394, 47]",14.846845658411127,0.2853465648713964,2,1
ev_3413,1169,ev_3413,detour_2,Customer_60,Customer_33,47,4,"[47, 34, 'vir_14', 14, 46, 50, 55, 4]","[329, 'arc_34_vir_14', 'arc_vir_14_14', 170, 384, 394, 47]",15.502089336283952,0.30172765681821706,3,1
ev_3414,1169,ev_3414,detour_3,Customer_60,Customer_33,47,4,"[47, 'vir_14', 14, 46, 50, 55, 17, 4]","['arc_47_vir_14', 'arc_vir_14_14', 170, 384, 394, 199, 51]",14.955398490665488,0.30757522260516273,3,1
ev_3415,1170,ev_3415,shortest,Customer_60,Customer_32,47,46,"[47, 'vir_14', 14, 46]","['arc_47_vir_14', 'arc_vir_14_14', 170]",5.598376919642931,0.1171925878028838,0,1
ev_3416,1170,ev_3416,detour_2,Customer_60,Customer_32,47,46,"[47, 34, 'vir_14', 14, 46]","[329, 'arc_34_vir_14', 'arc_vir_14_14', 170]",6.253620597515756,0.13357367974970444,1,1
ev_3417,1170,ev_3417,detour_3,Customer_60,Customer_32,47,46,"[47, 'vir_65', 65, 'vir_14', 14, 46]","['arc_47_vir_65', 'arc_vir_65_65', 'arc_65_vir_14', 'arc_vir_14_14', 170]",8.576042202469829,0.1661119308652714,0,1
ev_3418,1171,ev_3418,shortest,Customer_60,Customer_49,47,46,"[47, 'vir_14', 14, 46]","['arc_47_vir_14', 'arc_vir_14_14', 170]",5.598376919642931,0.1171925878028838,0,1
ev_3419,1171,ev_3419,detour_2,Customer_60,Customer_49,47,46,"[47, 34, 'vir_14', 14, 46]","[329, 'arc_34_vir_14', 'arc_vir_14_14', 170]",6.253620597515756,0.13357367974970444,1,1
ev_3420,1171,ev_3420,detour_3,Customer_60,Customer_49,47,46,"[47, 'vir_65', 65, 'vir_14', 14, 46]","['arc_47_vir_65', 'arc_vir_65_65', 'arc_65_vir_14', 'arc_vir_14_14', 170]",8.576042202469829,0.1661119308652714,0,1
ev_3421,1172,ev_3421,shortest,Customer_60,Customer_14,47,17,"[47, 'vir_14', 14, 46, 50, 55, 17]","['arc_47_vir_14', 'arc_vir_14_14', 170, 384, 394, 199]",14.482175867183864,0.29574465701812214,2,1
ev_3422,1172,ev_3422,detour_2,Customer_60,Customer_14,47,17,"[47, 'vir_14', 14, 46, 50, 55, 4, 17]","['arc_47_vir_14', 'arc_vir_14_14', 170, 384, 394, 47, 50]",15.32006828189275,0.297177130458437,3,1
ev_3423,1172,ev_3423,detour_3,Customer_60,Customer_14,47,17,"[47, 'vir_14', 14, 46, 50, 'vir_74', 74, 17]","['arc_47_vir_14', 'arc_vir_14_14', 170, 384, 'arc_50_vir_74', 'arc_vir_74_74', 205]",16.22065667621726,0.31032494701332614,2,1
ev_3424,1173,ev_3424,shortest,Customer_60,Customer_29,47,17,"[47, 'vir_14', 14, 46, 50, 55, 17]","['arc_47_vir_14', 'arc_vir_14_14', 170, 384, 394, 199]",14.482175867183864,0.29574465701812214,2,1
ev_3425,1173,ev_3425,detour_2,Customer_60,Customer_29,47,17,"[47, 'vir_14', 14, 46, 50, 55, 4, 17]","['arc_47_vir_14', 'arc_vir_14_14', 170, 384, 394, 47, 50]",15.32006828189275,0.297177130458437,3,1
ev_3426,1173,ev_3426,detour_3,Customer_60,Customer_29,47,17,"[47, 'vir_14', 14, 46, 50, 'vir_74', 74, 17]","['arc_47_vir_14', 'arc_vir_14_14', 170, 384, 'arc_50_vir_74', 'arc_vir_74_74', 205]",16.22065667621726,0.31032494701332614,2,1
ev_3427,1174,ev_3427,shortest,Customer_60,Customer_31,47,17,"[47, 'vir_14', 14, 46, 50, 55, 17]","['arc_47_vir_14', 'arc_vir_14_14', 170, 384, 394, 199]",14.482175867183864,0.29574465701812214,2,1
ev_3428,1174,ev_3428,detour_2,Customer_60,Customer_31,47,17,"[47, 'vir_14', 14, 46, 50, 55, 4, 17]","['arc_47_vir_14', 'arc_vir_14_14', 170, 384, 394, 47, 50]",15.32006828189275,0.297177130458437,3,1
ev_3429,1174,ev_3429,detour_3,Customer_60,Customer_31,47,17,"[47, 'vir_14', 14, 46, 50, 'vir_74', 74, 17]","['arc_47_vir_14', 'arc_vir_14_14', 170, 384, 'arc_50_vir_74', 'arc_vir_74_74', 205]",16.22065667621726,0.31032494701332614,2,1
ev_3430,1175,ev_3430,shortest,Customer_60,Customer_2,47,55,"[47, 'vir_14', 14, 46, 50, 55]","['arc_47_vir_14', 'arc_vir_14_14', 170, 384, 394]",11.984669575724727,0.23330699973164373,1,1
ev_3431,1175,ev_3431,detour_2,Customer_60,Customer_2,47,55,"[47, 34, 'vir_14', 14, 46, 50, 55]","[329, 'arc_34_vir_14', 'arc_vir_14_14', 170, 384, 394]",12.639913253597552,0.24968809167846437,2,1
ev_3432,1175,ev_3432,detour_3,Customer_60,Customer_2,47,55,"[47, 'vir_14', 14, 46, 10, 50, 55]","['arc_47_vir_14', 'arc_vir_14_14', 170, 125, 120, 394]",14.234627712406207,0.2742153294894888,1,1
ev_3433,1176,ev_3433,shortest,Customer_60,Customer_27,47,33,"[47, 'vir_14', 14, 'vir_33', 33]","['arc_47_vir_14', 'arc_vir_14_14', 'arc_14_vir_33', 'arc_vir_33_33']",6.929036736743898,0.14138640265926503,0,1
ev_3434,1176,ev_3434,detour_2,Customer_60,Customer_27,47,33,"[47, 'vir_14', 14, 46, 'vir_33', 33]","['arc_47_vir_14', 'arc_vir_14_14', 170, 'arc_46_vir_33', 'arc_vir_33_33']",7.115337061895117,0.15511659135918845,0,1
ev_3435,1176,ev_3435,detour_3,Customer_60,Customer_27,47,33,"[47, 34, 'vir_14', 14, 'vir_33', 33]","[329, 'arc_34_vir_14', 'arc_vir_14_14', 'arc_14_vir_33', 'arc_vir_33_33']",7.584280414616724,0.15776749460608566,1,1
ev_3436,1177,ev_3436,shortest,Customer_60,Customer_79,47,33,"[47, 'vir_14', 14, 'vir_33', 33]","['arc_47_vir_14', 'arc_vir_14_14', 'arc_14_vir_33', 'arc_vir_33_33']",6.929036736743898,0.14138640265926503,0,1
ev_3437,1177,ev_3437,detour_2,Customer_60,Customer_79,47,33,"[47, 'vir_14', 14, 46, 'vir_33', 33]","['arc_47_vir_14', 'arc_vir_14_14', 170, 'arc_46_vir_33', 'arc_vir_33_33']",7.115337061895117,0.15511659135918845,0,1
ev_3438,1177,ev_3438,detour_3,Customer_60,Customer_79,47,33,"[47, 34, 'vir_14', 14, 'vir_33', 33]","[329, 'arc_34_vir_14', 'arc_vir_14_14', 'arc_14_vir_33', 'arc_vir_33_33']",7.584280414616724,0.15776749460608566,1,1
ev_3445,1180,ev_3445,shortest,Customer_60,Customer_55,47,48,"[47, 'vir_14', 14, 46, 50, 55, 4, 48]","['arc_47_vir_14', 'arc_vir_14_14', 170, 384, 394, 47, 52]",19.137478015872293,0.3633580622797813,3,1
ev_3446,1180,ev_3446,avoid_congestion,Customer_60,Customer_55,47,48,"[47, 1, 'vir_61', 61, 57, 77, 12, 30, 'vir_53', 53, 48]","[15, 'arc_1_vir_61', 'arc_vir_61_61', 429, 426, 145, 148, 'arc_30_vir_53', 'arc_vir_53_53', 389]",30.2769792464158,0.5664627363598889,0,1
ev_3447,1180,ev_3447,detour_2,Customer_60,Customer_55,47,48,"[47, 34, 'vir_14', 14, 46, 50, 55, 4, 48]","[329, 'arc_34_vir_14', 'arc_vir_14_14', 170, 384, 394, 47, 52]",19.79272169374512,0.3797391542266019,4,1
ev_3448,1180,ev_3448,detour_3,Customer_60,Customer_55,47,48,"[47, 'vir_14', 14, 46, 50, 55, 17, 4, 48]","['arc_47_vir_14', 'arc_vir_14_14', 170, 384, 394, 199, 51, 52]",19.246030848126654,0.3855867200135476,4,1
ev_3449,1181,ev_3449,shortest,Customer_60,Customer_35,47,8,"[47, 'vir_14', 14, 46, 50, 55, 8]","['arc_47_vir_14', 'arc_vir_14_14', 170, 384, 394, 103]",14.748703525880774,0.2835621624617537,2,1
ev_3450,1181,ev_3450,detour_2,Customer_60,Customer_35,47,8,"[47, 34, 'vir_14', 14, 46, 50, 55, 8]","[329, 'arc_34_vir_14', 'arc_vir_14_14', 170, 384, 394, 103]",15.4039472037536,0.29994325440857433,3,1
ev_3451,1181,ev_3451,detour_3,Customer_60,Customer_35,47,8,"[47, 'vir_14', 14, 46, 50, 'vir_74', 74, 8]","['arc_47_vir_14', 'arc_vir_14_14', 170, 384, 'arc_50_vir_74', 'arc_vir_74_74', 107]",15.583778537990543,0.3140250699980754,2,1
ev_3456,1184,ev_3456,shortest,Customer_61,Customer_7,23,11,"[23, 'vir_51', 51, 11]","['arc_23_vir_51', 'arc_vir_51_51', 137]",18.17097759181213,0.33038141076022054,0,1
ev_3462,1186,ev_3462,shortest,Customer_61,Customer_43,23,0,"[23, 2, 'vir_0', 0]","[31, 'arc_2_vir_0', 'arc_vir_0_0']",15.109014805705161,0.2747093601037302,0,1
ev_3463,1186,ev_3463,detour_2,Customer_61,Customer_43,23,0,"[23, 41, 'vir_0', 0]","[246, 'arc_41_vir_0', 'arc_vir_0_0']",18.871669530274115,0.3431212641868021,0,1
ev_3464,1186,ev_3464,detour_3,Customer_61,Customer_43,23,0,"[23, 2, 24, 'vir_0', 0]","[31, 26, 'arc_24_vir_0', 'arc_vir_0_0']",19.368864633599703,0.3521611751563582,0,1
ev_3465,1187,ev_3465,shortest,Customer_61,Customer_76,23,0,"[23, 2, 'vir_0', 0]","[31, 'arc_2_vir_0', 'arc_vir_0_0']",15.109014805705161,0.2747093601037302,0,1
ev_3466,1187,ev_3466,detour_2,Customer_61,Customer_76,23,0,"[23, 41, 'vir_0', 0]","[246, 'arc_41_vir_0', 'arc_vir_0_0']",18.871669530274115,0.3431212641868021,0,1
ev_3467,1187,ev_3467,detour_3,Customer_61,Customer_76,23,0,"[23, 2, 24, 'vir_0', 0]","[31, 26, 'arc_24_vir_0', 'arc_vir_0_0']",19.368864633599703,0.3521611751563582,0,1
ev_3470,1188,ev_3470,detour_3,Customer_61,Customer_37,23,68,"[23, 'vir_51', 51, 68]","['arc_23_vir_51', 'arc_vir_51_51', 400]",20.960169730762225,0.3810939951047677,0,1
ev_3472,1189,ev_3472,detour_2,Customer_61,Customer_72,23,24,"[23, 2, 'vir_0', 0, 24]","[31, 'arc_2_vir_0', 'arc_vir_0_0', 2]",17.703238919042604,0.32187707125532006,0,1
ev_3473,1189,ev_3473,detour_3,Customer_61,Customer_72,23,24,"[23, 41, 'vir_0', 0, 24]","[246, 'arc_41_vir_0', 'arc_vir_0_0', 2]",21.465893643611558,0.39028897533839196,0,1
ev_3477,1191,ev_3477,shortest,Customer_61,Customer_11,23,52,"[23, 2, 'vir_52', 52]","[31, 'arc_2_vir_52', 'arc_vir_52_52']",17.8019919237126,0.3236725804311382,0,1
ev_3478,1191,ev_3478,detour_2,Customer_61,Customer_11,23,52,"[23, 2, 'vir_0', 0, 'vir_52', 52]","[31, 'arc_2_vir_0', 'arc_vir_0_0', 'arc_0_vir_52', 'arc_vir_52_52']",18.23307057228891,0.33151037404161654,0,1
ev_3479,1191,ev_3479,detour_3,Customer_61,Customer_11,23,52,"[23, 2, 24, 'vir_52', 52]","[31, 26, 'arc_24_vir_52', 'arc_vir_52_52']",21.315209799707873,0.38754926908559767,0,1
ev_3480,1192,ev_3480,shortest,Customer_61,Customer_12,23,52,"[23, 2, 'vir_52', 52]","[31, 'arc_2_vir_52', 'arc_vir_52_52']",17.8019919237126,0.3236725804311382,0,1
ev_3481,1192,ev_3481,detour_2,Customer_61,Customer_12,23,52,"[23, 2, 'vir_0', 0, 'vir_52', 52]","[31, 'arc_2_vir_0', 'arc_vir_0_0', 'arc_0_vir_52', 'arc_vir_52_52']",18.23307057228891,0.33151037404161654,0,1
ev_3482,1192,ev_3482,detour_3,Customer_61,Customer_12,23,52,"[23, 2, 24, 'vir_52', 52]","[31, 26, 'arc_24_vir_52', 'arc_vir_52_52']",21.315209799707873,0.38754926908559767,0,1
ev_3483,1193,ev_3483,shortest,Customer_61,Customer_20,23,52,"[23, 2, 'vir_52', 52]","[31, 'arc_2_vir_52', 'arc_vir_52_52']",17.8019919237126,0.3236725804311382,0,1
ev_3484,1193,ev_3484,detour_2,Customer_61,Customer_20,23,52,"[23, 2, 'vir_0', 0, 'vir_52', 52]","[31, 'arc_2_vir_0', 'arc_vir_0_0', 'arc_0_vir_52', 'arc_vir_52_52']",18.23307057228891,0.33151037404161654,0,1
ev_3485,1193,ev_3485,detour_3,Customer_61,Customer_20,23,52,"[23, 2, 24, 'vir_52', 52]","[31, 26, 'arc_24_vir_52', 'arc_vir_52_52']",21.315209799707873,0.38754926908559767,0,1
ev_3486,1194,ev_3486,shortest,Customer_61,Customer_53,23,52,"[23, 2, 'vir_52', 52]","[31, 'arc_2_vir_52', 'arc_vir_52_52']",17.8019919237126,0.3236725804311382,0,1
ev_3487,1194,ev_3487,detour_2,Customer_61,Customer_53,23,52,"[23, 2, 'vir_0', 0, 'vir_52', 52]","[31, 'arc_2_vir_0', 'arc_vir_0_0', 'arc_0_vir_52', 'arc_vir_52_52']",18.23307057228891,0.33151037404161654,0,1
ev_3488,1194,ev_3488,detour_3,Customer_61,Customer_53,23,52,"[23, 2, 24, 'vir_52', 52]","[31, 26, 'arc_24_vir_52', 'arc_vir_52_52']",21.315209799707873,0.38754926908559767,0,1
ev_3515,1205,ev_3515,shortest,Customer_62,Customer_1,62,1,"[62, 78, 'vir_61', 61, 1]","[450, 'arc_78_vir_61', 'arc_vir_61_61', 11]",13.8180569589284,0.2512373992532436,0,1
ev_3516,1205,ev_3516,detour_2,Customer_62,Customer_1,62,1,"[62, 16, 'vir_61', 61, 1]","[193, 'arc_16_vir_61', 'arc_vir_61_61', 11]",16.015752898218025,0.2911955072403277,0,1
ev_3517,1205,ev_3517,detour_3,Customer_62,Customer_1,62,1,"[62, 78, 16, 'vir_61', 61, 1]","[450, 191, 'arc_16_vir_61', 'arc_vir_61_61', 11]",16.018800834921258,0.2912509242712956,0,1
ev_3518,1206,ev_3518,shortest,Customer_62,Customer_69,62,9,"[62, 78, 'vir_61', 61, 1, 9]","[450, 'arc_78_vir_61', 'arc_vir_61_61', 11, 16]",15.258702707980582,0.2872535429795482,0,1
ev_3519,1206,ev_3519,detour_2,Customer_62,Customer_69,62,9,"[62, 16, 'vir_61', 61, 1, 9]","[193, 'arc_16_vir_61', 'arc_vir_61_61', 11, 16]",17.456398647270206,0.3272116509666323,0,1
ev_3520,1206,ev_3520,detour_3,Customer_62,Customer_69,62,9,"[62, 78, 16, 'vir_61', 61, 1, 9]","[450, 191, 'arc_16_vir_61', 'arc_vir_61_61', 11, 16]",17.45944658397344,0.3272670679976002,0,1
ev_3533,1211,ev_3533,shortest,Customer_62,Customer_50,62,26,"[62, 78, 'vir_61', 61, 1, 26]","[450, 'arc_78_vir_61', 'arc_vir_61_61', 11, 12]",16.413071414635922,0.29841948026610765,0,1
ev_3534,1211,ev_3534,detour_2,Customer_62,Customer_50,62,26,"[62, 78, 'vir_61', 61, 1, 9, 26]","[450, 'arc_78_vir_61', 'arc_vir_61_61', 11, 16, 108]",16.414069058582918,0.31613770174460654,0,1
ev_3535,1211,ev_3535,detour_3,Customer_62,Customer_50,62,26,"[62, 16, 'vir_61', 61, 1, 26]","[193, 'arc_16_vir_61', 'arc_vir_61_61', 11, 12]",18.610767353925546,0.33837758825319175,0,1
ev_3542,1214,ev_3542,shortest,Customer_62,Customer_30,62,47,"[62, 78, 'vir_61', 61, 1, 47]","[450, 'arc_78_vir_61', 'arc_vir_61_61', 11, 14]",18.303168692457632,0.33278488531741146,0,1
ev_3543,1214,ev_3543,detour_2,Customer_62,Customer_30,62,47,"[62, 78, 'vir_61', 61, 1, 9, 47]","[450, 'arc_78_vir_61', 'arc_vir_61_61', 11, 16, 112]",18.328258467682105,0.3430636477013941,0,1
ev_3544,1214,ev_3544,detour_3,Customer_62,Customer_30,62,47,"[62, 78, 'vir_61', 61, 1, 26, 47]","[450, 'arc_78_vir_61', 'arc_vir_61_61', 11, 12, 262]",18.35397300969296,0.3469420201425336,0,1
ev_3554,1220,ev_3554,shortest,Customer_63,Customer_70,64,53,"[64, 30, 'vir_53', 53]","[303, 'arc_30_vir_53', 'arc_vir_53_53']",6.531726816083715,0.1347308739902147,0,1
ev_3555,1220,ev_3555,detour_2,Customer_63,Customer_70,64,53,"[64, 12, 30, 'vir_53', 53]","[141, 148, 'arc_30_vir_53', 'arc_vir_53_53']",6.9266795589849215,0.14825952001514825,0,1
ev_3556,1220,ev_3556,detour_3,Customer_63,Customer_70,64,53,"[64, 12, 60, 'vir_53', 53]","[141, 150, 'arc_60_vir_53', 'arc_vir_53_53']",8.292717452351889,0.15712436801494598,0,1
ev_3578,1228,ev_3578,shortest,Customer_63,Customer_11,64,52,"[64, 39, 79, 'vir_52', 52]","[359, 362, 'arc_79_vir_52', 'arc_vir_52_52']",12.146210332683474,0.22084018786697227,0,1
ev_3579,1228,ev_3579,detour_2,Customer_63,Customer_11,64,52,"[64, 30, 63, 'vir_52', 52]","[303, 304, 'arc_63_vir_52', 'arc_vir_52_52']",13.131265801710931,0.23875028730383513,0,1
ev_3580,1228,ev_3580,detour_3,Customer_63,Customer_11,64,52,"[64, 54, 39, 79, 'vir_52', 52]","[411, 361, 362, 'arc_79_vir_52', 'arc_vir_52_52']",12.37450773924548,0.24520397975040376,0,1
ev_3581,1229,ev_3581,shortest,Customer_63,Customer_12,64,52,"[64, 39, 79, 'vir_52', 52]","[359, 362, 'arc_79_vir_52', 'arc_vir_52_52']",12.146210332683474,0.22084018786697227,0,1
ev_3582,1229,ev_3582,detour_2,Customer_63,Customer_12,64,52,"[64, 30, 63, 'vir_52', 52]","[303, 304, 'arc_63_vir_52', 'arc_vir_52_52']",13.131265801710931,0.23875028730383513,0,1
ev_3583,1229,ev_3583,detour_3,Customer_63,Customer_12,64,52,"[64, 54, 39, 79, 'vir_52', 52]","[411, 361, 362, 'arc_79_vir_52', 'arc_vir_52_52']",12.37450773924548,0.24520397975040376,0,1
ev_3584,1230,ev_3584,shortest,Customer_63,Customer_20,64,52,"[64, 39, 79, 'vir_52', 52]","[359, 362, 'arc_79_vir_52', 'arc_vir_52_52']",12.146210332683474,0.22084018786697227,0,1
ev_3585,1230,ev_3585,detour_2,Customer_63,Customer_20,64,52,"[64, 30, 63, 'vir_52', 52]","[303, 304, 'arc_63_vir_52', 'arc_vir_52_52']",13.131265801710931,0.23875028730383513,0,1
ev_3586,1230,ev_3586,detour_3,Customer_63,Customer_20,64,52,"[64, 54, 39, 79, 'vir_52', 52]","[411, 361, 362, 'arc_79_vir_52', 'arc_vir_52_52']",12.37450773924548,0.24520397975040376,0,1
ev_3587,1231,ev_3587,shortest,Customer_63,Customer_53,64,52,"[64, 39, 79, 'vir_52', 52]","[359, 362, 'arc_79_vir_52', 'arc_vir_52_52']",12.146210332683474,0.22084018786697227,0,1
ev_3588,1231,ev_3588,detour_2,Customer_63,Customer_53,64,52,"[64, 30, 63, 'vir_52', 52]","[303, 304, 'arc_63_vir_52', 'arc_vir_52_52']",13.131265801710931,0.23875028730383513,0,1
ev_3589,1231,ev_3589,detour_3,Customer_63,Customer_53,64,52,"[64, 54, 39, 79, 'vir_52', 52]","[411, 361, 362, 'arc_79_vir_52', 'arc_vir_52_52']",12.37450773924548,0.24520397975040376,0,1
ev_3591,1232,ev_3591,avoid_congestion,Customer_63,Customer_55,64,48,"[64, 30, 'vir_53', 53, 48]","[303, 'arc_30_vir_53', 'arc_vir_53_53', 389]",10.758316630395214,0.211577961523151,0,1
ev_3593,1233,ev_3593,shortest,Customer_63,Customer_72,64,24,"[64, 39, 'vir_6', 6, 24]","[359, 'arc_39_vir_6', 'arc_vir_6_6', 78]",14.760664184730594,0.2683757124496472,0,1
ev_3594,1233,ev_3594,detour_2,Customer_63,Customer_72,64,24,"[64, 39, 79, 'vir_6', 6, 24]","[359, 362, 'arc_79_vir_6', 'arc_vir_6_6', 78]",15.395406632656556,0.2799164842301192,0,1
ev_3596,1234,ev_3596,shortest,Customer_63,Customer_43,64,0,"[64, 39, 79, 'vir_52', 52, 'vir_0', 0]","[359, 362, 'arc_79_vir_52', 'arc_vir_52_52', 'arc_52_vir_0', 'arc_vir_0_0']",15.270266099267221,0.2776412018048586,0,1
ev_3597,1234,ev_3597,detour_2,Customer_63,Customer_43,64,0,"[64, 30, 63, 'vir_52', 52, 'vir_0', 0]","[303, 304, 'arc_63_vir_52', 'arc_vir_52_52', 'arc_52_vir_0', 'arc_vir_0_0']",16.25532156829468,0.29555130124172146,0,1
ev_3598,1234,ev_3598,detour_3,Customer_63,Customer_43,64,0,"[64, 54, 39, 79, 'vir_52', 52, 'vir_0', 0]","[411, 361, 362, 'arc_79_vir_52', 'arc_vir_52_52', 'arc_52_vir_0', 'arc_vir_0_0']",15.498563505829228,0.30200499368829004,0,1
ev_3608,1240,ev_3608,shortest,Customer_64,Customer_70,64,53,"[64, 30, 'vir_53', 53]","[303, 'arc_30_vir_53', 'arc_vir_53_53']",6.531726816083715,0.1347308739902147,0,1
ev_3609,1240,ev_3609,detour_2,Customer_64,Customer_70,64,53,"[64, 12, 30, 'vir_53', 53]","[141, 148, 'arc_30_vir_53', 'arc_vir_53_53']",6.9266795589849215,0.14825952001514825,0,1
ev_3610,1240,ev_3610,detour_3,Customer_64,Customer_70,64,53,"[64, 12, 60, 'vir_53', 53]","[141, 150, 'arc_60_vir_53', 'arc_vir_53_53']",8.292717452351889,0.15712436801494598,0,1
ev_3632,1248,ev_3632,shortest,Customer_64,Customer_11,64,52,"[64, 39, 79, 'vir_52', 52]","[359, 362, 'arc_79_vir_52', 'arc_vir_52_52']",12.146210332683474,0.22084018786697227,0,1
ev_3633,1248,ev_3633,detour_2,Customer_64,Customer_11,64,52,"[64, 30, 63, 'vir_52', 52]","[303, 304, 'arc_63_vir_52', 'arc_vir_52_52']",13.131265801710931,0.23875028730383513,0,1
ev_3634,1248,ev_3634,detour_3,Customer_64,Customer_11,64,52,"[64, 54, 39, 79, 'vir_52', 52]","[411, 361, 362, 'arc_79_vir_52', 'arc_vir_52_52']",12.37450773924548,0.24520397975040376,0,1
ev_3635,1249,ev_3635,shortest,Customer_64,Customer_12,64,52,"[64, 39, 79, 'vir_52', 52]","[359, 362, 'arc_79_vir_52', 'arc_vir_52_52']",12.146210332683474,0.22084018786697227,0,1
ev_3636,1249,ev_3636,detour_2,Customer_64,Customer_12,64,52,"[64, 30, 63, 'vir_52', 52]","[303, 304, 'arc_63_vir_52', 'arc_vir_52_52']",13.131265801710931,0.23875028730383513,0,1
ev_3637,1249,ev_3637,detour_3,Customer_64,Customer_12,64,52,"[64, 54, 39, 79, 'vir_52', 52]","[411, 361, 362, 'arc_79_vir_52', 'arc_vir_52_52']",12.37450773924548,0.24520397975040376,0,1
ev_3638,1250,ev_3638,shortest,Customer_64,Customer_20,64,52,"[64, 39, 79, 'vir_52', 52]","[359, 362, 'arc_79_vir_52', 'arc_vir_52_52']",12.146210332683474,0.22084018786697227,0,1
ev_3639,1250,ev_3639,detour_2,Customer_64,Customer_20,64,52,"[64, 30, 63, 'vir_52', 52]","[303, 304, 'arc_63_vir_52', 'arc_vir_52_52']",13.131265801710931,0.23875028730383513,0,1
ev_3640,1250,ev_3640,detour_3,Customer_64,Customer_20,64,52,"[64, 54, 39, 79, 'vir_52', 52]","[411, 361, 362, 'arc_79_vir_52', 'arc_vir_52_52']",12.37450773924548,0.24520397975040376,0,1
ev_3641,1251,ev_3641,shortest,Customer_64,Customer_53,64,52,"[64, 39, 79, 'vir_52', 52]","[359, 362, 'arc_79_vir_52', 'arc_vir_52_52']",12.146210332683474,0.22084018786697227,0,1
ev_3642,1251,ev_3642,detour_2,Customer_64,Customer_53,64,52,"[64, 30, 63, 'vir_52', 52]","[303, 304, 'arc_63_vir_52', 'arc_vir_52_52']",13.131265801710931,0.23875028730383513,0,1
ev_3643,1251,ev_3643,detour_3,Customer_64,Customer_53,64,52,"[64, 54, 39, 79, 'vir_52', 52]","[411, 361, 362, 'arc_79_vir_52', 'arc_vir_52_52']",12.37450773924548,0.24520397975040376,0,1
ev_3645,1252,ev_3645,avoid_congestion,Customer_64,Customer_55,64,48,"[64, 30, 'vir_53', 53, 48]","[303, 'arc_30_vir_53', 'arc_vir_53_53', 389]",10.758316630395214,0.211577961523151,0,1
ev_3647,1253,ev_3647,shortest,Customer_64,Customer_72,64,24,"[64, 39, 'vir_6', 6, 24]","[359, 'arc_39_vir_6', 'arc_vir_6_6', 78]",14.760664184730594,0.2683757124496472,0,1
ev_3648,1253,ev_3648,detour_2,Customer_64,Customer_72,64,24,"[64, 39, 79, 'vir_6', 6, 24]","[359, 362, 'arc_79_vir_6', 'arc_vir_6_6', 78]",15.395406632656556,0.2799164842301192,0,1
ev_3650,1254,ev_3650,shortest,Customer_64,Customer_43,64,0,"[64, 39, 79, 'vir_52', 52, 'vir_0', 0]","[359, 362, 'arc_79_vir_52', 'arc_vir_52_52', 'arc_52_vir_0', 'arc_vir_0_0']",15.270266099267221,0.2776412018048586,0,1
ev_3651,1254,ev_3651,detour_2,Customer_64,Customer_43,64,0,"[64, 30, 63, 'vir_52', 52, 'vir_0', 0]","[303, 304, 'arc_63_vir_52', 'arc_vir_52_52', 'arc_52_vir_0', 'arc_vir_0_0']",16.25532156829468,0.29555130124172146,0,1
ev_3652,1254,ev_3652,detour_3,Customer_64,Customer_43,64,0,"[64, 54, 39, 79, 'vir_52', 52, 'vir_0', 0]","[411, 361, 362, 'arc_79_vir_52', 'arc_vir_52_52', 'arc_52_vir_0', 'arc_vir_0_0']",15.498563505829228,0.30200499368829004,0,1
ev_3656,1257,ev_3656,detour_2,Customer_65,Customer_9,47,34,"[47, 'vir_65', 65, 34]","['arc_47_vir_65', 'arc_vir_65_65', 327]",3.600998201395149,0.09002495503487873,1,1
ev_3661,1259,ev_3661,shortest,Customer_65,Customer_38,47,14,"[47, 'vir_14', 14]","['arc_47_vir_14', 'arc_vir_14_14']",2.2592410920418087,0.05648102730104522,0,1
ev_3662,1259,ev_3662,detour_2,Customer_65,Customer_38,47,14,"[47, 34, 'vir_14', 14]","[329, 'arc_34_vir_14', 'arc_vir_14_14']",2.914484769914634,0.07286211924786586,1,1
ev_3663,1259,ev_3663,detour_3,Customer_65,Customer_38,47,14,"[47, 'vir_65', 65, 'vir_14', 14]","['arc_47_vir_65', 'arc_vir_65_65', 'arc_65_vir_14', 'arc_vir_14_14']",5.236906374868708,0.10540037036343283,0,1
ev_3670,1262,ev_3670,shortest,Customer_65,Customer_33,47,4,"[47, 'vir_14', 14, 46, 50, 55, 4]","['arc_47_vir_14', 'arc_vir_14_14', 170, 384, 394, 47]",14.846845658411127,0.2853465648713964,2,1
ev_3671,1262,ev_3671,detour_2,Customer_65,Customer_33,47,4,"[47, 34, 'vir_14', 14, 46, 50, 55, 4]","[329, 'arc_34_vir_14', 'arc_vir_14_14', 170, 384, 394, 47]",15.502089336283952,0.30172765681821706,3,1
ev_3672,1262,ev_3672,detour_3,Customer_65,Customer_33,47,4,"[47, 'vir_14', 14, 46, 50, 55, 17, 4]","['arc_47_vir_14', 'arc_vir_14_14', 170, 384, 394, 199, 51]",14.955398490665488,0.30757522260516273,3,1
ev_3673,1263,ev_3673,shortest,Customer_65,Customer_32,47,46,"[47, 'vir_14', 14, 46]","['arc_47_vir_14', 'arc_vir_14_14', 170]",5.598376919642931,0.1171925878028838,0,1
ev_3674,1263,ev_3674,detour_2,Customer_65,Customer_32,47,46,"[47, 34, 'vir_14', 14, 46]","[329, 'arc_34_vir_14', 'arc_vir_14_14', 170]",6.253620597515756,0.13357367974970444,1,1
ev_3675,1263,ev_3675,detour_3,Customer_65,Customer_32,47,46,"[47, 'vir_65', 65, 'vir_14', 14, 46]","['arc_47_vir_65', 'arc_vir_65_65', 'arc_65_vir_14', 'arc_vir_14_14', 170]",8.576042202469829,0.1661119308652714,0,1
ev_3676,1264,ev_3676,shortest,Customer_65,Customer_49,47,46,"[47, 'vir_14', 14, 46]","['arc_47_vir_14', 'arc_vir_14_14', 170]",5.598376919642931,0.1171925878028838,0,1
ev_3677,1264,ev_3677,detour_2,Customer_65,Customer_49,47,46,"[47, 34, 'vir_14', 14, 46]","[329, 'arc_34_vir_14', 'arc_vir_14_14', 170]",6.253620597515756,0.13357367974970444,1,1
ev_3678,1264,ev_3678,detour_3,Customer_65,Customer_49,47,46,"[47, 'vir_65', 65, 'vir_14', 14, 46]","['arc_47_vir_65', 'arc_vir_65_65', 'arc_65_vir_14', 'arc_vir_14_14', 170]",8.576042202469829,0.1661119308652714,0,1
ev_3679,1265,ev_3679,shortest,Customer_65,Customer_14,47,17,"[47, 'vir_14', 14, 46, 50, 55, 17]","['arc_47_vir_14', 'arc_vir_14_14', 170, 384, 394, 199]",14.482175867183864,0.29574465701812214,2,1
ev_3680,1265,ev_3680,detour_2,Customer_65,Customer_14,47,17,"[47, 'vir_14', 14, 46, 50, 55, 4, 17]","['arc_47_vir_14', 'arc_vir_14_14', 170, 384, 394, 47, 50]",15.32006828189275,0.297177130458437,3,1
ev_3681,1265,ev_3681,detour_3,Customer_65,Customer_14,47,17,"[47, 'vir_14', 14, 46, 50, 'vir_74', 74, 17]","['arc_47_vir_14', 'arc_vir_14_14', 170, 384, 'arc_50_vir_74', 'arc_vir_74_74', 205]",16.22065667621726,0.31032494701332614,2,1
ev_3682,1266,ev_3682,shortest,Customer_65,Customer_29,47,17,"[47, 'vir_14', 14, 46, 50, 55, 17]","['arc_47_vir_14', 'arc_vir_14_14', 170, 384, 394, 199]",14.482175867183864,0.29574465701812214,2,1
ev_3683,1266,ev_3683,detour_2,Customer_65,Customer_29,47,17,"[47, 'vir_14', 14, 46, 50, 55, 4, 17]","['arc_47_vir_14', 'arc_vir_14_14', 170, 384, 394, 47, 50]",15.32006828189275,0.297177130458437,3,1
ev_3684,1266,ev_3684,detour_3,Customer_65,Customer_29,47,17,"[47, 'vir_14', 14, 46, 50, 'vir_74', 74, 17]","['arc_47_vir_14', 'arc_vir_14_14', 170, 384, 'arc_50_vir_74', 'arc_vir_74_74', 205]",16.22065667621726,0.31032494701332614,2,1
ev_3685,1267,ev_3685,shortest,Customer_65,Customer_31,47,17,"[47, 'vir_14', 14, 46, 50, 55, 17]","['arc_47_vir_14', 'arc_vir_14_14', 170, 384, 394, 199]",14.482175867183864,0.29574465701812214,2,1
ev_3686,1267,ev_3686,detour_2,Customer_65,Customer_31,47,17,"[47, 'vir_14', 14, 46, 50, 55, 4, 17]","['arc_47_vir_14', 'arc_vir_14_14', 170, 384, 394, 47, 50]",15.32006828189275,0.297177130458437,3,1
ev_3687,1267,ev_3687,detour_3,Customer_65,Customer_31,47,17,"[47, 'vir_14', 14, 46, 50, 'vir_74', 74, 17]","['arc_47_vir_14', 'arc_vir_14_14', 170, 384, 'arc_50_vir_74', 'arc_vir_74_74', 205]",16.22065667621726,0.31032494701332614,2,1
ev_3688,1268,ev_3688,shortest,Customer_65,Customer_2,47,55,"[47, 'vir_14', 14, 46, 50, 55]","['arc_47_vir_14', 'arc_vir_14_14', 170, 384, 394]",11.984669575724727,0.23330699973164373,1,1
ev_3689,1268,ev_3689,detour_2,Customer_65,Customer_2,47,55,"[47, 34, 'vir_14', 14, 46, 50, 55]","[329, 'arc_34_vir_14', 'arc_vir_14_14', 170, 384, 394]",12.639913253597552,0.24968809167846437,2,1
ev_3690,1268,ev_3690,detour_3,Customer_65,Customer_2,47,55,"[47, 'vir_14', 14, 46, 10, 50, 55]","['arc_47_vir_14', 'arc_vir_14_14', 170, 125, 120, 394]",14.234627712406207,0.2742153294894888,1,1
ev_3691,1269,ev_3691,shortest,Customer_65,Customer_27,47,33,"[47, 'vir_14', 14, 'vir_33', 33]","['arc_47_vir_14', 'arc_vir_14_14', 'arc_14_vir_33', 'arc_vir_33_33']",6.929036736743898,0.14138640265926503,0,1
ev_3692,1269,ev_3692,detour_2,Customer_65,Customer_27,47,33,"[47, 'vir_14', 14, 46, 'vir_33', 33]","['arc_47_vir_14', 'arc_vir_14_14', 170, 'arc_46_vir_33', 'arc_vir_33_33']",7.115337061895117,0.15511659135918845,0,1
ev_3693,1269,ev_3693,detour_3,Customer_65,Customer_27,47,33,"[47, 34, 'vir_14', 14, 'vir_33', 33]","[329, 'arc_34_vir_14', 'arc_vir_14_14', 'arc_14_vir_33', 'arc_vir_33_33']",7.584280414616724,0.15776749460608566,1,1
ev_3694,1270,ev_3694,shortest,Customer_65,Customer_79,47,33,"[47, 'vir_14', 14, 'vir_33', 33]","['arc_47_vir_14', 'arc_vir_14_14', 'arc_14_vir_33', 'arc_vir_33_33']",6.929036736743898,0.14138640265926503,0,1
ev_3695,1270,ev_3695,detour_2,Customer_65,Customer_79,47,33,"[47, 'vir_14', 14, 46, 'vir_33', 33]","['arc_47_vir_14', 'arc_vir_14_14', 170, 'arc_46_vir_33', 'arc_vir_33_33']",7.115337061895117,0.15511659135918845,0,1
ev_3696,1270,ev_3696,detour_3,Customer_65,Customer_79,47,33,"[47, 34, 'vir_14', 14, 'vir_33', 33]","[329, 'arc_34_vir_14', 'arc_vir_14_14', 'arc_14_vir_33', 'arc_vir_33_33']",7.584280414616724,0.15776749460608566,1,1
ev_3703,1273,ev_3703,shortest,Customer_65,Customer_55,47,48,"[47, 'vir_14', 14, 46, 50, 55, 4, 48]","['arc_47_vir_14', 'arc_vir_14_14', 170, 384, 394, 47, 52]",19.137478015872293,0.3633580622797813,3,1
ev_3704,1273,ev_3704,avoid_congestion,Customer_65,Customer_55,47,48,"[47, 1, 'vir_61', 61, 57, 77, 12, 30, 'vir_53', 53, 48]","[15, 'arc_1_vir_61', 'arc_vir_61_61', 429, 426, 145, 148, 'arc_30_vir_53', 'arc_vir_53_53', 389]",30.2769792464158,0.5664627363598889,0,1
ev_3705,1273,ev_3705,detour_2,Customer_65,Customer_55,47,48,"[47, 34, 'vir_14', 14, 46, 50, 55, 4, 48]","[329, 'arc_34_vir_14', 'arc_vir_14_14', 170, 384, 394, 47, 52]",19.79272169374512,0.3797391542266019,4,1
ev_3706,1273,ev_3706,detour_3,Customer_65,Customer_55,47,48,"[47, 'vir_14', 14, 46, 50, 55, 17, 4, 48]","['arc_47_vir_14', 'arc_vir_14_14', 170, 384, 394, 199, 51, 52]",19.246030848126654,0.3855867200135476,4,1
ev_3707,1274,ev_3707,shortest,Customer_65,Customer_35,47,8,"[47, 'vir_14', 14, 46, 50, 55, 8]","['arc_47_vir_14', 'arc_vir_14_14', 170, 384, 394, 103]",14.748703525880774,0.2835621624617537,2,1
ev_3708,1274,ev_3708,detour_2,Customer_65,Customer_35,47,8,"[47, 34, 'vir_14', 14, 46, 50, 55, 8]","[329, 'arc_34_vir_14', 'arc_vir_14_14', 170, 384, 394, 103]",15.4039472037536,0.29994325440857433,3,1
ev_3709,1274,ev_3709,detour_3,Customer_65,Customer_35,47,8,"[47, 'vir_14', 14, 46, 50, 'vir_74', 74, 8]","['arc_47_vir_14', 'arc_vir_14_14', 170, 384, 'arc_50_vir_74', 'arc_vir_74_74', 107]",15.583778537990543,0.3140250699980754,2,1
ev_3713,1276,ev_3713,detour_3,Customer_66,Customer_18,16,57,"[16, 'vir_61', 61, 57]","['arc_16_vir_61', 'arc_vir_61_61', 429]",6.598901503249266,0.11998002733180482,0,1
ev_3716,1277,ev_3716,detour_3,Customer_66,Customer_34,16,66,"[16, 'vir_61', 61, 66]","['arc_16_vir_61', 'arc_vir_61_61', 446]",5.500420696872644,0.11496144526376423,0,1
ev_3719,1278,ev_3719,detour_3,Customer_66,Customer_73,16,66,"[16, 'vir_61', 61, 66]","['arc_16_vir_61', 'arc_vir_61_61', 446]",5.500420696872644,0.11496144526376423,0,1
ev_3720,1279,ev_3720,shortest,Customer_66,Customer_1,16,1,"[16, 'vir_61', 61, 1]","['arc_16_vir_61', 'arc_vir_61_61', 11]",6.952539448254399,0.12640980815008,0,1
ev_3721,1279,ev_3721,detour_2,Customer_66,Customer_1,16,1,"[16, 57, 'vir_61', 61, 1]","[184, 'arc_57_vir_61', 'arc_vir_61_61', 11]",7.182925037410933,0.13227508194567028,0,1
ev_3723,1280,ev_3723,shortest,Customer_66,Customer_69,16,9,"[16, 'vir_61', 61, 1, 9]","['arc_16_vir_61', 'arc_vir_61_61', 11, 16]",8.39318519730658,0.16242595187638453,0,1
ev_3724,1280,ev_3724,detour_2,Customer_66,Customer_69,16,9,"[16, 57, 'vir_61', 61, 1, 9]","[184, 'arc_57_vir_61', 'arc_vir_61_61', 11, 16]",8.623570786463114,0.16829122567197483,0,1
ev_3726,1281,ev_3726,shortest,Customer_66,Customer_50,16,26,"[16, 'vir_61', 61, 1, 26]","['arc_16_vir_61', 'arc_vir_61_61', 11, 12]",9.54755390396192,0.173591889162944,0,1
ev_3727,1281,ev_3727,detour_2,Customer_66,Customer_50,16,26,"[16, 57, 'vir_61', 61, 1, 26]","[184, 'arc_57_vir_61', 'arc_vir_61_61', 11, 12]",9.777939493118454,0.1794571629585343,0,1
ev_3744,1287,ev_3744,shortest,Customer_66,Customer_30,16,47,"[16, 'vir_61', 61, 1, 47]","['arc_16_vir_61', 'arc_vir_61_61', 11, 14]",11.43765118178363,0.20795729421424786,0,1
ev_3745,1287,ev_3745,detour_2,Customer_66,Customer_30,16,47,"[16, 57, 'vir_61', 61, 1, 47]","[184, 'arc_57_vir_61', 'arc_vir_61_61', 11, 14]",11.668036770940166,0.21382256800983812,0,1
ev_3746,1287,ev_3746,detour_3,Customer_66,Customer_30,16,47,"[16, 'vir_61', 61, 1, 9, 47]","['arc_16_vir_61', 'arc_vir_61_61', 11, 16, 112]",11.462740957008103,0.2182360565982304,0,1
ev_3747,1288,ev_3747,shortest,Customer_66,Customer_60,16,47,"[16, 'vir_61', 61, 1, 47]","['arc_16_vir_61', 'arc_vir_61_61', 11, 14]",11.43765118178363,0.20795729421424786,0,1
ev_3748,1288,ev_3748,detour_2,Customer_66,Customer_60,16,47,"[16, 57, 'vir_61', 61, 1, 47]","[184, 'arc_57_vir_61', 'arc_vir_61_61', 11, 14]",11.668036770940166,0.21382256800983812,0,1
ev_3749,1288,ev_3749,detour_3,Customer_66,Customer_60,16,47,"[16, 'vir_61', 61, 1, 9, 47]","['arc_16_vir_61', 'arc_vir_61_61', 11, 16, 112]",11.462740957008103,0.2182360565982304,0,1
ev_3750,1289,ev_3750,shortest,Customer_66,Customer_65,16,47,"[16, 'vir_61', 61, 1, 47]","['arc_16_vir_61', 'arc_vir_61_61', 11, 14]",11.43765118178363,0.20795729421424786,0,1
ev_3751,1289,ev_3751,detour_2,Customer_66,Customer_65,16,47,"[16, 57, 'vir_61', 61, 1, 47]","[184, 'arc_57_vir_61', 'arc_vir_61_61', 11, 14]",11.668036770940166,0.21382256800983812,0,1
ev_3752,1289,ev_3752,detour_3,Customer_66,Customer_65,16,47,"[16, 'vir_61', 61, 1, 9, 47]","['arc_16_vir_61', 'arc_vir_61_61', 11, 16, 112]",11.462740957008103,0.2182360565982304,0,1
ev_3756,1291,ev_3756,shortest,Customer_66,Customer_36,16,62,"[16, 'vir_62', 62]","['arc_16_vir_62', 'arc_vir_62_62']",9.063213449963625,0.16478569909024773,0,1
ev_3757,1291,ev_3757,detour_2,Customer_66,Customer_36,16,62,"[16, 78, 'vir_62', 62]","[190, 'arc_78_vir_62', 'arc_vir_62_62']",9.06626138666686,0.16484111612121566,0,1
ev_3758,1291,ev_3758,detour_3,Customer_66,Customer_36,16,62,"[16, 57, 'vir_62', 62]","[184, 'arc_57_vir_62', 'arc_vir_62_62']",9.554957840801572,0.17540295109822737,0,1
ev_3759,1292,ev_3759,shortest,Customer_66,Customer_59,16,62,"[16, 'vir_62', 62]","['arc_16_vir_62', 'arc_vir_62_62']",9.063213449963625,0.16478569909024773,0,1
ev_3760,1292,ev_3760,detour_2,Customer_66,Customer_59,16,62,"[16, 78, 'vir_62', 62]","[190, 'arc_78_vir_62', 'arc_vir_62_62']",9.06626138666686,0.16484111612121566,0,1
ev_3761,1292,ev_3761,detour_3,Customer_66,Customer_59,16,62,"[16, 57, 'vir_62', 62]","[184, 'arc_57_vir_62', 'arc_vir_62_62']",9.554957840801572,0.17540295109822737,0,1
ev_3762,1293,ev_3762,shortest,Customer_66,Customer_62,16,62,"[16, 'vir_62', 62]","['arc_16_vir_62', 'arc_vir_62_62']",9.063213449963625,0.16478569909024773,0,1
ev_3763,1293,ev_3763,detour_2,Customer_66,Customer_62,16,62,"[16, 78, 'vir_62', 62]","[190, 'arc_78_vir_62', 'arc_vir_62_62']",9.06626138666686,0.16484111612121566,0,1
ev_3764,1293,ev_3764,detour_3,Customer_66,Customer_62,16,62,"[16, 57, 'vir_62', 62]","[184, 'arc_57_vir_62', 'arc_vir_62_62']",9.554957840801572,0.17540295109822737,0,1
ev_3765,1294,ev_3765,shortest,Customer_66,Customer_9,16,34,"[16, 'vir_61', 61, 1, 26, 34]","['arc_16_vir_61', 'arc_vir_61_61', 11, 12, 266]",12.334689900503376,0.22426708910006138,0,1
ev_3766,1294,ev_3766,detour_2,Customer_66,Customer_9,16,34,"[16, 'vir_61', 61, 1, 47, 34]","['arc_16_vir_61', 'arc_vir_61_61', 11, 14, 329]",12.309593806343697,0.2297558598282495,1,1
ev_3767,1294,ev_3767,detour_3,Customer_66,Customer_9,16,34,"[16, 57, 'vir_61', 61, 1, 26, 34]","[184, 'arc_57_vir_61', 'arc_vir_61_61', 11, 12, 266]",12.565075489659911,0.2301323628956517,0,1
ev_3790,1303,ev_3790,shortest,Customer_67,Customer_3,31,74,"[31, 'vir_74', 74]","['arc_31_vir_74', 'arc_vir_74_74']",3.2857050776793733,0.05974009232144315,1,1
ev_3791,1303,ev_3791,detour_2,Customer_67,Customer_3,31,74,"[31, 72, 'vir_74', 74]","[306, 'arc_72_vir_74', 'arc_vir_74_74']",3.2858464216437584,0.08214616054109397,2,1
ev_3792,1303,ev_3792,detour_3,Customer_67,Customer_3,31,74,"[31, 18, 72, 'vir_74', 74]","[207, 208, 'arc_72_vir_74', 'arc_vir_74_74']",3.656058476388929,0.09140146190972322,3,1
ev_3793,1304,ev_3793,shortest,Customer_67,Customer_42,31,74,"[31, 'vir_74', 74]","['arc_31_vir_74', 'arc_vir_74_74']",3.2857050776793733,0.05974009232144315,1,1
ev_3794,1304,ev_3794,detour_2,Customer_67,Customer_42,31,74,"[31, 72, 'vir_74', 74]","[306, 'arc_72_vir_74', 'arc_vir_74_74']",3.2858464216437584,0.08214616054109397,2,1
ev_3795,1304,ev_3795,detour_3,Customer_67,Customer_42,31,74,"[31, 18, 72, 'vir_74', 74]","[207, 208, 'arc_72_vir_74', 'arc_vir_74_74']",3.656058476388929,0.09140146190972322,3,1
ev_3796,1305,ev_3796,shortest,Customer_67,Customer_47,31,74,"[31, 'vir_74', 74]","['arc_31_vir_74', 'arc_vir_74_74']",3.2857050776793733,0.05974009232144315,1,1
ev_3797,1305,ev_3797,detour_2,Customer_67,Customer_47,31,74,"[31, 72, 'vir_74', 74]","[306, 'arc_72_vir_74', 'arc_vir_74_74']",3.2858464216437584,0.08214616054109397,2,1
ev_3798,1305,ev_3798,detour_3,Customer_67,Customer_47,31,74,"[31, 18, 72, 'vir_74', 74]","[207, 208, 'arc_72_vir_74', 'arc_vir_74_74']",3.656058476388929,0.09140146190972322,3,1
ev_3806,1308,ev_3806,detour_2,Customer_67,Customer_2,31,55,"[31, 'vir_74', 74, 55]","['arc_31_vir_74', 'arc_vir_74_74', 415]",4.736819527772882,0.09601795357378087,2,1
ev_3817,1312,ev_3817,shortest,Customer_67,Customer_77,31,28,"[31, 'vir_74', 74, 28]","['arc_31_vir_74', 'arc_vir_74_74', 285]",8.005693238015311,0.14555805887300566,2,1
ev_3826,1314,ev_3826,detour_3,Customer_67,Customer_48,31,27,"[31, 'vir_74', 74, 27]","['arc_31_vir_74', 'arc_vir_74_74', 279]",9.689316695172087,0.1761693944576743,2,1
ev_3831,1317,ev_3831,shortest,Customer_68,Customer_7,23,11,"[23, 'vir_51', 51, 11]","['arc_23_vir_51', 'arc_vir_51_51', 137]",18.17097759181213,0.33038141076022054,0,1
ev_3837,1319,ev_3837,shortest,Customer_68,Customer_43,23,0,"[23, 2, 'vir_0', 0]","[31, 'arc_2_vir_0', 'arc_vir_0_0']",15.109014805705161,0.2747093601037302,0,1
ev_3838,1319,ev_3838,detour_2,Customer_68,Customer_43,23,0,"[23, 41, 'vir_0', 0]","[246, 'arc_41_vir_0', 'arc_vir_0_0']",18.871669530274115,0.3431212641868021,0,1
ev_3839,1319,ev_3839,detour_3,Customer_68,Customer_43,23,0,"[23, 2, 24, 'vir_0', 0]","[31, 26, 'arc_24_vir_0', 'arc_vir_0_0']",19.368864633599703,0.3521611751563582,0,1
ev_3840,1320,ev_3840,shortest,Customer_68,Customer_76,23,0,"[23, 2, 'vir_0', 0]","[31, 'arc_2_vir_0', 'arc_vir_0_0']",15.109014805705161,0.2747093601037302,0,1
ev_3841,1320,ev_3841,detour_2,Customer_68,Customer_76,23,0,"[23, 41, 'vir_0', 0]","[246, 'arc_41_vir_0', 'arc_vir_0_0']",18.871669530274115,0.3431212641868021,0,1
ev_3842,1320,ev_3842,detour_3,Customer_68,Customer_76,23,0,"[23, 2, 24, 'vir_0', 0]","[31, 26, 'arc_24_vir_0', 'arc_vir_0_0']",19.368864633599703,0.3521611751563582,0,1
ev_3845,1321,ev_3845,detour_3,Customer_68,Customer_37,23,68,"[23, 'vir_51', 51, 68]","['arc_23_vir_51', 'arc_vir_51_51', 400]",20.960169730762225,0.3810939951047677,0,1
ev_3847,1322,ev_3847,detour_2,Customer_68,Customer_72,23,24,"[23, 2, 'vir_0', 0, 24]","[31, 'arc_2_vir_0', 'arc_vir_0_0', 2]",17.703238919042604,0.32187707125532006,0,1
ev_3848,1322,ev_3848,detour_3,Customer_68,Customer_72,23,24,"[23, 41, 'vir_0', 0, 24]","[246, 'arc_41_vir_0', 'arc_vir_0_0', 2]",21.465893643611558,0.39028897533839196,0,1
ev_3852,1324,ev_3852,shortest,Customer_68,Customer_11,23,52,"[23, 2, 'vir_52', 52]","[31, 'arc_2_vir_52', 'arc_vir_52_52']",17.8019919237126,0.3236725804311382,0,1
ev_3853,1324,ev_3853,detour_2,Customer_68,Customer_11,23,52,"[23, 2, 'vir_0', 0, 'vir_52', 52]","[31, 'arc_2_vir_0', 'arc_vir_0_0', 'arc_0_vir_52', 'arc_vir_52_52']",18.23307057228891,0.33151037404161654,0,1
ev_3854,1324,ev_3854,detour_3,Customer_68,Customer_11,23,52,"[23, 2, 24, 'vir_52', 52]","[31, 26, 'arc_24_vir_52', 'arc_vir_52_52']",21.315209799707873,0.38754926908559767,0,1
ev_3855,1325,ev_3855,shortest,Customer_68,Customer_12,23,52,"[23, 2, 'vir_52', 52]","[31, 'arc_2_vir_52', 'arc_vir_52_52']",17.8019919237126,0.3236725804311382,0,1
ev_3856,1325,ev_3856,detour_2,Customer_68,Customer_12,23,52,"[23, 2, 'vir_0', 0, 'vir_52', 52]","[31, 'arc_2_vir_0', 'arc_vir_0_0', 'arc_0_vir_52', 'arc_vir_52_52']",18.23307057228891,0.33151037404161654,0,1
ev_3857,1325,ev_3857,detour_3,Customer_68,Customer_12,23,52,"[23, 2, 24, 'vir_52', 52]","[31, 26, 'arc_24_vir_52', 'arc_vir_52_52']",21.315209799707873,0.38754926908559767,0,1
ev_3858,1326,ev_3858,shortest,Customer_68,Customer_20,23,52,"[23, 2, 'vir_52', 52]","[31, 'arc_2_vir_52', 'arc_vir_52_52']",17.8019919237126,0.3236725804311382,0,1
ev_3859,1326,ev_3859,detour_2,Customer_68,Customer_20,23,52,"[23, 2, 'vir_0', 0, 'vir_52', 52]","[31, 'arc_2_vir_0', 'arc_vir_0_0', 'arc_0_vir_52', 'arc_vir_52_52']",18.23307057228891,0.33151037404161654,0,1
ev_3860,1326,ev_3860,detour_3,Customer_68,Customer_20,23,52,"[23, 2, 24, 'vir_52', 52]","[31, 26, 'arc_24_vir_52', 'arc_vir_52_52']",21.315209799707873,0.38754926908559767,0,1
ev_3861,1327,ev_3861,shortest,Customer_68,Customer_53,23,52,"[23, 2, 'vir_52', 52]","[31, 'arc_2_vir_52', 'arc_vir_52_52']",17.8019919237126,0.3236725804311382,0,1
ev_3862,1327,ev_3862,detour_2,Customer_68,Customer_53,23,52,"[23, 2, 'vir_0', 0, 'vir_52', 52]","[31, 'arc_2_vir_0', 'arc_vir_0_0', 'arc_0_vir_52', 'arc_vir_52_52']",18.23307057228891,0.33151037404161654,0,1
ev_3863,1327,ev_3863,detour_3,Customer_68,Customer_53,23,52,"[23, 2, 24, 'vir_52', 52]","[31, 26, 'arc_24_vir_52', 'arc_vir_52_52']",21.315209799707873,0.38754926908559767,0,1
ev_3882,1334,ev_3882,shortest,Customer_69,Customer_38,9,14,"[9, 26, 'vir_14', 14]","[108, 'arc_26_vir_14', 'arc_vir_14_14']",4.348053421357689,0.0869330145969739,0,1
ev_3883,1334,ev_3883,detour_2,Customer_69,Customer_38,9,14,"[9, 47, 'vir_14', 14]","[112, 'arc_47_vir_14', 'arc_vir_14_14']",5.328796851743331,0.11229113202289108,0,1
ev_3884,1334,ev_3884,detour_3,Customer_69,Customer_38,9,14,"[9, 34, 'vir_14', 14]","[110, 'arc_34_vir_14', 'arc_vir_14_14']",5.93167804108802,0.12177511537447241,0,1
ev_3886,1335,ev_3886,detour_2,Customer_69,Customer_34,9,66,"[9, 1, 'vir_61', 61, 66]","[17, 'arc_1_vir_61', 'arc_vir_61_61', 446]",7.279211394484006,0.15712567896387203,0,1
ev_3889,1336,ev_3889,detour_2,Customer_69,Customer_73,9,66,"[9, 1, 'vir_61', 61, 66]","[17, 'arc_1_vir_61', 'arc_vir_61_61', 446]",7.279211394484006,0.15712567896387203,0,1
ev_3891,1337,ev_3891,shortest,Customer_69,Customer_18,9,57,"[9, 1, 'vir_61', 61, 57]","[17, 'arc_1_vir_61', 'arc_vir_61_61', 429]",8.377692200860627,0.16214426103191265,0,1
ev_3892,1337,ev_3892,detour_2,Customer_69,Customer_18,9,57,"[9, 1, 'vir_61', 61, 16, 57]","[17, 'arc_1_vir_61', 'arc_vir_61_61', 189, 184]",8.63906378290907,0.16857291651644674,0,1
ev_3894,1338,ev_3894,shortest,Customer_69,Customer_28,9,16,"[9, 1, 'vir_61', 61, 16]","[17, 'arc_1_vir_61', 'arc_vir_61_61', 189]",8.39318519730658,0.16242595187638453,0,1
ev_3895,1338,ev_3895,detour_2,Customer_69,Customer_28,9,16,"[9, 1, 'vir_61', 61, 57, 16]","[17, 'arc_1_vir_61', 'arc_vir_61_61', 429, 185]",8.623570786463116,0.16829122567197485,0,1
ev_3897,1339,ev_3897,shortest,Customer_69,Customer_66,9,16,"[9, 1, 'vir_61', 61, 16]","[17, 'arc_1_vir_61', 'arc_vir_61_61', 189]",8.39318519730658,0.16242595187638453,0,1
ev_3898,1339,ev_3898,detour_2,Customer_69,Customer_66,9,16,"[9, 1, 'vir_61', 61, 57, 16]","[17, 'arc_1_vir_61', 'arc_vir_61_61', 429, 185]",8.623570786463116,0.16829122567197485,0,1
ev_3900,1340,ev_3900,shortest,Customer_69,Customer_32,9,46,"[9, 26, 'vir_14', 14, 46]","[108, 'arc_26_vir_14', 'arc_vir_14_14', 170]",7.687189248958811,0.14764457509881249,0,1
ev_3901,1340,ev_3901,detour_2,Customer_69,Customer_32,9,46,"[9, 47, 'vir_14', 14, 46]","[112, 'arc_47_vir_14', 'arc_vir_14_14', 170]",8.667932679344453,0.17300269252472966,0,1
ev_3902,1340,ev_3902,detour_3,Customer_69,Customer_32,9,46,"[9, 34, 'vir_14', 14, 46]","[110, 'arc_34_vir_14', 'arc_vir_14_14', 170]",9.270813868689142,0.18248667587631098,0,1
ev_3903,1341,ev_3903,shortest,Customer_69,Customer_49,9,46,"[9, 26, 'vir_14', 14, 46]","[108, 'arc_26_vir_14', 'arc_vir_14_14', 170]",7.687189248958811,0.14764457509881249,0,1
ev_3904,1341,ev_3904,detour_2,Customer_69,Customer_49,9,46,"[9, 47, 'vir_14', 14, 46]","[112, 'arc_47_vir_14', 'arc_vir_14_14', 170]",8.667932679344453,0.17300269252472966,0,1
ev_3905,1341,ev_3905,detour_3,Customer_69,Customer_49,9,46,"[9, 34, 'vir_14', 14, 46]","[110, 'arc_34_vir_14', 'arc_vir_14_14', 170]",9.270813868689142,0.18248667587631098,0,1
ev_3906,1342,ev_3906,shortest,Customer_69,Customer_33,9,4,"[9, 26, 'vir_14', 14, 46, 50, 55, 4]","[108, 'arc_26_vir_14', 'arc_vir_14_14', 170, 384, 394, 47]",16.935657987727005,0.3157985521673251,2,1
ev_3907,1342,ev_3907,detour_2,Customer_69,Customer_33,9,4,"[9, 26, 'vir_14', 14, 46, 50, 55, 17, 4]","[108, 'arc_26_vir_14', 'arc_vir_14_14', 170, 384, 394, 199, 51]",17.04421081998137,0.3380272099010914,3,1
ev_3908,1342,ev_3908,detour_3,Customer_69,Customer_33,9,4,"[9, 47, 'vir_14', 14, 46, 50, 55, 4]","[112, 'arc_47_vir_14', 'arc_vir_14_14', 170, 384, 394, 47]",17.91640141811265,0.3411566695932423,2,1
ev_3909,1343,ev_3909,shortest,Customer_69,Customer_27,9,33,"[9, 26, 'vir_14', 14, 'vir_33', 33]","[108, 'arc_26_vir_14', 'arc_vir_14_14', 'arc_14_vir_33', 'arc_vir_33_33']",9.017849066059778,0.1718383899551937,0,1
ev_3910,1343,ev_3910,detour_2,Customer_69,Customer_27,9,33,"[9, 26, 'vir_14', 14, 46, 'vir_33', 33]","[108, 'arc_26_vir_14', 'arc_vir_14_14', 170, 'arc_46_vir_33', 'arc_vir_33_33']",9.204149391210997,0.18556857865511714,0,1
ev_3911,1343,ev_3911,detour_3,Customer_69,Customer_27,9,33,"[9, 47, 'vir_14', 14, 'vir_33', 33]","[112, 'arc_47_vir_14', 'arc_vir_14_14', 'arc_14_vir_33', 'arc_vir_33_33']",9.99859249644542,0.19719650738111089,0,1
ev_3912,1344,ev_3912,shortest,Customer_69,Customer_79,9,33,"[9, 26, 'vir_14', 14, 'vir_33', 33]","[108, 'arc_26_vir_14', 'arc_vir_14_14', 'arc_14_vir_33', 'arc_vir_33_33']",9.017849066059778,0.1718383899551937,0,1
ev_3913,1344,ev_3913,detour_2,Customer_69,Customer_79,9,33,"[9, 26, 'vir_14', 14, 46, 'vir_33', 33]","[108, 'arc_26_vir_14', 'arc_vir_14_14', 170, 'arc_46_vir_33', 'arc_vir_33_33']",9.204149391210997,0.18556857865511714,0,1
ev_3914,1344,ev_3914,detour_3,Customer_69,Customer_79,9,33,"[9, 47, 'vir_14', 14, 'vir_33', 33]","[112, 'arc_47_vir_14', 'arc_vir_14_14', 'arc_14_vir_33', 'arc_vir_33_33']",9.99859249644542,0.19719650738111089,0,1
ev_3915,1345,ev_3915,shortest,Customer_69,Customer_14,9,17,"[9, 26, 'vir_14', 14, 46, 50, 55, 17]","[108, 'arc_26_vir_14', 'arc_vir_14_14', 170, 384, 394, 199]",16.570988196499744,0.3261966443140508,2,1
ev_3916,1345,ev_3916,detour_2,Customer_69,Customer_14,9,17,"[9, 26, 'vir_14', 14, 46, 50, 55, 4, 17]","[108, 'arc_26_vir_14', 'arc_vir_14_14', 170, 384, 394, 47, 50]",17.40888061120863,0.3276291177543657,3,1
ev_3917,1345,ev_3917,detour_3,Customer_69,Customer_14,9,17,"[9, 26, 'vir_14', 14, 46, 50, 'vir_74', 74, 17]","[108, 'arc_26_vir_14', 'arc_vir_14_14', 170, 384, 'arc_50_vir_74', 'arc_vir_74_74', 205]",18.30946900553314,0.3407769343092548,2,1
ev_3918,1346,ev_3918,shortest,Customer_69,Customer_29,9,17,"[9, 26, 'vir_14', 14, 46, 50, 55, 17]","[108, 'arc_26_vir_14', 'arc_vir_14_14', 170, 384, 394, 199]",16.570988196499744,0.3261966443140508,2,1
ev_3919,1346,ev_3919,detour_2,Customer_69,Customer_29,9,17,"[9, 26, 'vir_14', 14, 46, 50, 55, 4, 17]","[108, 'arc_26_vir_14', 'arc_vir_14_14', 170, 384, 394, 47, 50]",17.40888061120863,0.3276291177543657,3,1
ev_3920,1346,ev_3920,detour_3,Customer_69,Customer_29,9,17,"[9, 26, 'vir_14', 14, 46, 50, 'vir_74', 74, 17]","[108, 'arc_26_vir_14', 'arc_vir_14_14', 170, 384, 'arc_50_vir_74', 'arc_vir_74_74', 205]",18.30946900553314,0.3407769343092548,2,1
ev_3921,1347,ev_3921,shortest,Customer_69,Customer_31,9,17,"[9, 26, 'vir_14', 14, 46, 50, 55, 17]","[108, 'arc_26_vir_14', 'arc_vir_14_14', 170, 384, 394, 199]",16.570988196499744,0.3261966443140508,2,1
ev_3922,1347,ev_3922,detour_2,Customer_69,Customer_31,9,17,"[9, 26, 'vir_14', 14, 46, 50, 55, 4, 17]","[108, 'arc_26_vir_14', 'arc_vir_14_14', 170, 384, 394, 47, 50]",17.40888061120863,0.3276291177543657,3,1
ev_3923,1347,ev_3923,detour_3,Customer_69,Customer_31,9,17,"[9, 26, 'vir_14', 14, 46, 50, 'vir_74', 74, 17]","[108, 'arc_26_vir_14', 'arc_vir_14_14', 170, 384, 'arc_50_vir_74', 'arc_vir_74_74', 205]",18.30946900553314,0.3407769343092548,2,1
ev_3945,1355,ev_3945,shortest,Customer_70,Customer_11,53,52,"[53, 63, 'vir_52', 52]","[408, 'arc_63_vir_52', 'arc_vir_52_52']",7.75206959993009,0.1409467199987289,0,1
ev_3946,1355,ev_3946,detour_2,Customer_70,Customer_11,53,52,"[53, 63, 13, 'vir_52', 52]","[408, 153, 'arc_13_vir_52', 'arc_vir_52_52']",9.031862143683295,0.17717775289650262,0,1
ev_3947,1355,ev_3947,detour_3,Customer_70,Customer_11,53,52,"[53, 60, 63, 'vir_52', 52]","[406, 444, 'arc_63_vir_52', 'arc_vir_52_52']",11.390135932632791,0.20709338059332347,0,1
ev_3948,1356,ev_3948,shortest,Customer_70,Customer_12,53,52,"[53, 63, 'vir_52', 52]","[408, 'arc_63_vir_52', 'arc_vir_52_52']",7.75206959993009,0.1409467199987289,0,1
ev_3949,1356,ev_3949,detour_2,Customer_70,Customer_12,53,52,"[53, 63, 13, 'vir_52', 52]","[408, 153, 'arc_13_vir_52', 'arc_vir_52_52']",9.031862143683295,0.17717775289650262,0,1
ev_3950,1356,ev_3950,detour_3,Customer_70,Customer_12,53,52,"[53, 60, 63, 'vir_52', 52]","[406, 444, 'arc_63_vir_52', 'arc_vir_52_52']",11.390135932632791,0.20709338059332347,0,1
ev_3951,1357,ev_3951,shortest,Customer_70,Customer_20,53,52,"[53, 63, 'vir_52', 52]","[408, 'arc_63_vir_52', 'arc_vir_52_52']",7.75206959993009,0.1409467199987289,0,1
ev_3952,1357,ev_3952,detour_2,Customer_70,Customer_20,53,52,"[53, 63, 13, 'vir_52', 52]","[408, 153, 'arc_13_vir_52', 'arc_vir_52_52']",9.031862143683295,0.17717775289650262,0,1
ev_3953,1357,ev_3953,detour_3,Customer_70,Customer_20,53,52,"[53, 60, 63, 'vir_52', 52]","[406, 444, 'arc_63_vir_52', 'arc_vir_52_52']",11.390135932632791,0.20709338059332347,0,1
ev_3954,1358,ev_3954,shortest,Customer_70,Customer_53,53,52,"[53, 63, 'vir_52', 52]","[408, 'arc_63_vir_52', 'arc_vir_52_52']",7.75206959993009,0.1409467199987289,0,1
ev_3955,1358,ev_3955,detour_2,Customer_70,Customer_53,53,52,"[53, 63, 13, 'vir_52', 52]","[408, 153, 'arc_13_vir_52', 'arc_vir_52_52']",9.031862143683295,0.17717775289650262,0,1
ev_3956,1358,ev_3956,detour_3,Customer_70,Customer_53,53,52,"[53, 60, 63, 'vir_52', 52]","[406, 444, 'arc_63_vir_52', 'arc_vir_52_52']",11.390135932632791,0.20709338059332347,0,1
ev_3960,1360,ev_3960,shortest,Customer_70,Customer_5,53,7,"[53, 63, 'vir_45', 45, 7]","[408, 'arc_63_vir_45', 'arc_vir_45_45', 85]",9.828620224958978,0.17870218590834505,0,1
ev_3962,1360,ev_3962,detour_3,Customer_70,Customer_5,53,7,"[53, 63, 13, 'vir_44', 44, 7]","[408, 153, 'arc_13_vir_44', 'arc_vir_44_44', 83]",9.556098325676025,0.18942910035078026,0,1
ev_3996,1372,ev_3996,shortest,Customer_71,Customer_3,32,74,"[32, 55, 'vir_74', 74]","[316, 'arc_55_vir_74', 'arc_vir_74_74']",5.682041004408014,0.11320379860351054,2,1
ev_3997,1372,ev_3997,avoid_congestion,Customer_71,Customer_3,32,74,"[32, 10, 50, 'vir_74', 74]","[119, 120, 'arc_50_vir_74', 'arc_vir_74_74']",9.631232751036055,0.17511332274611008,1,1
ev_3998,1372,ev_3998,detour_2,Customer_71,Customer_3,32,74,"[32, 50, 'vir_74', 74]","[318, 'arc_50_vir_74', 'arc_vir_74_74']",7.019697232865088,0.12763085877936525,2,1
ev_3999,1372,ev_3999,detour_3,Customer_71,Customer_3,32,74,"[32, 50, 55, 'vir_74', 74]","[318, 394, 'arc_55_vir_74', 'arc_vir_74_74']",7.112729127060578,0.13921630992446626,3,1
ev_4000,1373,ev_4000,shortest,Customer_71,Customer_42,32,74,"[32, 55, 'vir_74', 74]","[316, 'arc_55_vir_74', 'arc_vir_74_74']",5.682041004408014,0.11320379860351054,2,1
ev_4001,1373,ev_4001,avoid_congestion,Customer_71,Customer_42,32,74,"[32, 10, 50, 'vir_74', 74]","[119, 120, 'arc_50_vir_74', 'arc_vir_74_74']",9.631232751036055,0.17511332274611008,1,1
ev_4002,1373,ev_4002,detour_2,Customer_71,Customer_42,32,74,"[32, 50, 'vir_74', 74]","[318, 'arc_50_vir_74', 'arc_vir_74_74']",7.019697232865088,0.12763085877936525,2,1
ev_4003,1373,ev_4003,detour_3,Customer_71,Customer_42,32,74,"[32, 50, 55, 'vir_74', 74]","[318, 394, 'arc_55_vir_74', 'arc_vir_74_74']",7.112729127060578,0.13921630992446626,3,1
ev_4004,1374,ev_4004,shortest,Customer_71,Customer_47,32,74,"[32, 55, 'vir_74', 74]","[316, 'arc_55_vir_74', 'arc_vir_74_74']",5.682041004408014,0.11320379860351054,2,1
ev_4005,1374,ev_4005,avoid_congestion,Customer_71,Customer_47,32,74,"[32, 10, 50, 'vir_74', 74]","[119, 120, 'arc_50_vir_74', 'arc_vir_74_74']",9.631232751036055,0.17511332274611008,1,1
ev_4006,1374,ev_4006,detour_2,Customer_71,Customer_47,32,74,"[32, 50, 'vir_74', 74]","[318, 'arc_50_vir_74', 'arc_vir_74_74']",7.019697232865088,0.12763085877936525,2,1
ev_4007,1374,ev_4007,detour_3,Customer_71,Customer_47,32,74,"[32, 50, 55, 'vir_74', 74]","[318, 394, 'arc_55_vir_74', 'arc_vir_74_74']",7.112729127060578,0.13921630992446626,3,1
ev_4016,1377,ev_4016,detour_3,Customer_71,Customer_32,32,46,"[32, 10, 'vir_33', 33, 46]","[119, 'arc_10_vir_33', 'arc_vir_33_33', 324]",7.159047109323031,0.14050740295759273,0,1
ev_4019,1378,ev_4019,detour_3,Customer_71,Customer_49,32,46,"[32, 10, 'vir_33', 33, 46]","[119, 'arc_10_vir_33', 'arc_vir_33_33', 324]",7.159047109323031,0.14050740295759273,0,1
ev_4022,1379,ev_4022,detour_3,Customer_71,Customer_77,32,28,"[32, 55, 'vir_74', 74, 28]","[316, 'arc_55_vir_74', 'arc_vir_74_74', 285]",10.402029164743952,0.19902176515507305,3,1
ev_4023,1380,ev_4023,shortest,Customer_71,Customer_27,32,33,"[32, 10, 'vir_33', 33]","[119, 'arc_10_vir_33', 'arc_vir_33_33']",5.642086967070845,0.10258339940128808,0,1
ev_4024,1380,ev_4024,detour_2,Customer_71,Customer_27,32,33,"[32, 10, 46, 'vir_33', 33]","[119, 124, 'arc_46_vir_33', 'arc_vir_33_33']",7.101430604638146,0.1394598301451403,0,1
ev_4025,1380,ev_4025,detour_3,Customer_71,Customer_27,32,33,"[32, 76, 10, 'vir_33', 33]","[314, 123, 'arc_10_vir_33', 'arc_vir_33_33']",7.3738009484318585,0.14267931728060937,0,1
ev_4026,1381,ev_4026,shortest,Customer_71,Customer_79,32,33,"[32, 10, 'vir_33', 33]","[119, 'arc_10_vir_33', 'arc_vir_33_33']",5.642086967070845,0.10258339940128808,0,1
ev_4027,1381,ev_4027,detour_2,Customer_71,Customer_79,32,33,"[32, 10, 46, 'vir_33', 33]","[119, 124, 'arc_46_vir_33', 'arc_vir_33_33']",7.101430604638146,0.1394598301451403,0,1
ev_4028,1381,ev_4028,detour_3,Customer_71,Customer_79,32,33,"[32, 76, 10, 'vir_33', 33]","[314, 123, 'arc_10_vir_33', 'arc_vir_33_33']",7.3738009484318585,0.14267931728060937,0,1
ev_4031,1382,ev_4031,detour_2,Customer_71,Customer_15,32,72,"[32, 55, 'vir_74', 74, 72]","[316, 'arc_55_vir_74', 'arc_vir_74_74', 461]",6.902134109705134,0.14370612623593854,3,1
ev_4048,1388,ev_4048,shortest,Customer_72,Customer_43,24,0,"[24, 'vir_0', 0]","['arc_24_vir_0', 'arc_vir_0_0']",2.5942241133374417,0.04716771115158985,0,1
ev_4049,1388,ev_4049,detour_2,Customer_72,Customer_43,24,0,"[24, 'vir_52', 52, 'vir_0', 0]","['arc_24_vir_52', 'arc_vir_52_52', 'arc_52_vir_0', 'arc_vir_0_0']",7.66462504602936,0.13935681901871563,0,1
ev_4050,1388,ev_4050,detour_3,Customer_72,Customer_43,24,0,"[24, 2, 'vir_0', 0]","[27, 'arc_2_vir_0', 'arc_vir_0_0']",9.233751405974544,0.1678863891995372,0,1
ev_4051,1389,ev_4051,shortest,Customer_72,Customer_76,24,0,"[24, 'vir_0', 0]","['arc_24_vir_0', 'arc_vir_0_0']",2.5942241133374417,0.04716771115158985,0,1
ev_4052,1389,ev_4052,detour_2,Customer_72,Customer_76,24,0,"[24, 'vir_52', 52, 'vir_0', 0]","['arc_24_vir_52', 'arc_vir_52_52', 'arc_52_vir_0', 'arc_vir_0_0']",7.66462504602936,0.13935681901871563,0,1
ev_4053,1389,ev_4053,detour_3,Customer_72,Customer_76,24,0,"[24, 2, 'vir_0', 0]","[27, 'arc_2_vir_0', 'arc_vir_0_0']",9.233751405974544,0.1678863891995372,0,1
ev_4054,1390,ev_4054,shortest,Customer_72,Customer_11,24,52,"[24, 'vir_52', 52]","['arc_24_vir_52', 'arc_vir_52_52']",4.540569279445613,0.08255580508082933,0,1
ev_4055,1390,ev_4055,detour_2,Customer_72,Customer_11,24,52,"[24, 'vir_0', 0, 'vir_52', 52]","['arc_24_vir_0', 'arc_vir_0_0', 'arc_0_vir_52', 'arc_vir_52_52']",5.718279879921189,0.10396872508947616,0,1
ev_4056,1390,ev_4056,detour_3,Customer_72,Customer_11,24,52,"[24, 2, 'vir_52', 52]","[27, 'arc_2_vir_52', 'arc_vir_52_52']",11.926728523981984,0.21684960952694515,0,1
ev_4057,1391,ev_4057,shortest,Customer_72,Customer_12,24,52,"[24, 'vir_52', 52]","['arc_24_vir_52', 'arc_vir_52_52']",4.540569279445613,0.08255580508082933,0,1
ev_4058,1391,ev_4058,detour_2,Customer_72,Customer_12,24,52,"[24, 'vir_0', 0, 'vir_52', 52]","['arc_24_vir_0', 'arc_vir_0_0', 'arc_0_vir_52', 'arc_vir_52_52']",5.718279879921189,0.10396872508947616,0,1
ev_4059,1391,ev_4059,detour_3,Customer_72,Customer_12,24,52,"[24, 2, 'vir_52', 52]","[27, 'arc_2_vir_52', 'arc_vir_52_52']",11.926728523981984,0.21684960952694515,0,1
ev_4060,1392,ev_4060,shortest,Customer_72,Customer_20,24,52,"[24, 'vir_52', 52]","['arc_24_vir_52', 'arc_vir_52_52']",4.540569279445613,0.08255580508082933,0,1
ev_4061,1392,ev_4061,detour_2,Customer_72,Customer_20,24,52,"[24, 'vir_0', 0, 'vir_52', 52]","['arc_24_vir_0', 'arc_vir_0_0', 'arc_0_vir_52', 'arc_vir_52_52']",5.718279879921189,0.10396872508947616,0,1
ev_4062,1392,ev_4062,detour_3,Customer_72,Customer_20,24,52,"[24, 2, 'vir_52', 52]","[27, 'arc_2_vir_52', 'arc_vir_52_52']",11.926728523981984,0.21684960952694515,0,1
ev_4063,1393,ev_4063,shortest,Customer_72,Customer_53,24,52,"[24, 'vir_52', 52]","['arc_24_vir_52', 'arc_vir_52_52']",4.540569279445613,0.08255580508082933,0,1
ev_4064,1393,ev_4064,detour_2,Customer_72,Customer_53,24,52,"[24, 'vir_0', 0, 'vir_52', 52]","['arc_24_vir_0', 'arc_vir_0_0', 'arc_0_vir_52', 'arc_vir_52_52']",5.718279879921189,0.10396872508947616,0,1
ev_4065,1393,ev_4065,detour_3,Customer_72,Customer_53,24,52,"[24, 2, 'vir_52', 52]","[27, 'arc_2_vir_52', 'arc_vir_52_52']",11.926728523981984,0.21684960952694515,0,1
ev_4066,1394,ev_4066,shortest,Customer_72,Customer_8,24,63,"[24, 'vir_52', 52, 63]","['arc_24_vir_52', 'arc_vir_52_52', 402]",9.231907347476824,0.167852860863215,0,1
ev_4067,1394,ev_4067,detour_2,Customer_72,Customer_8,24,63,"[24, 'vir_0', 0, 'vir_52', 52, 63]","['arc_24_vir_0', 'arc_vir_0_0', 'arc_0_vir_52', 'arc_vir_52_52', 402]",10.4096179479524,0.1892657808718618,0,1
ev_4068,1394,ev_4068,detour_3,Customer_72,Customer_8,24,63,"[24, 'vir_52', 52, 13, 63]","['arc_24_vir_52', 'arc_vir_52_52', 157, 152]",10.511699891230029,0.2040838937609887,0,1
ev_4069,1395,ev_4069,shortest,Customer_72,Customer_23,24,39,"[24, 'vir_6', 6, 39]","['arc_24_vir_6', 'arc_vir_6_6', 80]",12.024398532554665,0.2186254278646303,0,1
ev_4070,1395,ev_4070,detour_2,Customer_72,Customer_23,24,39,"[24, 'vir_6', 6, 79, 39]","['arc_24_vir_6', 'arc_vir_6_6', 76, 363]",12.659140980480627,0.23016619964510232,0,1
ev_4072,1396,ev_4072,shortest,Customer_72,Customer_70,24,53,"[24, 'vir_52', 52, 63, 'vir_53', 53]","['arc_24_vir_52', 'arc_vir_52_52', 402, 'arc_63_vir_53', 'arc_vir_53_53']",12.292638879375703,0.22350252507955826,0,1
ev_4073,1396,ev_4073,detour_2,Customer_72,Customer_70,24,53,"[24, 'vir_0', 0, 'vir_52', 52, 63, 'vir_53', 53]","['arc_24_vir_0', 'arc_vir_0_0', 'arc_0_vir_52', 'arc_vir_52_52', 402, 'arc_63_vir_53', 'arc_vir_53_53']",13.47034947985128,0.24491544508820506,0,1
ev_4074,1396,ev_4074,detour_3,Customer_72,Customer_70,24,53,"[24, 'vir_52', 52, 13, 63, 'vir_53', 53]","['arc_24_vir_52', 'arc_vir_52_52', 157, 152, 'arc_63_vir_53', 'arc_vir_53_53']",13.572431423128908,0.25973355797733194,0,1
ev_4075,1397,ev_4075,shortest,Customer_72,Customer_16,24,64,"[24, 'vir_6', 6, 39, 64]","['arc_24_vir_6', 'arc_vir_6_6', 80, 358]",14.760664184730594,0.2683757124496472,0,1
ev_4076,1397,ev_4076,detour_2,Customer_72,Customer_16,24,64,"[24, 'vir_6', 6, 79, 39, 64]","['arc_24_vir_6', 'arc_vir_6_6', 76, 363, 358]",15.395406632656556,0.2799164842301192,0,1
ev_4078,1398,ev_4078,shortest,Customer_72,Customer_56,24,64,"[24, 'vir_6', 6, 39, 64]","['arc_24_vir_6', 'arc_vir_6_6', 80, 358]",14.760664184730594,0.2683757124496472,0,1
ev_4079,1398,ev_4079,detour_2,Customer_72,Customer_56,24,64,"[24, 'vir_6', 6, 79, 39, 64]","['arc_24_vir_6', 'arc_vir_6_6', 76, 363, 358]",15.395406632656556,0.2799164842301192,0,1
ev_4081,1399,ev_4081,shortest,Customer_72,Customer_63,24,64,"[24, 'vir_6', 6, 39, 64]","['arc_24_vir_6', 'arc_vir_6_6', 80, 358]",14.760664184730594,0.2683757124496472,0,1
ev_4082,1399,ev_4082,detour_2,Customer_72,Customer_63,24,64,"[24, 'vir_6', 6, 79, 39, 64]","['arc_24_vir_6', 'arc_vir_6_6', 76, 363, 358]",15.395406632656556,0.2799164842301192,0,1
ev_4084,1400,ev_4084,shortest,Customer_72,Customer_64,24,64,"[24, 'vir_6', 6, 39, 64]","['arc_24_vir_6', 'arc_vir_6_6', 80, 358]",14.760664184730594,0.2683757124496472,0,1
ev_4085,1400,ev_4085,detour_2,Customer_72,Customer_64,24,64,"[24, 'vir_6', 6, 79, 39, 64]","['arc_24_vir_6', 'arc_vir_6_6', 76, 363, 358]",15.395406632656556,0.2799164842301192,0,1
ev_4087,1401,ev_4087,shortest,Customer_72,Customer_5,24,7,"[24, 'vir_52', 52, 13, 7]","['arc_24_vir_52', 'arc_vir_52_52', 157, 89]",12.911693578798548,0.23475806506906455,0,1
ev_4088,1401,ev_4088,detour_2,Customer_72,Customer_5,24,7,"[24, 'vir_52', 52, 13, 'vir_44', 44, 7]","['arc_24_vir_52', 'arc_vir_52_52', 157, 'arc_13_vir_44', 'arc_vir_44_44', 83]",13.204857268343982,0.24280809447884585,0,1
ev_4089,1401,ev_4089,detour_3,Customer_72,Customer_5,24,7,"[24, 'vir_0', 0, 41, 7]","['arc_24_vir_0', 'arc_vir_0_0', 6, 91]",13.899637691785353,0.2527206853051882,0,1
ev_4090,1402,ev_4090,shortest,Customer_72,Customer_80,24,3,"[24, 'vir_52', 52, 63, 3]","['arc_24_vir_52', 'arc_vir_52_52', 402, 41]",14.476285431242975,0.26320518965896317,0,1
ev_4091,1402,ev_4091,detour_2,Customer_72,Customer_80,24,3,"[24, 'vir_52', 52, 63, 'vir_53', 53, 3]","['arc_24_vir_52', 'arc_vir_52_52', 402, 'arc_63_vir_53', 'arc_vir_53_53', 35]",14.5980569952841,0.2811379779772682,0,1
ev_4092,1402,ev_4092,detour_3,Customer_72,Customer_80,24,3,"[24, 'vir_0', 0, 'vir_52', 52, 63, 3]","['arc_24_vir_0', 'arc_vir_0_0', 'arc_0_vir_52', 'arc_vir_52_52', 402, 41]",15.653996031718549,0.28461810966761,0,1
ev_4093,1403,ev_4093,shortest,Customer_72,Customer_24,24,22,"[24, 'vir_0', 0, 41, 22]","['arc_24_vir_0', 'arc_vir_0_0', 6, 243]",14.032778711646483,0.25514143112084514,0,1
ev_4094,1403,ev_4094,detour_2,Customer_72,Customer_24,24,22,"[24, 'vir_0', 0, 41, 5, 22]","['arc_24_vir_0', 'arc_vir_0_0', 6, 69, 56]",14.415179912848568,0.26510410620660657,0,1
ev_4095,1403,ev_4095,detour_3,Customer_72,Customer_24,24,22,"[24, 'vir_52', 52, 13, 7, 22]","['arc_24_vir_52', 'arc_vir_52_52', 157, 89, 86]",16.063891827541482,0.29207076050075426,0,1
ev_4096,1404,ev_4096,shortest,Customer_72,Customer_6,24,5,"[24, 'vir_0', 0, 41, 5]","['arc_24_vir_0', 'arc_vir_0_0', 6, 69]",13.973724103475794,0.2540677109722872,0,1
ev_4097,1404,ev_4097,detour_2,Customer_72,Customer_6,24,5,"[24, 'vir_0', 0, 41, 22, 5]","['arc_24_vir_0', 'arc_vir_0_0', 6, 243, 57]",14.474234521019257,0.2661778263551645,0,1
ev_4099,1405,ev_4099,shortest,Customer_72,Customer_25,24,19,"[24, 'vir_6', 6, 39, 64, 19]","['arc_24_vir_6', 'arc_vir_6_6', 80, 358, 219]",18.552242472975244,0.33731349950864087,0,1
ev_4100,1405,ev_4100,detour_2,Customer_72,Customer_25,24,19,"[24, 'vir_6', 6, 39, 54, 19]","['arc_24_vir_6', 'arc_vir_6_6', 80, 360, 217]",17.867898415410508,0.3413782497422072,0,1
ev_4101,1405,ev_4101,detour_3,Customer_72,Customer_25,24,19,"[24, 'vir_6', 6, 39, 64, 54, 19]","['arc_24_vir_6', 'arc_vir_6_6', 80, 358, 411, 217]",18.726565417466304,0.34418856807422077,0,1
ev_4102,1406,ev_4102,shortest,Customer_72,Customer_55,24,48,"[24, 'vir_52', 52, 63, 'vir_53', 53, 48]","['arc_24_vir_52', 'arc_vir_52_52', 402, 'arc_63_vir_53', 'arc_vir_53_53', 389]",16.5192286936872,0.3003496126124946,0,1
ev_4103,1406,ev_4103,detour_2,Customer_72,Customer_55,24,48,"[24, 'vir_0', 0, 'vir_52', 52, 63, 'vir_53', 53, 48]","['arc_24_vir_0', 'arc_vir_0_0', 'arc_0_vir_52', 'arc_vir_52_52', 402, 'arc_63_vir_53', 'arc_vir_53_53', 389]",17.696939294162778,0.3217625326211414,0,1
ev_4104,1406,ev_4104,detour_3,Customer_72,Customer_55,24,48,"[24, 'vir_52', 52, 63, 3, 48]","['arc_24_vir_52', 'arc_vir_52_52', 402, 41, 36]",18.09165852937411,0.32893924598862023,1,1
ev_4106,1407,ev_4106,detour_2,Customer_72,Customer_61,24,23,"[24, 'vir_0', 0, 2, 23]","['arc_24_vir_0', 'arc_vir_0_0', 4, 30]",17.703238919042604,0.32187707125532006,0,1
ev_4107,1407,ev_4107,detour_3,Customer_72,Customer_61,24,23,"[24, 'vir_0', 0, 41, 23]","['arc_24_vir_0', 'arc_vir_0_0', 6, 247]",21.465893643611558,0.3902889753383919,0,1
ev_4111,1409,ev_4111,detour_3,Customer_73,Customer_18,66,57,"[66, 'vir_61', 61, 57]","['arc_66_vir_61', 'arc_vir_61_61', 429]",5.48492770042669,0.11467975441929233,0,1
ev_4114,1410,ev_4114,detour_3,Customer_73,Customer_28,66,16,"[66, 'vir_61', 61, 16]","['arc_66_vir_61', 'arc_vir_61_61', 189]",5.500420696872644,0.11496144526376423,0,1
ev_4117,1411,ev_4117,detour_3,Customer_73,Customer_66,66,16,"[66, 'vir_61', 61, 16]","['arc_66_vir_61', 'arc_vir_61_61', 189]",5.500420696872644,0.11496144526376423,0,1
ev_4119,1412,ev_4119,detour_2,Customer_73,Customer_1,66,1,"[66, 'vir_61', 61, 1]","['arc_66_vir_61', 'arc_vir_61_61', 11]",5.8385656454318235,0.12110953523756748,0,1
ev_4120,1412,ev_4120,detour_3,Customer_73,Customer_1,66,1,"[66, 57, 'vir_61', 61, 1]","[431, 'arc_57_vir_61', 'arc_vir_61_61', 11]",8.699337777737625,0.17018540045383757,0,1
ev_4122,1413,ev_4122,detour_2,Customer_73,Customer_69,66,9,"[66, 'vir_61', 61, 1, 9]","['arc_66_vir_61', 'arc_vir_61_61', 11, 16]",7.279211394484006,0.15712567896387203,0,1
ev_4126,1414,ev_4126,detour_3,Customer_73,Customer_50,66,26,"[66, 'vir_61', 61, 1, 26]","['arc_66_vir_61', 'arc_vir_61_61', 11, 12]",8.433580101139345,0.16829161625043149,0,1
ev_4142,1420,ev_4142,shortest,Customer_73,Customer_38,66,14,"[66, 1, 26, 'vir_14', 14]","[23, 12, 'arc_26_vir_14', 'arc_vir_14_14']",10.807828939491278,0.19650598071802322,0,1
ev_4143,1420,ev_4143,detour_2,Customer_73,Customer_38,66,14,"[66, 1, 9, 26, 'vir_14', 14]","[23, 16, 108, 'arc_26_vir_14', 'arc_vir_14_14']",10.808826583438274,0.2142242021965221,0,1
ev_4144,1420,ev_4144,detour_3,Customer_73,Customer_38,66,14,"[66, 'vir_61', 61, 1, 26, 'vir_14', 14]","['arc_66_vir_61', 'arc_vir_61_61', 11, 12, 'arc_26_vir_14', 'arc_vir_14_14']",11.6262671718947,0.22634047208234703,0,1
ev_4146,1421,ev_4146,avoid_congestion,Customer_73,Customer_55,66,48,"[66, 57, 77, 12, 30, 'vir_53', 53, 48]","[431, 426, 145, 148, 'arc_30_vir_53', 'arc_vir_53_53', 389]",20.617112387007303,0.4028444161383425,0,1
ev_4160,1426,ev_4160,shortest,Customer_73,Customer_70,66,53,"[66, 57, 77, 12, 30, 'vir_53', 53]","[431, 426, 145, 148, 'arc_30_vir_53', 'arc_vir_53_53']",16.390522572695804,0.32599732860540614,0,1
ev_4161,1426,ev_4161,detour_2,Customer_73,Customer_70,66,53,"[66, 57, 77, 12, 60, 'vir_53', 53]","[431, 426, 145, 150, 'arc_60_vir_53', 'arc_vir_53_53']",17.75656046606277,0.33486217660520384,0,1
ev_4162,1426,ev_4162,detour_3,Customer_73,Customer_70,66,53,"[66, 16, 57, 77, 12, 30, 'vir_53', 53]","[187, 184, 426, 145, 148, 'arc_30_vir_53', 'arc_vir_53_53']",16.802375620990446,0.33629365481277224,0,1
ev_4163,1427,ev_4163,shortest,Customer_73,Customer_33,66,4,"[66, 1, 26, 'vir_14', 14, 46, 50, 55, 4]","[23, 12, 'arc_26_vir_14', 'arc_vir_14_14', 170, 384, 394, 47]",23.39543350586059,0.4253715182883744,2,1
ev_4164,1427,ev_4164,detour_2,Customer_73,Customer_33,66,4,"[66, 1, 9, 26, 'vir_14', 14, 46, 50, 55, 4]","[23, 16, 108, 'arc_26_vir_14', 'arc_vir_14_14', 170, 384, 394, 47]",23.396431149807587,0.44308973976687327,2,1
ev_4165,1427,ev_4165,detour_3,Customer_73,Customer_33,66,4,"[66, 1, 26, 'vir_14', 14, 46, 50, 55, 17, 4]","[23, 12, 'arc_26_vir_14', 'arc_vir_14_14', 170, 384, 394, 199, 51]",23.503986338114952,0.4476001760221407,3,1
ev_4188,1436,ev_4188,shortest,Customer_74,Customer_27,38,33,"[38, 43, 'vir_33', 33]","[350, 'arc_43_vir_33', 'arc_vir_33_33']",5.75993207489215,0.10472603772531183,0,1
ev_4189,1436,ev_4189,detour_2,Customer_74,Customer_27,38,33,"[38, 67, 'vir_33', 33]","[352, 'arc_67_vir_33', 'arc_vir_33_33']",6.866564432195942,0.12484662603992622,0,1
ev_4190,1436,ev_4190,detour_3,Customer_74,Customer_27,38,33,"[38, 10, 'vir_33', 33]","[129, 'arc_10_vir_33', 'arc_vir_33_33']",6.991406359464534,0.12711647926299152,0,1
ev_4191,1437,ev_4191,shortest,Customer_74,Customer_79,38,33,"[38, 43, 'vir_33', 33]","[350, 'arc_43_vir_33', 'arc_vir_33_33']",5.75993207489215,0.10472603772531183,0,1
ev_4192,1437,ev_4192,detour_2,Customer_74,Customer_79,38,33,"[38, 67, 'vir_33', 33]","[352, 'arc_67_vir_33', 'arc_vir_33_33']",6.866564432195942,0.12484662603992622,0,1
ev_4193,1437,ev_4193,detour_3,Customer_74,Customer_79,38,33,"[38, 10, 'vir_33', 33]","[129, 'arc_10_vir_33', 'arc_vir_33_33']",6.991406359464534,0.12711647926299152,0,1
ev_4196,1438,ev_4196,detour_3,Customer_74,Customer_32,38,46,"[38, 43, 'vir_33', 33, 46]","[350, 'arc_43_vir_33', 'arc_vir_33_33', 324]",7.276892217144336,0.14265004128161649,0,1
ev_4199,1439,ev_4199,detour_3,Customer_74,Customer_49,38,46,"[38, 43, 'vir_33', 33, 46]","[350, 'arc_43_vir_33', 'arc_vir_33_33', 324]",7.276892217144336,0.14265004128161649,0,1
ev_4215,1445,ev_4215,shortest,Customer_74,Customer_3,38,74,"[38, 32, 55, 'vir_74', 74]","[313, 316, 'arc_55_vir_74', 'arc_vir_74_74']",10.243672900927944,0.19614256035841837,2,1
ev_4216,1445,ev_4216,avoid_congestion,Customer_74,Customer_3,38,74,"[38, 10, 50, 'vir_74', 74]","[129, 120, 'arc_50_vir_74', 'arc_vir_74_74']",10.980552143429744,0.19964640260781352,1,1
ev_4217,1445,ev_4217,detour_3,Customer_74,Customer_3,38,74,"[38, 32, 50, 'vir_74', 74]","[313, 318, 'arc_50_vir_74', 'arc_vir_74_74']",11.581329129385018,0.21056962053427306,2,1
ev_4218,1446,ev_4218,shortest,Customer_74,Customer_42,38,74,"[38, 32, 55, 'vir_74', 74]","[313, 316, 'arc_55_vir_74', 'arc_vir_74_74']",10.243672900927944,0.19614256035841837,2,1
ev_4219,1446,ev_4219,avoid_congestion,Customer_74,Customer_42,38,74,"[38, 10, 50, 'vir_74', 74]","[129, 120, 'arc_50_vir_74', 'arc_vir_74_74']",10.980552143429744,0.19964640260781352,1,1
ev_4220,1446,ev_4220,detour_3,Customer_74,Customer_42,38,74,"[38, 32, 50, 'vir_74', 74]","[313, 318, 'arc_50_vir_74', 'arc_vir_74_74']",11.581329129385018,0.21056962053427306,2,1
ev_4221,1447,ev_4221,shortest,Customer_74,Customer_47,38,74,"[38, 32, 55, 'vir_74', 74]","[313, 316, 'arc_55_vir_74', 'arc_vir_74_74']",10.243672900927944,0.19614256035841837,2,1
ev_4222,1447,ev_4222,avoid_congestion,Customer_74,Customer_47,38,74,"[38, 10, 50, 'vir_74', 74]","[129, 120, 'arc_50_vir_74', 'arc_vir_74_74']",10.980552143429744,0.19964640260781352,1,1
ev_4223,1447,ev_4223,detour_3,Customer_74,Customer_47,38,74,"[38, 32, 50, 'vir_74', 74]","[313, 318, 'arc_50_vir_74', 'arc_vir_74_74']",11.581329129385018,0.21056962053427306,2,1
ev_4230,1450,ev_4230,detour_3,Customer_75,Customer_13,15,35,"[15, 'vir_70', 70, 35]","['arc_15_vir_70', 'arc_vir_70_70', 331]",12.715200941612384,0.2311854716656797,0,1
ev_4255,1459,ev_4255,shortest,Customer_75,Customer_27,15,33,"[15, 73, 67, 'vir_33', 33]","[180, 455, 'arc_67_vir_33', 'arc_vir_33_33']",12.601199097024992,0.22911271085499985,0,1
ev_4256,1459,ev_4256,detour_2,Customer_75,Customer_27,15,33,"[15, 73, 67, 43, 'vir_33', 33]","[180, 455, 375, 'arc_43_vir_33', 'arc_vir_33_33']",13.409953109369418,0.25207753569847957,0,1
ev_4257,1459,ev_4257,detour_3,Customer_75,Customer_27,15,33,"[15, 73, 38, 43, 'vir_33', 33]","[180, 357, 350, 'arc_43_vir_33', 'arc_vir_33_33']",14.831277110334183,0.26965958382425786,0,1
ev_4258,1460,ev_4258,shortest,Customer_75,Customer_79,15,33,"[15, 73, 67, 'vir_33', 33]","[180, 455, 'arc_67_vir_33', 'arc_vir_33_33']",12.601199097024992,0.22911271085499985,0,1
ev_4259,1460,ev_4259,detour_2,Customer_75,Customer_79,15,33,"[15, 73, 67, 43, 'vir_33', 33]","[180, 455, 375, 'arc_43_vir_33', 'arc_vir_33_33']",13.409953109369418,0.25207753569847957,0,1
ev_4260,1460,ev_4260,detour_3,Customer_75,Customer_79,15,33,"[15, 73, 38, 43, 'vir_33', 33]","[180, 357, 350, 'arc_43_vir_33', 'arc_vir_33_33']",14.831277110334183,0.26965958382425786,0,1
ev_4261,1461,ev_4261,shortest,Customer_75,Customer_32,15,46,"[15, 73, 67, 'vir_33', 33, 46]","[180, 455, 'arc_67_vir_33', 'arc_vir_33_33', 324]",14.118159239277178,0.2670367144113045,0,1
ev_4263,1461,ev_4263,detour_3,Customer_75,Customer_32,15,46,"[15, 73, 67, 43, 'vir_33', 33, 46]","[180, 455, 375, 'arc_43_vir_33', 'arc_vir_33_33', 324]",14.926913251621604,0.2900015392547842,0,1
ev_4264,1462,ev_4264,shortest,Customer_75,Customer_49,15,46,"[15, 73, 67, 'vir_33', 33, 46]","[180, 455, 'arc_67_vir_33', 'arc_vir_33_33', 324]",14.118159239277178,0.2670367144113045,0,1
ev_4266,1462,ev_4266,detour_3,Customer_75,Customer_49,15,46,"[15, 73, 67, 43, 'vir_33', 33, 46]","[180, 455, 375, 'arc_43_vir_33', 'arc_vir_33_33', 324]",14.926913251621604,0.2900015392547842,0,1
ev_4269,1463,ev_4269,detour_3,Customer_75,Customer_57,15,58,"[15, 'vir_70', 70, 58]","['arc_15_vir_70', 'arc_vir_70_70', 437]",16.86140094441511,0.3065709262620929,0,1
ev_4272,1464,ev_4272,detour_3,Customer_75,Customer_78,15,58,"[15, 'vir_70', 70, 58]","['arc_15_vir_70', 'arc_vir_70_70', 437]",16.86140094441511,0.3065709262620929,0,1
ev_4274,1465,ev_4274,detour_2,Customer_75,Customer_40,15,36,"[15, 'vir_70', 70, 36]","['arc_15_vir_70', 'arc_vir_70_70', 339]",15.599008755965723,0.28361834101755856,0,1
ev_4277,1466,ev_4277,detour_2,Customer_75,Customer_44,15,36,"[15, 'vir_70', 70, 36]","['arc_15_vir_70', 'arc_vir_70_70', 339]",15.599008755965723,0.28361834101755856,0,1
ev_4284,1469,ev_4284,detour_2,Customer_76,Customer_72,0,24,"[0, 'vir_52', 52, 24]","['arc_0_vir_52', 'arc_vir_52_52', 251]",7.66462504602936,0.13935681901871563,0,1
ev_4286,1470,ev_4286,shortest,Customer_76,Customer_11,0,52,"[0, 'vir_52', 52]","['arc_0_vir_52', 'arc_vir_52_52']",3.124055766583747,0.05680101393788631,0,1
ev_4287,1470,ev_4287,detour_2,Customer_76,Customer_11,0,52,"[0, 24, 'vir_52', 52]","[2, 'arc_24_vir_52', 'arc_vir_52_52']",7.134793392783054,0.12972351623241918,0,1
ev_4288,1470,ev_4288,detour_3,Customer_76,Customer_11,0,52,"[0, 2, 'vir_52', 52]","[4, 'arc_2_vir_52', 'arc_vir_52_52']",10.261102809424886,0.186565505625907,0,1
ev_4289,1471,ev_4289,shortest,Customer_76,Customer_12,0,52,"[0, 'vir_52', 52]","['arc_0_vir_52', 'arc_vir_52_52']",3.124055766583747,0.05680101393788631,0,1
ev_4290,1471,ev_4290,detour_2,Customer_76,Customer_12,0,52,"[0, 24, 'vir_52', 52]","[2, 'arc_24_vir_52', 'arc_vir_52_52']",7.134793392783054,0.12972351623241918,0,1
ev_4291,1471,ev_4291,detour_3,Customer_76,Customer_12,0,52,"[0, 2, 'vir_52', 52]","[4, 'arc_2_vir_52', 'arc_vir_52_52']",10.261102809424886,0.186565505625907,0,1
ev_4292,1472,ev_4292,shortest,Customer_76,Customer_20,0,52,"[0, 'vir_52', 52]","['arc_0_vir_52', 'arc_vir_52_52']",3.124055766583747,0.05680101393788631,0,1
ev_4293,1472,ev_4293,detour_2,Customer_76,Customer_20,0,52,"[0, 24, 'vir_52', 52]","[2, 'arc_24_vir_52', 'arc_vir_52_52']",7.134793392783054,0.12972351623241918,0,1
ev_4294,1472,ev_4294,detour_3,Customer_76,Customer_20,0,52,"[0, 2, 'vir_52', 52]","[4, 'arc_2_vir_52', 'arc_vir_52_52']",10.261102809424886,0.186565505625907,0,1
ev_4295,1473,ev_4295,shortest,Customer_76,Customer_53,0,52,"[0, 'vir_52', 52]","['arc_0_vir_52', 'arc_vir_52_52']",3.124055766583747,0.05680101393788631,0,1
ev_4296,1473,ev_4296,detour_2,Customer_76,Customer_53,0,52,"[0, 24, 'vir_52', 52]","[2, 'arc_24_vir_52', 'arc_vir_52_52']",7.134793392783054,0.12972351623241918,0,1
ev_4297,1473,ev_4297,detour_3,Customer_76,Customer_53,0,52,"[0, 2, 'vir_52', 52]","[4, 'arc_2_vir_52', 'arc_vir_52_52']",10.261102809424886,0.186565505625907,0,1
ev_4298,1474,ev_4298,shortest,Customer_76,Customer_8,0,63,"[0, 'vir_52', 52, 63]","['arc_0_vir_52', 'arc_vir_52_52', 402]",7.815393834614958,0.14209806972027195,0,1
ev_4299,1474,ev_4299,detour_2,Customer_76,Customer_8,0,63,"[0, 'vir_52', 52, 13, 63]","['arc_0_vir_52', 'arc_vir_52_52', 157, 152]",9.095186378368163,0.17832910261804566,0,1
ev_4300,1474,ev_4300,detour_3,Customer_76,Customer_8,0,63,"[0, 24, 'vir_52', 52, 63]","[2, 'arc_24_vir_52', 'arc_vir_52_52', 402]",11.826131460814265,0.21502057201480484,0,1
ev_4302,1475,ev_4302,detour_2,Customer_76,Customer_5,0,7,"[0, 'vir_52', 52, 13, 7]","['arc_0_vir_52', 'arc_vir_52_52', 157, 89]",11.495180065936683,0.2090032739261215,0,1
ev_4303,1475,ev_4303,detour_3,Customer_76,Customer_5,0,7,"[0, 'vir_52', 52, 13, 'vir_44', 44, 7]","['arc_0_vir_52', 'arc_vir_52_52', 157, 'arc_13_vir_44', 'arc_vir_44_44', 83]",11.788343755482117,0.2170533033359028,0,1
ev_4304,1476,ev_4304,shortest,Customer_76,Customer_70,0,53,"[0, 'vir_52', 52, 63, 'vir_53', 53]","['arc_0_vir_52', 'arc_vir_52_52', 402, 'arc_63_vir_53', 'arc_vir_53_53']",10.876125366513836,0.1977477339366152,0,1
ev_4305,1476,ev_4305,detour_2,Customer_76,Customer_70,0,53,"[0, 'vir_52', 52, 13, 63, 'vir_53', 53]","['arc_0_vir_52', 'arc_vir_52_52', 157, 152, 'arc_63_vir_53', 'arc_vir_53_53']",12.155917910267043,0.2339787668343889,0,1
ev_4306,1476,ev_4306,detour_3,Customer_76,Customer_70,0,53,"[0, 'vir_52', 52, 63, 60, 'vir_53', 53]","['arc_0_vir_52', 'arc_vir_52_52', 402, 445, 'arc_60_vir_53', 'arc_vir_53_53']",14.514191699216537,0.2638943945312098,0,1
ev_4307,1477,ev_4307,shortest,Customer_76,Customer_23,0,39,"[0, 'vir_52', 52, 79, 39]","['arc_0_vir_52', 'arc_vir_52_52', 404, 363]",12.534000447091293,0.22789091721984167,0,1
ev_4308,1477,ev_4308,detour_2,Customer_76,Customer_23,0,39,"[0, 24, 'vir_6', 6, 39]","[2, 'arc_24_vir_6', 'arc_vir_6_6', 80]",14.618622645892106,0.26579313901622015,0,1
ev_4309,1477,ev_4309,detour_3,Customer_76,Customer_23,0,39,"[0, 24, 'vir_6', 6, 79, 39]","[2, 'arc_24_vir_6', 'arc_vir_6_6', 76, 363]",15.253365093818068,0.2773339107966922,0,1
ev_4316,1480,ev_4316,shortest,Customer_76,Customer_16,0,64,"[0, 'vir_52', 52, 79, 39, 64]","['arc_0_vir_52', 'arc_vir_52_52', 404, 363, 358]",15.270266099267221,0.2776412018048586,0,1
ev_4317,1480,ev_4317,detour_2,Customer_76,Customer_16,0,64,"[0, 'vir_52', 52, 63, 30, 64]","['arc_0_vir_52', 'arc_vir_52_52', 402, 305, 302]",16.25532156829468,0.29555130124172146,0,1
ev_4318,1480,ev_4318,detour_3,Customer_76,Customer_16,0,64,"[0, 'vir_52', 52, 79, 39, 54, 64]","['arc_0_vir_52', 'arc_vir_52_52', 404, 363, 360, 410]",15.498563505829228,0.30200499368829004,0,1
ev_4319,1481,ev_4319,shortest,Customer_76,Customer_56,0,64,"[0, 'vir_52', 52, 79, 39, 64]","['arc_0_vir_52', 'arc_vir_52_52', 404, 363, 358]",15.270266099267221,0.2776412018048586,0,1
ev_4320,1481,ev_4320,detour_2,Customer_76,Customer_56,0,64,"[0, 'vir_52', 52, 63, 30, 64]","['arc_0_vir_52', 'arc_vir_52_52', 402, 305, 302]",16.25532156829468,0.29555130124172146,0,1
ev_4321,1481,ev_4321,detour_3,Customer_76,Customer_56,0,64,"[0, 'vir_52', 52, 79, 39, 54, 64]","['arc_0_vir_52', 'arc_vir_52_52', 404, 363, 360, 410]",15.498563505829228,0.30200499368829004,0,1
ev_4322,1482,ev_4322,shortest,Customer_76,Customer_63,0,64,"[0, 'vir_52', 52, 79, 39, 64]","['arc_0_vir_52', 'arc_vir_52_52', 404, 363, 358]",15.270266099267221,0.2776412018048586,0,1
ev_4323,1482,ev_4323,detour_2,Customer_76,Customer_63,0,64,"[0, 'vir_52', 52, 63, 30, 64]","['arc_0_vir_52', 'arc_vir_52_52', 402, 305, 302]",16.25532156829468,0.29555130124172146,0,1
ev_4324,1482,ev_4324,detour_3,Customer_76,Customer_63,0,64,"[0, 'vir_52', 52, 79, 39, 54, 64]","['arc_0_vir_52', 'arc_vir_52_52', 404, 363, 360, 410]",15.498563505829228,0.30200499368829004,0,1
ev_4325,1483,ev_4325,shortest,Customer_76,Customer_64,0,64,"[0, 'vir_52', 52, 79, 39, 64]","['arc_0_vir_52', 'arc_vir_52_52', 404, 363, 358]",15.270266099267221,0.2776412018048586,0,1
ev_4326,1483,ev_4326,detour_2,Customer_76,Customer_64,0,64,"[0, 'vir_52', 52, 63, 30, 64]","['arc_0_vir_52', 'arc_vir_52_52', 402, 305, 302]",16.25532156829468,0.29555130124172146,0,1
ev_4327,1483,ev_4327,detour_3,Customer_76,Customer_64,0,64,"[0, 'vir_52', 52, 79, 39, 54, 64]","['arc_0_vir_52', 'arc_vir_52_52', 404, 363, 360, 410]",15.498563505829228,0.30200499368829004,0,1
ev_4328,1484,ev_4328,shortest,Customer_76,Customer_80,0,3,"[0, 'vir_52', 52, 63, 3]","['arc_0_vir_52', 'arc_vir_52_52', 402, 41]",13.059771918381108,0.23745039851602012,0,1
ev_4329,1484,ev_4329,detour_2,Customer_76,Customer_80,0,3,"[0, 'vir_52', 52, 63, 'vir_53', 53, 3]","['arc_0_vir_52', 'arc_vir_52_52', 402, 'arc_63_vir_53', 'arc_vir_53_53', 35]",13.181543482422233,0.25538318683432515,0,1
ev_4330,1484,ev_4330,detour_3,Customer_76,Customer_80,0,3,"[0, 'vir_52', 52, 13, 63, 3]","['arc_0_vir_52', 'arc_vir_52_52', 157, 152, 41]",14.339564462134312,0.27368143141379386,0,1
ev_4331,1485,ev_4331,shortest,Customer_76,Customer_55,0,48,"[0, 'vir_52', 52, 63, 'vir_53', 53, 48]","['arc_0_vir_52', 'arc_vir_52_52', 402, 'arc_63_vir_53', 'arc_vir_53_53', 389]",15.102715180825335,0.27459482146955155,0,1
ev_4332,1485,ev_4332,detour_2,Customer_76,Customer_55,0,48,"[0, 'vir_52', 52, 63, 3, 48]","['arc_0_vir_52', 'arc_vir_52_52', 402, 41, 36]",16.675145016512246,0.3031844548456772,1,1
ev_4333,1485,ev_4333,detour_3,Customer_76,Customer_55,0,48,"[0, 'vir_52', 52, 13, 63, 'vir_53', 53, 48]","['arc_0_vir_52', 'arc_vir_52_52', 157, 152, 'arc_63_vir_53', 'arc_vir_53_53', 389]",16.38250772457854,0.31082585436732524,0,1
ev_4342,1488,ev_4342,detour_3,Customer_77,Customer_48,28,27,"[28, 'vir_74', 74, 27]","['arc_28_vir_74', 'arc_vir_74_74', 279]",11.123599777828652,0.20224726868779366,2,1
ev_4343,1489,ev_4343,shortest,Customer_77,Customer_3,28,74,"[28, 'vir_74', 74]","['arc_28_vir_74', 'arc_vir_74_74']",4.719988160335938,0.08581796655156251,1,1
ev_4344,1489,ev_4344,detour_2,Customer_77,Customer_3,28,74,"[28, 59, 'vir_74', 74]","[282, 'arc_59_vir_74', 'arc_vir_74_74']",5.025584712700724,0.10297919649116298,2,1
ev_4345,1489,ev_4345,detour_3,Customer_77,Customer_3,28,74,"[28, 72, 'vir_74', 74]","[286, 'arc_72_vir_74', 'arc_vir_74_74']",6.6102919471627555,0.1285059429390759,2,1
ev_4346,1490,ev_4346,shortest,Customer_77,Customer_42,28,74,"[28, 'vir_74', 74]","['arc_28_vir_74', 'arc_vir_74_74']",4.719988160335938,0.08581796655156251,1,1
ev_4347,1490,ev_4347,detour_2,Customer_77,Customer_42,28,74,"[28, 59, 'vir_74', 74]","[282, 'arc_59_vir_74', 'arc_vir_74_74']",5.025584712700724,0.10297919649116298,2,1
ev_4348,1490,ev_4348,detour_3,Customer_77,Customer_42,28,74,"[28, 72, 'vir_74', 74]","[286, 'arc_72_vir_74', 'arc_vir_74_74']",6.6102919471627555,0.1285059429390759,2,1
ev_4349,1491,ev_4349,shortest,Customer_77,Customer_47,28,74,"[28, 'vir_74', 74]","['arc_28_vir_74', 'arc_vir_74_74']",4.719988160335938,0.08581796655156251,1,1
ev_4350,1491,ev_4350,detour_2,Customer_77,Customer_47,28,74,"[28, 59, 'vir_74', 74]","[282, 'arc_59_vir_74', 'arc_vir_74_74']",5.025584712700724,0.10297919649116298,2,1
ev_4351,1491,ev_4351,detour_3,Customer_77,Customer_47,28,74,"[28, 72, 'vir_74', 74]","[286, 'arc_72_vir_74', 'arc_vir_74_74']",6.6102919471627555,0.1285059429390759,2,1
ev_4354,1492,ev_4354,detour_3,Customer_77,Customer_15,28,72,"[28, 'vir_74', 74, 72]","['arc_28_vir_74', 'arc_vir_74_74', 461]",5.940081265633058,0.11632029418399051,2,1
ev_4357,1493,ev_4357,detour_3,Customer_77,Customer_71,28,32,"[28, 'vir_74', 74, 55, 32]","['arc_28_vir_74', 'arc_vir_74_74', 415, 317]",10.402029164743952,0.19902176515507308,3,1
ev_4363,1495,ev_4363,detour_2,Customer_77,Customer_2,28,55,"[28, 'vir_74', 74, 55]","['arc_28_vir_74', 'arc_vir_74_74', 415]",6.171102610429447,0.12209582780390024,2,1
ev_4364,1495,ev_4364,detour_3,Customer_77,Customer_2,28,55,"[28, 59, 'vir_74', 74, 55]","[282, 'arc_59_vir_74', 'arc_vir_74_74', 415]",6.476699162794232,0.1392570577435007,3,1
ev_4368,1496,ev_4368,detour_3,Customer_77,Customer_35,28,8,"[28, 'vir_74', 74, 8]","['arc_28_vir_74', 'arc_vir_74_74', 107]",6.961014566703737,0.14184362671075748,2,1
ev_4372,1497,ev_4372,detour_3,Customer_77,Customer_41,28,8,"[28, 'vir_74', 74, 8]","['arc_28_vir_74', 'arc_vir_74_74', 107]",6.961014566703737,0.14184362671075748,2,1
ev_4376,1498,ev_4376,detour_3,Customer_77,Customer_46,28,8,"[28, 'vir_74', 74, 8]","['arc_28_vir_74', 'arc_vir_74_74', 107]",6.961014566703737,0.14184362671075748,2,1
ev_4377,1499,ev_4377,shortest,Customer_77,Customer_26,28,31,"[28, 'vir_74', 74, 31]","['arc_28_vir_74', 'arc_vir_74_74', 309]",8.005693238015311,0.14555805887300566,2,1
ev_4381,1500,ev_4381,shortest,Customer_77,Customer_67,28,31,"[28, 'vir_74', 74, 31]","['arc_28_vir_74', 'arc_vir_74_74', 309]",8.005693238015311,0.14555805887300566,2,1
ev_4385,1501,ev_4385,shortest,Customer_77,Customer_14,28,17,"[28, 'vir_74', 74, 17]","['arc_28_vir_74', 'arc_vir_74_74', 205]",7.597892704930451,0.1381435037260082,2,1
ev_4386,1501,ev_4386,detour_2,Customer_77,Customer_14,28,17,"[28, 59, 'vir_74', 74, 17]","[282, 'arc_59_vir_74', 'arc_vir_74_74', 205]",7.903489257295236,0.15530473366560865,3,1
ev_4388,1502,ev_4388,shortest,Customer_77,Customer_29,28,17,"[28, 'vir_74', 74, 17]","['arc_28_vir_74', 'arc_vir_74_74', 205]",7.597892704930451,0.1381435037260082,2,1
ev_4389,1502,ev_4389,detour_2,Customer_77,Customer_29,28,17,"[28, 59, 'vir_74', 74, 17]","[282, 'arc_59_vir_74', 'arc_vir_74_74', 205]",7.903489257295236,0.15530473366560865,3,1
ev_4391,1503,ev_4391,shortest,Customer_77,Customer_31,28,17,"[28, 'vir_74', 74, 17]","['arc_28_vir_74', 'arc_vir_74_74', 205]",7.597892704930451,0.1381435037260082,2,1
ev_4392,1503,ev_4392,detour_2,Customer_77,Customer_31,28,17,"[28, 59, 'vir_74', 74, 17]","[282, 'arc_59_vir_74', 'arc_vir_74_74', 205]",7.903489257295236,0.15530473366560865,3,1
ev_4400,1506,ev_4400,shortest,Customer_77,Customer_33,28,4,"[28, 'vir_74', 74, 17, 4]","['arc_28_vir_74', 'arc_vir_74_74', 205, 51]",8.071115328412075,0.1499740693130488,3,1
ev_4408,1509,ev_4408,detour_2,Customer_78,Customer_40,58,36,"[58, 'vir_70', 70, 36]","['arc_58_vir_70', 'arc_vir_70_70', 339]",16.237101774320525,0.2952200322603732,0,1
ev_4411,1510,ev_4411,detour_2,Customer_78,Customer_44,58,36,"[58, 'vir_70', 70, 36]","['arc_58_vir_70', 'arc_vir_70_70', 339]",16.237101774320525,0.2952200322603732,0,1
ev_4415,1511,ev_4415,detour_3,Customer_78,Customer_13,58,35,"[58, 'vir_70', 70, 35]","['arc_58_vir_70', 'arc_vir_70_70', 331]",13.35329395996719,0.24278716290849434,0,1
ev_4424,1514,ev_4424,detour_3,Customer_78,Customer_39,58,15,"[58, 'vir_70', 70, 15]","['arc_58_vir_70', 'arc_vir_70_70', 183]",16.86140094441511,0.3065709262620929,0,1
ev_4427,1515,ev_4427,detour_3,Customer_78,Customer_75,58,15,"[58, 'vir_70', 70, 15]","['arc_58_vir_70', 'arc_vir_70_70', 183]",16.86140094441511,0.3065709262620929,0,1
ev_4449,1523,ev_4449,shortest,Customer_78,Customer_3,58,74,"[58, 49, 28, 'vir_74', 74]","[393, 291, 'arc_28_vir_74', 'arc_vir_74_74']",18.616252387056736,0.33847731612830434,1,1
ev_4450,1523,ev_4450,detour_2,Customer_78,Customer_3,58,74,"[58, 49, 28, 59, 'vir_74', 74]","[393, 291, 282, 'arc_59_vir_74', 'arc_vir_74_74']",18.921848939421523,0.3556385460679048,2,1
ev_4451,1523,ev_4451,detour_3,Customer_78,Customer_3,58,74,"[58, 49, 28, 72, 'vir_74', 74]","[393, 291, 286, 'arc_72_vir_74', 'arc_vir_74_74']",20.506556173883556,0.3811652925158177,2,1
ev_4452,1524,ev_4452,shortest,Customer_78,Customer_42,58,74,"[58, 49, 28, 'vir_74', 74]","[393, 291, 'arc_28_vir_74', 'arc_vir_74_74']",18.616252387056736,0.33847731612830434,1,1
ev_4453,1524,ev_4453,detour_2,Customer_78,Customer_42,58,74,"[58, 49, 28, 59, 'vir_74', 74]","[393, 291, 282, 'arc_59_vir_74', 'arc_vir_74_74']",18.921848939421523,0.3556385460679048,2,1
ev_4454,1524,ev_4454,detour_3,Customer_78,Customer_42,58,74,"[58, 49, 28, 72, 'vir_74', 74]","[393, 291, 286, 'arc_72_vir_74', 'arc_vir_74_74']",20.506556173883556,0.3811652925158177,2,1
ev_4455,1525,ev_4455,shortest,Customer_78,Customer_47,58,74,"[58, 49, 28, 'vir_74', 74]","[393, 291, 'arc_28_vir_74', 'arc_vir_74_74']",18.616252387056736,0.33847731612830434,1,1
ev_4456,1525,ev_4456,detour_2,Customer_78,Customer_47,58,74,"[58, 49, 28, 59, 'vir_74', 74]","[393, 291, 282, 'arc_59_vir_74', 'arc_vir_74_74']",18.921848939421523,0.3556385460679048,2,1
ev_4457,1525,ev_4457,detour_3,Customer_78,Customer_47,58,74,"[58, 49, 28, 72, 'vir_74', 74]","[393, 291, 286, 'arc_72_vir_74', 'arc_vir_74_74']",20.506556173883556,0.3811652925158177,2,1
ev_4486,1536,ev_4486,shortest,Customer_79,Customer_38,33,14,"[33, 'vir_14', 14]","['arc_33_vir_14', 'arc_vir_14_14']",4.66979564470209,0.0849053753582198,0,1
ev_4487,1536,ev_4487,detour_2,Customer_79,Customer_38,33,14,"[33, 46, 'vir_14', 14]","[324, 'arc_46_vir_14', 'arc_vir_14_14']",4.856095969853308,0.09863556405814322,0,1
ev_4488,1536,ev_4488,detour_3,Customer_79,Customer_38,33,14,"[33, 10, 46, 'vir_14', 14]","[127, 124, 'arc_46_vir_14', 'arc_vir_14_14']",9.344323392297206,0.1698967889508583,0,1
ev_4498,1540,ev_4498,shortest,Customer_79,Customer_9,33,34,"[33, 'vir_14', 14, 34]","['arc_33_vir_14', 'arc_vir_14_14', 168]",6.712337790056658,0.13596892899208401,0,1
ev_4499,1540,ev_4499,detour_2,Customer_79,Customer_9,33,34,"[33, 46, 'vir_14', 14, 34]","[324, 'arc_46_vir_14', 'arc_vir_14_14', 168]",6.898638115207875,0.14969911769200742,0,1
ev_4500,1540,ev_4500,detour_3,Customer_79,Customer_9,33,34,"[33, 'vir_14', 14, 47, 34]","['arc_33_vir_14', 'arc_vir_14_14', 162, 329]",7.800979361303964,0.16318496827326667,1,1
ev_4501,1541,ev_4501,shortest,Customer_79,Customer_30,33,47,"[33, 'vir_14', 14, 47]","['arc_33_vir_14', 'arc_vir_14_14', 162]",6.929036736743898,0.14138640265926503,0,1
ev_4502,1541,ev_4502,detour_2,Customer_79,Customer_30,33,47,"[33, 46, 'vir_14', 14, 47]","[324, 'arc_46_vir_14', 'arc_vir_14_14', 162]",7.115337061895117,0.15511659135918843,0,1
ev_4503,1541,ev_4503,detour_3,Customer_79,Customer_30,33,47,"[33, 'vir_14', 14, 34, 47]","['arc_33_vir_14', 'arc_vir_14_14', 168, 328]",7.584280414616725,0.15776749460608566,1,1
ev_4504,1542,ev_4504,shortest,Customer_79,Customer_60,33,47,"[33, 'vir_14', 14, 47]","['arc_33_vir_14', 'arc_vir_14_14', 162]",6.929036736743898,0.14138640265926503,0,1
ev_4505,1542,ev_4505,detour_2,Customer_79,Customer_60,33,47,"[33, 46, 'vir_14', 14, 47]","[324, 'arc_46_vir_14', 'arc_vir_14_14', 162]",7.115337061895117,0.15511659135918843,0,1
ev_4506,1542,ev_4506,detour_3,Customer_79,Customer_60,33,47,"[33, 'vir_14', 14, 34, 47]","['arc_33_vir_14', 'arc_vir_14_14', 168, 328]",7.584280414616725,0.15776749460608566,1,1
ev_4507,1543,ev_4507,shortest,Customer_79,Customer_65,33,47,"[33, 'vir_14', 14, 47]","['arc_33_vir_14', 'arc_vir_14_14', 162]",6.929036736743898,0.14138640265926503,0,1
ev_4508,1543,ev_4508,detour_2,Customer_79,Customer_65,33,47,"[33, 46, 'vir_14', 14, 47]","[324, 'arc_46_vir_14', 'arc_vir_14_14', 162]",7.115337061895117,0.15511659135918843,0,1
ev_4509,1543,ev_4509,detour_3,Customer_79,Customer_65,33,47,"[33, 'vir_14', 14, 34, 47]","['arc_33_vir_14', 'arc_vir_14_14', 168, 328]",7.584280414616725,0.15776749460608566,1,1
ev_4513,1545,ev_4513,shortest,Customer_79,Customer_50,33,26,"[33, 'vir_14', 14, 26]","['arc_33_vir_14', 'arc_vir_14_14', 164]",7.862482715457444,0.14295423119013534,0,1
ev_4514,1545,ev_4514,detour_2,Customer_79,Customer_50,33,26,"[33, 46, 'vir_14', 14, 26]","[324, 'arc_46_vir_14', 'arc_vir_14_14', 164]",8.048783040608663,0.15668441989005877,0,1
ev_4515,1545,ev_4515,detour_3,Customer_79,Customer_50,33,26,"[33, 'vir_14', 14, 34, 26]","['arc_33_vir_14', 'arc_vir_14_14', 168, 267]",9.499473786598115,0.1866441289292014,0,1
ev_4516,1546,ev_4516,shortest,Customer_79,Customer_69,33,9,"[33, 'vir_14', 14, 26, 9]","['arc_33_vir_14', 'arc_vir_14_14', 164, 109]",9.017849066059778,0.17183838995519368,0,1
ev_4517,1546,ev_4517,detour_2,Customer_79,Customer_69,33,9,"[33, 46, 'vir_14', 14, 26, 9]","[324, 'arc_46_vir_14', 'arc_vir_14_14', 164, 109]",9.204149391210997,0.1855685786551171,0,1
ev_4518,1546,ev_4518,detour_3,Customer_79,Customer_69,33,9,"[33, 'vir_14', 14, 47, 9]","['arc_33_vir_14', 'arc_vir_14_14', 162, 113]",9.99859249644542,0.19719650738111089,0,1
ev_4522,1548,ev_4522,shortest,Customer_80,Customer_70,3,53,"[3, 'vir_53', 53]","['arc_3_vir_53', 'arc_vir_53_53']",2.305418115908397,0.057635452897709924,0,1
ev_4523,1548,ev_4523,detour_2,Customer_80,Customer_70,3,53,"[3, 30, 'vir_53', 53]","[32, 'arc_30_vir_53', 'arc_vir_53_53']",5.948696807751681,0.1241303283841777,0,1
ev_4524,1548,ev_4524,detour_3,Customer_80,Customer_70,3,53,"[3, 60, 'vir_53', 53]","[38, 'arc_60_vir_53', 'arc_vir_53_53']",7.6888385266240835,0.13979706412043788,0,1
ev_4526,1549,ev_4526,avoid_congestion,Customer_80,Customer_55,3,48,"[3, 'vir_53', 53, 48]","['arc_3_vir_53', 'arc_vir_53_53', 389]",6.532007930219895,0.13448254043064625,0,1
ev_4527,1549,ev_4527,detour_3,Customer_80,Customer_55,3,48,"[3, 30, 'vir_53', 53, 48]","[32, 'arc_30_vir_53', 'arc_vir_53_53', 389]",10.17528662206318,0.20097741591711404,0,1
ev_4529,1550,ev_4529,detour_2,Customer_80,Customer_8,3,63,"[3, 'vir_53', 53, 63]","['arc_3_vir_53', 'arc_vir_53_53', 408]",5.366149647807276,0.11328511711405317,0,1
ev_4550,1557,ev_4550,avoid_congestion,Customer_80,Customer_33,3,4,"[3, 'vir_53', 53, 48, 4]","['arc_3_vir_53', 'arc_vir_53_53', 389, 53]",10.822640287681061,0.2124940378390311,1,1
ev_4563,1561,ev_4563,avoid_congestion,Customer_80,Customer_14,3,17,"[3, 'vir_53', 53, 48, 4, 17]","['arc_3_vir_53', 'arc_vir_53_53', 389, 53, 50]",11.295862911162684,0.2243246034260717,2,1
ev_4567,1562,ev_4567,avoid_congestion,Customer_80,Customer_29,3,17,"[3, 'vir_53', 53, 48, 4, 17]","['arc_3_vir_53', 'arc_vir_53_53', 389, 53, 50]",11.295862911162684,0.2243246034260717,2,1
ev_4571,1563,ev_4571,avoid_congestion,Customer_80,Customer_31,3,17,"[3, 'vir_53', 53, 48, 4, 17]","['arc_3_vir_53', 'arc_vir_53_53', 389, 53, 50]",11.295862911162684,0.2243246034260717,2,1
ev_4578,1565,ev_4578,avoid_congestion,Customer_80,Customer_26,3,31,"[3, 'vir_53', 53, 48, 18, 31]","['arc_3_vir_53', 'arc_vir_53_53', 389, 213, 206]",11.219195314874606,0.2209666766029502,2,1
ev_4582,1566,ev_4582,avoid_congestion,Customer_80,Customer_67,3,31,"[3, 'vir_53', 53, 48, 18, 31]","['arc_3_vir_53', 'arc_vir_53_53', 389, 213, 206]",11.219195314874606,0.2209666766029502,2,1
ev_4585,1567,ev_4585,shortest,Customer_80,Customer_30,3,47,"[3, 48, 4, 55, 50, 46, 'vir_14', 14, 47]","[36, 53, 46, 395, 385, 'arc_46_vir_14', 'arc_vir_14_14', 162]",22.75285111400343,0.42909211860943836,4,1
ev_4586,1567,ev_4586,avoid_congestion,Customer_80,Customer_30,3,47,"[3, 30, 12, 77, 57, 'vir_61', 61, 1, 47]","[32, 149, 144, 427, 'arc_57_vir_61', 'arc_vir_61_61', 11, 14]",27.31390622183948,0.49661647676071796,0,1
ev_4587,1567,ev_4587,detour_2,Customer_80,Customer_30,3,47,"[3, 48, 4, 55, 50, 46, 'vir_14', 14, 34, 47]","[36, 53, 46, 395, 385, 'arc_46_vir_14', 'arc_vir_14_14', 168, 328]",23.408094791876255,0.44547321055625905,5,1
ev_4588,1567,ev_4588,detour_3,Customer_80,Customer_30,3,47,"[3, 48, 4, 17, 55, 50, 46, 'vir_14', 14, 47]","[36, 53, 50, 198, 395, 385, 'arc_46_vir_14', 'arc_vir_14_14', 162]",22.861403946257795,0.45132077634320467,5,1
