path_id,od_id,local_path_id,path_type,origin_customer_id,destination_customer_id,origin_node,destination_node,node_path,arc_path,path_length_km,free_flow_time_h,congested_arc_count
0,0,0,same_node,Customer_1,Customer_9,39,39,[39],[],0.0,0.0,0
1,1,0,shortest,Customer_1,Customer_51,39,64,"[39, 64]",[358],2.736265652175929,0.049750284585016895,0
2,1,1,detour_2,Customer_1,Customer_51,39,64,"[39, 54, 64]","[360, 410]",2.9645630587379346,0.07411407646844836,0
3,1,2,detour_3,Customer_1,Customer_51,39,64,"[39, 12, 64]","[147, 140]",4.396699900471073,0.08628768525347658,0
4,2,0,shortest,Customer_1,Customer_20,39,12,"[39, 12]",[147],3.465705797884034,0.06301283268880062,0
5,2,1,detour_2,Customer_1,Customer_20,39,12,"[39, 64, 12]","[358, 141]",3.6672597547629677,0.07302513714969286,0
6,2,2,detour_3,Customer_1,Customer_20,39,12,"[39, 54, 12]","[360, 143]",3.893891672862409,0.09734729182156023,0
7,3,0,shortest,Customer_1,Customer_26,39,12,"[39, 12]",[147],3.465705797884034,0.06301283268880062,0
8,3,1,detour_2,Customer_1,Customer_26,39,12,"[39, 64, 12]","[358, 141]",3.6672597547629677,0.07302513714969286,0
9,3,2,detour_3,Customer_1,Customer_26,39,12,"[39, 54, 12]","[360, 143]",3.893891672862409,0.09734729182156023,0
10,4,0,shortest,Customer_1,Customer_10,39,29,"[39, 29]",[293],3.7840501627053573,0.06880091204918831,0
11,4,1,detour_2,Customer_1,Customer_10,39,29,"[39, 64, 29]","[358, 295]",8.09830916726052,0.1472419848592822,0
12,4,2,detour_3,Customer_1,Customer_10,39,29,"[39, 54, 29]","[360, 297]",7.24567359080667,0.14824688929486468,0
13,5,0,shortest,Customer_1,Customer_23,39,79,"[39, 79]",[362],4.307143602631575,0.07831170186602864,0
14,5,1,detour_2,Customer_1,Customer_23,39,79,"[39, 6, 79]","[81, 76]",10.370237085824755,0.1885497651968137,0
15,5,2,detour_3,Customer_1,Customer_23,39,79,"[39, 6, 20, 79]","[81, 74, 224]",14.586624561296313,0.2818732781664396,0
16,6,0,shortest,Customer_1,Customer_5,39,19,"[39, 64, 19]","[358, 219]",6.527843940420581,0.11868807164401057,0
17,6,1,detour_2,Customer_1,Customer_5,39,19,"[39, 54, 19]","[360, 217]",5.843499882855841,0.12275282187757688,0
18,6,2,detour_3,Customer_1,Customer_5,39,19,"[39, 64, 54, 19]","[358, 411, 217]",6.702166884911639,0.12556314020959047,0
19,7,0,shortest,Customer_1,Customer_34,39,19,"[39, 64, 19]","[358, 219]",6.527843940420581,0.11868807164401057,0
20,7,1,detour_2,Customer_1,Customer_34,39,19,"[39, 54, 19]","[360, 217]",5.843499882855841,0.12275282187757688,0
21,7,2,detour_3,Customer_1,Customer_34,39,19,"[39, 64, 54, 19]","[358, 411, 217]",6.702166884911639,0.12556314020959047,0
22,8,0,shortest,Customer_1,Customer_3,39,77,"[39, 64, 77]","[358, 452]",5.913829336765739,0.10752416975937706,0
23,8,1,detour_2,Customer_1,Customer_3,39,77,"[39, 12, 77]","[147, 144]",6.470708251739721,0.1176492409407222,0
24,8,2,detour_3,Customer_1,Customer_3,39,77,"[39, 54, 77]","[360, 412]",5.766894249263802,0.12135999217590346,0
25,9,0,shortest,Customer_1,Customer_33,39,77,"[39, 64, 77]","[358, 452]",5.913829336765739,0.10752416975937706,0
26,9,1,detour_2,Customer_1,Customer_33,39,77,"[39, 12, 77]","[147, 144]",6.470708251739721,0.1176492409407222,0
27,9,2,detour_3,Customer_1,Customer_33,39,77,"[39, 54, 77]","[360, 412]",5.766894249263802,0.12135999217590346,0
28,10,0,shortest,Customer_1,Customer_40,39,77,"[39, 64, 77]","[358, 452]",5.913829336765739,0.10752416975937706,0
29,10,1,detour_2,Customer_1,Customer_40,39,77,"[39, 12, 77]","[147, 144]",6.470708251739721,0.1176492409407222,0
30,10,2,detour_3,Customer_1,Customer_40,39,77,"[39, 54, 77]","[360, 412]",5.766894249263802,0.12135999217590346,0
31,11,0,shortest,Customer_1,Customer_14,39,6,"[39, 6]",[81],7.021319120265184,0.12766034764118517,0
32,11,1,detour_2,Customer_1,Customer_14,39,6,"[39, 79, 6]","[362, 77]",7.656061568191145,0.1392011194216572,0
33,11,2,detour_3,Customer_1,Customer_14,39,6,"[39, 79, 20, 6]","[362, 225, 75]",11.872449043662705,0.23252463239128304,0
34,12,0,shortest,Customer_1,Customer_18,39,53,"[39, 64, 30, 53]","[358, 303, 300]",9.267992468259646,0.18448115857523156,0
35,12,1,detour_2,Customer_1,Customer_18,39,53,"[39, 12, 30, 53]","[147, 148, 300]",9.461391254281917,0.1879975001392729,0
36,12,2,detour_3,Customer_1,Customer_18,39,53,"[39, 12, 60, 53]","[147, 150, 407]",10.827429147648886,0.19686234813907064,0
37,13,0,shortest,Customer_1,Customer_41,39,53,"[39, 64, 30, 53]","[358, 303, 300]",9.267992468259646,0.18448115857523156,0
38,13,1,detour_2,Customer_1,Customer_41,39,53,"[39, 12, 30, 53]","[147, 148, 300]",9.461391254281917,0.1879975001392729,0
39,13,2,detour_3,Customer_1,Customer_41,39,53,"[39, 12, 60, 53]","[147, 150, 407]",10.827429147648886,0.19686234813907064,0
40,14,0,shortest,Customer_1,Customer_29,39,20,"[39, 79, 20]","[362, 225]",9.42870040937507,0.17143091653409218,0
41,14,1,detour_2,Customer_1,Customer_29,39,20,"[39, 6, 20]","[81, 74]",9.465067754552818,0.18875406349837603,0
42,14,2,detour_3,Customer_1,Customer_29,39,20,"[39, 79, 6, 20]","[362, 77, 74]",10.09981020247878,0.20029483527884806,0
43,15,0,shortest,Customer_1,Customer_8,39,13,"[39, 79, 52, 13]","[362, 405, 157]",13.479970583960366,0.24509037425382485,0
44,15,1,detour_2,Customer_1,Customer_8,39,13,"[39, 64, 30, 63, 13]","[358, 303, 304, 153]",13.077298094187247,0.2507311338147563,0
45,15,2,detour_3,Customer_1,Customer_8,39,13,"[39, 12, 30, 63, 13]","[147, 148, 304, 153]",13.270696880209519,0.25424747537879766,0
46,16,0,shortest,Customer_1,Customer_59,39,13,"[39, 79, 52, 13]","[362, 405, 157]",13.479970583960366,0.24509037425382485,0
47,16,1,detour_2,Customer_1,Customer_59,39,13,"[39, 64, 30, 63, 13]","[358, 303, 304, 153]",13.077298094187247,0.2507311338147563,0
48,16,2,detour_3,Customer_1,Customer_59,39,13,"[39, 12, 30, 63, 13]","[147, 148, 304, 153]",13.270696880209519,0.25424747537879766,0
49,17,0,shortest,Customer_1,Customer_21,39,24,"[39, 6, 24]","[81, 78]",12.024398532554665,0.2186254278646303,0
50,17,1,detour_2,Customer_1,Customer_21,39,24,"[39, 79, 6, 24]","[362, 77, 78]",12.659140980480625,0.23016619964510232,0
51,17,2,detour_3,Customer_1,Customer_21,39,24,"[39, 79, 20, 24]","[362, 225, 226]",13.143818934793732,0.23897852608715875,0
52,18,0,shortest,Customer_1,Customer_43,39,24,"[39, 6, 24]","[81, 78]",12.024398532554665,0.2186254278646303,0
53,18,1,detour_2,Customer_1,Customer_43,39,24,"[39, 79, 6, 24]","[362, 77, 78]",12.659140980480625,0.23016619964510232,0
54,18,2,detour_3,Customer_1,Customer_43,39,24,"[39, 79, 20, 24]","[362, 225, 226]",13.143818934793732,0.23897852608715875,0
55,19,0,shortest,Customer_1,Customer_52,39,0,"[39, 79, 52, 0]","[362, 405, 1]",12.534000447091294,0.2278909172198417,0
56,19,1,detour_2,Customer_1,Customer_52,39,0,"[39, 6, 24, 0]","[81, 78, 3]",14.618622645892106,0.26579313901622015,0
57,19,2,detour_3,Customer_1,Customer_52,39,0,"[39, 79, 6, 24, 0]","[362, 77, 78, 3]",15.253365093818067,0.2773339107966922,0
58,20,0,same_node,Customer_2,Customer_4,44,44,[44],[],0.0,0.0,0
59,21,0,same_node,Customer_2,Customer_27,44,44,[44],[],0.0,0.0,0
60,22,0,shortest,Customer_2,Customer_46,44,5,"[44, 5]",[59],3.910001842933479,0.07109094259879052,0
61,22,1,detour_2,Customer_2,Customer_46,44,5,"[44, 7, 5]","[83, 61]",3.941587662989996,0.074385010745137,0
62,22,2,detour_3,Customer_2,Customer_46,44,5,"[44, 22, 5]","[241, 57]",3.9517038706065386,0.07485908725675143,0
63,23,0,shortest,Customer_2,Customer_8,44,13,"[44, 13]",[159],4.195360944132112,0.07627928989331113,0
64,23,1,detour_2,Customer_2,Customer_8,44,13,"[44, 7, 13]","[83, 88]",4.699999537213554,0.0881743175492017,0
65,23,2,detour_3,Customer_2,Customer_8,44,13,"[44, 45, 13]","[380, 155]",5.038638030226162,0.10351078974516714,0
66,24,0,shortest,Customer_2,Customer_59,44,13,"[44, 13]",[159],4.195360944132112,0.07627928989331113,0
67,24,1,detour_2,Customer_2,Customer_59,44,13,"[44, 7, 13]","[83, 88]",4.699999537213554,0.0881743175492017,0
68,24,2,detour_3,Customer_2,Customer_59,44,13,"[44, 45, 13]","[380, 155]",5.038638030226162,0.10351078974516714,0
69,25,0,shortest,Customer_2,Customer_16,44,18,"[44, 22, 69, 18]","[241, 238, 215]",11.658485877754012,0.21197247050461837,1
70,25,1,detour_2,Customer_2,Customer_16,44,18,"[44, 7, 22, 69, 18]","[83, 86, 238, 215]",11.699337206576619,0.215435002446712,1
71,25,2,detour_3,Customer_2,Customer_16,44,18,"[44, 22, 69, 31, 18]","[241, 238, 311, 207]",11.832357551144284,0.21639632101756892,2
72,26,0,shortest,Customer_2,Customer_30,44,31,"[44, 22, 69, 31]","[241, 238, 311]",11.6471839382856,0.21176698069610184,1
73,26,1,detour_2,Customer_2,Customer_30,44,31,"[44, 7, 22, 69, 31]","[83, 86, 238, 311]",11.688035267108207,0.2152295126381954,1
74,26,2,detour_3,Customer_2,Customer_30,44,31,"[44, 22, 69, 18, 31]","[241, 238, 215, 206]",11.843659490612696,0.21660181082608546,2
75,27,0,shortest,Customer_2,Customer_50,44,42,"[44, 22, 69, 18, 42]","[241, 238, 215, 210]",15.019286956517366,0.2730779446639521,2
76,27,1,avoid_congestion,Customer_2,Customer_50,44,42,"[44, 13, 63, 53, 48, 42]","[159, 152, 409, 389, 373]",15.55622913439709,0.31061471274395575,1
77,27,2,detour_2,Customer_2,Customer_50,44,42,"[44, 7, 22, 69, 18, 42]","[83, 86, 238, 215, 210]",15.060138285339972,0.2765404766060457,2
78,27,3,detour_3,Customer_2,Customer_50,44,42,"[44, 22, 69, 31, 18, 42]","[241, 238, 311, 207, 210]",15.193158629907638,0.2775017951769026,3
79,28,0,shortest,Customer_2,Customer_18,44,53,"[44, 13, 63, 53]","[159, 152, 409]",9.157197184362587,0.1794565718179443,0
80,28,1,detour_2,Customer_2,Customer_18,44,53,"[44, 45, 63, 53]","[380, 382, 409]",9.877015273803504,0.17958209588733642,0
81,28,2,detour_3,Customer_2,Customer_18,44,53,"[44, 7, 45, 63, 53]","[83, 84, 382, 409]",10.227521366272416,0.188674714441181,0
82,29,0,shortest,Customer_2,Customer_41,44,53,"[44, 13, 63, 53]","[159, 152, 409]",9.157197184362587,0.1794565718179443,0
83,29,1,detour_2,Customer_2,Customer_41,44,53,"[44, 45, 63, 53]","[380, 382, 409]",9.877015273803504,0.17958209588733642,0
84,29,2,detour_3,Customer_2,Customer_41,44,53,"[44, 7, 45, 63, 53]","[83, 84, 382, 409]",10.227521366272416,0.188674714441181,0
85,30,0,shortest,Customer_2,Customer_57,44,17,"[44, 22, 69, 31, 17]","[241, 238, 311, 203]",14.717150194321649,0.26758454898766637,2
86,30,1,detour_2,Customer_2,Customer_57,44,17,"[44, 22, 69, 18, 17]","[241, 238, 215, 201]",14.83675724778833,0.26975922268706054,2
87,30,2,detour_3,Customer_2,Customer_57,44,17,"[44, 7, 22, 69, 31, 17]","[83, 86, 238, 311, 203]",14.758001523144255,0.27104708092975993,2
88,31,0,shortest,Customer_2,Customer_15,44,74,"[44, 22, 69, 72, 74]","[241, 238, 458, 460]",13.44876279140976,0.2528417764708396,2
89,31,1,avoid_congestion,Customer_2,Customer_15,44,74,"[44, 22, 69, 27, 59, 74]","[241, 238, 275, 270, 438]",18.98566523414174,0.3567988423355451,1
90,31,2,detour_2,Customer_2,Customer_15,44,74,"[44, 7, 22, 69, 72, 74]","[83, 86, 238, 458, 460]",13.489614120232364,0.25630430841293317,2
91,31,3,detour_3,Customer_2,Customer_15,44,74,"[44, 22, 69, 59, 74]","[241, 238, 443, 438]",13.571166771063433,0.25835341573412135,2
92,32,0,shortest,Customer_2,Customer_36,44,68,"[44, 22, 68]","[241, 244]",8.932252947063873,0.16240459903752497,0
93,32,1,detour_2,Customer_2,Customer_36,44,68,"[44, 7, 22, 68]","[83, 86, 244]",8.973104275886481,0.16586713097961855,0
94,32,2,detour_3,Customer_2,Customer_36,44,68,"[44, 5, 68]","[59, 62]",9.137301976331802,0.16613276320603276,0
95,33,0,shortest,Customer_2,Customer_45,44,68,"[44, 22, 68]","[241, 244]",8.932252947063873,0.16240459903752497,0
96,33,1,detour_2,Customer_2,Customer_45,44,68,"[44, 7, 22, 68]","[83, 86, 244]",8.973104275886481,0.16586713097961855,0
97,33,2,detour_3,Customer_2,Customer_45,44,68,"[44, 5, 68]","[59, 62]",9.137301976331802,0.16613276320603276,0
98,34,0,shortest,Customer_2,Customer_56,44,68,"[44, 22, 68]","[241, 244]",8.932252947063873,0.16240459903752497,0
99,34,1,detour_2,Customer_2,Customer_56,44,68,"[44, 7, 22, 68]","[83, 86, 244]",8.973104275886481,0.16586713097961855,0
100,34,2,detour_3,Customer_2,Customer_56,44,68,"[44, 5, 68]","[59, 62]",9.137301976331802,0.16613276320603276,0
101,35,0,shortest,Customer_2,Customer_48,44,27,"[44, 22, 69, 27]","[241, 238, 275]",12.581382086908555,0.22875240158015553,0
102,35,1,detour_2,Customer_2,Customer_48,44,27,"[44, 7, 22, 69, 27]","[83, 86, 238, 275]",12.62223341573116,0.2322149335222491,0
103,35,2,detour_3,Customer_2,Customer_48,44,27,"[44, 5, 69, 27]","[59, 54, 275]",13.27006254681093,0.24127386448747146,0
104,36,0,shortest,Customer_2,Customer_52,44,0,"[44, 13, 52, 0]","[159, 156, 1]",11.38944261416868,0.20708077480306689,0
105,36,1,detour_2,Customer_2,Customer_52,44,0,"[44, 7, 41, 0]","[83, 90, 7]",11.70431471976135,0.21552550268643433,0
106,36,2,detour_3,Customer_2,Customer_52,44,0,"[44, 7, 13, 52, 0]","[83, 88, 156, 1]",11.894081207250121,0.21897580245895745,0
107,37,0,shortest,Customer_2,Customer_22,44,65,"[44, 22, 69, 59, 55, 50, 46, 14, 65]","[241, 238, 443, 419, 395, 385, 171, 166]",28.399806626788102,0.5163601204870564,3
108,37,1,avoid_congestion,Customer_2,Customer_22,44,65,"[44, 22, 69, 27, 28, 32, 10, 46, 14, 65]","[241, 238, 275, 272, 288, 119, 124, 171, 166]",33.740919762615164,0.6134712684111848,0
109,37,2,detour_2,Customer_2,Customer_22,44,65,"[44, 7, 22, 69, 59, 55, 50, 46, 14, 65]","[83, 86, 238, 443, 419, 395, 385, 171, 166]",28.440657955610714,0.5198226524291499,3
110,37,3,detour_3,Customer_2,Customer_22,44,65,"[44, 22, 69, 72, 74, 50, 46, 14, 65]","[241, 238, 458, 460, 397, 385, 171, 166]",28.275542885539142,0.5224195963641011,3
111,38,0,shortest,Customer_2,Customer_25,44,34,"[44, 22, 69, 59, 55, 50, 46, 14, 34]","[241, 238, 443, 419, 395, 385, 171, 168]",26.69907971759422,0.4993642367654943,3
112,38,1,avoid_congestion,Customer_2,Customer_25,44,34,"[44, 22, 69, 27, 28, 32, 10, 46, 14, 34]","[241, 238, 275, 272, 288, 119, 124, 171, 168]",32.04019285342129,0.5964753846896227,0
113,38,2,detour_2,Customer_2,Customer_25,44,34,"[44, 7, 22, 69, 59, 55, 50, 46, 14, 34]","[83, 86, 238, 443, 419, 395, 385, 171, 168]",26.73993104641683,0.5028267687075878,3
114,38,3,detour_3,Customer_2,Customer_25,44,34,"[44, 22, 69, 72, 74, 50, 46, 14, 34]","[241, 238, 458, 460, 397, 385, 171, 168]",26.57481597634526,0.5054237126425389,3
115,39,0,shortest,Customer_2,Customer_21,44,24,"[44, 13, 52, 24]","[159, 156, 251]",12.805956127030544,0.2328355659460099,0
116,39,1,detour_2,Customer_2,Customer_21,44,24,"[44, 7, 13, 52, 24]","[83, 88, 156, 251]",13.310594720111986,0.24473059360190047,0
117,39,2,detour_3,Customer_2,Customer_21,44,24,"[44, 13, 52, 0, 24]","[159, 156, 1, 2]",13.98366672750612,0.25424848595465677,0
118,40,0,same_node,Customer_3,Customer_33,77,77,[77],[],0.0,0.0,0
119,41,0,same_node,Customer_3,Customer_40,77,77,[77],[],0.0,0.0,0
120,42,0,shortest,Customer_3,Customer_20,77,12,"[77, 12]",[145],3.005002453855687,0.05463640825192158,0
121,42,1,detour_2,Customer_3,Customer_20,77,12,"[77, 64, 12]","[453, 141]",4.1085577871768475,0.08104873773903612,0
122,42,2,detour_3,Customer_3,Customer_20,77,12,"[77, 54, 12]","[413, 143]",4.818624213268144,0.09765324127601202,0
123,43,0,shortest,Customer_3,Customer_26,77,12,"[77, 12]",[145],3.005002453855687,0.05463640825192158,0
124,43,1,detour_2,Customer_3,Customer_26,77,12,"[77, 64, 12]","[453, 141]",4.1085577871768475,0.08104873773903612,0
125,43,2,detour_3,Customer_3,Customer_26,77,12,"[77, 54, 12]","[413, 143]",4.818624213268144,0.09765324127601202,0
126,44,0,shortest,Customer_3,Customer_51,77,64,"[77, 64]",[453],3.177563684589809,0.05777388517436016,0
127,44,1,detour_2,Customer_3,Customer_51,77,64,"[77, 54, 64]","[413, 410]",3.8892955991436704,0.07442002592290016,0
128,44,2,detour_3,Customer_3,Customer_51,77,64,"[77, 12, 64]","[145, 140]",3.9359965564427255,0.07791126081659754,0
129,45,0,shortest,Customer_3,Customer_5,77,19,"[77, 19]",[221],3.489061186436827,0.06343747611703321,0
130,45,1,detour_2,Customer_3,Customer_5,77,19,"[77, 54, 19]","[413, 217]",6.768232423261577,0.12305877133202868,0
131,45,2,detour_3,Customer_3,Customer_5,77,19,"[77, 64, 19]","[453, 219]",6.969141972834461,0.12671167223335383,0
132,46,0,shortest,Customer_3,Customer_34,77,19,"[77, 19]",[221],3.489061186436827,0.06343747611703321,0
133,46,1,detour_2,Customer_3,Customer_34,77,19,"[77, 54, 19]","[413, 217]",6.768232423261577,0.12305877133202868,0
134,46,2,detour_3,Customer_3,Customer_34,77,19,"[77, 64, 19]","[453, 219]",6.969141972834461,0.12671167223335383,0
135,47,0,shortest,Customer_3,Customer_19,77,57,"[77, 57]",[427],5.627543336513053,0.10231896975478279,0
136,47,1,detour_2,Customer_3,Customer_19,77,57,"[77, 12, 30, 3, 48, 4, 55, 50, 46, 14, 26, 1, 61, 57]","[145, 148, 33, 36, 53, 46, 395, 385, 171, 164, 13, 10, 429]",43.4825627002217,0.7905920490949401,4
137,47,2,detour_3,Customer_3,Customer_19,77,57,"[77, 12, 30, 53, 48, 4, 55, 50, 46, 14, 26, 1, 61, 57]","[145, 148, 300, 389, 53, 46, 395, 385, 171, 164, 13, 10, 429]",42.83026262666687,0.794704252364454,3
138,48,0,shortest,Customer_3,Customer_1,77,39,"[77, 64, 39]","[453, 359]",5.913829336765739,0.10752416975937706,0
139,48,1,detour_2,Customer_3,Customer_1,77,39,"[77, 12, 39]","[145, 146]",6.470708251739721,0.1176492409407222,0
140,48,2,detour_3,Customer_3,Customer_1,77,39,"[77, 54, 39]","[413, 361]",5.766894249263802,0.12135999217590346,0
141,49,0,shortest,Customer_3,Customer_9,77,39,"[77, 64, 39]","[453, 359]",5.913829336765739,0.10752416975937706,0
142,49,1,detour_2,Customer_3,Customer_9,77,39,"[77, 12, 39]","[145, 146]",6.470708251739721,0.1176492409407222,0
143,49,2,detour_3,Customer_3,Customer_9,77,39,"[77, 54, 39]","[413, 361]",5.766894249263802,0.12135999217590346,0
144,50,0,shortest,Customer_3,Customer_39,77,66,"[77, 57, 66]","[427, 430]",7.389834662442233,0.14637625290301226,0
145,50,1,detour_2,Customer_3,Customer_39,77,66,"[77, 57, 16, 66]","[427, 185, 186]",7.801687710736875,0.15667257911037832,0
146,50,2,detour_3,Customer_3,Customer_39,77,66,"[77, 57, 61, 66]","[427, 428, 446]",11.112471036939745,0.21699872417407512,0
147,51,0,shortest,Customer_3,Customer_49,77,66,"[77, 57, 66]","[427, 430]",7.389834662442233,0.14637625290301226,0
148,51,1,detour_2,Customer_3,Customer_49,77,66,"[77, 57, 16, 66]","[427, 185, 186]",7.801687710736875,0.15667257911037832,0
149,51,2,detour_3,Customer_3,Customer_49,77,66,"[77, 57, 61, 66]","[427, 428, 446]",11.112471036939745,0.21699872417407512,0
150,52,0,shortest,Customer_3,Customer_10,77,29,"[77, 19, 29]","[221, 222]",7.757477921228796,0.14104505311325083,0
151,52,1,detour_2,Customer_3,Customer_10,77,29,"[77, 54, 29]","[413, 297]",8.170406131212406,0.14855283874931646,0
152,52,2,detour_3,Customer_3,Customer_10,77,29,"[77, 64, 29]","[453, 295]",8.5396071996744,0.15526558544862545,0
153,53,0,shortest,Customer_3,Customer_18,77,53,"[77, 12, 30, 53]","[145, 148, 300]",9.000687910253571,0.17962107570239386,0
154,53,1,detour_2,Customer_3,Customer_18,77,53,"[77, 12, 60, 53]","[145, 150, 407]",10.366725803620538,0.18848592370219158,0
155,53,2,detour_3,Customer_3,Customer_18,77,53,"[77, 64, 30, 53]","[453, 303, 300]",9.709290500673525,0.19250475916457488,0
156,54,0,shortest,Customer_3,Customer_41,77,53,"[77, 12, 30, 53]","[145, 148, 300]",9.000687910253571,0.17962107570239386,0
157,54,1,detour_2,Customer_3,Customer_41,77,53,"[77, 12, 60, 53]","[145, 150, 407]",10.366725803620538,0.18848592370219158,0
158,54,2,detour_3,Customer_3,Customer_41,77,53,"[77, 64, 30, 53]","[453, 303, 300]",9.709290500673525,0.19250475916457488,0
159,55,0,shortest,Customer_3,Customer_7,77,78,"[77, 57, 78]","[427, 434]",11.405048274550198,0.20736451408273088,0
160,55,1,detour_2,Customer_3,Customer_7,77,78,"[77, 57, 16, 78]","[427, 185, 190]",11.405161820229855,0.20904302345146886,0
161,55,2,detour_3,Customer_3,Customer_7,77,78,"[77, 57, 61, 78]","[427, 428, 448]",15.557440861883773,0.2828625611251595,0
162,56,0,shortest,Customer_3,Customer_38,77,78,"[77, 57, 78]","[427, 434]",11.405048274550198,0.20736451408273088,0
163,56,1,detour_2,Customer_3,Customer_38,77,78,"[77, 57, 16, 78]","[427, 185, 190]",11.405161820229855,0.20904302345146886,0
164,56,2,detour_3,Customer_3,Customer_38,77,78,"[77, 57, 61, 78]","[427, 428, 448]",15.557440861883773,0.2828625611251595,0
165,57,0,shortest,Customer_3,Customer_13,77,61,"[77, 57, 61]","[427, 428]",8.91924758991471,0.16216813799844926,0
166,57,1,detour_2,Customer_3,Customer_13,77,61,"[77, 57, 16, 61]","[427, 185, 188]",9.180619171963151,0.16859679348298334,0
167,57,2,detour_3,Customer_3,Customer_13,77,61,"[77, 57, 66, 61]","[427, 430, 447]",9.583058109467267,0.20120683907863812,0
168,58,0,shortest,Customer_3,Customer_60,77,61,"[77, 57, 61]","[427, 428]",8.91924758991471,0.16216813799844926,0
169,58,1,detour_2,Customer_3,Customer_60,77,61,"[77, 57, 16, 61]","[427, 185, 188]",9.180619171963151,0.16859679348298334,0
170,58,2,detour_3,Customer_3,Customer_60,77,61,"[77, 57, 66, 61]","[427, 430, 447]",9.583058109467267,0.20120683907863812,0
171,59,0,shortest,Customer_3,Customer_23,77,79,"[77, 64, 39, 79]","[453, 359, 362]",10.220972939397313,0.1858358716254057,0
172,59,1,detour_2,Customer_3,Customer_23,77,79,"[77, 12, 39, 79]","[145, 146, 362]",10.777851854371296,0.19596094280675083,0
173,59,2,detour_3,Customer_3,Customer_23,77,79,"[77, 54, 39, 79]","[413, 361, 362]",10.074037851895376,0.19967169404193208,0
174,60,0,same_node,Customer_4,Customer_2,44,44,[44],[],0.0,0.0,0
175,61,0,same_node,Customer_4,Customer_27,44,44,[44],[],0.0,0.0,0
176,62,0,shortest,Customer_4,Customer_46,44,5,"[44, 5]",[59],3.910001842933479,0.07109094259879052,0
177,62,1,detour_2,Customer_4,Customer_46,44,5,"[44, 7, 5]","[83, 61]",3.941587662989996,0.074385010745137,0
178,62,2,detour_3,Customer_4,Customer_46,44,5,"[44, 22, 5]","[241, 57]",3.9517038706065386,0.07485908725675143,0
179,63,0,shortest,Customer_4,Customer_8,44,13,"[44, 13]",[159],4.195360944132112,0.07627928989331113,0
180,63,1,detour_2,Customer_4,Customer_8,44,13,"[44, 7, 13]","[83, 88]",4.699999537213554,0.0881743175492017,0
181,63,2,detour_3,Customer_4,Customer_8,44,13,"[44, 45, 13]","[380, 155]",5.038638030226162,0.10351078974516714,0
182,64,0,shortest,Customer_4,Customer_59,44,13,"[44, 13]",[159],4.195360944132112,0.07627928989331113,0
183,64,1,detour_2,Customer_4,Customer_59,44,13,"[44, 7, 13]","[83, 88]",4.699999537213554,0.0881743175492017,0
184,64,2,detour_3,Customer_4,Customer_59,44,13,"[44, 45, 13]","[380, 155]",5.038638030226162,0.10351078974516714,0
185,65,0,shortest,Customer_4,Customer_16,44,18,"[44, 22, 69, 18]","[241, 238, 215]",11.658485877754012,0.21197247050461837,1
186,65,1,detour_2,Customer_4,Customer_16,44,18,"[44, 7, 22, 69, 18]","[83, 86, 238, 215]",11.699337206576619,0.215435002446712,1
187,65,2,detour_3,Customer_4,Customer_16,44,18,"[44, 22, 69, 31, 18]","[241, 238, 311, 207]",11.832357551144284,0.21639632101756892,2
188,66,0,shortest,Customer_4,Customer_30,44,31,"[44, 22, 69, 31]","[241, 238, 311]",11.6471839382856,0.21176698069610184,1
189,66,1,detour_2,Customer_4,Customer_30,44,31,"[44, 7, 22, 69, 31]","[83, 86, 238, 311]",11.688035267108207,0.2152295126381954,1
190,66,2,detour_3,Customer_4,Customer_30,44,31,"[44, 22, 69, 18, 31]","[241, 238, 215, 206]",11.843659490612696,0.21660181082608546,2
191,67,0,shortest,Customer_4,Customer_50,44,42,"[44, 22, 69, 18, 42]","[241, 238, 215, 210]",15.019286956517366,0.2730779446639521,2
192,67,1,avoid_congestion,Customer_4,Customer_50,44,42,"[44, 13, 63, 53, 48, 42]","[159, 152, 409, 389, 373]",15.55622913439709,0.31061471274395575,1
193,67,2,detour_2,Customer_4,Customer_50,44,42,"[44, 7, 22, 69, 18, 42]","[83, 86, 238, 215, 210]",15.060138285339972,0.2765404766060457,2
194,67,3,detour_3,Customer_4,Customer_50,44,42,"[44, 22, 69, 31, 18, 42]","[241, 238, 311, 207, 210]",15.193158629907638,0.2775017951769026,3
195,68,0,shortest,Customer_4,Customer_18,44,53,"[44, 13, 63, 53]","[159, 152, 409]",9.157197184362587,0.1794565718179443,0
196,68,1,detour_2,Customer_4,Customer_18,44,53,"[44, 45, 63, 53]","[380, 382, 409]",9.877015273803504,0.17958209588733642,0
197,68,2,detour_3,Customer_4,Customer_18,44,53,"[44, 7, 45, 63, 53]","[83, 84, 382, 409]",10.227521366272416,0.188674714441181,0
198,69,0,shortest,Customer_4,Customer_41,44,53,"[44, 13, 63, 53]","[159, 152, 409]",9.157197184362587,0.1794565718179443,0
199,69,1,detour_2,Customer_4,Customer_41,44,53,"[44, 45, 63, 53]","[380, 382, 409]",9.877015273803504,0.17958209588733642,0
200,69,2,detour_3,Customer_4,Customer_41,44,53,"[44, 7, 45, 63, 53]","[83, 84, 382, 409]",10.227521366272416,0.188674714441181,0
201,70,0,shortest,Customer_4,Customer_57,44,17,"[44, 22, 69, 31, 17]","[241, 238, 311, 203]",14.717150194321649,0.26758454898766637,2
202,70,1,detour_2,Customer_4,Customer_57,44,17,"[44, 22, 69, 18, 17]","[241, 238, 215, 201]",14.83675724778833,0.26975922268706054,2
203,70,2,detour_3,Customer_4,Customer_57,44,17,"[44, 7, 22, 69, 31, 17]","[83, 86, 238, 311, 203]",14.758001523144255,0.27104708092975993,2
204,71,0,shortest,Customer_4,Customer_15,44,74,"[44, 22, 69, 72, 74]","[241, 238, 458, 460]",13.44876279140976,0.2528417764708396,2
205,71,1,avoid_congestion,Customer_4,Customer_15,44,74,"[44, 22, 69, 27, 59, 74]","[241, 238, 275, 270, 438]",18.98566523414174,0.3567988423355451,1
206,71,2,detour_2,Customer_4,Customer_15,44,74,"[44, 7, 22, 69, 72, 74]","[83, 86, 238, 458, 460]",13.489614120232364,0.25630430841293317,2
207,71,3,detour_3,Customer_4,Customer_15,44,74,"[44, 22, 69, 59, 74]","[241, 238, 443, 438]",13.571166771063433,0.25835341573412135,2
208,72,0,shortest,Customer_4,Customer_36,44,68,"[44, 22, 68]","[241, 244]",8.932252947063873,0.16240459903752497,0
209,72,1,detour_2,Customer_4,Customer_36,44,68,"[44, 7, 22, 68]","[83, 86, 244]",8.973104275886481,0.16586713097961855,0
210,72,2,detour_3,Customer_4,Customer_36,44,68,"[44, 5, 68]","[59, 62]",9.137301976331802,0.16613276320603276,0
211,73,0,shortest,Customer_4,Customer_45,44,68,"[44, 22, 68]","[241, 244]",8.932252947063873,0.16240459903752497,0
212,73,1,detour_2,Customer_4,Customer_45,44,68,"[44, 7, 22, 68]","[83, 86, 244]",8.973104275886481,0.16586713097961855,0
213,73,2,detour_3,Customer_4,Customer_45,44,68,"[44, 5, 68]","[59, 62]",9.137301976331802,0.16613276320603276,0
214,74,0,shortest,Customer_4,Customer_56,44,68,"[44, 22, 68]","[241, 244]",8.932252947063873,0.16240459903752497,0
215,74,1,detour_2,Customer_4,Customer_56,44,68,"[44, 7, 22, 68]","[83, 86, 244]",8.973104275886481,0.16586713097961855,0
216,74,2,detour_3,Customer_4,Customer_56,44,68,"[44, 5, 68]","[59, 62]",9.137301976331802,0.16613276320603276,0
217,75,0,shortest,Customer_4,Customer_48,44,27,"[44, 22, 69, 27]","[241, 238, 275]",12.581382086908555,0.22875240158015553,0
218,75,1,detour_2,Customer_4,Customer_48,44,27,"[44, 7, 22, 69, 27]","[83, 86, 238, 275]",12.62223341573116,0.2322149335222491,0
219,75,2,detour_3,Customer_4,Customer_48,44,27,"[44, 5, 69, 27]","[59, 54, 275]",13.27006254681093,0.24127386448747146,0
220,76,0,shortest,Customer_4,Customer_52,44,0,"[44, 13, 52, 0]","[159, 156, 1]",11.38944261416868,0.20708077480306689,0
221,76,1,detour_2,Customer_4,Customer_52,44,0,"[44, 7, 41, 0]","[83, 90, 7]",11.70431471976135,0.21552550268643433,0
222,76,2,detour_3,Customer_4,Customer_52,44,0,"[44, 7, 13, 52, 0]","[83, 88, 156, 1]",11.894081207250121,0.21897580245895745,0
223,77,0,shortest,Customer_4,Customer_22,44,65,"[44, 22, 69, 59, 55, 50, 46, 14, 65]","[241, 238, 443, 419, 395, 385, 171, 166]",28.399806626788102,0.5163601204870564,3
224,77,1,avoid_congestion,Customer_4,Customer_22,44,65,"[44, 22, 69, 27, 28, 32, 10, 46, 14, 65]","[241, 238, 275, 272, 288, 119, 124, 171, 166]",33.740919762615164,0.6134712684111848,0
225,77,2,detour_2,Customer_4,Customer_22,44,65,"[44, 7, 22, 69, 59, 55, 50, 46, 14, 65]","[83, 86, 238, 443, 419, 395, 385, 171, 166]",28.440657955610714,0.5198226524291499,3
226,77,3,detour_3,Customer_4,Customer_22,44,65,"[44, 22, 69, 72, 74, 50, 46, 14, 65]","[241, 238, 458, 460, 397, 385, 171, 166]",28.275542885539142,0.5224195963641011,3
227,78,0,shortest,Customer_4,Customer_25,44,34,"[44, 22, 69, 59, 55, 50, 46, 14, 34]","[241, 238, 443, 419, 395, 385, 171, 168]",26.69907971759422,0.4993642367654943,3
228,78,1,avoid_congestion,Customer_4,Customer_25,44,34,"[44, 22, 69, 27, 28, 32, 10, 46, 14, 34]","[241, 238, 275, 272, 288, 119, 124, 171, 168]",32.04019285342129,0.5964753846896227,0
229,78,2,detour_2,Customer_4,Customer_25,44,34,"[44, 7, 22, 69, 59, 55, 50, 46, 14, 34]","[83, 86, 238, 443, 419, 395, 385, 171, 168]",26.73993104641683,0.5028267687075878,3
230,78,3,detour_3,Customer_4,Customer_25,44,34,"[44, 22, 69, 72, 74, 50, 46, 14, 34]","[241, 238, 458, 460, 397, 385, 171, 168]",26.57481597634526,0.5054237126425389,3
231,79,0,shortest,Customer_4,Customer_21,44,24,"[44, 13, 52, 24]","[159, 156, 251]",12.805956127030544,0.2328355659460099,0
232,79,1,detour_2,Customer_4,Customer_21,44,24,"[44, 7, 13, 52, 24]","[83, 88, 156, 251]",13.310594720111986,0.24473059360190047,0
233,79,2,detour_3,Customer_4,Customer_21,44,24,"[44, 13, 52, 0, 24]","[159, 156, 1, 2]",13.98366672750612,0.25424848595465677,0
234,80,0,same_node,Customer_5,Customer_34,19,19,[19],[],0.0,0.0,0
235,81,0,shortest,Customer_5,Customer_3,19,77,"[19, 77]",[220],3.489061186436827,0.06343747611703321,0
236,81,1,detour_2,Customer_5,Customer_3,19,77,"[19, 54, 77]","[216, 412]",6.768232423261577,0.12305877133202868,0
237,81,2,detour_3,Customer_5,Customer_3,19,77,"[19, 64, 77]","[218, 452]",6.969141972834461,0.12671167223335383,0
238,82,0,shortest,Customer_5,Customer_33,19,77,"[19, 77]",[220],3.489061186436827,0.06343747611703321,0
239,82,1,detour_2,Customer_5,Customer_33,19,77,"[19, 54, 77]","[216, 412]",6.768232423261577,0.12305877133202868,0
240,82,2,detour_3,Customer_5,Customer_33,19,77,"[19, 64, 77]","[218, 452]",6.969141972834461,0.12671167223335383,0
241,83,0,shortest,Customer_5,Customer_40,19,77,"[19, 77]",[220],3.489061186436827,0.06343747611703321,0
242,83,1,detour_2,Customer_5,Customer_40,19,77,"[19, 54, 77]","[216, 412]",6.768232423261577,0.12305877133202868,0
243,83,2,detour_3,Customer_5,Customer_40,19,77,"[19, 64, 77]","[218, 452]",6.969141972834461,0.12671167223335383,0
244,84,0,shortest,Customer_5,Customer_51,19,64,"[19, 64]",[218],3.791578288244652,0.06893778705899367,0
245,84,1,detour_2,Customer_5,Customer_51,19,64,"[19, 54, 64]","[216, 410]",3.9659012327357095,0.0758128556245736,0
246,84,2,detour_3,Customer_5,Customer_51,19,64,"[19, 77, 64]","[220, 453]",6.666624871026636,0.12121136129139337,0
247,85,0,shortest,Customer_5,Customer_10,19,29,"[19, 29]",[222],4.26841673479197,0.07760757699621763,0
248,85,1,detour_2,Customer_5,Customer_10,19,29,"[19, 54, 29]","[216, 297]",8.247011764804444,0.14994566845098992,0
249,85,2,detour_3,Customer_5,Customer_10,19,29,"[19, 64, 29]","[218, 295]",9.153621803329242,0.16642948733325896,0
250,86,0,shortest,Customer_5,Customer_20,19,12,"[19, 64, 12]","[218, 141]",4.72257239083169,0.09221263962366963,0
251,86,1,detour_2,Customer_5,Customer_20,19,12,"[19, 54, 12]","[216, 143]",4.895229846860184,0.09904607097768545,0
252,86,2,detour_3,Customer_5,Customer_20,19,12,"[19, 54, 64, 12]","[216, 410, 141]",4.896895335322748,0.09908770818924956,0
253,87,0,shortest,Customer_5,Customer_26,19,12,"[19, 64, 12]","[218, 141]",4.72257239083169,0.09221263962366963,0
254,87,1,detour_2,Customer_5,Customer_26,19,12,"[19, 54, 12]","[216, 143]",4.895229846860184,0.09904607097768545,0
255,87,2,detour_3,Customer_5,Customer_26,19,12,"[19, 54, 64, 12]","[216, 410, 141]",4.896895335322748,0.09908770818924956,0
256,88,0,shortest,Customer_5,Customer_1,19,39,"[19, 64, 39]","[218, 359]",6.527843940420581,0.11868807164401057,0
257,88,1,detour_2,Customer_5,Customer_1,19,39,"[19, 54, 39]","[216, 361]",5.843499882855841,0.12275282187757688,0
258,88,2,detour_3,Customer_5,Customer_1,19,39,"[19, 54, 64, 39]","[216, 410, 359]",6.702166884911639,0.1255631402095905,0
259,89,0,shortest,Customer_5,Customer_9,19,39,"[19, 64, 39]","[218, 359]",6.527843940420581,0.11868807164401057,0
260,89,1,detour_2,Customer_5,Customer_9,19,39,"[19, 54, 39]","[216, 361]",5.843499882855841,0.12275282187757688,0
261,89,2,detour_3,Customer_5,Customer_9,19,39,"[19, 54, 64, 39]","[216, 410, 359]",6.702166884911639,0.1255631402095905,0
262,90,0,shortest,Customer_5,Customer_23,19,79,"[19, 64, 39, 79]","[218, 359, 362]",10.834987543052156,0.19699977351003922,0
263,90,1,detour_2,Customer_5,Customer_23,19,79,"[19, 54, 39, 79]","[216, 361, 362]",10.150643485487416,0.2010645237436055,0
264,90,2,detour_3,Customer_5,Customer_23,19,79,"[19, 54, 64, 39, 79]","[216, 410, 359, 362]",11.009310487543214,0.20387484207561912,0
265,91,0,shortest,Customer_5,Customer_19,19,57,"[19, 77, 57]","[220, 427]",9.11660452294988,0.16575644587181598,0
266,91,1,detour_2,Customer_5,Customer_19,19,57,"[19, 54, 77, 57]","[216, 412, 427]",12.39577575977463,0.22537774108681147,0
267,91,2,detour_3,Customer_5,Customer_19,19,57,"[19, 64, 77, 57]","[218, 452, 427]",12.596685309347514,0.2290306419881366,0
268,92,0,shortest,Customer_5,Customer_18,19,53,"[19, 64, 30, 53]","[218, 303, 300]",10.323305104328366,0.2036686610492084,0
269,92,1,detour_2,Customer_5,Customer_18,19,53,"[19, 54, 64, 30, 53]","[216, 410, 303, 300]",10.497628048819426,0.2105437296147883,0
270,92,2,detour_3,Customer_5,Customer_18,19,53,"[19, 64, 12, 30, 53]","[218, 141, 148, 300]",10.718257847229573,0.21719730707414192,0
271,93,0,shortest,Customer_5,Customer_41,19,53,"[19, 64, 30, 53]","[218, 303, 300]",10.323305104328366,0.2036686610492084,0
272,93,1,detour_2,Customer_5,Customer_41,19,53,"[19, 54, 64, 30, 53]","[216, 410, 303, 300]",10.497628048819426,0.2105437296147883,0
273,93,2,detour_3,Customer_5,Customer_41,19,53,"[19, 64, 12, 30, 53]","[218, 141, 148, 300]",10.718257847229573,0.21719730707414192,0
274,94,0,shortest,Customer_5,Customer_7,19,78,"[19, 77, 57, 78]","[220, 427, 434]",14.894109460987025,0.2708019901997641,0
275,94,1,detour_2,Customer_5,Customer_7,19,78,"[19, 77, 57, 16, 78]","[220, 427, 185, 190]",14.894223006666682,0.27248049956850207,0
276,94,2,detour_3,Customer_5,Customer_7,19,78,"[19, 54, 77, 57, 78]","[216, 412, 427, 434]",18.173280697811776,0.33042328541475957,0
277,95,0,shortest,Customer_5,Customer_38,19,78,"[19, 77, 57, 78]","[220, 427, 434]",14.894109460987025,0.2708019901997641,0
278,95,1,detour_2,Customer_5,Customer_38,19,78,"[19, 77, 57, 16, 78]","[220, 427, 185, 190]",14.894223006666682,0.27248049956850207,0
279,95,2,detour_3,Customer_5,Customer_38,19,78,"[19, 54, 77, 57, 78]","[216, 412, 427, 434]",18.173280697811776,0.33042328541475957,0
280,96,0,shortest,Customer_5,Customer_39,19,66,"[19, 77, 57, 66]","[220, 427, 430]",10.87889584887906,0.20981372902004547,0
281,96,1,detour_2,Customer_5,Customer_39,19,66,"[19, 77, 57, 16, 66]","[220, 427, 185, 186]",11.290748897173701,0.2201100552274115,0
282,96,2,detour_3,Customer_5,Customer_39,19,66,"[19, 54, 77, 57, 66]","[216, 412, 427, 430]",14.15806708570381,0.26943502423504095,0
283,97,0,shortest,Customer_5,Customer_49,19,66,"[19, 77, 57, 66]","[220, 427, 430]",10.87889584887906,0.20981372902004547,0
284,97,1,detour_2,Customer_5,Customer_49,19,66,"[19, 77, 57, 16, 66]","[220, 427, 185, 186]",11.290748897173701,0.2201100552274115,0
285,97,2,detour_3,Customer_5,Customer_49,19,66,"[19, 54, 77, 57, 66]","[216, 412, 427, 430]",14.15806708570381,0.26943502423504095,0
286,98,0,shortest,Customer_5,Customer_14,19,6,"[19, 64, 39, 6]","[218, 359, 81]",13.549163060685764,0.24634841928519574,0
287,98,1,detour_2,Customer_5,Customer_14,19,6,"[19, 54, 39, 6]","[216, 361, 81]",12.864819003121024,0.250413169518762,0
288,98,2,detour_3,Customer_5,Customer_14,19,6,"[19, 54, 64, 39, 6]","[216, 410, 359, 81]",13.723486005176824,0.25322348785077564,0
289,99,0,shortest,Customer_5,Customer_13,19,61,"[19, 77, 57, 61]","[220, 427, 428]",12.408308776351536,0.22560561411548247,0
290,99,1,detour_2,Customer_5,Customer_13,19,61,"[19, 77, 57, 16, 61]","[220, 427, 185, 188]",12.669680358399978,0.23203426960001655,0
291,99,2,detour_3,Customer_5,Customer_13,19,61,"[19, 77, 57, 66, 61]","[220, 427, 430, 447]",13.072119295904095,0.26464431519567133,0
292,100,0,same_node,Customer_6,Customer_42,56,56,[56],[],0.0,0.0,0
293,101,0,same_node,Customer_6,Customer_55,56,56,[56],[],0.0,0.0,0
294,102,0,shortest,Customer_6,Customer_7,56,78,"[56, 78]",[420],6.963892800465737,0.12661623273574066,0
295,102,1,detour_2,Customer_6,Customer_7,56,78,"[56, 62, 78]","[422, 450]",9.899063662589139,0.1799829756834389,0
296,102,2,detour_3,Customer_6,Customer_7,56,78,"[56, 40, 61, 78]","[367, 364, 448]",20.14899215919651,0.36634531198539105,0
297,103,0,shortest,Customer_6,Customer_38,56,78,"[56, 78]",[420],6.963892800465737,0.12661623273574066,0
298,103,1,detour_2,Customer_6,Customer_38,56,78,"[56, 62, 78]","[422, 450]",9.899063662589139,0.1799829756834389,0
299,103,2,detour_3,Customer_6,Customer_38,56,78,"[56, 40, 61, 78]","[367, 364, 448]",20.14899215919651,0.36634531198539105,0
300,104,0,shortest,Customer_6,Customer_17,56,40,"[56, 40]",[367],8.515575519626273,0.15482864581138678,0
301,104,1,detour_2,Customer_6,Customer_17,56,40,"[56, 37, 40]","[345, 346]",14.353064152835925,0.26096480277883505,0
302,104,2,detour_3,Customer_6,Customer_17,56,40,"[56, 78, 61, 40]","[420, 449, 365]",18.59730944003597,0.33813289890974496,0
303,105,0,shortest,Customer_6,Customer_31,56,40,"[56, 40]",[367],8.515575519626273,0.15482864581138678,0
304,105,1,detour_2,Customer_6,Customer_31,56,40,"[56, 37, 40]","[345, 346]",14.353064152835925,0.26096480277883505,0
305,105,2,detour_3,Customer_6,Customer_31,56,40,"[56, 78, 61, 40]","[420, 449, 365]",18.59730944003597,0.33813289890974496,0
306,106,0,shortest,Customer_6,Customer_13,56,61,"[56, 40, 61]","[367, 364]",13.510798887227445,0.2456508888586808,0
307,106,1,detour_2,Customer_6,Customer_13,56,61,"[56, 78, 61]","[420, 449]",13.602086072434801,0.2473106558624509,0
308,106,2,detour_3,Customer_6,Customer_13,56,61,"[56, 40, 1, 61]","[367, 19, 10]",15.504935567393796,0.2819079194071599,0
309,107,0,shortest,Customer_6,Customer_60,56,61,"[56, 40, 61]","[367, 364]",13.510798887227445,0.2456508888586808,0
310,107,1,detour_2,Customer_6,Customer_60,56,61,"[56, 78, 61]","[420, 449]",13.602086072434801,0.2473106558624509,0
311,107,2,detour_3,Customer_6,Customer_60,56,61,"[56, 40, 1, 61]","[367, 19, 10]",15.504935567393796,0.2819079194071599,0
312,108,0,shortest,Customer_6,Customer_19,56,57,"[56, 78, 57]","[420, 435]",12.741397738502883,0.23166177706368873,0
313,108,1,detour_2,Customer_6,Customer_19,56,57,"[56, 78, 16, 57]","[420, 191, 184]",12.741511284182538,0.23334028643242674,0
314,108,2,detour_3,Customer_6,Customer_19,56,57,"[56, 62, 57]","[422, 433]",15.673621429235677,0.2849749350770123,0
315,109,0,shortest,Customer_6,Customer_39,56,66,"[56, 78, 16, 66]","[420, 191, 186]",14.423898487201383,0.2753999665078979,0
316,109,1,detour_2,Customer_6,Customer_39,56,66,"[56, 78, 57, 66]","[420, 435, 430]",14.503689064432063,0.2757190602119182,0
317,109,2,detour_3,Customer_6,Customer_39,56,66,"[56, 78, 16, 57, 66]","[420, 191, 184, 430]",14.503802610111718,0.2773975695806562,0
318,110,0,shortest,Customer_6,Customer_49,56,66,"[56, 78, 16, 66]","[420, 191, 186]",14.423898487201383,0.2753999665078979,0
319,110,1,detour_2,Customer_6,Customer_49,56,66,"[56, 78, 57, 66]","[420, 435, 430]",14.503689064432063,0.2757190602119182,0
320,110,2,detour_3,Customer_6,Customer_49,56,66,"[56, 78, 16, 57, 66]","[420, 191, 184, 430]",14.503802610111718,0.2773975695806562,0
321,111,0,shortest,Customer_6,Customer_22,56,65,"[56, 40, 9, 65]","[367, 117, 114]",16.39385159043604,0.2980700289170189,0
322,111,1,detour_2,Customer_6,Customer_22,56,65,"[56, 40, 1, 9, 65]","[367, 19, 16, 114]",16.441029395363056,0.3087503918410477,0
323,111,2,detour_3,Customer_6,Customer_22,56,65,"[56, 40, 26, 65]","[367, 269, 264]",16.447775057023136,0.31318596484192673,0
324,112,0,shortest,Customer_6,Customer_3,56,77,"[56, 78, 57, 77]","[420, 435, 426]",18.368941075015936,0.3339807468184715,0
325,112,1,detour_2,Customer_6,Customer_3,56,77,"[56, 78, 16, 57, 77]","[420, 191, 184, 426]",18.369054620695593,0.33565925618720954,0
326,112,2,detour_3,Customer_6,Customer_3,56,77,"[56, 62, 57, 77]","[422, 433, 426]",21.30116476574873,0.3872939048317951,0
327,113,0,shortest,Customer_6,Customer_33,56,77,"[56, 78, 57, 77]","[420, 435, 426]",18.368941075015936,0.3339807468184715,0
328,113,1,detour_2,Customer_6,Customer_33,56,77,"[56, 78, 16, 57, 77]","[420, 191, 184, 426]",18.369054620695593,0.33565925618720954,0
329,113,2,detour_3,Customer_6,Customer_33,56,77,"[56, 62, 57, 77]","[422, 433, 426]",21.30116476574873,0.3872939048317951,0
330,114,0,shortest,Customer_6,Customer_40,56,77,"[56, 78, 57, 77]","[420, 435, 426]",18.368941075015936,0.3339807468184715,0
331,114,1,detour_2,Customer_6,Customer_40,56,77,"[56, 78, 16, 57, 77]","[420, 191, 184, 426]",18.369054620695593,0.33565925618720954,0
332,114,2,detour_3,Customer_6,Customer_40,56,77,"[56, 62, 57, 77]","[422, 433, 426]",21.30116476574873,0.3872939048317951,0
333,115,0,shortest,Customer_6,Customer_24,56,47,"[56, 40, 9, 47]","[367, 117, 112]",16.322617072813696,0.29677485586933994,0
334,115,1,detour_2,Customer_6,Customer_24,56,47,"[56, 40, 1, 47]","[367, 19, 14]",16.344705102516237,0.29717645640938617,0
335,115,2,detour_3,Customer_6,Customer_24,56,47,"[56, 40, 1, 9, 47]","[367, 19, 16, 112]",16.36979487774071,0.3074552187933687,0
336,116,0,shortest,Customer_6,Customer_25,56,34,"[56, 40, 9, 34]","[367, 117, 110]",17.142197208845626,0.31167631288810227,0
337,116,1,detour_2,Customer_6,Customer_25,56,34,"[56, 40, 26, 34]","[367, 269, 266]",17.16170302881037,0.31203096416018855,0
338,116,2,detour_3,Customer_6,Customer_25,56,34,"[56, 40, 1, 26, 34]","[367, 19, 12, 266]",17.241743821235982,0.3134862512951997,0
339,117,0,shortest,Customer_6,Customer_5,56,19,"[56, 78, 57, 77, 19]","[420, 435, 426, 221]",21.858002261452764,0.3974182229355047,0
340,117,1,detour_2,Customer_6,Customer_5,56,19,"[56, 78, 16, 57, 77, 19]","[420, 191, 184, 426, 221]",21.85811580713242,0.39909673230424275,0
341,117,2,detour_3,Customer_6,Customer_5,56,19,"[56, 62, 57, 77, 19]","[422, 433, 426, 221]",24.79022595218556,0.4507313809488283,0
342,118,0,shortest,Customer_6,Customer_34,56,19,"[56, 78, 57, 77, 19]","[420, 435, 426, 221]",21.858002261452764,0.3974182229355047,0
343,118,1,detour_2,Customer_6,Customer_34,56,19,"[56, 78, 16, 57, 77, 19]","[420, 191, 184, 426, 221]",21.85811580713242,0.39909673230424275,0
344,118,2,detour_3,Customer_6,Customer_34,56,19,"[56, 62, 57, 77, 19]","[422, 433, 426, 221]",24.79022595218556,0.4507313809488283,0
345,119,0,shortest,Customer_6,Customer_20,56,12,"[56, 78, 57, 77, 12]","[420, 435, 426, 145]",21.373943528871624,0.38861715507039307,0
346,119,1,detour_2,Customer_6,Customer_20,56,12,"[56, 78, 16, 57, 77, 12]","[420, 191, 184, 426, 145]",21.37405707455128,0.3902956644391311,0
347,119,2,detour_3,Customer_6,Customer_20,56,12,"[56, 78, 57, 77, 64, 12]","[420, 435, 426, 453, 141]",22.477498862192785,0.41502948455750766,0
348,120,0,same_node,Customer_7,Customer_38,78,78,[78],[],0.0,0.0,0
349,121,0,shortest,Customer_7,Customer_19,78,57,"[78, 57]",[435],5.777504938037145,0.10504554432794809,0
350,121,1,detour_2,Customer_7,Customer_19,78,57,"[78, 16, 57]","[191, 184]",5.777618483716802,0.10672405369668608,0
351,121,2,detour_3,Customer_7,Customer_19,78,57,"[78, 61, 57]","[449, 429]",9.92989752537072,0.18054359137037673,0
352,122,0,shortest,Customer_7,Customer_13,78,61,"[78, 61]",[449],6.6381932719690635,0.12069442312671025,0
353,122,1,detour_2,Customer_7,Customer_13,78,61,"[78, 16, 61]","[191, 188]",8.838937147961923,0.16070794814476225,0
354,122,2,detour_3,Customer_7,Customer_13,78,61,"[78, 57, 61]","[435, 428]",9.069209191438802,0.16489471257161456,0
355,123,0,shortest,Customer_7,Customer_60,78,61,"[78, 61]",[449],6.6381932719690635,0.12069442312671025,0
356,123,1,detour_2,Customer_7,Customer_60,78,61,"[78, 16, 61]","[191, 188]",8.838937147961923,0.16070794814476225,0
357,123,2,detour_3,Customer_7,Customer_60,78,61,"[78, 57, 61]","[435, 428]",9.069209191438802,0.16489471257161456,0
358,124,0,shortest,Customer_7,Customer_6,78,56,"[78, 56]",[421],6.963892800465737,0.12661623273574066,0
359,124,1,detour_2,Customer_7,Customer_6,78,56,"[78, 62, 56]","[451, 423]",9.899063662589139,0.1799829756834389,0
360,124,2,detour_3,Customer_7,Customer_6,78,56,"[78, 61, 40, 56]","[449, 365, 366]",20.14899215919651,0.36634531198539105,0
361,125,0,shortest,Customer_7,Customer_42,78,56,"[78, 56]",[421],6.963892800465737,0.12661623273574066,0
362,125,1,detour_2,Customer_7,Customer_42,78,56,"[78, 62, 56]","[451, 423]",9.899063662589139,0.1799829756834389,0
363,125,2,detour_3,Customer_7,Customer_42,78,56,"[78, 61, 40, 56]","[449, 365, 366]",20.14899215919651,0.36634531198539105,0
364,126,0,shortest,Customer_7,Customer_55,78,56,"[78, 56]",[421],6.963892800465737,0.12661623273574066,0
365,126,1,detour_2,Customer_7,Customer_55,78,56,"[78, 62, 56]","[451, 423]",9.899063662589139,0.1799829756834389,0
366,126,2,detour_3,Customer_7,Customer_55,78,56,"[78, 61, 40, 56]","[449, 365, 366]",20.14899215919651,0.36634531198539105,0
367,127,0,shortest,Customer_7,Customer_39,78,66,"[78, 16, 66]","[191, 186]",7.460005686735647,0.1487837337721572,0
368,127,1,detour_2,Customer_7,Customer_39,78,66,"[78, 57, 66]","[435, 430]",7.539796263966325,0.1491028274761776,0
369,127,2,detour_3,Customer_7,Customer_39,78,66,"[78, 16, 57, 66]","[191, 184, 430]",7.539909809645982,0.15078133684491557,0
370,128,0,shortest,Customer_7,Customer_49,78,66,"[78, 16, 66]","[191, 186]",7.460005686735647,0.1487837337721572,0
371,128,1,detour_2,Customer_7,Customer_49,78,66,"[78, 57, 66]","[435, 430]",7.539796263966325,0.1491028274761776,0
372,128,2,detour_3,Customer_7,Customer_49,78,66,"[78, 16, 57, 66]","[191, 184, 430]",7.539909809645982,0.15078133684491557,0
373,129,0,shortest,Customer_7,Customer_3,78,77,"[78, 57, 77]","[435, 426]",11.405048274550198,0.20736451408273088,0
374,129,1,detour_2,Customer_7,Customer_3,78,77,"[78, 16, 57, 77]","[191, 184, 426]",11.405161820229855,0.20904302345146886,0
375,129,2,detour_3,Customer_7,Customer_3,78,77,"[78, 61, 57, 77]","[449, 429, 426]",15.557440861883773,0.2828625611251595,0
376,130,0,shortest,Customer_7,Customer_33,78,77,"[78, 57, 77]","[435, 426]",11.405048274550198,0.20736451408273088,0
377,130,1,detour_2,Customer_7,Customer_33,78,77,"[78, 16, 57, 77]","[191, 184, 426]",11.405161820229855,0.20904302345146886,0
378,130,2,detour_3,Customer_7,Customer_33,78,77,"[78, 61, 57, 77]","[449, 429, 426]",15.557440861883773,0.2828625611251595,0
379,131,0,shortest,Customer_7,Customer_40,78,77,"[78, 57, 77]","[435, 426]",11.405048274550198,0.20736451408273088,0
380,131,1,detour_2,Customer_7,Customer_40,78,77,"[78, 16, 57, 77]","[191, 184, 426]",11.405161820229855,0.20904302345146886,0
381,131,2,detour_3,Customer_7,Customer_40,78,77,"[78, 61, 57, 77]","[449, 429, 426]",15.557440861883773,0.2828625611251595,0
382,132,0,shortest,Customer_7,Customer_17,78,40,"[78, 61, 40]","[449, 365]",11.633416639570235,0.21151666617400428,0
383,132,1,detour_2,Customer_7,Customer_17,78,40,"[78, 61, 1, 40]","[449, 11, 18]",13.627553319736586,0.2477736967224834,0
384,132,2,detour_3,Customer_7,Customer_17,78,40,"[78, 16, 61, 40]","[191, 188, 365]",13.834160515563095,0.2515301911920563,0
385,133,0,shortest,Customer_7,Customer_31,78,40,"[78, 61, 40]","[449, 365]",11.633416639570235,0.21151666617400428,0
386,133,1,detour_2,Customer_7,Customer_31,78,40,"[78, 61, 1, 40]","[449, 11, 18]",13.627553319736586,0.2477736967224834,0
387,133,2,detour_3,Customer_7,Customer_31,78,40,"[78, 16, 61, 40]","[191, 188, 365]",13.834160515563095,0.2515301911920563,0
388,134,0,shortest,Customer_7,Customer_5,78,19,"[78, 57, 77, 19]","[435, 426, 221]",14.894109460987025,0.2708019901997641,0
389,134,1,detour_2,Customer_7,Customer_5,78,19,"[78, 16, 57, 77, 19]","[191, 184, 426, 221]",14.894223006666682,0.27248049956850207,0
390,134,2,detour_3,Customer_7,Customer_5,78,19,"[78, 57, 77, 54, 19]","[435, 426, 413, 217]",18.173280697811776,0.33042328541475957,0
391,135,0,shortest,Customer_7,Customer_34,78,19,"[78, 57, 77, 19]","[435, 426, 221]",14.894109460987025,0.2708019901997641,0
392,135,1,detour_2,Customer_7,Customer_34,78,19,"[78, 16, 57, 77, 19]","[191, 184, 426, 221]",14.894223006666682,0.27248049956850207,0
393,135,2,detour_3,Customer_7,Customer_34,78,19,"[78, 57, 77, 54, 19]","[435, 426, 413, 217]",18.173280697811776,0.33042328541475957,0
394,136,0,shortest,Customer_7,Customer_20,78,12,"[78, 57, 77, 12]","[435, 426, 145]",14.410050728405885,0.26200092233465244,0
395,136,1,detour_2,Customer_7,Customer_20,78,12,"[78, 16, 57, 77, 12]","[191, 184, 426, 145]",14.410164274085542,0.2636794317033904,0
396,136,2,detour_3,Customer_7,Customer_20,78,12,"[78, 57, 77, 64, 12]","[435, 426, 453, 141]",15.513606061727044,0.288413251821767,0
397,137,0,shortest,Customer_7,Customer_26,78,12,"[78, 57, 77, 12]","[435, 426, 145]",14.410050728405885,0.26200092233465244,0
398,137,1,detour_2,Customer_7,Customer_26,78,12,"[78, 16, 57, 77, 12]","[191, 184, 426, 145]",14.410164274085542,0.2636794317033904,0
399,137,2,detour_3,Customer_7,Customer_26,78,12,"[78, 57, 77, 64, 12]","[435, 426, 453, 141]",15.513606061727044,0.288413251821767,0
400,138,0,shortest,Customer_7,Customer_51,78,64,"[78, 57, 77, 64]","[435, 426, 453]",14.582611959140007,0.26513839925709104,0
401,138,1,detour_2,Customer_7,Customer_51,78,64,"[78, 16, 57, 77, 64]","[191, 184, 426, 453]",14.582725504819663,0.266816908625829,0
402,138,2,detour_3,Customer_7,Customer_51,78,64,"[78, 57, 77, 54, 64]","[435, 426, 413, 410]",15.294343873693869,0.281784540005631,0
403,139,0,shortest,Customer_7,Customer_22,78,65,"[78, 61, 1, 9, 65]","[449, 11, 16, 114]",14.8649714967519,0.28009479368448126,0
404,139,1,detour_2,Customer_7,Customer_22,78,65,"[78, 61, 1, 26, 65]","[449, 11, 12, 264]",14.951757950837596,0.28598565382037144,0
405,139,2,detour_3,Customer_7,Customer_22,78,65,"[78, 61, 1, 9, 26, 65]","[449, 11, 16, 108, 264]",14.952755594784591,0.30370387529887033,0
406,140,0,same_node,Customer_8,Customer_59,13,13,[13],[],0.0,0.0,0
407,141,0,shortest,Customer_8,Customer_2,13,44,"[13, 44]",[158],4.195360944132112,0.07627928989331113,0
408,141,1,detour_2,Customer_8,Customer_2,13,44,"[13, 7, 44]","[89, 82]",4.699999537213554,0.0881743175492017,0
409,141,2,detour_3,Customer_8,Customer_2,13,44,"[13, 45, 44]","[154, 381]",5.038638030226162,0.10351078974516714,0
410,142,0,shortest,Customer_8,Customer_4,13,44,"[13, 44]",[158],4.195360944132112,0.07627928989331113,0
411,142,1,detour_2,Customer_8,Customer_4,13,44,"[13, 7, 44]","[89, 82]",4.699999537213554,0.0881743175492017,0
412,142,2,detour_3,Customer_8,Customer_4,13,44,"[13, 45, 44]","[154, 381]",5.038638030226162,0.10351078974516714,0
413,143,0,shortest,Customer_8,Customer_27,13,44,"[13, 44]",[158],4.195360944132112,0.07627928989331113,0
414,143,1,detour_2,Customer_8,Customer_27,13,44,"[13, 7, 44]","[89, 82]",4.699999537213554,0.0881743175492017,0
415,143,2,detour_3,Customer_8,Customer_27,13,44,"[13, 45, 44]","[154, 381]",5.038638030226162,0.10351078974516714,0
416,144,0,shortest,Customer_8,Customer_18,13,53,"[13, 63, 53]","[152, 409]",4.961836240230475,0.10317728192463317,0
417,144,1,detour_2,Customer_8,Customer_18,13,53,"[13, 45, 63, 53]","[154, 382, 409]",8.328806074286843,0.1633320269099068,0
418,144,2,detour_3,Customer_8,Customer_18,13,53,"[13, 63, 60, 53]","[152, 445, 407]",8.599902572933177,0.16932394251922772,0
419,145,0,shortest,Customer_8,Customer_41,13,53,"[13, 63, 53]","[152, 409]",4.961836240230475,0.10317728192463317,0
420,145,1,detour_2,Customer_8,Customer_41,13,53,"[13, 45, 63, 53]","[154, 382, 409]",8.328806074286843,0.1633320269099068,0
421,145,2,detour_3,Customer_8,Customer_41,13,53,"[13, 63, 60, 53]","[152, 445, 407]",8.599902572933177,0.16932394251922772,0
422,146,0,shortest,Customer_8,Customer_52,13,0,"[13, 52, 0]","[156, 1]",7.194081670036566,0.13080148490975574,0
423,146,1,detour_2,Customer_8,Customer_52,13,0,"[13, 63, 52, 0]","[152, 403, 1]",9.716498542946555,0.18962568742856187,0
424,146,2,detour_3,Customer_8,Customer_52,13,0,"[13, 41, 0]","[160, 7]",10.950930169903096,0.19910782127096535,0
425,147,0,shortest,Customer_8,Customer_46,13,5,"[13, 7, 5]","[89, 61]",7.843784917576674,0.1426142712286668,0
426,147,1,detour_2,Customer_8,Customer_46,13,5,"[13, 7, 22, 5]","[89, 86, 57]",7.894752454015824,0.1465508796823748,0
427,147,2,detour_3,Customer_8,Customer_46,13,5,"[13, 44, 5]","[158, 59]",8.10536278706559,0.14737023249210165,0
428,148,0,shortest,Customer_8,Customer_16,13,18,"[13, 63, 53, 48, 18]","[152, 409, 389, 213]",13.690439826338,0.2618791653084064,1
429,148,1,avoid_congestion,Customer_8,Customer_16,13,18,"[13, 7, 22, 69, 18]","[89, 86, 238, 215]",15.601534461163297,0.2836642629302418,1
430,148,2,detour_3,Customer_8,Customer_16,13,18,"[13, 7, 22, 69, 31, 18]","[89, 86, 238, 311, 207]",15.775406134553569,0.28808811344319224,2
431,149,0,shortest,Customer_8,Customer_23,13,79,"[13, 52, 79]","[156, 404]",9.17282698132879,0.1667786723877962,0
432,149,1,detour_2,Customer_8,Customer_23,13,79,"[13, 63, 52, 79]","[152, 403, 404]",11.695243854238779,0.2256028749066023,0
433,149,2,detour_3,Customer_8,Customer_23,13,79,"[13, 45, 63, 52, 79]","[154, 382, 403, 404]",15.062213688295145,0.285757619891876,0
434,150,0,shortest,Customer_8,Customer_21,13,24,"[13, 52, 24]","[156, 251]",8.610595182898432,0.15655627605269878,0
435,150,1,detour_2,Customer_8,Customer_21,13,24,"[13, 52, 0, 24]","[156, 1, 2]",9.788305783374009,0.1779691960613456,0
436,150,2,detour_3,Customer_8,Customer_21,13,24,"[13, 63, 52, 24]","[152, 403, 251]",11.133012055808422,0.21538047857150489,0
437,151,0,shortest,Customer_8,Customer_43,13,24,"[13, 52, 24]","[156, 251]",8.610595182898432,0.15655627605269878,0
438,151,1,detour_2,Customer_8,Customer_43,13,24,"[13, 52, 0, 24]","[156, 1, 2]",9.788305783374009,0.1779691960613456,0
439,151,2,detour_3,Customer_8,Customer_43,13,24,"[13, 63, 52, 24]","[152, 403, 251]",11.133012055808422,0.21538047857150489,0
440,152,0,shortest,Customer_8,Customer_30,13,31,"[13, 63, 53, 48, 18, 31]","[152, 409, 389, 213, 206]",13.875613439196684,0.26650850562987344,2
441,152,1,avoid_congestion,Customer_8,Customer_30,13,31,"[13, 7, 22, 69, 31]","[89, 86, 238, 311]",15.590232521694885,0.2834587731217252,1
442,152,2,detour_3,Customer_8,Customer_30,13,31,"[13, 44, 22, 69, 31]","[158, 241, 238, 311]",15.842544882417712,0.28804627058941296,1
443,153,0,shortest,Customer_8,Customer_50,13,42,"[13, 63, 53, 48, 42]","[152, 409, 389, 373]",11.360868190264979,0.23433542285064463,1
444,153,1,detour_2,Customer_8,Customer_50,13,42,"[13, 63, 3, 48, 42]","[152, 41, 36, 373]",12.93329802595189,0.2629250562267703,2
445,153,2,detour_3,Customer_8,Customer_50,13,42,"[13, 63, 53, 3, 48, 42]","[152, 409, 35, 36, 373]",13.055069589993016,0.2808578445450753,2
446,154,0,shortest,Customer_8,Customer_1,13,39,"[13, 52, 79, 39]","[156, 404, 363]",13.479970583960364,0.24509037425382485,0
447,154,1,detour_2,Customer_8,Customer_1,13,39,"[13, 63, 30, 64, 39]","[152, 305, 302, 359]",13.077298094187247,0.2507311338147563,0
448,154,2,detour_3,Customer_8,Customer_1,13,39,"[13, 63, 30, 12, 39]","[152, 305, 149, 146]",13.27069688020952,0.25424747537879766,0
449,155,0,shortest,Customer_8,Customer_9,13,39,"[13, 52, 79, 39]","[156, 404, 363]",13.479970583960364,0.24509037425382485,0
450,155,1,detour_2,Customer_8,Customer_9,13,39,"[13, 63, 30, 64, 39]","[152, 305, 302, 359]",13.077298094187247,0.2507311338147563,0
451,155,2,detour_3,Customer_8,Customer_9,13,39,"[13, 63, 30, 12, 39]","[152, 305, 149, 146]",13.27069688020952,0.25424747537879766,0
452,156,0,shortest,Customer_8,Customer_20,13,12,"[13, 63, 30, 12]","[152, 305, 149]",9.804991082325486,0.19123464268999701,0
453,156,1,detour_2,Customer_8,Customer_20,13,12,"[13, 63, 60, 12]","[152, 445, 151]",10.05010483842753,0.19569125643730684,0
454,156,2,detour_3,Customer_8,Customer_20,13,12,"[13, 63, 60, 30, 12]","[152, 445, 299, 149]",10.631561620117052,0.21536086252663564,0
455,157,0,shortest,Customer_8,Customer_26,13,12,"[13, 63, 30, 12]","[152, 305, 149]",9.804991082325486,0.19123464268999701,0
456,157,1,detour_2,Customer_8,Customer_26,13,12,"[13, 63, 60, 12]","[152, 445, 151]",10.05010483842753,0.19569125643730684,0
457,157,2,detour_3,Customer_8,Customer_26,13,12,"[13, 63, 60, 30, 12]","[152, 445, 299, 149]",10.631561620117052,0.21536086252663564,0
458,158,0,shortest,Customer_8,Customer_51,13,64,"[13, 63, 30, 64]","[152, 305, 302]",10.341032442011318,0.2009808492297394,0
459,158,1,detour_2,Customer_8,Customer_51,13,64,"[13, 63, 30, 12, 64]","[152, 305, 149, 140]",10.735985184912524,0.21450949525467297,0
460,158,2,detour_3,Customer_8,Customer_51,13,64,"[13, 63, 60, 12, 64]","[152, 445, 151, 140]",10.981098941014567,0.2189661090019828,0
461,159,0,shortest,Customer_8,Customer_57,13,17,"[13, 63, 53, 48, 4, 17]","[152, 409, 389, 53, 50]",13.952281035484765,0.26986643245299496,2
462,159,1,detour_2,Customer_8,Customer_57,13,17,"[13, 63, 53, 48, 42, 17]","[152, 409, 389, 373, 195]",13.750660117213501,0.29408022102435766,2
463,159,2,detour_3,Customer_8,Customer_57,13,17,"[13, 63, 3, 48, 4, 17]","[152, 41, 36, 53, 50]",15.524710871171676,0.2984560658291206,3
464,160,0,same_node,Customer_9,Customer_1,39,39,[39],[],0.0,0.0,0
465,161,0,shortest,Customer_9,Customer_51,39,64,"[39, 64]",[358],2.736265652175929,0.049750284585016895,0
466,161,1,detour_2,Customer_9,Customer_51,39,64,"[39, 54, 64]","[360, 410]",2.9645630587379346,0.07411407646844836,0
467,161,2,detour_3,Customer_9,Customer_51,39,64,"[39, 12, 64]","[147, 140]",4.396699900471073,0.08628768525347658,0
468,162,0,shortest,Customer_9,Customer_20,39,12,"[39, 12]",[147],3.465705797884034,0.06301283268880062,0
469,162,1,detour_2,Customer_9,Customer_20,39,12,"[39, 64, 12]","[358, 141]",3.6672597547629677,0.07302513714969286,0
470,162,2,detour_3,Customer_9,Customer_20,39,12,"[39, 54, 12]","[360, 143]",3.893891672862409,0.09734729182156023,0
471,163,0,shortest,Customer_9,Customer_26,39,12,"[39, 12]",[147],3.465705797884034,0.06301283268880062,0
472,163,1,detour_2,Customer_9,Customer_26,39,12,"[39, 64, 12]","[358, 141]",3.6672597547629677,0.07302513714969286,0
473,163,2,detour_3,Customer_9,Customer_26,39,12,"[39, 54, 12]","[360, 143]",3.893891672862409,0.09734729182156023,0
474,164,0,shortest,Customer_9,Customer_10,39,29,"[39, 29]",[293],3.7840501627053573,0.06880091204918831,0
475,164,1,detour_2,Customer_9,Customer_10,39,29,"[39, 64, 29]","[358, 295]",8.09830916726052,0.1472419848592822,0
476,164,2,detour_3,Customer_9,Customer_10,39,29,"[39, 54, 29]","[360, 297]",7.24567359080667,0.14824688929486468,0
477,165,0,shortest,Customer_9,Customer_23,39,79,"[39, 79]",[362],4.307143602631575,0.07831170186602864,0
478,165,1,detour_2,Customer_9,Customer_23,39,79,"[39, 6, 79]","[81, 76]",10.370237085824755,0.1885497651968137,0
479,165,2,detour_3,Customer_9,Customer_23,39,79,"[39, 6, 20, 79]","[81, 74, 224]",14.586624561296313,0.2818732781664396,0
480,166,0,shortest,Customer_9,Customer_5,39,19,"[39, 64, 19]","[358, 219]",6.527843940420581,0.11868807164401057,0
481,166,1,detour_2,Customer_9,Customer_5,39,19,"[39, 54, 19]","[360, 217]",5.843499882855841,0.12275282187757688,0
482,166,2,detour_3,Customer_9,Customer_5,39,19,"[39, 64, 54, 19]","[358, 411, 217]",6.702166884911639,0.12556314020959047,0
483,167,0,shortest,Customer_9,Customer_34,39,19,"[39, 64, 19]","[358, 219]",6.527843940420581,0.11868807164401057,0
484,167,1,detour_2,Customer_9,Customer_34,39,19,"[39, 54, 19]","[360, 217]",5.843499882855841,0.12275282187757688,0
485,167,2,detour_3,Customer_9,Customer_34,39,19,"[39, 64, 54, 19]","[358, 411, 217]",6.702166884911639,0.12556314020959047,0
486,168,0,shortest,Customer_9,Customer_3,39,77,"[39, 64, 77]","[358, 452]",5.913829336765739,0.10752416975937706,0
487,168,1,detour_2,Customer_9,Customer_3,39,77,"[39, 12, 77]","[147, 144]",6.470708251739721,0.1176492409407222,0
488,168,2,detour_3,Customer_9,Customer_3,39,77,"[39, 54, 77]","[360, 412]",5.766894249263802,0.12135999217590346,0
489,169,0,shortest,Customer_9,Customer_33,39,77,"[39, 64, 77]","[358, 452]",5.913829336765739,0.10752416975937706,0
490,169,1,detour_2,Customer_9,Customer_33,39,77,"[39, 12, 77]","[147, 144]",6.470708251739721,0.1176492409407222,0
491,169,2,detour_3,Customer_9,Customer_33,39,77,"[39, 54, 77]","[360, 412]",5.766894249263802,0.12135999217590346,0
492,170,0,shortest,Customer_9,Customer_40,39,77,"[39, 64, 77]","[358, 452]",5.913829336765739,0.10752416975937706,0
493,170,1,detour_2,Customer_9,Customer_40,39,77,"[39, 12, 77]","[147, 144]",6.470708251739721,0.1176492409407222,0
494,170,2,detour_3,Customer_9,Customer_40,39,77,"[39, 54, 77]","[360, 412]",5.766894249263802,0.12135999217590346,0
495,171,0,shortest,Customer_9,Customer_14,39,6,"[39, 6]",[81],7.021319120265184,0.12766034764118517,0
496,171,1,detour_2,Customer_9,Customer_14,39,6,"[39, 79, 6]","[362, 77]",7.656061568191145,0.1392011194216572,0
497,171,2,detour_3,Customer_9,Customer_14,39,6,"[39, 79, 20, 6]","[362, 225, 75]",11.872449043662705,0.23252463239128304,0
498,172,0,shortest,Customer_9,Customer_18,39,53,"[39, 64, 30, 53]","[358, 303, 300]",9.267992468259646,0.18448115857523156,0
499,172,1,detour_2,Customer_9,Customer_18,39,53,"[39, 12, 30, 53]","[147, 148, 300]",9.461391254281917,0.1879975001392729,0
500,172,2,detour_3,Customer_9,Customer_18,39,53,"[39, 12, 60, 53]","[147, 150, 407]",10.827429147648886,0.19686234813907064,0
501,173,0,shortest,Customer_9,Customer_41,39,53,"[39, 64, 30, 53]","[358, 303, 300]",9.267992468259646,0.18448115857523156,0
502,173,1,detour_2,Customer_9,Customer_41,39,53,"[39, 12, 30, 53]","[147, 148, 300]",9.461391254281917,0.1879975001392729,0
503,173,2,detour_3,Customer_9,Customer_41,39,53,"[39, 12, 60, 53]","[147, 150, 407]",10.827429147648886,0.19686234813907064,0
504,174,0,shortest,Customer_9,Customer_29,39,20,"[39, 79, 20]","[362, 225]",9.42870040937507,0.17143091653409218,0
505,174,1,detour_2,Customer_9,Customer_29,39,20,"[39, 6, 20]","[81, 74]",9.465067754552818,0.18875406349837603,0
506,174,2,detour_3,Customer_9,Customer_29,39,20,"[39, 79, 6, 20]","[362, 77, 74]",10.09981020247878,0.20029483527884806,0
507,175,0,shortest,Customer_9,Customer_8,39,13,"[39, 79, 52, 13]","[362, 405, 157]",13.479970583960366,0.24509037425382485,0
508,175,1,detour_2,Customer_9,Customer_8,39,13,"[39, 64, 30, 63, 13]","[358, 303, 304, 153]",13.077298094187247,0.2507311338147563,0
509,175,2,detour_3,Customer_9,Customer_8,39,13,"[39, 12, 30, 63, 13]","[147, 148, 304, 153]",13.270696880209519,0.25424747537879766,0
510,176,0,shortest,Customer_9,Customer_59,39,13,"[39, 79, 52, 13]","[362, 405, 157]",13.479970583960366,0.24509037425382485,0
511,176,1,detour_2,Customer_9,Customer_59,39,13,"[39, 64, 30, 63, 13]","[358, 303, 304, 153]",13.077298094187247,0.2507311338147563,0
512,176,2,detour_3,Customer_9,Customer_59,39,13,"[39, 12, 30, 63, 13]","[147, 148, 304, 153]",13.270696880209519,0.25424747537879766,0
513,177,0,shortest,Customer_9,Customer_21,39,24,"[39, 6, 24]","[81, 78]",12.024398532554665,0.2186254278646303,0
514,177,1,detour_2,Customer_9,Customer_21,39,24,"[39, 79, 6, 24]","[362, 77, 78]",12.659140980480625,0.23016619964510232,0
515,177,2,detour_3,Customer_9,Customer_21,39,24,"[39, 79, 20, 24]","[362, 225, 226]",13.143818934793732,0.23897852608715875,0
516,178,0,shortest,Customer_9,Customer_43,39,24,"[39, 6, 24]","[81, 78]",12.024398532554665,0.2186254278646303,0
517,178,1,detour_2,Customer_9,Customer_43,39,24,"[39, 79, 6, 24]","[362, 77, 78]",12.659140980480625,0.23016619964510232,0
518,178,2,detour_3,Customer_9,Customer_43,39,24,"[39, 79, 20, 24]","[362, 225, 226]",13.143818934793732,0.23897852608715875,0
519,179,0,shortest,Customer_9,Customer_52,39,0,"[39, 79, 52, 0]","[362, 405, 1]",12.534000447091294,0.2278909172198417,0
520,179,1,detour_2,Customer_9,Customer_52,39,0,"[39, 6, 24, 0]","[81, 78, 3]",14.618622645892106,0.26579313901622015,0
521,179,2,detour_3,Customer_9,Customer_52,39,0,"[39, 79, 6, 24, 0]","[362, 77, 78, 3]",15.253365093818067,0.2773339107966922,0
522,180,0,shortest,Customer_10,Customer_1,29,39,"[29, 39]",[292],3.7840501627053573,0.06880091204918831,0
523,180,1,detour_2,Customer_10,Customer_1,29,39,"[29, 64, 39]","[294, 359]",8.09830916726052,0.1472419848592822,0
524,180,2,detour_3,Customer_10,Customer_1,29,39,"[29, 54, 39]","[296, 361]",7.24567359080667,0.14824688929486468,0
525,181,0,shortest,Customer_10,Customer_9,29,39,"[29, 39]",[292],3.7840501627053573,0.06880091204918831,0
526,181,1,detour_2,Customer_10,Customer_9,29,39,"[29, 64, 39]","[294, 359]",8.09830916726052,0.1472419848592822,0
527,181,2,detour_3,Customer_10,Customer_9,29,39,"[29, 54, 39]","[296, 361]",7.24567359080667,0.14824688929486468,0
528,182,0,shortest,Customer_10,Customer_5,29,19,"[29, 19]",[223],4.26841673479197,0.07760757699621763,0
529,182,1,detour_2,Customer_10,Customer_5,29,19,"[29, 54, 19]","[296, 217]",8.247011764804444,0.14994566845098992,0
530,182,2,detour_3,Customer_10,Customer_5,29,19,"[29, 64, 19]","[294, 219]",9.153621803329242,0.16642948733325896,0
531,183,0,shortest,Customer_10,Customer_34,29,19,"[29, 19]",[223],4.26841673479197,0.07760757699621763,0
532,183,1,detour_2,Customer_10,Customer_34,29,19,"[29, 54, 19]","[296, 217]",8.247011764804444,0.14994566845098992,0
533,183,2,detour_3,Customer_10,Customer_34,29,19,"[29, 64, 19]","[294, 219]",9.153621803329242,0.16642948733325896,0
534,184,0,shortest,Customer_10,Customer_51,29,64,"[29, 64]",[294],5.362043515084591,0.09749170027426529,0
535,184,1,detour_2,Customer_10,Customer_51,29,64,"[29, 54, 64]","[296, 410]",5.3680749406865385,0.1013069230418614,0
536,184,2,detour_3,Customer_10,Customer_51,29,64,"[29, 39, 64]","[292, 358]",6.520315814881286,0.11855119663420521,0
537,185,0,shortest,Customer_10,Customer_23,29,79,"[29, 39, 79]","[292, 362]",8.091193765336932,0.14711261391521696,0
538,185,1,detour_2,Customer_10,Customer_23,29,79,"[29, 64, 39, 79]","[294, 359, 362]",12.405452769892095,0.22555368672531084,0
539,185,2,detour_3,Customer_10,Customer_23,29,79,"[29, 54, 39, 79]","[296, 361, 362]",11.552817193438244,0.22655859116089333,0
540,186,0,shortest,Customer_10,Customer_20,29,12,"[29, 64, 12]","[294, 141]",6.293037617671629,0.12076655283894125,0
541,186,1,detour_2,Customer_10,Customer_20,29,12,"[29, 54, 12]","[296, 143]",6.297403554811012,0.12454013839497324,0
542,186,2,detour_3,Customer_10,Customer_20,29,12,"[29, 54, 64, 12]","[296, 410, 141]",6.299069043273577,0.12458177560653735,0
543,187,0,shortest,Customer_10,Customer_26,29,12,"[29, 64, 12]","[294, 141]",6.293037617671629,0.12076655283894125,0
544,187,1,detour_2,Customer_10,Customer_26,29,12,"[29, 54, 12]","[296, 143]",6.297403554811012,0.12454013839497324,0
545,187,2,detour_3,Customer_10,Customer_26,29,12,"[29, 54, 64, 12]","[296, 410, 141]",6.299069043273577,0.12458177560653735,0
546,188,0,shortest,Customer_10,Customer_14,29,6,"[29, 39, 6]","[292, 81]",10.805369282970542,0.19646125969037348,0
547,188,1,detour_2,Customer_10,Customer_14,29,6,"[29, 39, 79, 6]","[292, 362, 77]",11.440111730896502,0.2080020314708455,0
548,188,2,detour_3,Customer_10,Customer_14,29,6,"[29, 64, 39, 6]","[294, 359, 81]",15.119628287525703,0.27490233250046736,0
549,189,0,shortest,Customer_10,Customer_3,29,77,"[29, 19, 77]","[223, 220]",7.757477921228796,0.14104505311325083,0
550,189,1,detour_2,Customer_10,Customer_3,29,77,"[29, 54, 77]","[296, 412]",8.170406131212406,0.14855283874931646,0
551,189,2,detour_3,Customer_10,Customer_3,29,77,"[29, 64, 77]","[294, 452]",8.5396071996744,0.15526558544862545,0
552,190,0,shortest,Customer_10,Customer_33,29,77,"[29, 19, 77]","[223, 220]",7.757477921228796,0.14104505311325083,0
553,190,1,detour_2,Customer_10,Customer_33,29,77,"[29, 54, 77]","[296, 412]",8.170406131212406,0.14855283874931646,0
554,190,2,detour_3,Customer_10,Customer_33,29,77,"[29, 64, 77]","[294, 452]",8.5396071996744,0.15526558544862545,0
555,191,0,shortest,Customer_10,Customer_40,29,77,"[29, 19, 77]","[223, 220]",7.757477921228796,0.14104505311325083,0
556,191,1,detour_2,Customer_10,Customer_40,29,77,"[29, 54, 77]","[296, 412]",8.170406131212406,0.14855283874931646,0
557,191,2,detour_3,Customer_10,Customer_40,29,77,"[29, 64, 77]","[294, 452]",8.5396071996744,0.15526558544862545,0
558,192,0,shortest,Customer_10,Customer_29,29,20,"[29, 39, 79, 20]","[292, 362, 225]",13.212750572080427,0.24023182858328052,0
559,192,1,detour_2,Customer_10,Customer_29,29,20,"[29, 39, 6, 20]","[292, 81, 74]",13.249117917258177,0.25755497554756435,0
560,192,2,detour_3,Customer_10,Customer_29,29,20,"[29, 39, 79, 6, 20]","[292, 362, 77, 74]",13.883860365184137,0.26909574732803637,0
561,193,0,shortest,Customer_10,Customer_18,29,53,"[29, 64, 30, 53]","[294, 303, 300]",11.893770331168305,0.23222257426448,0
562,193,1,detour_2,Customer_10,Customer_18,29,53,"[29, 54, 64, 30, 53]","[296, 410, 303, 300]",11.899801756770255,0.2360377970320761,0
563,193,2,detour_3,Customer_10,Customer_18,29,53,"[29, 64, 12, 30, 53]","[294, 141, 148, 300]",12.288723074069512,0.24575122028941354,0
564,194,0,shortest,Customer_10,Customer_41,29,53,"[29, 64, 30, 53]","[294, 303, 300]",11.893770331168305,0.23222257426448,0
565,194,1,detour_2,Customer_10,Customer_41,29,53,"[29, 54, 64, 30, 53]","[296, 410, 303, 300]",11.899801756770255,0.2360377970320761,0
566,194,2,detour_3,Customer_10,Customer_41,29,53,"[29, 64, 12, 30, 53]","[294, 141, 148, 300]",12.288723074069512,0.24575122028941354,0
567,195,0,shortest,Customer_10,Customer_21,29,24,"[29, 39, 6, 24]","[292, 81, 78]",15.808448695260022,0.2874263399138186,0
568,195,1,detour_2,Customer_10,Customer_21,29,24,"[29, 39, 79, 6, 24]","[292, 362, 77, 78]",16.443191143185985,0.29896711169429063,0
569,195,2,detour_3,Customer_10,Customer_21,29,24,"[29, 39, 79, 20, 24]","[292, 362, 225, 226]",16.927869097499087,0.3077794381363471,0
570,196,0,shortest,Customer_10,Customer_43,29,24,"[29, 39, 6, 24]","[292, 81, 78]",15.808448695260022,0.2874263399138186,0
571,196,1,detour_2,Customer_10,Customer_43,29,24,"[29, 39, 79, 6, 24]","[292, 362, 77, 78]",16.443191143185985,0.29896711169429063,0
572,196,2,detour_3,Customer_10,Customer_43,29,24,"[29, 39, 79, 20, 24]","[292, 362, 225, 226]",16.927869097499087,0.3077794381363471,0
573,197,0,shortest,Customer_10,Customer_52,29,0,"[29, 39, 79, 52, 0]","[292, 362, 405, 1]",16.31805060979665,0.29669182926903004,0
574,197,1,detour_2,Customer_10,Customer_52,29,0,"[29, 39, 6, 24, 0]","[292, 81, 78, 3]",18.402672808597465,0.33459405106540846,0
575,197,2,detour_3,Customer_10,Customer_52,29,0,"[29, 39, 79, 6, 24, 0]","[292, 362, 77, 78, 3]",19.037415256523428,0.3461348228458805,0
576,198,0,shortest,Customer_10,Customer_19,29,57,"[29, 19, 77, 57]","[223, 220, 427]",13.38502125774185,0.2433640228680336,0
577,198,1,detour_2,Customer_10,Customer_19,29,57,"[29, 54, 77, 57]","[296, 412, 427]",13.79794946772546,0.25087180850409924,0
578,198,2,detour_3,Customer_10,Customer_19,29,57,"[29, 64, 77, 57]","[294, 452, 427]",14.167150536187453,0.2575845552034082,0
579,199,0,shortest,Customer_10,Customer_8,29,13,"[29, 64, 30, 63, 13]","[294, 303, 304, 153]",15.703075957095908,0.2984725495040047,0
580,199,1,detour_2,Customer_10,Customer_8,29,13,"[29, 54, 64, 30, 63, 13]","[296, 410, 303, 304, 153]",15.709107382697857,0.30228777227160086,0
581,199,2,detour_3,Customer_10,Customer_8,29,13,"[29, 64, 12, 30, 63, 13]","[294, 141, 148, 304, 153]",16.098028699997116,0.31200119552893824,0
582,200,0,shortest,Customer_11,Customer_44,10,46,"[10, 46]",[124],2.9737855300055998,0.054068827818283635,0
583,200,1,detour_2,Customer_11,Customer_44,10,46,"[10, 33, 46]","[126, 324]",4.548362176942671,0.09304040418704074,0
584,200,2,detour_3,Customer_11,Customer_44,10,46,"[10, 50, 46]","[120, 385]",6.840486519764978,0.12437248217754505,0
585,201,0,shortest,Customer_11,Customer_47,10,43,"[10, 43]",[130],3.1190625313317994,0.056710227842396356,0
586,201,1,detour_2,Customer_11,Customer_47,10,43,"[10, 67, 43]","[132, 375]",5.468610286420946,0.1076894843721437,0
587,201,2,detour_3,Customer_11,Customer_47,10,43,"[10, 33, 43]","[126, 320]",6.276824950127407,0.11412409000231649,0
588,202,0,shortest,Customer_11,Customer_28,10,38,"[10, 38]",[128],3.96000432477405,0.07200007863225545,0
589,202,1,detour_2,Customer_11,Customer_28,10,38,"[10, 43, 38]","[130, 351]",5.6335716907870275,0.10242857619612777,0
590,202,2,detour_3,Customer_11,Customer_28,10,38,"[10, 76, 38]","[122, 355]",6.754933979677824,0.12281698144868772,0
591,203,0,shortest,Customer_11,Customer_12,10,67,"[10, 67]",[132],4.257113342295726,0.07740206076901321,0
592,203,1,detour_2,Customer_11,Customer_12,10,67,"[10, 43, 67]","[130, 374]",4.330559475457019,0.08699765144552685,0
593,203,2,detour_3,Customer_11,Customer_12,10,67,"[10, 33, 67]","[126, 322]",6.6795678819081985,0.12144668876196725,0
594,204,0,shortest,Customer_11,Customer_15,10,74,"[10, 50, 74]","[120, 396]",7.020547818655694,0.12764632397555808,1
595,204,1,detour_2,Customer_11,Customer_15,10,74,"[10, 50, 55, 74]","[120, 394, 414]",7.113579712851185,0.1392317751206591,2
596,204,2,detour_3,Customer_11,Customer_15,10,74,"[10, 32, 55, 74]","[118, 316, 414]",8.292725936788376,0.16067079737406256,2
597,205,0,shortest,Customer_11,Customer_25,10,34,"[10, 46, 14, 34]","[124, 171, 168]",8.355463502961289,0.1658439419539864,0
598,205,1,detour_2,Customer_11,Customer_25,10,34,"[10, 33, 14, 34]","[126, 173, 168]",9.743739824747143,0.19108532962282007,0
599,205,2,detour_3,Customer_11,Customer_25,10,34,"[10, 46, 14, 47, 34]","[124, 171, 162, 329]",9.444105074208597,0.19305998123516907,1
600,206,0,shortest,Customer_11,Customer_57,10,17,"[10, 50, 55, 17]","[120, 394, 199]",8.159971554216813,0.1653915711547998,2
601,206,1,detour_2,Customer_11,Customer_57,10,17,"[10, 50, 55, 4, 17]","[120, 394, 47, 50]",8.997863968925698,0.16682404459511468,3
602,206,2,detour_3,Customer_11,Customer_57,10,17,"[10, 50, 74, 17]","[120, 396, 205]",9.898452363250207,0.17997186115000377,2
603,207,0,shortest,Customer_11,Customer_24,10,47,"[10, 46, 14, 47]","[124, 171, 162]",8.57216244964853,0.17126141562116742,0
604,207,1,detour_2,Customer_11,Customer_24,10,47,"[10, 46, 14, 34, 47]","[124, 171, 168, 328]",9.227406127521355,0.18764250756798806,1
605,207,2,detour_3,Customer_11,Customer_24,10,47,"[10, 33, 14, 47]","[126, 173, 162]",9.960438771434383,0.19650280329000108,0
606,208,0,shortest,Customer_11,Customer_35,10,73,"[10, 38, 73]","[128, 356]",8.737598002570046,0.15886541822854627,0
607,208,1,detour_2,Customer_11,Customer_35,10,73,"[10, 67, 73]","[132, 454]",8.916395234456967,0.16211627699012668,0
608,208,2,detour_3,Customer_11,Customer_35,10,73,"[10, 43, 67, 73]","[130, 374, 454]",8.98984136761826,0.17171186766664032,0
609,209,0,shortest,Customer_11,Customer_58,10,73,"[10, 38, 73]","[128, 356]",8.737598002570046,0.15886541822854627,0
610,209,1,detour_2,Customer_11,Customer_58,10,73,"[10, 67, 73]","[132, 454]",8.916395234456967,0.16211627699012668,0
611,209,2,detour_3,Customer_11,Customer_58,10,73,"[10, 43, 67, 73]","[130, 374, 454]",8.98984136761826,0.17171186766664032,0
612,210,0,shortest,Customer_11,Customer_22,10,65,"[10, 46, 14, 65]","[124, 171, 166]",10.05619041215517,0.18283982567554855,0
613,210,1,detour_2,Customer_11,Customer_22,10,65,"[10, 33, 14, 65]","[126, 173, 166]",11.444466733941024,0.2080812133443822,0
614,210,2,detour_3,Customer_11,Customer_22,10,65,"[10, 46, 14, 47, 65]","[124, 171, 162, 386]",10.065799769968791,0.20860234862917393,0
615,211,0,shortest,Customer_11,Customer_50,10,42,"[10, 50, 55, 8, 42]","[120, 394, 103, 100]",11.353959666575053,0.20643563030136458,3
616,211,1,detour_2,Customer_11,Customer_50,10,42,"[10, 50, 55, 4, 42]","[120, 394, 47, 44]",10.643135348028284,0.20795582907267934,3
617,211,2,detour_3,Customer_11,Customer_50,10,42,"[10, 50, 55, 17, 42]","[120, 394, 199, 194]",10.549763481165336,0.22513636932851286,3
618,212,0,shortest,Customer_11,Customer_30,10,31,"[10, 50, 74, 31]","[120, 396, 309]",10.306252896335067,0.18738641629700123,2
619,212,1,detour_2,Customer_11,Customer_30,10,31,"[10, 50, 55, 8, 31]","[120, 394, 103, 92]",9.998299509814323,0.19250408402094632,3
620,212,2,detour_3,Customer_11,Customer_30,10,31,"[10, 50, 55, 74, 31]","[120, 394, 414, 309]",10.399284790530558,0.19897186744210224,3
621,213,0,shortest,Customer_11,Customer_16,10,18,"[10, 50, 74, 31, 18]","[120, 396, 309, 207]",10.49142650919375,0.19201575661846831,3
622,213,1,detour_2,Customer_11,Customer_16,10,18,"[10, 50, 55, 8, 18]","[120, 394, 103, 98]",10.14630509108931,0.19620422355282102,3
623,213,2,detour_3,Customer_11,Customer_16,10,18,"[10, 50, 55, 8, 31, 18]","[120, 394, 103, 92, 207]",10.183473122673007,0.1971334243424134,4
624,214,0,shortest,Customer_11,Customer_48,10,27,"[10, 32, 28, 27]","[118, 289, 273]",11.103347263551443,0.20187904115548078,0
625,214,1,detour_2,Customer_11,Customer_48,10,27,"[10, 76, 32, 28, 27]","[122, 315, 289, 273]",12.835061244912458,0.2419749590348021,0
626,214,2,detour_3,Customer_11,Customer_48,10,27,"[10, 50, 74, 27]","[120, 396, 279]",13.424159436148408,0.24407562611178923,2
627,215,0,shortest,Customer_11,Customer_53,10,15,"[10, 38, 73, 15]","[128, 356, 181]",13.031349360216081,0.23693362473120147,0
628,215,1,detour_2,Customer_11,Customer_53,10,15,"[10, 67, 73, 15]","[132, 454, 181]",13.210146592103003,0.24018448349278188,0
629,215,2,detour_3,Customer_11,Customer_53,10,15,"[10, 43, 67, 73, 15]","[130, 374, 454, 181]",13.283592725264295,0.2497800741692955,0
630,216,0,shortest,Customer_11,Customer_37,10,75,"[10, 38, 73, 75]","[128, 356, 462]",12.244303065549353,0.22262369210089733,0
631,216,1,detour_2,Customer_11,Customer_37,10,75,"[10, 67, 75]","[132, 456]",12.314048373920208,0.22389178861673106,0
632,216,2,detour_3,Customer_11,Customer_37,10,75,"[10, 67, 73, 75]","[132, 454, 462]",12.423100297436275,0.2258745508624777,0
633,217,0,shortest,Customer_11,Customer_54,10,75,"[10, 38, 73, 75]","[128, 356, 462]",12.244303065549353,0.22262369210089733,0
634,217,1,detour_2,Customer_11,Customer_54,10,75,"[10, 67, 75]","[132, 456]",12.314048373920208,0.22389178861673106,0
635,217,2,detour_3,Customer_11,Customer_54,10,75,"[10, 67, 73, 75]","[132, 454, 462]",12.423100297436275,0.2258745508624777,0
636,218,0,shortest,Customer_11,Customer_17,10,40,"[10, 46, 14, 26, 40]","[124, 171, 164, 268]",15.364599941004718,0.27935636256372215,0
637,218,1,detour_2,Customer_11,Customer_17,10,40,"[10, 46, 14, 26, 1, 40]","[124, 171, 164, 13, 18]",15.444640733430331,0.2808116496987333,0
638,218,2,detour_3,Customer_11,Customer_17,10,40,"[10, 46, 14, 26, 9, 40]","[124, 171, 164, 109, 116]",15.398460572450311,0.2878495082532034,0
639,219,0,shortest,Customer_11,Customer_31,10,40,"[10, 46, 14, 26, 40]","[124, 171, 164, 268]",15.364599941004718,0.27935636256372215,0
640,219,1,detour_2,Customer_11,Customer_31,10,40,"[10, 46, 14, 26, 1, 40]","[124, 171, 164, 13, 18]",15.444640733430331,0.2808116496987333,0
641,219,2,detour_3,Customer_11,Customer_31,10,40,"[10, 46, 14, 26, 9, 40]","[124, 171, 164, 109, 116]",15.398460572450311,0.2878495082532034,0
642,220,0,shortest,Customer_12,Customer_47,67,43,"[67, 43]",[375],1.2114969441252197,0.03028742360313049,0
643,220,1,detour_2,Customer_12,Customer_47,67,43,"[67, 38, 43]","[353, 350]",5.732907744433455,0.10423468626242646,0
644,220,2,detour_3,Customer_12,Customer_47,67,43,"[67, 33, 43]","[323, 320]",6.8935887626546375,0.1253379775028116,0
645,221,0,shortest,Customer_12,Customer_28,67,38,"[67, 38]",[353],3.2183985849782277,0.05851633790869505,0
646,221,1,detour_2,Customer_12,Customer_28,67,38,"[67, 43, 38]","[375, 351]",3.7260061035804473,0.0760057719568619,0
647,221,2,detour_3,Customer_12,Customer_28,67,38,"[67, 10, 38]","[133, 128]",8.217117667069775,0.14940213940126867,0
648,222,0,shortest,Customer_12,Customer_11,67,10,"[67, 10]",[133],4.257113342295726,0.07740206076901321,0
649,222,1,detour_2,Customer_12,Customer_11,67,10,"[67, 43, 10]","[375, 131]",4.330559475457019,0.08699765144552685,0
650,222,2,detour_3,Customer_12,Customer_11,67,10,"[67, 33, 10]","[323, 127]",6.6795678819081985,0.12144668876196725,0
651,223,0,shortest,Customer_12,Customer_35,67,73,"[67, 73]",[454],4.659281892161241,0.08471421622111347,0
652,223,1,detour_2,Customer_12,Customer_35,67,73,"[67, 38, 73]","[353, 356]",7.995992262774223,0.14538167750498587,0
653,223,2,detour_3,Customer_12,Customer_35,67,73,"[67, 43, 38, 73]","[375, 351, 356]",8.503599781376444,0.16287111155315273,0
654,224,0,shortest,Customer_12,Customer_58,67,73,"[67, 73]",[454],4.659281892161241,0.08471421622111347,0
655,224,1,detour_2,Customer_12,Customer_58,67,73,"[67, 38, 73]","[353, 356]",7.995992262774223,0.14538167750498587,0
656,224,2,detour_3,Customer_12,Customer_58,67,73,"[67, 43, 38, 73]","[375, 351, 356]",8.503599781376444,0.16287111155315273,0
657,225,0,shortest,Customer_12,Customer_44,67,46,"[67, 33, 46]","[323, 324]",5.1651259894699,0.10425429168753582,0
658,225,1,detour_2,Customer_12,Customer_44,67,46,"[67, 43, 46]","[375, 376]",5.629346797224775,0.11061196638675877,0
659,225,2,detour_3,Customer_12,Customer_44,67,46,"[67, 43, 33, 46]","[375, 321, 324]",5.9738800018143285,0.12721911653101556,0
660,226,0,shortest,Customer_12,Customer_37,67,75,"[67, 75]",[456],8.056935031624482,0.14648972784771785,0
661,226,1,detour_2,Customer_12,Customer_37,67,75,"[67, 73, 75]","[454, 462]",8.165986955140548,0.14847249009346453,0
662,226,2,detour_3,Customer_12,Customer_37,67,75,"[67, 38, 73, 75]","[353, 356, 462]",11.50269732575353,0.20913995137733693,0
663,227,0,shortest,Customer_12,Customer_54,67,75,"[67, 75]",[456],8.056935031624482,0.14648972784771785,0
664,227,1,detour_2,Customer_12,Customer_54,67,75,"[67, 73, 75]","[454, 462]",8.165986955140548,0.14847249009346453,0
665,227,2,detour_3,Customer_12,Customer_54,67,75,"[67, 38, 73, 75]","[353, 356, 462]",11.50269732575353,0.20913995137733693,0
666,228,0,shortest,Customer_12,Customer_53,67,15,"[67, 73, 15]","[454, 181]",8.953033249807277,0.16278242272376867,0
667,228,1,detour_2,Customer_12,Customer_53,67,15,"[67, 75, 15]","[456, 177]",11.326504390943542,0.20593644347170076,0
668,228,2,detour_3,Customer_12,Customer_53,67,15,"[67, 73, 75, 15]","[454, 462, 177]",11.435556314459609,0.20791920571744743,0
669,229,0,shortest,Customer_12,Customer_25,67,34,"[67, 33, 14, 34]","[323, 173, 168]",10.360503637274372,0.20229921712331517,0
670,229,1,detour_2,Customer_12,Customer_25,67,34,"[67, 33, 46, 14, 34]","[323, 324, 171, 168]",10.54680396242559,0.2160294058232386,0
671,229,2,detour_3,Customer_12,Customer_25,67,34,"[67, 43, 46, 14, 34]","[375, 376, 171, 168]",11.011024770180464,0.22238708052246153,0
672,230,0,shortest,Customer_12,Customer_24,67,47,"[67, 33, 14, 47]","[323, 173, 162]",10.577202583961611,0.2077166907904962,0
673,230,1,detour_2,Customer_12,Customer_24,67,47,"[67, 33, 46, 14, 47]","[323, 324, 171, 162]",10.76350290911283,0.22144687949041963,0
674,230,2,detour_3,Customer_12,Customer_24,67,47,"[67, 33, 14, 34, 47]","[323, 173, 168, 328]",11.232446261834438,0.22409778273731681,1
675,231,0,shortest,Customer_12,Customer_15,67,74,"[67, 10, 50, 74]","[133, 120, 396]",11.277661160951421,0.20504838474457127,1
676,231,1,detour_2,Customer_12,Customer_15,67,74,"[67, 43, 10, 50, 74]","[375, 131, 120, 396]",11.351107294112712,0.21464397542108493,1
677,231,2,detour_3,Customer_12,Customer_15,67,74,"[67, 10, 50, 55, 74]","[133, 120, 394, 414]",11.370693055146912,0.2166338358896723,2
678,232,0,shortest,Customer_12,Customer_57,67,17,"[67, 10, 50, 55, 17]","[133, 120, 394, 199]",12.41708489651254,0.24279363192381298,2
679,232,1,detour_2,Customer_12,Customer_57,67,17,"[67, 10, 50, 55, 4, 17]","[133, 120, 394, 47, 50]",13.254977311221426,0.24422610536412787,3
680,232,2,detour_3,Customer_12,Customer_57,67,17,"[67, 43, 10, 50, 55, 17]","[375, 131, 120, 394, 199]",12.490531029673832,0.25238922260032665,2
681,233,0,shortest,Customer_12,Customer_22,67,65,"[67, 33, 14, 65]","[323, 173, 166]",12.061230546468252,0.2192951008448773,0
682,233,1,detour_2,Customer_12,Customer_22,67,65,"[67, 33, 46, 14, 65]","[323, 324, 171, 166]",12.247530871619471,0.23302528954480073,0
683,233,2,detour_3,Customer_12,Customer_22,67,65,"[67, 43, 46, 14, 65]","[375, 376, 171, 166]",12.711751679374345,0.23938296424402367,0
684,234,0,shortest,Customer_12,Customer_17,67,40,"[67, 33, 14, 26, 40]","[323, 173, 164, 268]",17.369640075317797,0.3158116377330509,0
685,234,1,detour_2,Customer_12,Customer_17,67,40,"[67, 33, 14, 26, 1, 40]","[323, 173, 164, 13, 18]",17.44968086774341,0.3172669248680621,0
686,234,2,detour_3,Customer_12,Customer_17,67,40,"[67, 33, 14, 26, 9, 40]","[323, 173, 164, 109, 116]",17.403500706763392,0.3243047834225321,0
687,235,0,shortest,Customer_12,Customer_31,67,40,"[67, 33, 14, 26, 40]","[323, 173, 164, 268]",17.369640075317797,0.3158116377330509,0
688,235,1,detour_2,Customer_12,Customer_31,67,40,"[67, 33, 14, 26, 1, 40]","[323, 173, 164, 13, 18]",17.44968086774341,0.3172669248680621,0
689,235,2,detour_3,Customer_12,Customer_31,67,40,"[67, 33, 14, 26, 9, 40]","[323, 173, 164, 109, 116]",17.403500706763392,0.3243047834225321,0
690,236,0,shortest,Customer_12,Customer_50,67,42,"[67, 10, 50, 55, 8, 42]","[133, 120, 394, 103, 100]",15.611073008870779,0.2838376910703778,3
691,236,1,detour_2,Customer_12,Customer_50,67,42,"[67, 10, 50, 55, 4, 42]","[133, 120, 394, 47, 44]",14.900248690324013,0.2853578898416925,3
692,236,2,detour_3,Customer_12,Customer_50,67,42,"[67, 43, 10, 50, 55, 8, 42]","[375, 131, 120, 394, 103, 100]",15.684519142032071,0.2934332817468915,3
693,237,0,shortest,Customer_12,Customer_30,67,31,"[67, 10, 50, 74, 31]","[133, 120, 396, 309]",14.563366238630795,0.26478847706601444,2
694,237,1,detour_2,Customer_12,Customer_30,67,31,"[67, 10, 50, 55, 8, 31]","[133, 120, 394, 103, 92]",14.25541285211005,0.26990614478995956,3
695,237,2,detour_3,Customer_12,Customer_30,67,31,"[67, 43, 10, 50, 74, 31]","[375, 131, 120, 396, 309]",14.636812371792086,0.2743840677425281,2
696,238,0,shortest,Customer_12,Customer_16,67,18,"[67, 10, 50, 74, 31, 18]","[133, 120, 396, 309, 207]",14.748539851489479,0.2694178173874815,3
697,238,1,detour_2,Customer_12,Customer_16,67,18,"[67, 10, 50, 55, 8, 18]","[133, 120, 394, 103, 98]",14.403418433385037,0.2736062843218342,3
698,238,2,detour_3,Customer_12,Customer_16,67,18,"[67, 10, 50, 55, 8, 31, 18]","[133, 120, 394, 103, 92, 207]",14.440586464968733,0.2745354851114266,4
699,239,0,shortest,Customer_12,Customer_48,67,27,"[67, 10, 32, 28, 27]","[133, 118, 289, 273]",15.36046060584717,0.279281101924494,0
700,239,1,detour_2,Customer_12,Customer_48,67,27,"[67, 43, 10, 32, 28, 27]","[375, 131, 118, 289, 273]",15.433906739008462,0.2888766926010076,0
701,239,2,detour_3,Customer_12,Customer_48,67,27,"[67, 38, 32, 28, 27]","[353, 313, 289, 273]",16.27269281266924,0.29586714204853165,0
702,240,0,same_node,Customer_13,Customer_60,61,61,[61],[],0.0,0.0,0
703,241,0,shortest,Customer_13,Customer_39,61,66,"[61, 66]",[446],2.1932234470250345,0.05483058617562586,0
704,241,1,detour_2,Customer_13,Customer_39,61,66,"[61, 57, 66]","[429, 430]",5.053995579330835,0.10390645139189596,0
705,241,2,detour_3,Customer_13,Customer_39,61,66,"[61, 16, 66]","[189, 186]",5.235463038468943,0.10833750380367169,0
706,242,0,shortest,Customer_13,Customer_49,61,66,"[61, 66]",[446],2.1932234470250345,0.05483058617562586,0
707,242,1,detour_2,Customer_13,Customer_49,61,66,"[61, 57, 66]","[429, 430]",5.053995579330835,0.10390645139189596,0
708,242,2,detour_3,Customer_13,Customer_49,61,66,"[61, 16, 66]","[189, 186]",5.235463038468943,0.10833750380367169,0
709,243,0,shortest,Customer_13,Customer_19,61,57,"[61, 57]",[429],3.291704253401656,0.05984916824366647,0
710,243,1,detour_2,Customer_13,Customer_19,61,57,"[61, 16, 57]","[189, 184]",3.5530758354500978,0.06627782372820057,0
711,243,2,detour_3,Customer_13,Customer_19,61,57,"[61, 66, 57]","[446, 431]",3.955514772954214,0.09888786932385535,0
712,244,0,shortest,Customer_13,Customer_17,61,40,"[61, 40]",[365],4.995223367601172,0.09082224304729404,0
713,244,1,detour_2,Customer_13,Customer_17,61,40,"[61, 1, 40]","[11, 18]",6.989360047767523,0.12707927359577315,0
714,244,2,detour_3,Customer_13,Customer_17,61,40,"[61, 1, 9, 40]","[11, 16, 116]",9.82347374094487,0.18843119812435344,0
715,245,0,shortest,Customer_13,Customer_31,61,40,"[61, 40]",[365],4.995223367601172,0.09082224304729404,0
716,245,1,detour_2,Customer_13,Customer_31,61,40,"[61, 1, 40]","[11, 18]",6.989360047767523,0.12707927359577315,0
717,245,2,detour_3,Customer_13,Customer_31,61,40,"[61, 1, 9, 40]","[11, 16, 116]",9.82347374094487,0.18843119812435344,0
718,246,0,shortest,Customer_13,Customer_22,61,65,"[61, 1, 9, 65]","[11, 16, 114]",8.226778224782837,0.159400370557771,0
719,246,1,detour_2,Customer_13,Customer_22,61,65,"[61, 1, 26, 65]","[11, 12, 264]",8.31356467886853,0.1652912306936612,0
720,246,2,detour_3,Customer_13,Customer_22,61,65,"[61, 1, 9, 26, 65]","[11, 16, 108, 264]",8.314562322815526,0.18300945217216005,0
721,247,0,shortest,Customer_13,Customer_7,61,78,"[61, 78]",[448],6.6381932719690635,0.12069442312671025,0
722,247,1,detour_2,Customer_13,Customer_7,61,78,"[61, 16, 78]","[189, 190]",8.838937147961923,0.16070794814476225,0
723,247,2,detour_3,Customer_13,Customer_7,61,78,"[61, 57, 78]","[429, 434]",9.069209191438802,0.16489471257161456,0
724,248,0,shortest,Customer_13,Customer_38,61,78,"[61, 78]",[448],6.6381932719690635,0.12069442312671025,0
725,248,1,detour_2,Customer_13,Customer_38,61,78,"[61, 16, 78]","[189, 190]",8.838937147961923,0.16070794814476225,0
726,248,2,detour_3,Customer_13,Customer_38,61,78,"[61, 57, 78]","[429, 434]",9.069209191438802,0.16489471257161456,0
727,249,0,shortest,Customer_13,Customer_24,61,47,"[61, 1, 47]","[11, 14]",8.130453931936021,0.1478264351261095,0
728,249,1,detour_2,Customer_13,Customer_24,61,47,"[61, 1, 9, 47]","[11, 16, 112]",8.155543707160493,0.15810519751009203,0
729,249,2,detour_3,Customer_13,Customer_24,61,47,"[61, 1, 26, 47]","[11, 12, 262]",8.18125824917135,0.16198356995123164,0
730,250,0,shortest,Customer_13,Customer_25,61,34,"[61, 1, 26, 34]","[11, 12, 266]",9.027492650655766,0.164136230011923,0
731,250,1,detour_2,Customer_13,Customer_25,61,34,"[61, 1, 47, 34]","[11, 14, 329]",9.002396556496087,0.16962500074011114,1
732,250,2,detour_3,Customer_13,Customer_25,61,34,"[61, 1, 9, 34]","[11, 16, 110]",8.975123843192423,0.1730066545288544,0
733,251,0,shortest,Customer_13,Customer_3,61,77,"[61, 57, 77]","[429, 426]",8.91924758991471,0.16216813799844926,0
734,251,1,detour_2,Customer_13,Customer_3,61,77,"[61, 16, 57, 77]","[189, 184, 426]",9.180619171963151,0.16859679348298334,0
735,251,2,detour_3,Customer_13,Customer_3,61,77,"[61, 66, 57, 77]","[446, 431, 426]",9.583058109467267,0.20120683907863812,0
736,252,0,shortest,Customer_13,Customer_33,61,77,"[61, 57, 77]","[429, 426]",8.91924758991471,0.16216813799844926,0
737,252,1,detour_2,Customer_13,Customer_33,61,77,"[61, 16, 57, 77]","[189, 184, 426]",9.180619171963151,0.16859679348298334,0
738,252,2,detour_3,Customer_13,Customer_33,61,77,"[61, 66, 57, 77]","[446, 431, 426]",9.583058109467267,0.20120683907863812,0
739,253,0,shortest,Customer_13,Customer_40,61,77,"[61, 57, 77]","[429, 426]",8.91924758991471,0.16216813799844926,0
740,253,1,detour_2,Customer_13,Customer_40,61,77,"[61, 16, 57, 77]","[189, 184, 426]",9.180619171963151,0.16859679348298334,0
741,253,2,detour_3,Customer_13,Customer_40,61,77,"[61, 66, 57, 77]","[446, 431, 426]",9.583058109467267,0.20120683907863812,0
742,254,0,shortest,Customer_13,Customer_6,61,56,"[61, 40, 56]","[365, 366]",13.510798887227445,0.2456508888586808,0
743,254,1,detour_2,Customer_13,Customer_6,61,56,"[61, 78, 56]","[448, 421]",13.602086072434801,0.2473106558624509,0
744,254,2,detour_3,Customer_13,Customer_6,61,56,"[61, 1, 40, 56]","[11, 18, 366]",15.504935567393796,0.2819079194071599,0
745,255,0,shortest,Customer_13,Customer_42,61,56,"[61, 40, 56]","[365, 366]",13.510798887227445,0.2456508888586808,0
746,255,1,detour_2,Customer_13,Customer_42,61,56,"[61, 78, 56]","[448, 421]",13.602086072434801,0.2473106558624509,0
747,255,2,detour_3,Customer_13,Customer_42,61,56,"[61, 1, 40, 56]","[11, 18, 366]",15.504935567393796,0.2819079194071599,0
748,256,0,shortest,Customer_13,Customer_55,61,56,"[61, 40, 56]","[365, 366]",13.510798887227445,0.2456508888586808,0
749,256,1,detour_2,Customer_13,Customer_55,61,56,"[61, 78, 56]","[448, 421]",13.602086072434801,0.2473106558624509,0
750,256,2,detour_3,Customer_13,Customer_55,61,56,"[61, 1, 40, 56]","[11, 18, 366]",15.504935567393796,0.2819079194071599,0
751,257,0,shortest,Customer_13,Customer_20,61,12,"[61, 57, 77, 12]","[429, 426, 145]",11.924250043770396,0.21680454625037082,0
752,257,1,detour_2,Customer_13,Customer_20,61,12,"[61, 16, 57, 77, 12]","[189, 184, 426, 145]",12.185621625818838,0.2232332017349049,0
753,257,2,detour_3,Customer_13,Customer_20,61,12,"[61, 57, 77, 64, 12]","[429, 426, 453, 141]",13.027805377091555,0.24321687573748538,0
754,258,0,shortest,Customer_13,Customer_26,61,12,"[61, 57, 77, 12]","[429, 426, 145]",11.924250043770396,0.21680454625037082,0
755,258,1,detour_2,Customer_13,Customer_26,61,12,"[61, 16, 57, 77, 12]","[189, 184, 426, 145]",12.185621625818838,0.2232332017349049,0
756,258,2,detour_3,Customer_13,Customer_26,61,12,"[61, 57, 77, 64, 12]","[429, 426, 453, 141]",13.027805377091555,0.24321687573748538,0
757,259,0,shortest,Customer_13,Customer_50,61,42,"[61, 1, 26, 14, 46, 50, 55, 8, 42]","[11, 12, 165, 170, 384, 394, 103, 100]",24.849966612369958,0.4518175747703629,3
758,259,1,avoid_congestion,Customer_13,Customer_50,61,42,"[61, 57, 77, 12, 30, 53, 48, 42]","[429, 426, 145, 148, 300, 389, 373]",24.318967450202784,0.47294735462685455,1
759,259,2,detour_2,Customer_13,Customer_50,61,42,"[61, 1, 26, 14, 46, 50, 55, 4, 42]","[11, 12, 165, 170, 384, 394, 47, 44]",24.13914229382319,0.4533377735416776,3
760,259,3,detour_3,Customer_13,Customer_50,61,42,"[61, 57, 77, 12, 30, 3, 48, 42]","[429, 426, 145, 148, 33, 36, 373]",24.971267523757607,0.4688351513573406,2
761,260,0,shortest,Customer_14,Customer_29,6,20,"[6, 20]",[74],2.4437486342876347,0.06109371585719087,0
762,260,1,detour_2,Customer_14,Customer_29,6,20,"[6, 79, 20]","[76, 225]",8.470474772303065,0.1540086322236921,0
763,260,2,detour_3,Customer_14,Customer_29,6,20,"[6, 24, 20]","[78, 227]",8.718197937708142,0.15851268977651167,0
764,261,0,shortest,Customer_14,Customer_23,6,79,"[6, 79]",[76],3.3489179655595707,0.06088941755562856,0
765,261,1,detour_2,Customer_14,Customer_23,6,79,"[6, 20, 79]","[74, 224]",7.56530544103113,0.15421293052525442,0
766,261,2,detour_3,Customer_14,Customer_23,6,79,"[6, 39, 79]","[80, 362]",11.32846272289676,0.20597204950721382,0
767,262,0,shortest,Customer_14,Customer_21,6,24,"[6, 24]",[78],5.003079412289481,0.09096508022344511,0
768,262,1,detour_2,Customer_14,Customer_21,6,24,"[6, 20, 24]","[74, 226]",6.158867159706296,0.12864132541025744,0
769,262,2,detour_3,Customer_14,Customer_21,6,24,"[6, 79, 20, 24]","[76, 225, 226]",12.185593297721727,0.22155624177675867,0
770,263,0,shortest,Customer_14,Customer_43,6,24,"[6, 24]",[78],5.003079412289481,0.09096508022344511,0
771,263,1,detour_2,Customer_14,Customer_43,6,24,"[6, 20, 24]","[74, 226]",6.158867159706296,0.12864132541025744,0
772,263,2,detour_3,Customer_14,Customer_43,6,24,"[6, 79, 20, 24]","[76, 225, 226]",12.185593297721727,0.22155624177675867,0
773,264,0,shortest,Customer_14,Customer_1,6,39,"[6, 39]",[80],7.021319120265184,0.12766034764118517,0
774,264,1,detour_2,Customer_14,Customer_1,6,39,"[6, 79, 39]","[76, 363]",7.656061568191145,0.1392011194216572,0
775,264,2,detour_3,Customer_14,Customer_1,6,39,"[6, 20, 79, 39]","[74, 224, 363]",11.872449043662705,0.23252463239128307,0
776,265,0,shortest,Customer_14,Customer_9,6,39,"[6, 39]",[80],7.021319120265184,0.12766034764118517,0
777,265,1,detour_2,Customer_14,Customer_9,6,39,"[6, 79, 39]","[76, 363]",7.656061568191145,0.1392011194216572,0
778,265,2,detour_3,Customer_14,Customer_9,6,39,"[6, 20, 79, 39]","[74, 224, 363]",11.872449043662705,0.23252463239128307,0
779,266,0,shortest,Customer_14,Customer_10,6,29,"[6, 39, 29]","[80, 293]",10.805369282970542,0.19646125969037348,0
780,266,1,detour_2,Customer_14,Customer_10,6,29,"[6, 79, 39, 29]","[76, 363, 293]",11.440111730896502,0.2080020314708455,0
781,266,2,detour_3,Customer_14,Customer_10,6,29,"[6, 39, 64, 29]","[80, 358, 295]",15.119628287525703,0.27490233250046736,0
782,267,0,shortest,Customer_14,Customer_52,6,0,"[6, 24, 0]","[78, 3]",7.5973035256269235,0.13813279137503498,0
783,267,1,detour_2,Customer_14,Customer_52,6,0,"[6, 20, 0]","[74, 9]",8.717478726959488,0.17516153572395185,0
784,267,2,detour_3,Customer_14,Customer_52,6,0,"[6, 20, 24, 0]","[74, 226, 3]",8.753091273043738,0.1758090365618473,0
785,268,0,shortest,Customer_14,Customer_51,6,64,"[6, 39, 64]","[80, 358]",9.757584772441113,0.17741063222620207,0
786,268,1,detour_2,Customer_14,Customer_51,6,64,"[6, 79, 39, 64]","[76, 363, 358]",10.392327220367074,0.1889514040066741,0
787,268,2,detour_3,Customer_14,Customer_51,6,64,"[6, 39, 54, 64]","[80, 360, 410]",9.985882179003118,0.20177442410963353,0
788,269,0,shortest,Customer_14,Customer_20,6,12,"[6, 39, 12]","[80, 147]",10.487024918149217,0.1906731803299858,0
789,269,1,detour_2,Customer_14,Customer_20,6,12,"[6, 39, 64, 12]","[80, 358, 141]",10.688578875028151,0.20068548479087803,0
790,269,2,detour_3,Customer_14,Customer_20,6,12,"[6, 79, 39, 12]","[76, 363, 147]",11.12176736607518,0.2022139521104578,0
791,270,0,shortest,Customer_14,Customer_26,6,12,"[6, 39, 12]","[80, 147]",10.487024918149217,0.1906731803299858,0
792,270,1,detour_2,Customer_14,Customer_26,6,12,"[6, 39, 64, 12]","[80, 358, 141]",10.688578875028151,0.20068548479087803,0
793,270,2,detour_3,Customer_14,Customer_26,6,12,"[6, 79, 39, 12]","[76, 363, 147]",11.12176736607518,0.2022139521104578,0
794,271,0,shortest,Customer_14,Customer_5,6,19,"[6, 39, 64, 19]","[80, 358, 219]",13.549163060685766,0.24634841928519574,0
795,271,1,detour_2,Customer_14,Customer_5,6,19,"[6, 39, 54, 19]","[80, 360, 217]",12.864819003121024,0.250413169518762,0
796,271,2,detour_3,Customer_14,Customer_5,6,19,"[6, 39, 64, 54, 19]","[80, 358, 411, 217]",13.723486005176824,0.25322348785077564,0
797,272,0,shortest,Customer_14,Customer_34,6,19,"[6, 39, 64, 19]","[80, 358, 219]",13.549163060685766,0.24634841928519574,0
798,272,1,detour_2,Customer_14,Customer_34,6,19,"[6, 39, 54, 19]","[80, 360, 217]",12.864819003121024,0.250413169518762,0
799,272,2,detour_3,Customer_14,Customer_34,6,19,"[6, 39, 64, 54, 19]","[80, 358, 411, 217]",13.723486005176824,0.25322348785077564,0
800,273,0,shortest,Customer_14,Customer_8,6,13,"[6, 79, 52, 13]","[76, 405, 157]",12.521744946888361,0.22766808994342475,0
801,273,1,detour_2,Customer_14,Customer_8,6,13,"[6, 24, 52, 13]","[78, 250, 157]",13.613674595187913,0.2475213562761439,0
802,273,2,detour_3,Customer_14,Customer_8,6,13,"[6, 24, 0, 52, 13]","[78, 3, 0, 157]",14.79138519566349,0.2689342762847907,0
803,274,0,shortest,Customer_14,Customer_59,6,13,"[6, 79, 52, 13]","[76, 405, 157]",12.521744946888361,0.22766808994342475,0
804,274,1,detour_2,Customer_14,Customer_59,6,13,"[6, 24, 52, 13]","[78, 250, 157]",13.613674595187913,0.2475213562761439,0
805,274,2,detour_3,Customer_14,Customer_59,6,13,"[6, 24, 0, 52, 13]","[78, 3, 0, 157]",14.79138519566349,0.2689342762847907,0
806,275,0,shortest,Customer_14,Customer_18,6,53,"[6, 79, 52, 63, 53]","[76, 405, 402, 409]",16.20378864336563,0.2946143389702842,0
807,275,1,detour_2,Customer_14,Customer_18,6,53,"[6, 39, 64, 30, 53]","[80, 358, 303, 300]",16.28931158852483,0.3121415062164168,0
808,275,2,detour_3,Customer_14,Customer_18,6,53,"[6, 24, 52, 63, 53]","[78, 250, 402, 409]",17.29571829166518,0.3144676053030034,0
809,276,0,shortest,Customer_14,Customer_41,6,53,"[6, 79, 52, 63, 53]","[76, 405, 402, 409]",16.20378864336563,0.2946143389702842,0
810,276,1,detour_2,Customer_14,Customer_41,6,53,"[6, 39, 64, 30, 53]","[80, 358, 303, 300]",16.28931158852483,0.3121415062164168,0
811,276,2,detour_3,Customer_14,Customer_41,6,53,"[6, 24, 52, 63, 53]","[78, 250, 402, 409]",17.29571829166518,0.3144676053030034,0
812,277,0,shortest,Customer_14,Customer_3,6,77,"[6, 39, 64, 77]","[80, 358, 452]",12.935148457030923,0.23518451740056223,0
813,277,1,detour_2,Customer_14,Customer_3,6,77,"[6, 39, 12, 77]","[80, 147, 144]",13.492027372004904,0.24530958858190738,0
814,277,2,detour_3,Customer_14,Customer_3,6,77,"[6, 79, 39, 64, 77]","[76, 363, 358, 452]",13.569890904956882,0.24672528918103426,0
815,278,0,shortest,Customer_14,Customer_33,6,77,"[6, 39, 64, 77]","[80, 358, 452]",12.935148457030923,0.23518451740056223,0
816,278,1,detour_2,Customer_14,Customer_33,6,77,"[6, 39, 12, 77]","[80, 147, 144]",13.492027372004904,0.24530958858190738,0
817,278,2,detour_3,Customer_14,Customer_33,6,77,"[6, 79, 39, 64, 77]","[76, 363, 358, 452]",13.569890904956882,0.24672528918103426,0
818,279,0,shortest,Customer_14,Customer_40,6,77,"[6, 39, 64, 77]","[80, 358, 452]",12.935148457030923,0.23518451740056223,0
819,279,1,detour_2,Customer_14,Customer_40,6,77,"[6, 39, 12, 77]","[80, 147, 144]",13.492027372004904,0.24530958858190738,0
820,279,2,detour_3,Customer_14,Customer_40,6,77,"[6, 79, 39, 64, 77]","[76, 363, 358, 452]",13.569890904956882,0.24672528918103426,0
821,280,0,shortest,Customer_15,Customer_57,74,17,"[74, 17]",[205],2.8779045445945126,0.052325537174445685,1
822,280,1,detour_2,Customer_15,Customer_57,74,17,"[74, 72, 17]","[461, 197]",3.6926769919834124,0.09231692479958531,2
823,280,2,detour_3,Customer_15,Customer_57,74,17,"[74, 72, 4, 17]","[461, 49, 50]",4.630053179698124,0.09572811959982097,3
824,281,0,shortest,Customer_15,Customer_30,74,31,"[74, 31]",[309],3.2857050776793733,0.05974009232144315,1
825,281,1,detour_2,Customer_15,Customer_30,74,31,"[74, 72, 31]","[461, 307]",3.2858464216437584,0.08214616054109397,2
826,281,2,detour_3,Customer_15,Customer_30,74,31,"[74, 72, 18, 31]","[461, 209, 206]",3.6560584763889286,0.09140146190972322,3
827,282,0,shortest,Customer_15,Customer_16,74,18,"[74, 31, 18]","[309, 207]",3.4708786905380564,0.06436943264291023,2
828,282,1,detour_2,Customer_15,Customer_16,74,18,"[74, 72, 18]","[461, 209]",3.4708848635302454,0.08677212158825615,2
829,282,2,detour_3,Customer_15,Customer_16,74,18,"[74, 72, 31, 18]","[461, 307, 207]",3.4710200345024416,0.08677550086256104,3
830,283,0,shortest,Customer_15,Customer_50,74,42,"[74, 8, 42]","[107, 100]",5.168486860029128,0.10925221386212822,2
831,283,1,detour_2,Customer_15,Customer_50,74,42,"[74, 17, 42]","[205, 194]",5.267696471543035,0.11207033534815874,2
832,283,2,detour_3,Customer_15,Customer_50,74,42,"[74, 72, 8, 42]","[461, 95, 100]",5.383240989902228,0.11462106710895574,3
833,284,0,shortest,Customer_15,Customer_48,74,27,"[74, 27]",[279],6.403611617492714,0.11642930213623115,1
834,284,1,avoid_congestion,Customer_15,Customer_48,74,27,"[74, 59, 27]","[439, 271]",6.404283147233186,0.12804644075538957,1
835,284,2,detour_3,Customer_15,Customer_48,74,27,"[74, 28, 27]","[285, 273]",7.793797390557636,0.1417054071010479,1
836,285,0,shortest,Customer_15,Customer_11,74,10,"[74, 50, 10]","[397, 121]",7.020547818655694,0.12764632397555808,1
837,285,1,detour_2,Customer_15,Customer_11,74,10,"[74, 55, 50, 10]","[415, 395, 121]",7.113579712851185,0.1392317751206591,2
838,285,2,detour_3,Customer_15,Customer_11,74,10,"[74, 55, 32, 10]","[415, 317, 119]",8.292725936788374,0.16067079737406254,2
839,286,0,shortest,Customer_15,Customer_25,74,34,"[74, 50, 46, 14, 34]","[397, 385, 171, 168]",13.126053184935504,0.2525819361716994,1
840,286,1,detour_2,Customer_15,Customer_25,74,34,"[74, 55, 50, 46, 14, 34]","[415, 395, 385, 171, 168]",13.219085079130995,0.26416738731680045,2
841,286,2,detour_3,Customer_15,Customer_25,74,34,"[74, 50, 46, 14, 47, 34]","[397, 385, 171, 162, 329]",14.21469475618281,0.2797979754528821,2
842,287,0,shortest,Customer_15,Customer_24,74,47,"[74, 50, 46, 14, 47]","[397, 385, 171, 162]",13.342752131622744,0.2579994098388804,1
843,287,1,detour_2,Customer_15,Customer_24,74,47,"[74, 55, 50, 46, 14, 47]","[415, 395, 385, 171, 162]",13.435784025818235,0.26958486098398143,2
844,287,2,detour_3,Customer_15,Customer_24,74,47,"[74, 50, 46, 14, 34, 47]","[397, 385, 171, 168, 328]",13.99799580949557,0.27438050178570106,2
845,288,0,shortest,Customer_15,Customer_44,74,46,"[74, 50, 46]","[397, 385]",7.744375211979814,0.14080682203599662,1
846,288,1,detour_2,Customer_15,Customer_44,74,46,"[74, 55, 50, 46]","[415, 395, 385]",7.837407106175305,0.15239227318109766,2
847,288,2,detour_3,Customer_15,Customer_44,74,46,"[74, 50, 10, 46]","[397, 121, 124]",9.994333348661293,0.18171515179384173,1
848,289,0,shortest,Customer_15,Customer_22,74,65,"[74, 50, 46, 14, 65]","[397, 385, 171, 166]",14.826780094129383,0.2695778198932615,1
849,289,1,detour_2,Customer_15,Customer_22,74,65,"[74, 55, 50, 46, 14, 65]","[415, 395, 385, 171, 166]",14.919811988324874,0.2811632710383626,2
850,289,2,detour_3,Customer_15,Customer_22,74,65,"[74, 50, 46, 14, 47, 65]","[397, 385, 171, 162, 386]",14.836389451943004,0.2953403428468869,1
851,290,0,shortest,Customer_15,Customer_2,74,44,"[74, 72, 69, 22, 44]","[461, 459, 239, 240]",13.448762791409756,0.2528417764708396,2
852,290,1,avoid_congestion,Customer_15,Customer_2,74,44,"[74, 59, 27, 69, 22, 44]","[439, 271, 274, 239, 240]",18.985665234141738,0.3567988423355451,1
853,290,2,detour_2,Customer_15,Customer_2,74,44,"[74, 72, 69, 22, 7, 44]","[461, 459, 239, 87, 82]",13.489614120232364,0.25630430841293317,2
854,290,3,detour_3,Customer_15,Customer_2,74,44,"[74, 59, 69, 22, 44]","[439, 442, 239, 240]",13.571166771063432,0.25835341573412135,2
855,291,0,shortest,Customer_15,Customer_4,74,44,"[74, 72, 69, 22, 44]","[461, 459, 239, 240]",13.448762791409756,0.2528417764708396,2
856,291,1,avoid_congestion,Customer_15,Customer_4,74,44,"[74, 59, 27, 69, 22, 44]","[439, 271, 274, 239, 240]",18.985665234141738,0.3567988423355451,1
857,291,2,detour_2,Customer_15,Customer_4,74,44,"[74, 72, 69, 22, 7, 44]","[461, 459, 239, 87, 82]",13.489614120232364,0.25630430841293317,2
858,291,3,detour_3,Customer_15,Customer_4,74,44,"[74, 59, 69, 22, 44]","[439, 442, 239, 240]",13.571166771063432,0.25835341573412135,2
859,292,0,shortest,Customer_15,Customer_27,74,44,"[74, 72, 69, 22, 44]","[461, 459, 239, 240]",13.448762791409756,0.2528417764708396,2
860,292,1,avoid_congestion,Customer_15,Customer_27,74,44,"[74, 59, 27, 69, 22, 44]","[439, 271, 274, 239, 240]",18.985665234141738,0.3567988423355451,1
861,292,2,detour_2,Customer_15,Customer_27,74,44,"[74, 72, 69, 22, 7, 44]","[461, 459, 239, 87, 82]",13.489614120232364,0.25630430841293317,2
862,292,3,detour_3,Customer_15,Customer_27,74,44,"[74, 59, 69, 22, 44]","[439, 442, 239, 240]",13.571166771063432,0.25835341573412135,2
863,293,0,shortest,Customer_15,Customer_28,74,38,"[74, 55, 32, 38]","[415, 317, 312]",10.243672900927944,0.19614256035841837,2
864,293,1,avoid_congestion,Customer_15,Customer_28,74,38,"[74, 50, 10, 38]","[397, 121, 128]",10.980552143429744,0.19964640260781352,1
865,293,2,detour_3,Customer_15,Customer_28,74,38,"[74, 50, 32, 38]","[397, 319, 312]",11.581329129385018,0.21056962053427308,2
866,294,0,shortest,Customer_15,Customer_46,74,5,"[74, 72, 69, 5]","[461, 459, 55]",10.227441408378654,0.19427229677936497,2
867,294,1,avoid_congestion,Customer_15,Customer_46,74,5,"[74, 59, 27, 69, 5]","[439, 271, 274, 55]",15.764343851110636,0.2982293626440705,1
868,294,2,detour_2,Customer_15,Customer_46,74,5,"[74, 59, 69, 5]","[439, 442, 55]",10.34984538803233,0.19978393604264674,2
869,294,3,detour_3,Customer_15,Customer_46,74,5,"[74, 72, 69, 22, 5]","[461, 459, 239, 57]",10.379970539548767,0.20005547968272686,2
870,295,0,shortest,Customer_15,Customer_47,74,43,"[74, 50, 10, 43]","[397, 121, 130]",10.139610349987493,0.18435655181795443,1
871,295,1,detour_2,Customer_15,Customer_47,74,43,"[74, 55, 50, 10, 43]","[415, 395, 121, 130]",10.232642244182983,0.19594200296305544,2
872,295,2,detour_3,Customer_15,Customer_47,74,43,"[74, 55, 32, 10, 43]","[415, 317, 119, 130]",11.411788468120173,0.21738102521645888,2
873,296,0,shortest,Customer_15,Customer_36,74,68,"[74, 27, 68]","[279, 276]",11.226880772883106,0.20412510496151098,1
874,296,1,avoid_congestion,Customer_15,Customer_36,74,68,"[74, 59, 27, 68]","[439, 271, 276]",11.227552302623579,0.2157422435806694,1
875,296,2,detour_3,Customer_15,Customer_36,74,68,"[74, 28, 27, 68]","[285, 273, 276]",12.617066545948028,0.22940120992632773,1
876,297,0,shortest,Customer_15,Customer_45,74,68,"[74, 27, 68]","[279, 276]",11.226880772883106,0.20412510496151098,1
877,297,1,avoid_congestion,Customer_15,Customer_45,74,68,"[74, 59, 27, 68]","[439, 271, 276]",11.227552302623579,0.2157422435806694,1
878,297,2,detour_3,Customer_15,Customer_45,74,68,"[74, 28, 27, 68]","[285, 273, 276]",12.617066545948028,0.22940120992632773,1
879,298,0,shortest,Customer_15,Customer_56,74,68,"[74, 27, 68]","[279, 276]",11.226880772883106,0.20412510496151098,1
880,298,1,avoid_congestion,Customer_15,Customer_56,74,68,"[74, 59, 27, 68]","[439, 271, 276]",11.227552302623579,0.2157422435806694,1
881,298,2,detour_3,Customer_15,Customer_56,74,68,"[74, 28, 27, 68]","[285, 273, 276]",12.617066545948028,0.22940120992632773,1
882,299,0,shortest,Customer_15,Customer_12,74,67,"[74, 50, 10, 67]","[397, 121, 132]",11.277661160951421,0.2050483847445713,1
883,299,1,detour_2,Customer_15,Customer_12,74,67,"[74, 50, 10, 43, 67]","[397, 121, 130, 374]",11.351107294112712,0.21464397542108493,1
884,299,2,detour_3,Customer_15,Customer_12,74,67,"[74, 55, 50, 10, 67]","[415, 395, 121, 132]",11.370693055146912,0.2166338358896723,2
885,300,0,shortest,Customer_16,Customer_30,18,31,"[18, 31]",[206],0.18517361285868306,0.004629340321467076,1
886,300,1,detour_2,Customer_16,Customer_30,18,31,"[18, 8, 31]","[99, 92]",3.2916061750761867,0.08229015437690468,2
887,300,2,detour_3,Customer_16,Customer_30,18,31,"[18, 72, 31]","[208, 307]",4.316545074579764,0.1079136268644941,2
888,301,0,shortest,Customer_16,Customer_57,18,17,"[18, 17]",[201],3.178271370034319,0.05778675218244216,1
889,301,1,detour_2,Customer_16,Customer_57,18,17,"[18, 31, 17]","[206, 203]",3.255139868894732,0.0604469086130316,2
890,301,2,detour_3,Customer_16,Customer_57,18,17,"[18, 8, 17]","[99, 96]",3.3477643219823796,0.08369410804955948,2
891,302,0,shortest,Customer_16,Customer_50,18,42,"[18, 42]",[210],3.3608010787633535,0.0611054741593337,1
892,302,1,detour_2,Customer_16,Customer_50,18,42,"[18, 8, 42]","[99, 100]",4.647266331836915,0.09622170065732294,2
893,302,2,detour_3,Customer_16,Customer_50,18,42,"[18, 31, 8, 42]","[206, 93, 100]",4.684434363420612,0.09715090144691532,3
894,303,0,shortest,Customer_16,Customer_15,18,74,"[18, 31, 74]","[206, 308]",3.4708786905380564,0.06436943264291023,2
895,303,1,detour_2,Customer_16,Customer_15,18,74,"[18, 72, 74]","[208, 460]",3.4708848635302454,0.08677212158825615,2
896,303,2,detour_3,Customer_16,Customer_15,18,74,"[18, 31, 72, 74]","[206, 306, 460]",3.471020034502442,0.08677550086256104,3
897,304,0,shortest,Customer_16,Customer_2,18,44,"[18, 69, 22, 44]","[214, 239, 240]",11.65848587775401,0.21197247050461837,1
898,304,1,detour_2,Customer_16,Customer_2,18,44,"[18, 69, 22, 7, 44]","[214, 239, 87, 82]",11.699337206576619,0.21543500244671196,1
899,304,2,detour_3,Customer_16,Customer_2,18,44,"[18, 31, 69, 22, 44]","[206, 310, 239, 240]",11.832357551144284,0.2163963210175689,2
900,305,0,shortest,Customer_16,Customer_4,18,44,"[18, 69, 22, 44]","[214, 239, 240]",11.65848587775401,0.21197247050461837,1
901,305,1,detour_2,Customer_16,Customer_4,18,44,"[18, 69, 22, 7, 44]","[214, 239, 87, 82]",11.699337206576619,0.21543500244671196,1
902,305,2,detour_3,Customer_16,Customer_4,18,44,"[18, 31, 69, 22, 44]","[206, 310, 239, 240]",11.832357551144284,0.2163963210175689,2
903,306,0,shortest,Customer_16,Customer_27,18,44,"[18, 69, 22, 44]","[214, 239, 240]",11.65848587775401,0.21197247050461837,1
904,306,1,detour_2,Customer_16,Customer_27,18,44,"[18, 69, 22, 7, 44]","[214, 239, 87, 82]",11.699337206576619,0.21543500244671196,1
905,306,2,detour_3,Customer_16,Customer_27,18,44,"[18, 31, 69, 22, 44]","[206, 310, 239, 240]",11.832357551144284,0.2163963210175689,2
906,307,0,shortest,Customer_16,Customer_46,18,5,"[18, 69, 5]","[214, 55]",8.437164494722909,0.1534029908131438,1
907,307,1,detour_2,Customer_16,Customer_46,18,5,"[18, 31, 69, 5]","[206, 310, 55]",8.61103616811318,0.1578268413260943,2
908,307,2,detour_3,Customer_16,Customer_46,18,5,"[18, 69, 22, 5]","[214, 239, 57]",8.589693625893021,0.15918617371650565,1
909,308,0,shortest,Customer_16,Customer_48,18,27,"[18, 69, 27]","[214, 275]",7.839955612621825,0.14254464750221502,1
910,308,1,detour_2,Customer_16,Customer_48,18,27,"[18, 31, 69, 27]","[206, 310, 275]",8.013827286012098,0.14696849801516554,2
911,308,2,detour_3,Customer_16,Customer_48,18,27,"[18, 31, 74, 27]","[206, 308, 279]",9.87449030803077,0.18079873477914138,3
912,309,0,shortest,Customer_16,Customer_25,18,34,"[18, 31, 74, 50, 46, 14, 34]","[206, 308, 397, 385, 171, 168]",16.596931875473558,0.31695136881460967,3
913,309,1,detour_2,Customer_16,Customer_25,18,34,"[18, 8, 55, 50, 46, 14, 34]","[99, 102, 395, 385, 171, 168]",16.251810457369118,0.3211398357489624,3
914,309,2,detour_3,Customer_16,Customer_25,18,34,"[18, 31, 8, 55, 50, 46, 14, 34]","[206, 93, 102, 395, 385, 171, 168]",16.288978488952814,0.3220690365385548,4
915,310,0,shortest,Customer_16,Customer_18,18,53,"[18, 48, 53]","[212, 388]",8.728603586107525,0.15870188338377317,1
916,310,1,detour_2,Customer_16,Customer_18,18,53,"[18, 42, 48, 53]","[210, 372, 388]",9.759833028797857,0.19226361508534517,2
917,310,2,detour_3,Customer_16,Customer_18,18,53,"[18, 48, 3, 53]","[212, 37, 34]",10.422804985835562,0.20522430507820383,2
918,311,0,shortest,Customer_16,Customer_41,18,53,"[18, 48, 53]","[212, 388]",8.728603586107525,0.15870188338377317,1
919,311,1,detour_2,Customer_16,Customer_41,18,53,"[18, 42, 48, 53]","[210, 372, 388]",9.759833028797857,0.19226361508534517,2
920,311,2,detour_3,Customer_16,Customer_41,18,53,"[18, 48, 3, 53]","[212, 37, 34]",10.422804985835562,0.20522430507820383,2
921,312,0,shortest,Customer_16,Customer_8,18,13,"[18, 48, 53, 63, 13]","[212, 388, 408, 153]",13.690439826338,0.2618791653084064,1
922,312,1,avoid_congestion,Customer_16,Customer_8,18,13,"[18, 69, 22, 7, 13]","[214, 239, 87, 88]",15.601534461163297,0.2836642629302418,1
923,312,2,detour_3,Customer_16,Customer_8,18,13,"[18, 31, 69, 22, 7, 13]","[206, 310, 239, 87, 88]",15.77540613455357,0.2880881134431923,2
924,313,0,shortest,Customer_16,Customer_59,18,13,"[18, 48, 53, 63, 13]","[212, 388, 408, 153]",13.690439826338,0.2618791653084064,1
925,313,1,avoid_congestion,Customer_16,Customer_59,18,13,"[18, 69, 22, 7, 13]","[214, 239, 87, 88]",15.601534461163297,0.2836642629302418,1
926,313,2,detour_3,Customer_16,Customer_59,18,13,"[18, 31, 69, 22, 7, 13]","[206, 310, 239, 87, 88]",15.77540613455357,0.2880881134431923,2
927,314,0,shortest,Customer_16,Customer_22,18,65,"[18, 31, 74, 50, 46, 14, 65]","[206, 308, 397, 385, 171, 166]",18.29765878466744,0.33394725253617175,3
928,314,1,detour_2,Customer_16,Customer_22,18,65,"[18, 8, 55, 50, 46, 14, 65]","[99, 102, 395, 385, 171, 166]",17.952537366563,0.33813571947052445,3
929,314,2,detour_3,Customer_16,Customer_22,18,65,"[18, 31, 8, 55, 50, 46, 14, 65]","[206, 93, 102, 395, 385, 171, 166]",17.989705398146697,0.3390649202601169,4
930,315,0,shortest,Customer_16,Customer_24,18,47,"[18, 31, 74, 50, 46, 14, 47]","[206, 308, 397, 385, 171, 162]",16.8136308221608,0.32236884248179065,3
931,315,1,detour_2,Customer_16,Customer_24,18,47,"[18, 8, 55, 50, 46, 14, 47]","[99, 102, 395, 385, 171, 162]",16.46850940405636,0.32655730941614336,3
932,315,2,detour_3,Customer_16,Customer_24,18,47,"[18, 31, 8, 55, 50, 46, 14, 47]","[206, 93, 102, 395, 385, 171, 162]",16.505677435640056,0.32748651020573577,4
933,316,0,shortest,Customer_16,Customer_36,18,68,"[18, 69, 27, 68]","[214, 275, 276]",12.663224768012217,0.23024045032749485,1
934,316,1,detour_2,Customer_16,Customer_36,18,68,"[18, 31, 69, 27, 68]","[206, 310, 275, 276]",12.83709644140249,0.23466430084044537,2
935,316,2,detour_3,Customer_16,Customer_36,18,68,"[18, 69, 22, 68]","[214, 239, 244]",13.570242702350356,0.2467316854972792,1
936,317,0,shortest,Customer_16,Customer_45,18,68,"[18, 69, 27, 68]","[214, 275, 276]",12.663224768012217,0.23024045032749485,1
937,317,1,detour_2,Customer_16,Customer_45,18,68,"[18, 31, 69, 27, 68]","[206, 310, 275, 276]",12.83709644140249,0.23466430084044537,2
938,317,2,detour_3,Customer_16,Customer_45,18,68,"[18, 69, 22, 68]","[214, 239, 244]",13.570242702350356,0.2467316854972792,1
939,318,0,shortest,Customer_16,Customer_56,18,68,"[18, 69, 27, 68]","[214, 275, 276]",12.663224768012217,0.23024045032749485,1
940,318,1,detour_2,Customer_16,Customer_56,18,68,"[18, 31, 69, 27, 68]","[206, 310, 275, 276]",12.83709644140249,0.23466430084044537,2
941,318,2,detour_3,Customer_16,Customer_56,18,68,"[18, 69, 22, 68]","[214, 239, 244]",13.570242702350356,0.2467316854972792,1
942,319,0,shortest,Customer_16,Customer_11,18,10,"[18, 31, 74, 50, 10]","[206, 308, 397, 121]",10.49142650919375,0.19201575661846831,3
943,319,1,detour_2,Customer_16,Customer_11,18,10,"[18, 8, 55, 50, 10]","[99, 102, 395, 121]",10.14630509108931,0.19620422355282102,3
944,319,2,detour_3,Customer_16,Customer_11,18,10,"[18, 31, 8, 55, 50, 10]","[206, 93, 102, 395, 121]",10.183473122673007,0.19713342434241343,4
945,320,0,same_node,Customer_17,Customer_31,40,40,[40],[],0.0,0.0,0
946,321,0,shortest,Customer_17,Customer_13,40,61,"[40, 61]",[364],4.995223367601172,0.09082224304729404,0
947,321,1,detour_2,Customer_17,Customer_13,40,61,"[40, 1, 61]","[19, 10]",6.989360047767523,0.12707927359577315,0
948,321,2,detour_3,Customer_17,Customer_13,40,61,"[40, 9, 1, 61]","[117, 17, 10]",9.82347374094487,0.18843119812435344,0
949,322,0,shortest,Customer_17,Customer_60,40,61,"[40, 61]",[364],4.995223367601172,0.09082224304729404,0
950,322,1,detour_2,Customer_17,Customer_60,40,61,"[40, 1, 61]","[19, 10]",6.989360047767523,0.12707927359577315,0
951,322,2,detour_3,Customer_17,Customer_60,40,61,"[40, 9, 1, 61]","[117, 17, 10]",9.82347374094487,0.18843119812435344,0
952,323,0,shortest,Customer_17,Customer_39,40,66,"[40, 61, 66]","[364, 446]",7.188446814626206,0.1456528292229199,0
953,323,1,detour_2,Customer_17,Customer_39,40,66,"[40, 1, 66]","[19, 22]",8.364145262389137,0.1520753684070752,0
954,323,2,detour_3,Customer_17,Customer_39,40,66,"[40, 1, 61, 66]","[19, 10, 446]",9.182583494792556,0.181909859771399,0
955,324,0,shortest,Customer_17,Customer_49,40,66,"[40, 61, 66]","[364, 446]",7.188446814626206,0.1456528292229199,0
956,324,1,detour_2,Customer_17,Customer_49,40,66,"[40, 1, 66]","[19, 22]",8.364145262389137,0.1520753684070752,0
957,324,2,detour_3,Customer_17,Customer_49,40,66,"[40, 1, 61, 66]","[19, 10, 446]",9.182583494792556,0.181909859771399,0
958,325,0,shortest,Customer_17,Customer_24,40,47,"[40, 9, 47]","[117, 112]",7.807041553187422,0.14194621005795313,0
959,325,1,detour_2,Customer_17,Customer_24,40,47,"[40, 1, 47]","[19, 14]",7.829129582889966,0.1423478105979994,0
960,325,2,detour_3,Customer_17,Customer_24,40,47,"[40, 1, 9, 47]","[19, 16, 112]",7.854219358114438,0.15262657298198193,0
961,326,0,shortest,Customer_17,Customer_22,40,65,"[40, 9, 65]","[117, 114]",7.8782760708097666,0.14324138310563211,0
962,326,1,detour_2,Customer_17,Customer_22,40,65,"[40, 1, 9, 65]","[19, 16, 114]",7.925453875736782,0.1539217460296609,0
963,326,2,detour_3,Customer_17,Customer_22,40,65,"[40, 26, 65]","[269, 264]",7.932199537396863,0.15835731903053993,0
964,327,0,shortest,Customer_17,Customer_19,40,57,"[40, 61, 57]","[364, 429]",8.286927621002828,0.1506714112909605,0
965,327,1,detour_2,Customer_17,Customer_19,40,57,"[40, 61, 16, 57]","[364, 189, 184]",8.54829920305127,0.1571000667754946,0
966,327,2,detour_3,Customer_17,Customer_19,40,57,"[40, 1, 61, 57]","[19, 10, 429]",10.28106430116918,0.18692844183943963,0
967,328,0,shortest,Customer_17,Customer_25,40,34,"[40, 9, 34]","[117, 110]",8.626621689219352,0.1568476670767155,0
968,328,1,detour_2,Customer_17,Customer_25,40,34,"[40, 26, 34]","[269, 266]",8.646127509184097,0.15720231834880177,0
969,328,2,detour_3,Customer_17,Customer_25,40,34,"[40, 1, 26, 34]","[19, 12, 266]",8.726168301609711,0.1586576054838129,0
970,329,0,shortest,Customer_17,Customer_6,40,56,"[40, 56]",[366],8.515575519626273,0.15482864581138678,0
971,329,1,detour_2,Customer_17,Customer_6,40,56,"[40, 37, 56]","[347, 344]",14.353064152835925,0.26096480277883505,0
972,329,2,detour_3,Customer_17,Customer_6,40,56,"[40, 61, 78, 56]","[364, 448, 421]",18.59730944003597,0.33813289890974496,0
973,330,0,shortest,Customer_17,Customer_42,40,56,"[40, 56]",[366],8.515575519626273,0.15482864581138678,0
974,330,1,detour_2,Customer_17,Customer_42,40,56,"[40, 37, 56]","[347, 344]",14.353064152835925,0.26096480277883505,0
975,330,2,detour_3,Customer_17,Customer_42,40,56,"[40, 61, 78, 56]","[364, 448, 421]",18.59730944003597,0.33813289890974496,0
976,331,0,shortest,Customer_17,Customer_55,40,56,"[40, 56]",[366],8.515575519626273,0.15482864581138678,0
977,331,1,detour_2,Customer_17,Customer_55,40,56,"[40, 37, 56]","[347, 344]",14.353064152835925,0.26096480277883505,0
978,331,2,detour_3,Customer_17,Customer_55,40,56,"[40, 61, 78, 56]","[364, 448, 421]",18.59730944003597,0.33813289890974496,0
979,332,0,shortest,Customer_17,Customer_7,40,78,"[40, 61, 78]","[364, 448]",11.633416639570235,0.21151666617400428,0
980,332,1,detour_2,Customer_17,Customer_7,40,78,"[40, 1, 61, 78]","[19, 10, 448]",13.627553319736586,0.2477736967224834,0
981,332,2,detour_3,Customer_17,Customer_7,40,78,"[40, 61, 16, 78]","[364, 189, 190]",13.834160515563095,0.2515301911920563,0
982,333,0,shortest,Customer_17,Customer_38,40,78,"[40, 61, 78]","[364, 448]",11.633416639570235,0.21151666617400428,0
983,333,1,detour_2,Customer_17,Customer_38,40,78,"[40, 1, 61, 78]","[19, 10, 448]",13.627553319736586,0.2477736967224834,0
984,333,2,detour_3,Customer_17,Customer_38,40,78,"[40, 61, 16, 78]","[364, 189, 190]",13.834160515563095,0.2515301911920563,0
985,334,0,shortest,Customer_17,Customer_44,40,46,"[40, 26, 14, 46]","[269, 165, 170]",12.390814410999116,0.2252875347454385,0
986,334,1,detour_2,Customer_17,Customer_44,40,46,"[40, 1, 26, 14, 46]","[19, 12, 165, 170]",12.47085520342473,0.22674282188044964,0
987,334,2,detour_3,Customer_17,Customer_44,40,46,"[40, 9, 26, 14, 46]","[117, 108, 165, 170]",12.424675042444711,0.23378068043491973,0
988,335,0,shortest,Customer_17,Customer_11,40,10,"[40, 26, 14, 46, 10]","[269, 165, 170, 125]",15.364599941004716,0.27935636256372215,0
989,335,1,detour_2,Customer_17,Customer_11,40,10,"[40, 1, 26, 14, 46, 10]","[19, 12, 165, 170, 125]",15.44464073343033,0.2808116496987333,0
990,335,2,detour_3,Customer_17,Customer_11,40,10,"[40, 9, 26, 14, 46, 10]","[117, 108, 165, 170, 125]",15.398460572450311,0.2878495082532034,0
991,336,0,shortest,Customer_17,Customer_57,40,17,"[40, 26, 14, 46, 50, 55, 17]","[269, 165, 170, 384, 394, 199]",21.274613358540048,0.40383960396067686,2
992,336,1,detour_2,Customer_17,Customer_57,40,17,"[40, 26, 14, 46, 50, 55, 4, 17]","[269, 165, 170, 384, 394, 47, 50]",22.112505773248937,0.40527207740099175,3
993,336,2,detour_3,Customer_17,Customer_57,40,17,"[40, 1, 26, 14, 46, 50, 55, 17]","[19, 12, 165, 170, 384, 394, 199]",21.35465415096566,0.40529489109568795,2
994,337,0,shortest,Customer_17,Customer_50,40,42,"[40, 26, 14, 46, 50, 55, 8, 42]","[269, 165, 170, 384, 394, 103, 100]",24.46860147089829,0.4448836631072417,3
995,337,1,avoid_congestion,Customer_17,Customer_50,40,42,"[40, 61, 57, 77, 12, 30, 53, 48, 42]","[364, 429, 426, 145, 148, 300, 389, 373]",29.314190817803958,0.5637695976741486,1
996,337,2,detour_2,Customer_17,Customer_50,40,42,"[40, 1, 26, 14, 46, 50, 55, 8, 42]","[19, 12, 165, 170, 384, 394, 103, 100]",24.548642263323902,0.4463389502422528,3
997,337,3,detour_3,Customer_17,Customer_50,40,42,"[40, 26, 14, 46, 50, 55, 4, 42]","[269, 165, 170, 384, 394, 47, 44]",23.757777152351522,0.4464038618785564,3
998,338,0,shortest,Customer_17,Customer_12,40,67,"[40, 26, 14, 33, 67]","[269, 165, 172, 322]",17.3696400753178,0.3158116377330509,0
999,338,1,detour_2,Customer_17,Customer_12,40,67,"[40, 1, 26, 14, 33, 67]","[19, 12, 165, 172, 322]",17.449680867743414,0.317266924868062,0
1000,338,2,detour_3,Customer_17,Customer_12,40,67,"[40, 9, 26, 14, 33, 67]","[117, 108, 165, 172, 322]",17.403500706763392,0.3243047834225321,0
1001,339,0,shortest,Customer_17,Customer_47,40,43,"[40, 26, 14, 46, 43]","[269, 165, 170, 377]",16.80866426409867,0.3056120775290668,0
1002,339,1,detour_2,Customer_17,Customer_47,40,43,"[40, 1, 26, 14, 46, 43]","[19, 12, 165, 170, 377]",16.888705056524284,0.3070673646640779,0
1003,339,2,detour_3,Customer_17,Customer_47,40,43,"[40, 26, 14, 33, 43]","[269, 165, 172, 320]",16.966897143537008,0.30848903897340013,0
1004,340,0,same_node,Customer_18,Customer_41,53,53,[53],[],0.0,0.0,0
1005,341,0,shortest,Customer_18,Customer_8,53,13,"[53, 63, 13]","[408, 153]",4.961836240230475,0.10317728192463317,0
1006,341,1,detour_2,Customer_18,Customer_8,53,13,"[53, 63, 45, 13]","[408, 383, 155]",8.328806074286843,0.1633320269099068,0
1007,341,2,detour_3,Customer_18,Customer_8,53,13,"[53, 60, 63, 13]","[406, 444, 153]",8.599902572933177,0.16932394251922772,0
1008,342,0,shortest,Customer_18,Customer_59,53,13,"[53, 63, 13]","[408, 153]",4.961836240230475,0.10317728192463317,0
1009,342,1,detour_2,Customer_18,Customer_59,53,13,"[53, 63, 45, 13]","[408, 383, 155]",8.328806074286843,0.1633320269099068,0
1010,342,2,detour_3,Customer_18,Customer_59,53,13,"[53, 60, 63, 13]","[406, 444, 153]",8.599902572933177,0.16932394251922772,0
1011,343,0,shortest,Customer_18,Customer_20,53,12,"[53, 30, 12]","[301, 149]",5.995685456397883,0.12498466745047228,0
1012,343,1,detour_2,Customer_18,Customer_20,53,12,"[53, 60, 12]","[406, 151]",7.361723349764851,0.13384951545027002,0
1013,343,2,detour_3,Customer_18,Customer_20,53,12,"[53, 60, 30, 12]","[406, 299, 149]",7.943180131454375,0.1535191215395988,0
1014,344,0,shortest,Customer_18,Customer_26,53,12,"[53, 30, 12]","[301, 149]",5.995685456397883,0.12498466745047228,0
1015,344,1,detour_2,Customer_18,Customer_26,53,12,"[53, 60, 12]","[406, 151]",7.361723349764851,0.13384951545027002,0
1016,344,2,detour_3,Customer_18,Customer_26,53,12,"[53, 60, 30, 12]","[406, 299, 149]",7.943180131454375,0.1535191215395988,0
1017,345,0,shortest,Customer_18,Customer_51,53,64,"[53, 30, 64]","[301, 302]",6.531726816083715,0.1347308739902147,0
1018,345,1,detour_2,Customer_18,Customer_51,53,64,"[53, 30, 12, 64]","[301, 149, 140]",6.9266795589849215,0.14825952001514825,0
1019,345,2,detour_3,Customer_18,Customer_51,53,64,"[53, 60, 12, 64]","[406, 151, 140]",8.292717452351889,0.15712436801494598,0
1020,346,0,shortest,Customer_18,Customer_50,53,42,"[53, 48, 42]","[389, 373]",6.399031950034503,0.13115814092601147,1
1021,346,1,detour_2,Customer_18,Customer_50,53,42,"[53, 3, 48, 42]","[35, 36, 373]",8.09323334976254,0.17768056262044213,2
1022,346,2,detour_3,Customer_18,Customer_50,53,42,"[53, 48, 4, 42]","[389, 53, 44]",10.635716174356876,0.20782093500592647,2
1023,347,0,shortest,Customer_18,Customer_2,53,44,"[53, 63, 13, 44]","[408, 153, 158]",9.157197184362587,0.1794565718179443,0
1024,347,1,detour_2,Customer_18,Customer_2,53,44,"[53, 63, 45, 44]","[408, 383, 381]",9.877015273803504,0.17958209588733642,0
1025,347,2,detour_3,Customer_18,Customer_2,53,44,"[53, 63, 45, 7, 44]","[408, 383, 85, 82]",10.227521366272416,0.188674714441181,0
1026,348,0,shortest,Customer_18,Customer_4,53,44,"[53, 63, 13, 44]","[408, 153, 158]",9.157197184362587,0.1794565718179443,0
1027,348,1,detour_2,Customer_18,Customer_4,53,44,"[53, 63, 45, 44]","[408, 383, 381]",9.877015273803504,0.17958209588733642,0
1028,348,2,detour_3,Customer_18,Customer_4,53,44,"[53, 63, 45, 7, 44]","[408, 383, 85, 82]",10.227521366272416,0.188674714441181,0
1029,349,0,shortest,Customer_18,Customer_27,53,44,"[53, 63, 13, 44]","[408, 153, 158]",9.157197184362587,0.1794565718179443,0
1030,349,1,detour_2,Customer_18,Customer_27,53,44,"[53, 63, 45, 44]","[408, 383, 381]",9.877015273803504,0.17958209588733642,0
1031,349,2,detour_3,Customer_18,Customer_27,53,44,"[53, 63, 45, 7, 44]","[408, 383, 85, 82]",10.227521366272416,0.188674714441181,0
1032,350,0,shortest,Customer_18,Customer_1,53,39,"[53, 30, 64, 39]","[301, 302, 359]",9.267992468259644,0.1844811585752316,0
1033,350,1,detour_2,Customer_18,Customer_1,53,39,"[53, 30, 12, 39]","[301, 149, 146]",9.461391254281917,0.1879975001392729,0
1034,350,2,detour_3,Customer_18,Customer_1,53,39,"[53, 60, 12, 39]","[406, 151, 146]",10.827429147648886,0.19686234813907064,0
1035,351,0,shortest,Customer_18,Customer_9,53,39,"[53, 30, 64, 39]","[301, 302, 359]",9.267992468259644,0.1844811585752316,0
1036,351,1,detour_2,Customer_18,Customer_9,53,39,"[53, 30, 12, 39]","[301, 149, 146]",9.461391254281917,0.1879975001392729,0
1037,351,2,detour_3,Customer_18,Customer_9,53,39,"[53, 60, 12, 39]","[406, 151, 146]",10.827429147648886,0.19686234813907064,0
1038,352,0,shortest,Customer_18,Customer_3,53,77,"[53, 30, 12, 77]","[301, 149, 144]",9.00068791025357,0.17962107570239386,0
1039,352,1,detour_2,Customer_18,Customer_3,53,77,"[53, 60, 12, 77]","[406, 151, 144]",10.366725803620538,0.18848592370219158,0
1040,352,2,detour_3,Customer_18,Customer_3,53,77,"[53, 30, 64, 77]","[301, 302, 452]",9.709290500673525,0.19250475916457485,0
1041,353,0,shortest,Customer_18,Customer_33,53,77,"[53, 30, 12, 77]","[301, 149, 144]",9.00068791025357,0.17962107570239386,0
1042,353,1,detour_2,Customer_18,Customer_33,53,77,"[53, 60, 12, 77]","[406, 151, 144]",10.366725803620538,0.18848592370219158,0
1043,353,2,detour_3,Customer_18,Customer_33,53,77,"[53, 30, 64, 77]","[301, 302, 452]",9.709290500673525,0.19250475916457485,0
1044,354,0,shortest,Customer_18,Customer_40,53,77,"[53, 30, 12, 77]","[301, 149, 144]",9.00068791025357,0.17962107570239386,0
1045,354,1,detour_2,Customer_18,Customer_40,53,77,"[53, 60, 12, 77]","[406, 151, 144]",10.366725803620538,0.18848592370219158,0
1046,354,2,detour_3,Customer_18,Customer_40,53,77,"[53, 30, 64, 77]","[301, 302, 452]",9.709290500673525,0.19250475916457485,0
1047,355,0,shortest,Customer_18,Customer_16,53,18,"[53, 48, 18]","[389, 213]",8.728603586107525,0.15870188338377317,1
1048,355,1,detour_2,Customer_18,Customer_16,53,18,"[53, 48, 42, 18]","[389, 373, 211]",9.759833028797857,0.19226361508534517,2
1049,355,2,detour_3,Customer_18,Customer_16,53,18,"[53, 3, 48, 18]","[35, 36, 213]",10.422804985835562,0.20522430507820383,2
1050,356,0,shortest,Customer_18,Customer_30,53,31,"[53, 48, 18, 31]","[389, 213, 206]",8.913777198966208,0.16333122370524025,2
1051,356,1,detour_2,Customer_18,Customer_30,53,31,"[53, 48, 42, 18, 31]","[389, 373, 211, 206]",9.94500664165654,0.19689295540681226,3
1052,356,2,detour_3,Customer_18,Customer_30,53,31,"[53, 3, 48, 18, 31]","[35, 36, 213, 206]",10.607978598694245,0.2098536453996709,3
1053,357,0,shortest,Customer_18,Customer_23,53,79,"[53, 63, 52, 79]","[408, 403, 404]",12.854870677806062,0.23372492141465565,0
1054,357,1,detour_2,Customer_18,Customer_23,53,79,"[53, 30, 64, 39, 79]","[301, 302, 359, 362]",13.575136070891219,0.2627928604412602,0
1055,357,2,detour_3,Customer_18,Customer_23,53,79,"[53, 30, 12, 39, 79]","[301, 149, 146, 362]",13.768534856913492,0.26630920200530156,0
1056,358,0,shortest,Customer_18,Customer_57,53,17,"[53, 48, 4, 17]","[389, 53, 50]",8.99044479525429,0.16668915052836178,2
1057,358,1,detour_2,Customer_18,Customer_57,53,17,"[53, 48, 42, 17]","[389, 373, 195]",8.788823876983026,0.19090293909972453,2
1058,358,2,detour_3,Customer_18,Customer_57,53,17,"[53, 48, 42, 4, 17]","[389, 373, 45, 50]",8.990748576100337,0.19595105657765732,3
1059,359,0,shortest,Customer_18,Customer_22,53,65,"[53, 48, 4, 55, 50, 46, 14, 65]","[389, 53, 46, 395, 385, 171, 166]",24.848095792690433,0.4517835598670986,3
1060,359,1,avoid_congestion,Customer_18,Customer_22,53,65,"[53, 30, 12, 77, 57, 61, 1, 9, 65]","[301, 149, 144, 427, 428, 11, 16, 114]",26.146713724951113,0.5011895842586143,0
1061,359,2,detour_2,Customer_18,Customer_22,53,65,"[53, 48, 4, 17, 55, 50, 46, 14, 65]","[389, 53, 50, 198, 395, 385, 171, 166]",24.956648624944794,0.474012217600865,4
1062,359,3,detour_3,Customer_18,Customer_22,53,65,"[53, 48, 4, 55, 50, 46, 14, 47, 65]","[389, 53, 46, 395, 385, 171, 162, 386]",24.857705150504053,0.477546082820724,3
1063,360,0,shortest,Customer_19,Customer_39,57,66,"[57, 66]",[430],1.7622913259291795,0.04405728314822949,0
1064,360,1,detour_2,Customer_19,Customer_39,57,66,"[57, 16, 66]","[185, 186]",2.1741443742238213,0.05435360935559553,0
1065,360,2,detour_3,Customer_19,Customer_39,57,66,"[57, 61, 66]","[428, 446]",5.48492770042669,0.11467975441929233,0
1066,361,0,shortest,Customer_19,Customer_49,57,66,"[57, 66]",[430],1.7622913259291795,0.04405728314822949,0
1067,361,1,detour_2,Customer_19,Customer_49,57,66,"[57, 16, 66]","[185, 186]",2.1741443742238213,0.05435360935559553,0
1068,361,2,detour_3,Customer_19,Customer_49,57,66,"[57, 61, 66]","[428, 446]",5.48492770042669,0.11467975441929233,0
1069,362,0,shortest,Customer_19,Customer_13,57,61,"[57, 61]",[428],3.291704253401656,0.05984916824366647,0
1070,362,1,detour_2,Customer_19,Customer_13,57,61,"[57, 16, 61]","[185, 188]",3.5530758354500978,0.06627782372820057,0
1071,362,2,detour_3,Customer_19,Customer_13,57,61,"[57, 66, 61]","[430, 447]",3.955514772954214,0.09888786932385535,0
1072,363,0,shortest,Customer_19,Customer_60,57,61,"[57, 61]",[428],3.291704253401656,0.05984916824366647,0
1073,363,1,detour_2,Customer_19,Customer_60,57,61,"[57, 16, 61]","[185, 188]",3.5530758354500978,0.06627782372820057,0
1074,363,2,detour_3,Customer_19,Customer_60,57,61,"[57, 66, 61]","[430, 447]",3.955514772954214,0.09888786932385535,0
1075,364,0,shortest,Customer_19,Customer_3,57,77,"[57, 77]",[426],5.627543336513053,0.10231896975478279,0
1076,364,1,detour_2,Customer_19,Customer_3,57,77,"[57, 61, 1, 26, 14, 46, 50, 55, 4, 48, 3, 30, 12, 77]","[428, 11, 12, 165, 170, 384, 394, 47, 52, 37, 32, 149, 144]",43.4825627002217,0.79059204909494,4
1077,364,2,detour_3,Customer_19,Customer_3,57,77,"[57, 61, 1, 26, 14, 46, 50, 55, 4, 48, 53, 30, 12, 77]","[428, 11, 12, 165, 170, 384, 394, 47, 52, 388, 301, 149, 144]",42.83026262666687,0.7947042523644539,3
1078,365,0,shortest,Customer_19,Customer_33,57,77,"[57, 77]",[426],5.627543336513053,0.10231896975478279,0
1079,365,1,detour_2,Customer_19,Customer_33,57,77,"[57, 61, 1, 26, 14, 46, 50, 55, 4, 48, 3, 30, 12, 77]","[428, 11, 12, 165, 170, 384, 394, 47, 52, 37, 32, 149, 144]",43.4825627002217,0.79059204909494,4
1080,365,2,detour_3,Customer_19,Customer_33,57,77,"[57, 61, 1, 26, 14, 46, 50, 55, 4, 48, 53, 30, 12, 77]","[428, 11, 12, 165, 170, 384, 394, 47, 52, 388, 301, 149, 144]",42.83026262666687,0.7947042523644539,3
1081,366,0,shortest,Customer_19,Customer_40,57,77,"[57, 77]",[426],5.627543336513053,0.10231896975478279,0
1082,366,1,detour_2,Customer_19,Customer_40,57,77,"[57, 61, 1, 26, 14, 46, 50, 55, 4, 48, 3, 30, 12, 77]","[428, 11, 12, 165, 170, 384, 394, 47, 52, 37, 32, 149, 144]",43.4825627002217,0.79059204909494,4
1083,366,2,detour_3,Customer_19,Customer_40,57,77,"[57, 61, 1, 26, 14, 46, 50, 55, 4, 48, 53, 30, 12, 77]","[428, 11, 12, 165, 170, 384, 394, 47, 52, 388, 301, 149, 144]",42.83026262666687,0.7947042523644539,3
1084,367,0,shortest,Customer_19,Customer_7,57,78,"[57, 78]",[434],5.777504938037145,0.10504554432794809,0
1085,367,1,detour_2,Customer_19,Customer_7,57,78,"[57, 16, 78]","[185, 190]",5.777618483716802,0.10672405369668608,0
1086,367,2,detour_3,Customer_19,Customer_7,57,78,"[57, 61, 78]","[428, 448]",9.92989752537072,0.18054359137037673,0
1087,368,0,shortest,Customer_19,Customer_38,57,78,"[57, 78]",[434],5.777504938037145,0.10504554432794809,0
1088,368,1,detour_2,Customer_19,Customer_38,57,78,"[57, 16, 78]","[185, 190]",5.777618483716802,0.10672405369668608,0
1089,368,2,detour_3,Customer_19,Customer_38,57,78,"[57, 61, 78]","[428, 448]",9.92989752537072,0.18054359137037673,0
1090,369,0,shortest,Customer_19,Customer_22,57,65,"[57, 61, 1, 9, 65]","[428, 11, 16, 114]",11.518482478184493,0.21924953880143747,0
1091,369,1,detour_2,Customer_19,Customer_22,57,65,"[57, 61, 1, 26, 65]","[428, 11, 12, 264]",11.605268932270189,0.22514039893732765,0
1092,369,2,detour_3,Customer_19,Customer_22,57,65,"[57, 16, 61, 1, 9, 65]","[185, 188, 11, 16, 114]",11.779854060232935,0.22567819428597158,0
1093,370,0,shortest,Customer_19,Customer_20,57,12,"[57, 77, 12]","[426, 145]",8.63254579036874,0.15695537800670437,0
1094,370,1,detour_2,Customer_19,Customer_20,57,12,"[57, 77, 64, 12]","[426, 453, 141]",9.7361011236899,0.1833677074938189,0
1095,370,2,detour_3,Customer_19,Customer_20,57,12,"[57, 77, 54, 12]","[426, 413, 143]",10.446167549781197,0.1999722110307948,0
1096,371,0,shortest,Customer_19,Customer_26,57,12,"[57, 77, 12]","[426, 145]",8.63254579036874,0.15695537800670437,0
1097,371,1,detour_2,Customer_19,Customer_26,57,12,"[57, 77, 64, 12]","[426, 453, 141]",9.7361011236899,0.1833677074938189,0
1098,371,2,detour_3,Customer_19,Customer_26,57,12,"[57, 77, 54, 12]","[426, 413, 143]",10.446167549781197,0.1999722110307948,0
1099,372,0,shortest,Customer_19,Customer_51,57,64,"[57, 77, 64]","[426, 453]",8.805107021102863,0.16009285492914294,0
1100,372,1,detour_2,Customer_19,Customer_51,57,64,"[57, 77, 54, 64]","[426, 413, 410]",9.516838935656724,0.17673899567768295,0
1101,372,2,detour_3,Customer_19,Customer_51,57,64,"[57, 77, 12, 64]","[426, 145, 140]",9.563539892955777,0.18023023057138032,0
1102,373,0,shortest,Customer_19,Customer_17,57,40,"[57, 61, 40]","[428, 365]",8.286927621002828,0.1506714112909605,0
1103,373,1,detour_2,Customer_19,Customer_17,57,40,"[57, 16, 61, 40]","[185, 188, 365]",8.54829920305127,0.1571000667754946,0
1104,373,2,detour_3,Customer_19,Customer_17,57,40,"[57, 61, 1, 40]","[428, 11, 18]",10.28106430116918,0.1869284418394396,0
1105,374,0,shortest,Customer_19,Customer_31,57,40,"[57, 61, 40]","[428, 365]",8.286927621002828,0.1506714112909605,0
1106,374,1,detour_2,Customer_19,Customer_31,57,40,"[57, 16, 61, 40]","[185, 188, 365]",8.54829920305127,0.1571000667754946,0
1107,374,2,detour_3,Customer_19,Customer_31,57,40,"[57, 61, 1, 40]","[428, 11, 18]",10.28106430116918,0.1869284418394396,0
1108,375,0,shortest,Customer_19,Customer_24,57,47,"[57, 61, 1, 47]","[428, 11, 14]",11.422158185337677,0.20767560336977592,0
1109,375,1,detour_2,Customer_19,Customer_24,57,47,"[57, 16, 61, 1, 47]","[185, 188, 11, 14]",11.68352976738612,0.21410425885431006,0
1110,375,2,detour_3,Customer_19,Customer_24,57,47,"[57, 66, 1, 47]","[430, 23, 14]",11.267530472486813,0.21687981308564103,0
1111,376,0,shortest,Customer_19,Customer_5,57,19,"[57, 77, 19]","[426, 221]",9.11660452294988,0.16575644587181598,0
1112,376,1,detour_2,Customer_19,Customer_5,57,19,"[57, 77, 54, 19]","[426, 413, 217]",12.39577575977463,0.22537774108681147,0
1113,376,2,detour_3,Customer_19,Customer_5,57,19,"[57, 77, 64, 19]","[426, 453, 219]",12.596685309347516,0.2290306419881366,0
1114,377,0,shortest,Customer_19,Customer_34,57,19,"[57, 77, 19]","[426, 221]",9.11660452294988,0.16575644587181598,0
1115,377,1,detour_2,Customer_19,Customer_34,57,19,"[57, 77, 54, 19]","[426, 413, 217]",12.39577575977463,0.22537774108681147,0
1116,377,2,detour_3,Customer_19,Customer_34,57,19,"[57, 77, 64, 19]","[426, 453, 219]",12.596685309347516,0.2290306419881366,0
1117,378,0,shortest,Customer_19,Customer_25,57,34,"[57, 61, 1, 26, 34]","[428, 11, 12, 266]",12.319196904057423,0.2239853982555895,0
1118,378,1,detour_2,Customer_19,Customer_25,57,34,"[57, 61, 1, 47, 34]","[428, 11, 14, 329]",12.294100809897744,0.22947416898377757,1
1119,378,2,detour_3,Customer_19,Customer_25,57,34,"[57, 16, 61, 1, 26, 34]","[185, 188, 11, 12, 266]",12.580568486105864,0.23041405374012358,0
1120,379,0,shortest,Customer_19,Customer_18,57,53,"[57, 77, 12, 30, 53]","[426, 145, 148, 300]",14.628231246766624,0.28194004545717666,0
1121,379,1,detour_2,Customer_19,Customer_18,57,53,"[57, 77, 12, 60, 53]","[426, 145, 150, 407]",15.994269140133591,0.29080489345697436,0
1122,379,2,detour_3,Customer_19,Customer_18,57,53,"[57, 77, 64, 30, 53]","[426, 453, 303, 300]",15.336833837186578,0.29482372891935765,0
1123,380,0,same_node,Customer_20,Customer_26,12,12,[12],[],0.0,0.0,0
1124,381,0,shortest,Customer_20,Customer_51,12,64,"[12, 64]",[140],0.9309941025870384,0.02327485256467596,0
1125,381,1,detour_2,Customer_20,Customer_51,12,64,"[12, 54, 64]","[142, 410]",2.016293022742277,0.05040732556855693,0
1126,381,2,detour_3,Customer_20,Customer_51,12,64,"[12, 77, 64]","[144, 453]",6.182566138445496,0.11241029342628174,0
1127,382,0,shortest,Customer_20,Customer_3,12,77,"[12, 77]",[144],3.005002453855687,0.05463640825192158,0
1128,382,1,detour_2,Customer_20,Customer_3,12,77,"[12, 64, 77]","[140, 452]",4.1085577871768475,0.08104873773903612,0
1129,382,2,detour_3,Customer_20,Customer_3,12,77,"[12, 54, 77]","[142, 412]",4.818624213268144,0.09765324127601202,0
1130,383,0,shortest,Customer_20,Customer_33,12,77,"[12, 77]",[144],3.005002453855687,0.05463640825192158,0
1131,383,1,detour_2,Customer_20,Customer_33,12,77,"[12, 64, 77]","[140, 452]",4.1085577871768475,0.08104873773903612,0
1132,383,2,detour_3,Customer_20,Customer_33,12,77,"[12, 54, 77]","[142, 412]",4.818624213268144,0.09765324127601202,0
1133,384,0,shortest,Customer_20,Customer_40,12,77,"[12, 77]",[144],3.005002453855687,0.05463640825192158,0
1134,384,1,detour_2,Customer_20,Customer_40,12,77,"[12, 64, 77]","[140, 452]",4.1085577871768475,0.08104873773903612,0
1135,384,2,detour_3,Customer_20,Customer_40,12,77,"[12, 54, 77]","[142, 412]",4.818624213268144,0.09765324127601202,0
1136,385,0,shortest,Customer_20,Customer_1,12,39,"[12, 39]",[146],3.465705797884034,0.06301283268880062,0
1137,385,1,detour_2,Customer_20,Customer_1,12,39,"[12, 64, 39]","[140, 359]",3.6672597547629677,0.07302513714969286,0
1138,385,2,detour_3,Customer_20,Customer_1,12,39,"[12, 54, 39]","[142, 361]",3.893891672862409,0.09734729182156023,0
1139,386,0,shortest,Customer_20,Customer_9,12,39,"[12, 39]",[146],3.465705797884034,0.06301283268880062,0
1140,386,1,detour_2,Customer_20,Customer_9,12,39,"[12, 64, 39]","[140, 359]",3.6672597547629677,0.07302513714969286,0
1141,386,2,detour_3,Customer_20,Customer_9,12,39,"[12, 54, 39]","[142, 361]",3.893891672862409,0.09734729182156023,0
1142,387,0,shortest,Customer_20,Customer_5,12,19,"[12, 64, 19]","[140, 219]",4.72257239083169,0.09221263962366963,0
1143,387,1,detour_2,Customer_20,Customer_5,12,19,"[12, 54, 19]","[142, 217]",4.895229846860184,0.09904607097768545,0
1144,387,2,detour_3,Customer_20,Customer_5,12,19,"[12, 64, 54, 19]","[140, 411, 217]",4.896895335322748,0.09908770818924956,0
1145,388,0,shortest,Customer_20,Customer_34,12,19,"[12, 64, 19]","[140, 219]",4.72257239083169,0.09221263962366963,0
1146,388,1,detour_2,Customer_20,Customer_34,12,19,"[12, 54, 19]","[142, 217]",4.895229846860184,0.09904607097768545,0
1147,388,2,detour_3,Customer_20,Customer_34,12,19,"[12, 64, 54, 19]","[140, 411, 217]",4.896895335322748,0.09908770818924956,0
1148,389,0,shortest,Customer_20,Customer_18,12,53,"[12, 30, 53]","[148, 300]",5.995685456397883,0.12498466745047228,0
1149,389,1,detour_2,Customer_20,Customer_18,12,53,"[12, 60, 53]","[150, 407]",7.361723349764851,0.13384951545027002,0
1150,389,2,detour_3,Customer_20,Customer_18,12,53,"[12, 30, 60, 53]","[148, 298, 407]",7.943180131454374,0.1535191215395988,0
1151,390,0,shortest,Customer_20,Customer_41,12,53,"[12, 30, 53]","[148, 300]",5.995685456397883,0.12498466745047228,0
1152,390,1,detour_2,Customer_20,Customer_41,12,53,"[12, 60, 53]","[150, 407]",7.361723349764851,0.13384951545027002,0
1153,390,2,detour_3,Customer_20,Customer_41,12,53,"[12, 30, 60, 53]","[148, 298, 407]",7.943180131454374,0.1535191215395988,0
1154,391,0,shortest,Customer_20,Customer_10,12,29,"[12, 64, 29]","[140, 295]",6.293037617671629,0.12076655283894125,0
1155,391,1,detour_2,Customer_20,Customer_10,12,29,"[12, 54, 29]","[142, 297]",6.297403554811012,0.12454013839497324,0
1156,391,2,detour_3,Customer_20,Customer_10,12,29,"[12, 64, 54, 29]","[140, 411, 297]",6.299069043273577,0.12458177560653735,0
1157,392,0,shortest,Customer_20,Customer_23,12,79,"[12, 39, 79]","[146, 362]",7.772849400515609,0.14132453455482924,0
1158,392,1,detour_2,Customer_20,Customer_23,12,79,"[12, 64, 39, 79]","[140, 359, 362]",7.974403357394543,0.15133683901572148,0
1159,392,2,detour_3,Customer_20,Customer_23,12,79,"[12, 54, 39, 79]","[142, 361, 362]",8.201035275493984,0.17565899368758886,0
1160,393,0,shortest,Customer_20,Customer_19,12,57,"[12, 77, 57]","[144, 427]",8.63254579036874,0.15695537800670437,0
1161,393,1,detour_2,Customer_20,Customer_19,12,57,"[12, 64, 77, 57]","[140, 452, 427]",9.7361011236899,0.18336770749381892,0
1162,393,2,detour_3,Customer_20,Customer_19,12,57,"[12, 54, 77, 57]","[142, 412, 427]",10.446167549781197,0.19997221103079482,0
1163,394,0,shortest,Customer_20,Customer_39,12,66,"[12, 77, 57, 66]","[144, 427, 430]",10.39483711629792,0.20101266115493385,0
1164,394,1,detour_2,Customer_20,Customer_39,12,66,"[12, 77, 57, 16, 66]","[144, 427, 185, 186]",10.806690164592561,0.2113089873622999,0
1165,394,2,detour_3,Customer_20,Customer_39,12,66,"[12, 64, 77, 57, 66]","[140, 452, 427, 430]",11.49839244961908,0.2274249906420484,0
1166,395,0,shortest,Customer_20,Customer_49,12,66,"[12, 77, 57, 66]","[144, 427, 430]",10.39483711629792,0.20101266115493385,0
1167,395,1,detour_2,Customer_20,Customer_49,12,66,"[12, 77, 57, 16, 66]","[144, 427, 185, 186]",10.806690164592561,0.2113089873622999,0
1168,395,2,detour_3,Customer_20,Customer_49,12,66,"[12, 64, 77, 57, 66]","[140, 452, 427, 430]",11.49839244961908,0.2274249906420484,0
1169,396,0,shortest,Customer_20,Customer_8,12,13,"[12, 30, 63, 13]","[148, 304, 153]",9.804991082325486,0.191234642689997,0
1170,396,1,detour_2,Customer_20,Customer_8,12,13,"[12, 60, 63, 13]","[150, 444, 153]",10.050104838427528,0.19569125643730687,0
1171,396,2,detour_3,Customer_20,Customer_8,12,13,"[12, 30, 60, 63, 13]","[148, 298, 444, 153]",10.631561620117052,0.21536086252663564,0
1172,397,0,shortest,Customer_20,Customer_59,12,13,"[12, 30, 63, 13]","[148, 304, 153]",9.804991082325486,0.191234642689997,0
1173,397,1,detour_2,Customer_20,Customer_59,12,13,"[12, 60, 63, 13]","[150, 444, 153]",10.050104838427528,0.19569125643730687,0
1174,397,2,detour_3,Customer_20,Customer_59,12,13,"[12, 30, 60, 63, 13]","[148, 298, 444, 153]",10.631561620117052,0.21536086252663564,0
1175,398,0,shortest,Customer_20,Customer_14,12,6,"[12, 39, 6]","[146, 81]",10.487024918149217,0.1906731803299858,0
1176,398,1,detour_2,Customer_20,Customer_14,12,6,"[12, 64, 39, 6]","[140, 359, 81]",10.688578875028151,0.20068548479087803,0
1177,398,2,detour_3,Customer_20,Customer_14,12,6,"[12, 39, 79, 6]","[146, 362, 77]",11.12176736607518,0.20221395211045778,0
1178,399,0,shortest,Customer_20,Customer_13,12,61,"[12, 77, 57, 61]","[144, 427, 428]",11.924250043770396,0.21680454625037082,0
1179,399,1,detour_2,Customer_20,Customer_13,12,61,"[12, 77, 57, 16, 61]","[144, 427, 185, 188]",12.185621625818838,0.22323320173490493,0
1180,399,2,detour_3,Customer_20,Customer_13,12,61,"[12, 64, 77, 57, 61]","[140, 452, 427, 428]",13.027805377091557,0.2432168757374854,0
1181,400,0,same_node,Customer_21,Customer_43,24,24,[24],[],0.0,0.0,0
1182,401,0,shortest,Customer_21,Customer_52,24,0,"[24, 0]",[3],2.5942241133374417,0.04716771115158985,0
1183,401,1,detour_2,Customer_21,Customer_52,24,0,"[24, 52, 0]","[250, 1]",7.66462504602936,0.13935681901871563,0
1184,401,2,detour_3,Customer_21,Customer_52,24,0,"[24, 2, 0]","[27, 5]",9.233751405974544,0.1678863891995372,0
1185,402,0,shortest,Customer_21,Customer_29,24,20,"[24, 20]",[227],3.7151185254186614,0.06754760955306657,0
1186,402,1,detour_2,Customer_21,Customer_29,24,20,"[24, 6, 20]","[79, 74]",7.4468280465771155,0.152058796080636,0
1187,402,2,detour_3,Customer_21,Customer_29,24,20,"[24, 0, 20]","[3, 8]",8.867954206009296,0.16123553101835084,0
1188,403,0,shortest,Customer_21,Customer_14,24,6,"[24, 6]",[79],5.003079412289481,0.09096508022344511,0
1189,403,1,detour_2,Customer_21,Customer_14,24,6,"[24, 20, 6]","[227, 75]",6.158867159706296,0.12864132541025744,0
1190,403,2,detour_3,Customer_21,Customer_14,24,6,"[24, 20, 79, 6]","[227, 224, 77]",12.185593297721727,0.22155624177675864,0
1191,404,0,shortest,Customer_21,Customer_23,24,79,"[24, 6, 79]","[79, 76]",8.351997377849052,0.15185449777907367,0
1192,404,1,detour_2,Customer_21,Customer_23,24,79,"[24, 20, 79]","[227, 224]",8.836675332162157,0.1606668242211301,0
1193,404,2,detour_3,Customer_21,Customer_23,24,79,"[24, 52, 79]","[250, 404]",9.643370357321583,0.17533400649675607,0
1194,405,0,shortest,Customer_21,Customer_8,24,13,"[24, 52, 13]","[250, 157]",8.610595182898432,0.15655627605269878,0
1195,405,1,detour_2,Customer_21,Customer_8,24,13,"[24, 0, 52, 13]","[3, 0, 157]",9.788305783374009,0.1779691960613456,0
1196,405,2,detour_3,Customer_21,Customer_8,24,13,"[24, 52, 63, 13]","[250, 402, 153]",11.13301205580842,0.2153804785715049,0
1197,406,0,shortest,Customer_21,Customer_59,24,13,"[24, 52, 13]","[250, 157]",8.610595182898432,0.15655627605269878,0
1198,406,1,detour_2,Customer_21,Customer_59,24,13,"[24, 0, 52, 13]","[3, 0, 157]",9.788305783374009,0.1779691960613456,0
1199,406,2,detour_3,Customer_21,Customer_59,24,13,"[24, 52, 63, 13]","[250, 402, 153]",11.13301205580842,0.2153804785715049,0
1200,407,0,shortest,Customer_21,Customer_1,24,39,"[24, 6, 39]","[79, 80]",12.024398532554665,0.2186254278646303,0
1201,407,1,detour_2,Customer_21,Customer_1,24,39,"[24, 6, 79, 39]","[79, 76, 363]",12.659140980480627,0.23016619964510232,0
1202,407,2,detour_3,Customer_21,Customer_1,24,39,"[24, 20, 79, 39]","[227, 224, 363]",13.143818934793732,0.23897852608715875,0
1203,408,0,shortest,Customer_21,Customer_9,24,39,"[24, 6, 39]","[79, 80]",12.024398532554665,0.2186254278646303,0
1204,408,1,detour_2,Customer_21,Customer_9,24,39,"[24, 6, 79, 39]","[79, 76, 363]",12.659140980480627,0.23016619964510232,0
1205,408,2,detour_3,Customer_21,Customer_9,24,39,"[24, 20, 79, 39]","[227, 224, 363]",13.143818934793732,0.23897852608715875,0
1206,409,0,shortest,Customer_21,Customer_10,24,29,"[24, 6, 39, 29]","[79, 80, 293]",15.808448695260022,0.2874263399138186,0
1207,409,1,detour_2,Customer_21,Customer_10,24,29,"[24, 6, 79, 39, 29]","[79, 76, 363, 293]",16.443191143185985,0.29896711169429063,0
1208,409,2,detour_3,Customer_21,Customer_10,24,29,"[24, 20, 79, 39, 29]","[227, 224, 363, 293]",16.92786909749909,0.30777943813634706,0
1209,410,0,shortest,Customer_21,Customer_18,24,53,"[24, 52, 63, 53]","[250, 402, 409]",12.292638879375703,0.22350252507955826,0
1210,410,1,detour_2,Customer_21,Customer_18,24,53,"[24, 0, 52, 63, 53]","[3, 0, 402, 409]",13.47034947985128,0.24491544508820506,0
1211,410,2,detour_3,Customer_21,Customer_18,24,53,"[24, 52, 13, 63, 53]","[250, 157, 152, 409]",13.572431423128908,0.25973355797733194,0
1212,411,0,shortest,Customer_21,Customer_41,24,53,"[24, 52, 63, 53]","[250, 402, 409]",12.292638879375703,0.22350252507955826,0
1213,411,1,detour_2,Customer_21,Customer_41,24,53,"[24, 0, 52, 63, 53]","[3, 0, 402, 409]",13.47034947985128,0.24491544508820506,0
1214,411,2,detour_3,Customer_21,Customer_41,24,53,"[24, 52, 13, 63, 53]","[250, 157, 152, 409]",13.572431423128908,0.25973355797733194,0
1215,412,0,shortest,Customer_21,Customer_51,24,64,"[24, 6, 39, 64]","[79, 80, 358]",14.760664184730594,0.2683757124496472,0
1216,412,1,detour_2,Customer_21,Customer_51,24,64,"[24, 6, 79, 39, 64]","[79, 76, 363, 358]",15.395406632656556,0.2799164842301192,0
1217,412,2,detour_3,Customer_21,Customer_51,24,64,"[24, 20, 79, 39, 64]","[227, 224, 363, 358]",15.88008458696966,0.28872881067217565,0
1218,413,0,shortest,Customer_21,Customer_20,24,12,"[24, 6, 39, 12]","[79, 80, 147]",15.4901043304387,0.2816382605534309,0
1219,413,1,detour_2,Customer_21,Customer_20,24,12,"[24, 6, 39, 64, 12]","[79, 80, 358, 141]",15.691658287317631,0.2916505650143232,0
1220,413,2,detour_3,Customer_21,Customer_20,24,12,"[24, 6, 79, 39, 12]","[79, 76, 363, 147]",16.124846778364663,0.29317903233390297,0
1221,414,0,shortest,Customer_21,Customer_26,24,12,"[24, 6, 39, 12]","[79, 80, 147]",15.4901043304387,0.2816382605534309,0
1222,414,1,detour_2,Customer_21,Customer_26,24,12,"[24, 6, 39, 64, 12]","[79, 80, 358, 141]",15.691658287317631,0.2916505650143232,0
1223,414,2,detour_3,Customer_21,Customer_26,24,12,"[24, 6, 79, 39, 12]","[79, 76, 363, 147]",16.124846778364663,0.29317903233390297,0
1224,415,0,shortest,Customer_21,Customer_2,24,44,"[24, 52, 13, 44]","[250, 157, 158]",12.805956127030544,0.2328355659460099,0
1225,415,1,detour_2,Customer_21,Customer_2,24,44,"[24, 52, 13, 7, 44]","[250, 157, 89, 82]",13.310594720111986,0.2447305936019005,0
1226,415,2,detour_3,Customer_21,Customer_2,24,44,"[24, 0, 52, 13, 44]","[3, 0, 157, 158]",13.98366672750612,0.2542484859546567,0
1227,416,0,shortest,Customer_21,Customer_4,24,44,"[24, 52, 13, 44]","[250, 157, 158]",12.805956127030544,0.2328355659460099,0
1228,416,1,detour_2,Customer_21,Customer_4,24,44,"[24, 52, 13, 7, 44]","[250, 157, 89, 82]",13.310594720111986,0.2447305936019005,0
1229,416,2,detour_3,Customer_21,Customer_4,24,44,"[24, 0, 52, 13, 44]","[3, 0, 157, 158]",13.98366672750612,0.2542484859546567,0
1230,417,0,shortest,Customer_21,Customer_27,24,44,"[24, 52, 13, 44]","[250, 157, 158]",12.805956127030544,0.2328355659460099,0
1231,417,1,detour_2,Customer_21,Customer_27,24,44,"[24, 52, 13, 7, 44]","[250, 157, 89, 82]",13.310594720111986,0.2447305936019005,0
1232,417,2,detour_3,Customer_21,Customer_27,24,44,"[24, 0, 52, 13, 44]","[3, 0, 157, 158]",13.98366672750612,0.2542484859546567,0
1233,418,0,shortest,Customer_21,Customer_46,24,5,"[24, 0, 41, 5]","[3, 6, 69]",13.973724103475794,0.2540677109722872,0
1234,418,1,detour_2,Customer_21,Customer_46,24,5,"[24, 0, 41, 22, 5]","[3, 6, 243, 57]",14.474234521019257,0.2661778263551645,0
1235,418,2,detour_3,Customer_21,Customer_46,24,5,"[24, 2, 41, 5]","[27, 24, 69]",16.200854366447434,0.29456098848086243,0
1236,419,0,shortest,Customer_21,Customer_5,24,19,"[24, 6, 39, 64, 19]","[79, 80, 358, 219]",18.552242472975244,0.33731349950864087,0
1237,419,1,detour_2,Customer_21,Customer_5,24,19,"[24, 6, 39, 54, 19]","[79, 80, 360, 217]",17.867898415410508,0.3413782497422072,0
1238,419,2,detour_3,Customer_21,Customer_5,24,19,"[24, 6, 39, 64, 54, 19]","[79, 80, 358, 411, 217]",18.726565417466304,0.34418856807422077,0
1239,420,0,shortest,Customer_22,Customer_24,65,47,"[65, 47]",[387],1.49363732032026,0.0373409330080065,0
1240,420,1,detour_2,Customer_22,Customer_24,65,47,"[65, 34, 47]","[327, 328]",2.979303505634955,0.07448258764087387,2
1241,420,2,detour_3,Customer_22,Customer_24,65,47,"[65, 26, 47]","[265, 262]",4.014109619811261,0.10035274049528153,0
1242,421,0,shortest,Customer_22,Customer_25,65,34,"[65, 34]",[327],2.107360881074889,0.052684022026872224,1
1243,421,1,avoid_congestion,Customer_22,Customer_25,65,34,"[65, 26, 34]","[265, 266]",4.860344021295678,0.10250540055597293,0
1244,421,2,detour_2,Customer_22,Customer_25,65,34,"[65, 47, 34]","[387, 329]",2.3655799448803263,0.05913949862200815,1
1245,422,0,shortest,Customer_22,Customer_50,65,42,"[65, 14, 46, 50, 55, 8, 42]","[167, 170, 384, 394, 103, 100]",19.160191942048744,0.34836712621906807,3
1246,422,1,detour_2,Customer_22,Customer_50,65,42,"[65, 14, 46, 50, 55, 4, 42]","[167, 170, 384, 394, 47, 44]",18.449367623501974,0.3498873249903828,3
1247,422,2,detour_3,Customer_22,Customer_50,65,42,"[65, 14, 46, 50, 55, 17, 42]","[167, 170, 384, 394, 199, 194]",18.355995756639025,0.36706786524621626,3
1248,423,0,shortest,Customer_22,Customer_57,65,17,"[65, 14, 46, 50, 55, 17]","[167, 170, 384, 394, 199]",15.966203829690503,0.30732306707250323,2
1249,423,1,detour_2,Customer_22,Customer_57,65,17,"[65, 14, 46, 50, 55, 4, 17]","[167, 170, 384, 394, 47, 50]",16.80409624439939,0.3087555405128181,3
1250,423,2,detour_3,Customer_22,Customer_57,65,17,"[65, 14, 46, 50, 74, 17]","[167, 170, 384, 396, 205]",17.704684638723897,0.32190335706770723,2
1251,424,0,shortest,Customer_22,Customer_39,65,66,"[65, 9, 1, 66]","[115, 17, 22]",9.601563439404451,0.18439646536907306,0
1252,424,1,detour_2,Customer_22,Customer_39,65,66,"[65, 26, 1, 66]","[265, 13, 22]",9.688349893490145,0.19028732550496325,0
1253,424,2,detour_3,Customer_22,Customer_39,65,66,"[65, 26, 9, 1, 66]","[265, 109, 17, 22]",9.68934753743714,0.20800554698346213,0
1254,425,0,shortest,Customer_22,Customer_49,65,66,"[65, 9, 1, 66]","[115, 17, 22]",9.601563439404451,0.18439646536907306,0
1255,425,1,detour_2,Customer_22,Customer_49,65,66,"[65, 26, 1, 66]","[265, 13, 22]",9.688349893490145,0.19028732550496325,0
1256,425,2,detour_3,Customer_22,Customer_49,65,66,"[65, 26, 9, 1, 66]","[265, 109, 17, 22]",9.68934753743714,0.20800554698346213,0
1257,426,0,shortest,Customer_22,Customer_13,65,61,"[65, 9, 1, 61]","[115, 17, 10]",8.226778224782837,0.159400370557771,0
1258,426,1,detour_2,Customer_22,Customer_13,65,61,"[65, 26, 1, 61]","[265, 13, 10]",8.313564678868532,0.1652912306936612,0
1259,426,2,detour_3,Customer_22,Customer_13,65,61,"[65, 26, 9, 1, 61]","[265, 109, 17, 10]",8.314562322815526,0.18300945217216008,0
1260,427,0,shortest,Customer_22,Customer_60,65,61,"[65, 9, 1, 61]","[115, 17, 10]",8.226778224782837,0.159400370557771,0
1261,427,1,detour_2,Customer_22,Customer_60,65,61,"[65, 26, 1, 61]","[265, 13, 10]",8.313564678868532,0.1652912306936612,0
1262,427,2,detour_3,Customer_22,Customer_60,65,61,"[65, 26, 9, 1, 61]","[265, 109, 17, 10]",8.314562322815526,0.18300945217216008,0
1263,428,0,shortest,Customer_22,Customer_44,65,46,"[65, 14, 46]","[167, 170]",7.08240488214957,0.1287709978572649,0
1264,428,1,detour_2,Customer_22,Customer_44,65,46,"[65, 47, 14, 46]","[387, 163, 170]",7.0920142399631905,0.15453352081089028,0
1265,428,2,detour_3,Customer_22,Customer_44,65,46,"[65, 34, 14, 46]","[327, 169, 170]",7.489038854030579,0.164459136162575,1
1266,429,0,shortest,Customer_22,Customer_19,65,57,"[65, 9, 1, 61, 57]","[115, 17, 10, 429]",11.518482478184493,0.2192495388014375,0
1267,429,1,detour_2,Customer_22,Customer_19,65,57,"[65, 26, 1, 61, 57]","[265, 13, 10, 429]",11.605268932270189,0.22514039893732768,0
1268,429,2,detour_3,Customer_22,Customer_19,65,57,"[65, 9, 1, 61, 16, 57]","[115, 17, 10, 189, 184]",11.779854060232935,0.22567819428597158,0
1269,430,0,shortest,Customer_22,Customer_17,65,40,"[65, 9, 40]","[115, 116]",7.8782760708097666,0.14324138310563211,0
1270,430,1,detour_2,Customer_22,Customer_17,65,40,"[65, 9, 1, 40]","[115, 17, 18]",7.925453875736782,0.1539217460296609,0
1271,430,2,detour_3,Customer_22,Customer_17,65,40,"[65, 26, 40]","[265, 268]",7.932199537396863,0.15835731903053993,0
1272,431,0,shortest,Customer_22,Customer_31,65,40,"[65, 9, 40]","[115, 116]",7.8782760708097666,0.14324138310563211,0
1273,431,1,detour_2,Customer_22,Customer_31,65,40,"[65, 9, 1, 40]","[115, 17, 18]",7.925453875736782,0.1539217460296609,0
1274,431,2,detour_3,Customer_22,Customer_31,65,40,"[65, 26, 40]","[265, 268]",7.932199537396863,0.15835731903053993,0
1275,432,0,shortest,Customer_22,Customer_15,65,74,"[65, 14, 46, 50, 74]","[167, 170, 384, 396]",14.826780094129383,0.2695778198932615,1
1276,432,1,detour_2,Customer_22,Customer_15,65,74,"[65, 14, 46, 50, 55, 74]","[167, 170, 384, 394, 414]",14.919811988324875,0.28116327103836253,2
1277,432,2,detour_3,Customer_22,Customer_15,65,74,"[65, 47, 14, 46, 50, 74]","[387, 163, 170, 384, 396]",14.836389451943003,0.2953403428468869,1
1278,433,0,shortest,Customer_22,Customer_30,65,31,"[65, 14, 46, 50, 74, 31]","[167, 170, 384, 396, 309]",18.112485171808757,0.3293179122147047,2
1279,433,1,detour_2,Customer_22,Customer_30,65,31,"[65, 14, 46, 50, 55, 8, 31]","[167, 170, 384, 394, 103, 92]",17.804531785288013,0.3344355799386498,3
1280,433,2,detour_3,Customer_22,Customer_30,65,31,"[65, 14, 46, 50, 55, 74, 31]","[167, 170, 384, 394, 414, 309]",18.205517066004248,0.3409033633598057,3
1281,434,0,shortest,Customer_22,Customer_16,65,18,"[65, 14, 46, 50, 74, 31, 18]","[167, 170, 384, 396, 309, 207]",18.29765878466744,0.33394725253617175,3
1282,434,1,detour_2,Customer_22,Customer_16,65,18,"[65, 14, 46, 50, 55, 8, 18]","[167, 170, 384, 394, 103, 98]",17.952537366563003,0.33813571947052445,3
1283,434,2,detour_3,Customer_22,Customer_16,65,18,"[65, 14, 46, 50, 55, 8, 31, 18]","[167, 170, 384, 394, 103, 92, 207]",17.989705398146697,0.33906492026011686,4
1284,435,0,shortest,Customer_22,Customer_11,65,10,"[65, 14, 46, 10]","[167, 170, 125]",10.05619041215517,0.18283982567554852,0
1285,435,1,detour_2,Customer_22,Customer_11,65,10,"[65, 14, 33, 10]","[167, 172, 127]",11.444466733941022,0.20808121334438223,0
1286,435,2,detour_3,Customer_22,Customer_11,65,10,"[65, 47, 14, 46, 10]","[387, 163, 170, 125]",10.065799769968791,0.20860234862917393,0
1287,436,0,shortest,Customer_22,Customer_18,65,53,"[65, 14, 46, 50, 55, 4, 48, 53]","[167, 170, 384, 394, 47, 52, 388]",24.84809579269043,0.4517835598670987,3
1288,436,1,avoid_congestion,Customer_22,Customer_18,65,53,"[65, 9, 1, 61, 57, 77, 12, 30, 53]","[115, 17, 10, 429, 426, 145, 148, 300]",26.146713724951116,0.501189584258614,0
1289,436,2,detour_2,Customer_22,Customer_18,65,53,"[65, 14, 46, 50, 55, 17, 4, 48, 53]","[167, 170, 384, 394, 199, 51, 52, 388]",24.956648624944794,0.47401221760086504,4
1290,436,3,detour_3,Customer_22,Customer_18,65,53,"[65, 47, 14, 46, 50, 55, 4, 48, 53]","[387, 163, 170, 384, 394, 47, 52, 388]",24.85770515050405,0.47754608282072414,3
1291,437,0,shortest,Customer_22,Customer_41,65,53,"[65, 14, 46, 50, 55, 4, 48, 53]","[167, 170, 384, 394, 47, 52, 388]",24.84809579269043,0.4517835598670987,3
1292,437,1,avoid_congestion,Customer_22,Customer_41,65,53,"[65, 9, 1, 61, 57, 77, 12, 30, 53]","[115, 17, 10, 429, 426, 145, 148, 300]",26.146713724951116,0.501189584258614,0
1293,437,2,detour_2,Customer_22,Customer_41,65,53,"[65, 14, 46, 50, 55, 17, 4, 48, 53]","[167, 170, 384, 394, 199, 51, 52, 388]",24.956648624944794,0.47401221760086504,4
1294,437,3,detour_3,Customer_22,Customer_41,65,53,"[65, 47, 14, 46, 50, 55, 4, 48, 53]","[387, 163, 170, 384, 394, 47, 52, 388]",24.85770515050405,0.47754608282072414,3
1295,438,0,shortest,Customer_22,Customer_3,65,77,"[65, 9, 1, 61, 57, 77]","[115, 17, 10, 429, 426]",17.146025814697545,0.32156850855622027,0
1296,438,1,detour_2,Customer_22,Customer_3,65,77,"[65, 26, 1, 61, 57, 77]","[265, 13, 10, 429, 426]",17.232812268783242,0.32745936869211045,0
1297,438,2,detour_3,Customer_22,Customer_3,65,77,"[65, 9, 1, 61, 16, 57, 77]","[115, 17, 10, 189, 184, 426]",17.40739739674599,0.32799716404075435,0
1298,439,0,shortest,Customer_22,Customer_33,65,77,"[65, 9, 1, 61, 57, 77]","[115, 17, 10, 429, 426]",17.146025814697545,0.32156850855622027,0
1299,439,1,detour_2,Customer_22,Customer_33,65,77,"[65, 26, 1, 61, 57, 77]","[265, 13, 10, 429, 426]",17.232812268783242,0.32745936869211045,0
1300,439,2,detour_3,Customer_22,Customer_33,65,77,"[65, 9, 1, 61, 16, 57, 77]","[115, 17, 10, 189, 184, 426]",17.40739739674599,0.32799716404075435,0
1301,440,0,shortest,Customer_23,Customer_14,79,6,"[79, 6]",[77],3.3489179655595707,0.06088941755562856,0
1302,440,1,detour_2,Customer_23,Customer_14,79,6,"[79, 20, 6]","[225, 75]",7.56530544103113,0.15421293052525442,0
1303,440,2,detour_3,Customer_23,Customer_14,79,6,"[79, 39, 6]","[363, 81]",11.32846272289676,0.20597204950721382,0
1304,441,0,shortest,Customer_23,Customer_1,79,39,"[79, 39]",[363],4.307143602631575,0.07831170186602864,0
1305,441,1,detour_2,Customer_23,Customer_1,79,39,"[79, 6, 39]","[77, 80]",10.370237085824755,0.1885497651968137,0
1306,441,2,detour_3,Customer_23,Customer_1,79,39,"[79, 20, 6, 39]","[225, 75, 80]",14.586624561296315,0.2818732781664396,0
1307,442,0,shortest,Customer_23,Customer_9,79,39,"[79, 39]",[363],4.307143602631575,0.07831170186602864,0
1308,442,1,detour_2,Customer_23,Customer_9,79,39,"[79, 6, 39]","[77, 80]",10.370237085824755,0.1885497651968137,0
1309,442,2,detour_3,Customer_23,Customer_9,79,39,"[79, 20, 6, 39]","[225, 75, 80]",14.586624561296315,0.2818732781664396,0
1310,443,0,shortest,Customer_23,Customer_29,79,20,"[79, 20]",[225],5.121556806743495,0.09311921466806354,0
1311,443,1,detour_2,Customer_23,Customer_29,79,20,"[79, 6, 20]","[77, 74]",5.792666599847205,0.12198313341281943,0
1312,443,2,detour_3,Customer_23,Customer_29,79,20,"[79, 6, 24, 20]","[77, 78, 227]",12.067115903267714,0.21940210733214024,0
1313,444,0,shortest,Customer_23,Customer_21,79,24,"[79, 6, 24]","[77, 78]",8.351997377849052,0.15185449777907367,0
1314,444,1,detour_2,Customer_23,Customer_21,79,24,"[79, 20, 24]","[225, 226]",8.836675332162157,0.1606668242211301,0
1315,444,2,detour_3,Customer_23,Customer_21,79,24,"[79, 52, 24]","[405, 251]",9.643370357321583,0.17533400649675607,0
1316,445,0,shortest,Customer_23,Customer_43,79,24,"[79, 6, 24]","[77, 78]",8.351997377849052,0.15185449777907367,0
1317,445,1,detour_2,Customer_23,Customer_43,79,24,"[79, 20, 24]","[225, 226]",8.836675332162157,0.1606668242211301,0
1318,445,2,detour_3,Customer_23,Customer_43,79,24,"[79, 52, 24]","[405, 251]",9.643370357321583,0.17533400649675607,0
1319,446,0,shortest,Customer_23,Customer_10,79,29,"[79, 39, 29]","[363, 293]",8.091193765336932,0.14711261391521696,0
1320,446,1,detour_2,Customer_23,Customer_10,79,29,"[79, 39, 64, 29]","[363, 358, 295]",12.405452769892094,0.22555368672531081,0
1321,446,2,detour_3,Customer_23,Customer_10,79,29,"[79, 39, 54, 29]","[363, 360, 297]",11.552817193438244,0.22655859116089333,0
1322,447,0,shortest,Customer_23,Customer_52,79,0,"[79, 52, 0]","[405, 1]",8.226856844459718,0.14957921535381305,0
1323,447,1,detour_2,Customer_23,Customer_52,79,0,"[79, 6, 24, 0]","[77, 78, 3]",10.946221491186494,0.19902220893066352,0
1324,447,2,detour_3,Customer_23,Customer_52,79,0,"[79, 20, 0]","[225, 9]",11.39528689941535,0.2071870345348245,0
1325,448,0,shortest,Customer_23,Customer_51,79,64,"[79, 39, 64]","[363, 358]",7.043409254807504,0.12806198645104552,0
1326,448,1,detour_2,Customer_23,Customer_51,79,64,"[79, 39, 54, 64]","[363, 360, 410]",7.271706661369509,0.152425778334477,0
1327,448,2,detour_3,Customer_23,Customer_51,79,64,"[79, 39, 12, 64]","[363, 147, 140]",8.703843503102647,0.1645993871195052,0
1328,449,0,shortest,Customer_23,Customer_20,79,12,"[79, 39, 12]","[363, 147]",7.772849400515609,0.14132453455482924,0
1329,449,1,detour_2,Customer_23,Customer_20,79,12,"[79, 39, 64, 12]","[363, 358, 141]",7.974403357394542,0.15133683901572148,0
1330,449,2,detour_3,Customer_23,Customer_20,79,12,"[79, 39, 54, 12]","[363, 360, 143]",8.201035275493984,0.17565899368758886,0
1331,450,0,shortest,Customer_23,Customer_26,79,12,"[79, 39, 12]","[363, 147]",7.772849400515609,0.14132453455482924,0
1332,450,1,detour_2,Customer_23,Customer_26,79,12,"[79, 39, 64, 12]","[363, 358, 141]",7.974403357394542,0.15133683901572148,0
1333,450,2,detour_3,Customer_23,Customer_26,79,12,"[79, 39, 54, 12]","[363, 360, 143]",8.201035275493984,0.17565899368758886,0
1334,451,0,shortest,Customer_23,Customer_8,79,13,"[79, 52, 13]","[405, 157]",9.17282698132879,0.1667786723877962,0
1335,451,1,detour_2,Customer_23,Customer_8,79,13,"[79, 52, 63, 13]","[405, 402, 153]",11.695243854238777,0.22560287490660233,0
1336,451,2,detour_3,Customer_23,Customer_8,79,13,"[79, 52, 63, 45, 13]","[405, 402, 383, 155]",15.062213688295145,0.285757619891876,0
1337,452,0,shortest,Customer_23,Customer_59,79,13,"[79, 52, 13]","[405, 157]",9.17282698132879,0.1667786723877962,0
1338,452,1,detour_2,Customer_23,Customer_59,79,13,"[79, 52, 63, 13]","[405, 402, 153]",11.695243854238777,0.22560287490660233,0
1339,452,2,detour_3,Customer_23,Customer_59,79,13,"[79, 52, 63, 45, 13]","[405, 402, 383, 155]",15.062213688295145,0.285757619891876,0
1340,453,0,shortest,Customer_23,Customer_18,79,53,"[79, 52, 63, 53]","[405, 402, 409]",12.85487067780606,0.23372492141465567,0
1341,453,1,detour_2,Customer_23,Customer_18,79,53,"[79, 39, 64, 30, 53]","[363, 358, 303, 300]",13.575136070891219,0.2627928604412602,0
1342,453,2,detour_3,Customer_23,Customer_18,79,53,"[79, 39, 12, 30, 53]","[363, 147, 148, 300]",13.768534856913494,0.2663092020053015,0
1343,454,0,shortest,Customer_23,Customer_41,79,53,"[79, 52, 63, 53]","[405, 402, 409]",12.85487067780606,0.23372492141465567,0
1344,454,1,detour_2,Customer_23,Customer_41,79,53,"[79, 39, 64, 30, 53]","[363, 358, 303, 300]",13.575136070891219,0.2627928604412602,0
1345,454,2,detour_3,Customer_23,Customer_41,79,53,"[79, 39, 12, 30, 53]","[363, 147, 148, 300]",13.768534856913494,0.2663092020053015,0
1346,455,0,shortest,Customer_23,Customer_5,79,19,"[79, 39, 64, 19]","[363, 358, 219]",10.834987543052156,0.1969997735100392,0
1347,455,1,detour_2,Customer_23,Customer_5,79,19,"[79, 39, 54, 19]","[363, 360, 217]",10.150643485487416,0.20106452374360553,0
1348,455,2,detour_3,Customer_23,Customer_5,79,19,"[79, 39, 64, 54, 19]","[363, 358, 411, 217]",11.009310487543214,0.20387484207561912,0
1349,456,0,shortest,Customer_23,Customer_34,79,19,"[79, 39, 64, 19]","[363, 358, 219]",10.834987543052156,0.1969997735100392,0
1350,456,1,detour_2,Customer_23,Customer_34,79,19,"[79, 39, 54, 19]","[363, 360, 217]",10.150643485487416,0.20106452374360553,0
1351,456,2,detour_3,Customer_23,Customer_34,79,19,"[79, 39, 64, 54, 19]","[363, 358, 411, 217]",11.009310487543214,0.20387484207561912,0
1352,457,0,shortest,Customer_23,Customer_3,79,77,"[79, 39, 64, 77]","[363, 358, 452]",10.220972939397313,0.18583587162540569,0
1353,457,1,detour_2,Customer_23,Customer_3,79,77,"[79, 39, 12, 77]","[363, 147, 144]",10.777851854371296,0.1959609428067508,0
1354,457,2,detour_3,Customer_23,Customer_3,79,77,"[79, 39, 54, 77]","[363, 360, 412]",10.074037851895376,0.19967169404193208,0
1355,458,0,shortest,Customer_23,Customer_33,79,77,"[79, 39, 64, 77]","[363, 358, 452]",10.220972939397313,0.18583587162540569,0
1356,458,1,detour_2,Customer_23,Customer_33,79,77,"[79, 39, 12, 77]","[363, 147, 144]",10.777851854371296,0.1959609428067508,0
1357,458,2,detour_3,Customer_23,Customer_33,79,77,"[79, 39, 54, 77]","[363, 360, 412]",10.074037851895376,0.19967169404193208,0
1358,459,0,shortest,Customer_23,Customer_40,79,77,"[79, 39, 64, 77]","[363, 358, 452]",10.220972939397313,0.18583587162540569,0
1359,459,1,detour_2,Customer_23,Customer_40,79,77,"[79, 39, 12, 77]","[363, 147, 144]",10.777851854371296,0.1959609428067508,0
1360,459,2,detour_3,Customer_23,Customer_40,79,77,"[79, 39, 54, 77]","[363, 360, 412]",10.074037851895376,0.19967169404193208,0
1361,460,0,shortest,Customer_24,Customer_25,47,34,"[47, 34]",[329],0.8719426245600662,0.021798565614001654,1
1362,460,1,detour_2,Customer_24,Customer_25,47,34,"[47, 65, 34]","[386, 327]",3.600998201395149,0.09002495503487873,1
1363,460,2,detour_3,Customer_24,Customer_25,47,34,"[47, 26, 34]","[263, 266]",4.728037591598496,0.09919773981354338,0
1364,461,0,shortest,Customer_24,Customer_22,47,65,"[47, 65]",[386],1.49363732032026,0.0373409330080065,0
1365,461,1,detour_2,Customer_24,Customer_22,47,65,"[47, 34, 65]","[329, 326]",2.979303505634955,0.07448258764087387,2
1366,461,2,detour_3,Customer_24,Customer_22,47,65,"[47, 26, 65]","[263, 264]",4.014109619811261,0.10035274049528153,0
1367,462,0,shortest,Customer_24,Customer_44,47,46,"[47, 14, 46]","[163, 170]",5.598376919642931,0.1171925878028838,0
1368,462,1,detour_2,Customer_24,Customer_44,47,46,"[47, 34, 14, 46]","[329, 169, 170]",6.253620597515756,0.13357367974970444,1
1369,462,2,detour_3,Customer_24,Customer_44,47,46,"[47, 65, 14, 46]","[386, 167, 170]",8.576042202469829,0.1661119308652714,0
1370,463,0,shortest,Customer_24,Customer_57,47,17,"[47, 14, 46, 50, 55, 17]","[163, 170, 384, 394, 199]",14.482175867183864,0.29574465701812214,2
1371,463,1,detour_2,Customer_24,Customer_57,47,17,"[47, 14, 46, 50, 55, 4, 17]","[163, 170, 384, 394, 47, 50]",15.32006828189275,0.297177130458437,3
1372,463,2,detour_3,Customer_24,Customer_57,47,17,"[47, 14, 46, 50, 74, 17]","[163, 170, 384, 396, 205]",16.22065667621726,0.31032494701332614,2
1373,464,0,shortest,Customer_24,Customer_50,47,42,"[47, 14, 46, 50, 55, 8, 42]","[163, 170, 384, 394, 103, 100]",17.676163979542103,0.336788716164687,3
1374,464,1,detour_2,Customer_24,Customer_50,47,42,"[47, 14, 46, 50, 55, 4, 42]","[163, 170, 384, 394, 47, 44]",16.965339660995337,0.3383089149360017,3
1375,464,2,detour_3,Customer_24,Customer_50,47,42,"[47, 34, 14, 46, 50, 55, 8, 42]","[329, 169, 170, 384, 394, 103, 100]",18.33140765741493,0.3531698081115076,4
1376,465,0,shortest,Customer_24,Customer_39,47,66,"[47, 1, 66]","[15, 22]",9.505239146557635,0.17282252993741154,0
1377,465,1,detour_2,Customer_24,Customer_39,47,66,"[47, 9, 1, 66]","[113, 17, 22]",9.530328921782107,0.18310129232139408,0
1378,465,2,detour_3,Customer_24,Customer_39,47,66,"[47, 26, 1, 66]","[263, 13, 22]",9.556043463792964,0.1869796647625337,0
1379,466,0,shortest,Customer_24,Customer_49,47,66,"[47, 1, 66]","[15, 22]",9.505239146557635,0.17282252993741154,0
1380,466,1,detour_2,Customer_24,Customer_49,47,66,"[47, 9, 1, 66]","[113, 17, 22]",9.530328921782107,0.18310129232139408,0
1381,466,2,detour_3,Customer_24,Customer_49,47,66,"[47, 26, 1, 66]","[263, 13, 22]",9.556043463792964,0.1869796647625337,0
1382,467,0,shortest,Customer_24,Customer_13,47,61,"[47, 1, 61]","[15, 10]",8.130453931936021,0.1478264351261095,0
1383,467,1,detour_2,Customer_24,Customer_13,47,61,"[47, 9, 1, 61]","[113, 17, 10]",8.155543707160493,0.15810519751009203,0
1384,467,2,detour_3,Customer_24,Customer_13,47,61,"[47, 26, 1, 61]","[263, 13, 10]",8.18125824917135,0.16198356995123164,0
1385,468,0,shortest,Customer_24,Customer_60,47,61,"[47, 1, 61]","[15, 10]",8.130453931936021,0.1478264351261095,0
1386,468,1,detour_2,Customer_24,Customer_60,47,61,"[47, 9, 1, 61]","[113, 17, 10]",8.155543707160493,0.15810519751009203,0
1387,468,2,detour_3,Customer_24,Customer_60,47,61,"[47, 26, 1, 61]","[263, 13, 10]",8.18125824917135,0.16198356995123164,0
1388,469,0,shortest,Customer_24,Customer_11,47,10,"[47, 14, 46, 10]","[163, 170, 125]",8.57216244964853,0.17126141562116742,0
1389,469,1,detour_2,Customer_24,Customer_11,47,10,"[47, 34, 14, 46, 10]","[329, 169, 170, 125]",9.227406127521355,0.18764250756798806,1
1390,469,2,detour_3,Customer_24,Customer_11,47,10,"[47, 14, 33, 10]","[163, 172, 127]",9.960438771434383,0.1965028032900011,0
1391,470,0,shortest,Customer_24,Customer_17,47,40,"[47, 9, 40]","[113, 116]",7.807041553187422,0.14194621005795313,0
1392,470,1,detour_2,Customer_24,Customer_17,47,40,"[47, 1, 40]","[15, 18]",7.829129582889966,0.1423478105979994,0
1393,470,2,detour_3,Customer_24,Customer_17,47,40,"[47, 9, 1, 40]","[113, 17, 18]",7.854219358114438,0.15262657298198193,0
1394,471,0,shortest,Customer_24,Customer_31,47,40,"[47, 9, 40]","[113, 116]",7.807041553187422,0.14194621005795313,0
1395,471,1,detour_2,Customer_24,Customer_31,47,40,"[47, 1, 40]","[15, 18]",7.829129582889966,0.1423478105979994,0
1396,471,2,detour_3,Customer_24,Customer_31,47,40,"[47, 9, 1, 40]","[113, 17, 18]",7.854219358114438,0.15262657298198193,0
1397,472,0,shortest,Customer_24,Customer_15,47,74,"[47, 14, 46, 50, 74]","[163, 170, 384, 396]",13.342752131622746,0.2579994098388804,1
1398,472,1,detour_2,Customer_24,Customer_15,47,74,"[47, 14, 46, 50, 55, 74]","[163, 170, 384, 394, 414]",13.435784025818236,0.26958486098398143,2
1399,472,2,detour_3,Customer_24,Customer_15,47,74,"[47, 34, 14, 46, 50, 74]","[329, 169, 170, 384, 396]",13.99799580949557,0.27438050178570106,2
1400,473,0,shortest,Customer_24,Customer_30,47,31,"[47, 14, 46, 50, 74, 31]","[163, 170, 384, 396, 309]",16.62845720930212,0.3177395021603236,2
1401,473,1,detour_2,Customer_24,Customer_30,47,31,"[47, 14, 46, 50, 55, 8, 31]","[163, 170, 384, 394, 103, 92]",16.320503822781376,0.3228571698842687,3
1402,473,2,detour_3,Customer_24,Customer_30,47,31,"[47, 14, 46, 50, 55, 74, 31]","[163, 170, 384, 394, 414, 309]",16.72148910349761,0.3293249533054246,3
1403,474,0,shortest,Customer_24,Customer_16,47,18,"[47, 14, 46, 50, 74, 31, 18]","[163, 170, 384, 396, 309, 207]",16.813630822160803,0.32236884248179065,3
1404,474,1,detour_2,Customer_24,Customer_16,47,18,"[47, 14, 46, 50, 55, 8, 18]","[163, 170, 384, 394, 103, 98]",16.468509404056363,0.32655730941614336,3
1405,474,2,detour_3,Customer_24,Customer_16,47,18,"[47, 14, 46, 50, 55, 8, 31, 18]","[163, 170, 384, 394, 103, 92, 207]",16.50567743564006,0.32748651020573577,4
1406,475,0,shortest,Customer_24,Customer_19,47,57,"[47, 1, 61, 57]","[15, 10, 429]",11.422158185337677,0.20767560336977597,0
1407,475,1,detour_2,Customer_24,Customer_19,47,57,"[47, 1, 61, 16, 57]","[15, 10, 189, 184]",11.68352976738612,0.21410425885431006,0
1408,475,2,detour_3,Customer_24,Customer_19,47,57,"[47, 1, 66, 57]","[15, 22, 431]",11.267530472486815,0.21687981308564103,0
1409,476,0,shortest,Customer_24,Customer_47,47,43,"[47, 14, 46, 43]","[163, 170, 377]",10.016226772742485,0.19751713058651207,0
1410,476,1,detour_2,Customer_24,Customer_47,47,43,"[47, 14, 33, 43]","[163, 172, 320]",10.17445965218082,0.20039409203084543,0
1411,476,2,detour_3,Customer_24,Customer_47,47,43,"[47, 34, 14, 46, 43]","[329, 169, 170, 377]",10.67147045061531,0.2138982225333327,1
1412,477,0,shortest,Customer_24,Customer_18,47,53,"[47, 14, 46, 50, 55, 4, 48, 53]","[163, 170, 384, 394, 47, 52, 388]",23.364067830183792,0.44020514981271763,3
1413,477,1,avoid_congestion,Customer_24,Customer_18,47,53,"[47, 1, 61, 57, 77, 12, 30, 53]","[15, 10, 429, 426, 145, 148, 300]",26.0503894321043,0.4896156488269526,0
1414,477,2,detour_2,Customer_24,Customer_18,47,53,"[47, 34, 14, 46, 50, 55, 4, 48, 53]","[329, 169, 170, 384, 394, 47, 52, 388]",24.019311508056617,0.45658624175953827,4
1415,477,3,detour_3,Customer_24,Customer_18,47,53,"[47, 14, 46, 50, 55, 17, 4, 48, 53]","[163, 170, 384, 394, 199, 51, 52, 388]",23.472620662438153,0.46243380754648394,4
1416,478,0,shortest,Customer_24,Customer_41,47,53,"[47, 14, 46, 50, 55, 4, 48, 53]","[163, 170, 384, 394, 47, 52, 388]",23.364067830183792,0.44020514981271763,3
1417,478,1,avoid_congestion,Customer_24,Customer_41,47,53,"[47, 1, 61, 57, 77, 12, 30, 53]","[15, 10, 429, 426, 145, 148, 300]",26.0503894321043,0.4896156488269526,0
1418,478,2,detour_2,Customer_24,Customer_41,47,53,"[47, 34, 14, 46, 50, 55, 4, 48, 53]","[329, 169, 170, 384, 394, 47, 52, 388]",24.019311508056617,0.45658624175953827,4
1419,478,3,detour_3,Customer_24,Customer_41,47,53,"[47, 14, 46, 50, 55, 17, 4, 48, 53]","[163, 170, 384, 394, 199, 51, 52, 388]",23.472620662438153,0.46243380754648394,4
1420,479,0,shortest,Customer_24,Customer_12,47,67,"[47, 14, 33, 67]","[163, 172, 322]",10.577202583961611,0.2077166907904962,0
1421,479,1,detour_2,Customer_24,Customer_12,47,67,"[47, 14, 46, 33, 67]","[163, 170, 325, 322]",10.76350290911283,0.22144687949041963,0
1422,479,2,detour_3,Customer_24,Customer_12,47,67,"[47, 34, 14, 33, 67]","[329, 169, 172, 322]",11.232446261834438,0.22409778273731684,1
1423,480,0,shortest,Customer_25,Customer_24,34,47,"[34, 47]",[328],0.8719426245600662,0.021798565614001654,1
1424,480,1,detour_2,Customer_25,Customer_24,34,47,"[34, 65, 47]","[326, 387]",3.600998201395149,0.09002495503487873,1
1425,480,2,detour_3,Customer_25,Customer_24,34,47,"[34, 26, 47]","[267, 262]",4.728037591598496,0.09919773981354338,0
1426,481,0,shortest,Customer_25,Customer_22,34,65,"[34, 65]",[326],2.107360881074889,0.052684022026872224,1
1427,481,1,avoid_congestion,Customer_25,Customer_22,34,65,"[34, 26, 65]","[267, 264]",4.860344021295678,0.10250540055597293,0
1428,481,2,detour_2,Customer_25,Customer_22,34,65,"[34, 47, 65]","[328, 386]",2.3655799448803263,0.05913949862200815,1
1429,482,0,shortest,Customer_25,Customer_57,34,17,"[34, 14, 46, 50, 55, 17]","[169, 170, 384, 394, 199]",14.265476920496623,0.2903271833509411,2
1430,482,1,detour_2,Customer_25,Customer_57,34,17,"[34, 14, 46, 50, 55, 4, 17]","[169, 170, 384, 394, 47, 50]",15.103369335205509,0.291759656791256,3
1431,482,2,detour_3,Customer_25,Customer_57,34,17,"[34, 14, 46, 50, 74, 17]","[169, 170, 384, 396, 205]",16.003957729530015,0.3049074733461451,2
1432,483,0,shortest,Customer_25,Customer_44,34,46,"[34, 14, 46]","[169, 170]",5.381677972955689,0.11177511413570278,0
1433,483,1,detour_2,Customer_25,Customer_44,34,46,"[34, 47, 14, 46]","[328, 163, 170]",6.470319544202996,0.13899115341688545,1
1434,483,2,detour_3,Customer_25,Customer_44,34,46,"[34, 26, 14, 46]","[267, 165, 170]",9.318958894897932,0.1694356162708715,0
1435,484,0,shortest,Customer_25,Customer_50,34,42,"[34, 14, 46, 50, 55, 8, 42]","[169, 170, 384, 394, 103, 100]",17.45946503285486,0.33137124249750594,3
1436,484,1,detour_2,Customer_25,Customer_50,34,42,"[34, 14, 46, 50, 55, 4, 42]","[169, 170, 384, 394, 47, 44]",16.748640714308095,0.33289144126882064,3
1437,484,2,detour_3,Customer_25,Customer_50,34,42,"[34, 14, 46, 50, 55, 17, 42]","[169, 170, 384, 394, 199, 194]",16.655268847445143,0.35007198152465413,3
1438,485,0,shortest,Customer_25,Customer_11,34,10,"[34, 14, 46, 10]","[169, 170, 125]",8.355463502961289,0.1658439419539864,0
1439,485,1,detour_2,Customer_25,Customer_11,34,10,"[34, 14, 33, 10]","[169, 172, 127]",9.743739824747143,0.1910853296228201,0
1440,485,2,detour_3,Customer_25,Customer_11,34,10,"[34, 47, 14, 46, 10]","[328, 163, 170, 125]",9.444105074208597,0.1930599812351691,1
1441,486,0,shortest,Customer_25,Customer_15,34,74,"[34, 14, 46, 50, 74]","[169, 170, 384, 396]",13.126053184935504,0.2525819361716994,1
1442,486,1,detour_2,Customer_25,Customer_15,34,74,"[34, 14, 46, 50, 55, 74]","[169, 170, 384, 394, 414]",13.219085079130995,0.2641673873168004,2
1443,486,2,detour_3,Customer_25,Customer_15,34,74,"[34, 47, 14, 46, 50, 74]","[328, 163, 170, 384, 396]",14.214694756182809,0.2797979754528821,2
1444,487,0,shortest,Customer_25,Customer_39,34,66,"[34, 26, 1, 66]","[267, 13, 22]",10.40227786527738,0.18913232482322506,0
1445,487,1,detour_2,Customer_25,Customer_39,34,66,"[34, 47, 1, 66]","[328, 15, 22]",10.377181771117701,0.1946210955514132,1
1446,487,2,detour_3,Customer_25,Customer_39,34,66,"[34, 9, 1, 66]","[111, 17, 22]",10.349909057814035,0.19800274934015644,0
1447,488,0,shortest,Customer_25,Customer_49,34,66,"[34, 26, 1, 66]","[267, 13, 22]",10.40227786527738,0.18913232482322506,0
1448,488,1,detour_2,Customer_25,Customer_49,34,66,"[34, 47, 1, 66]","[328, 15, 22]",10.377181771117701,0.1946210955514132,1
1449,488,2,detour_3,Customer_25,Customer_49,34,66,"[34, 9, 1, 66]","[111, 17, 22]",10.349909057814035,0.19800274934015644,0
1450,489,0,shortest,Customer_25,Customer_13,34,61,"[34, 26, 1, 61]","[267, 13, 10]",9.027492650655766,0.164136230011923,0
1451,489,1,detour_2,Customer_25,Customer_13,34,61,"[34, 47, 1, 61]","[328, 15, 10]",9.002396556496087,0.16962500074011114,1
1452,489,2,detour_3,Customer_25,Customer_13,34,61,"[34, 9, 1, 61]","[111, 17, 10]",8.975123843192423,0.1730066545288544,0
1453,490,0,shortest,Customer_25,Customer_60,34,61,"[34, 26, 1, 61]","[267, 13, 10]",9.027492650655766,0.164136230011923,0
1454,490,1,detour_2,Customer_25,Customer_60,34,61,"[34, 47, 1, 61]","[328, 15, 10]",9.002396556496087,0.16962500074011114,1
1455,490,2,detour_3,Customer_25,Customer_60,34,61,"[34, 9, 1, 61]","[111, 17, 10]",8.975123843192423,0.1730066545288544,0
1456,491,0,shortest,Customer_25,Customer_30,34,31,"[34, 14, 46, 50, 74, 31]","[169, 170, 384, 396, 309]",16.411758262614878,0.31232202849314256,2
1457,491,1,detour_2,Customer_25,Customer_30,34,31,"[34, 14, 46, 50, 55, 8, 31]","[169, 170, 384, 394, 103, 92]",16.10380487609413,0.3174396962170877,3
1458,491,2,detour_3,Customer_25,Customer_30,34,31,"[34, 14, 46, 50, 55, 74, 31]","[169, 170, 384, 394, 414, 309]",16.50479015681037,0.32390747963824357,3
1459,492,0,shortest,Customer_25,Customer_16,34,18,"[34, 14, 46, 50, 74, 31, 18]","[169, 170, 384, 396, 309, 207]",16.59693187547356,0.3169513688146096,3
1460,492,1,detour_2,Customer_25,Customer_16,34,18,"[34, 14, 46, 50, 55, 8, 18]","[169, 170, 384, 394, 103, 98]",16.25181045736912,0.3211398357489623,3
1461,492,2,detour_3,Customer_25,Customer_16,34,18,"[34, 14, 46, 50, 55, 8, 31, 18]","[169, 170, 384, 394, 103, 92, 207]",16.288978488952814,0.32206903653855473,4
1462,493,0,shortest,Customer_25,Customer_17,34,40,"[34, 9, 40]","[111, 116]",8.626621689219352,0.1568476670767155,0
1463,493,1,detour_2,Customer_25,Customer_17,34,40,"[34, 26, 40]","[267, 268]",8.646127509184097,0.15720231834880177,0
1464,493,2,detour_3,Customer_25,Customer_17,34,40,"[34, 26, 1, 40]","[267, 13, 18]",8.726168301609711,0.1586576054838129,0
1465,494,0,shortest,Customer_25,Customer_31,34,40,"[34, 9, 40]","[111, 116]",8.626621689219352,0.1568476670767155,0
1466,494,1,detour_2,Customer_25,Customer_31,34,40,"[34, 26, 40]","[267, 268]",8.646127509184097,0.15720231834880177,0
1467,494,2,detour_3,Customer_25,Customer_31,34,40,"[34, 26, 1, 40]","[267, 13, 18]",8.726168301609711,0.1586576054838129,0
1468,495,0,shortest,Customer_25,Customer_47,34,43,"[34, 14, 46, 43]","[169, 170, 377]",9.799527826055243,0.19209965691933106,0
1469,495,1,detour_2,Customer_25,Customer_47,34,43,"[34, 14, 33, 43]","[169, 172, 320]",9.95776070549358,0.19497661836366442,0
1470,495,2,detour_3,Customer_25,Customer_47,34,43,"[34, 14, 46, 33, 43]","[169, 170, 325, 320]",10.144061030644798,0.20870680706358785,0
1471,496,0,shortest,Customer_25,Customer_19,34,57,"[34, 26, 1, 61, 57]","[267, 13, 10, 429]",12.319196904057423,0.2239853982555895,0
1472,496,1,detour_2,Customer_25,Customer_19,34,57,"[34, 47, 1, 61, 57]","[328, 15, 10, 429]",12.294100809897744,0.2294741689837776,1
1473,496,2,detour_3,Customer_25,Customer_19,34,57,"[34, 26, 1, 61, 16, 57]","[267, 13, 10, 189, 184]",12.580568486105864,0.23041405374012358,0
1474,497,0,shortest,Customer_25,Customer_12,34,67,"[34, 14, 33, 67]","[169, 172, 322]",10.360503637274373,0.20229921712331517,0
1475,497,1,detour_2,Customer_25,Customer_12,34,67,"[34, 14, 46, 33, 67]","[169, 170, 325, 322]",10.546803962425589,0.2160294058232386,0
1476,497,2,detour_3,Customer_25,Customer_12,34,67,"[34, 14, 46, 43, 67]","[169, 170, 377, 374]",11.011024770180462,0.22238708052246156,0
1477,498,0,shortest,Customer_25,Customer_18,34,53,"[34, 14, 46, 50, 55, 4, 48, 53]","[169, 170, 384, 394, 47, 52, 388]",23.14736888349655,0.4347876761455366,3
1478,498,1,avoid_congestion,Customer_25,Customer_18,34,53,"[34, 26, 1, 61, 57, 77, 12, 30, 53]","[267, 13, 10, 429, 426, 145, 148, 300]",26.94742815082405,0.505925443712766,0
1479,498,2,detour_2,Customer_25,Customer_18,34,53,"[34, 14, 46, 50, 55, 17, 4, 48, 53]","[169, 170, 384, 394, 199, 51, 52, 388]",23.25592171575091,0.4570163338793029,4
1480,498,3,detour_3,Customer_25,Customer_18,34,53,"[34, 47, 14, 46, 50, 55, 4, 48, 53]","[328, 163, 170, 384, 394, 47, 52, 388]",24.236010454743855,0.4620037154267193,4
1481,499,0,shortest,Customer_25,Customer_41,34,53,"[34, 14, 46, 50, 55, 4, 48, 53]","[169, 170, 384, 394, 47, 52, 388]",23.14736888349655,0.4347876761455366,3
1482,499,1,avoid_congestion,Customer_25,Customer_41,34,53,"[34, 26, 1, 61, 57, 77, 12, 30, 53]","[267, 13, 10, 429, 426, 145, 148, 300]",26.94742815082405,0.505925443712766,0
1483,499,2,detour_2,Customer_25,Customer_41,34,53,"[34, 14, 46, 50, 55, 17, 4, 48, 53]","[169, 170, 384, 394, 199, 51, 52, 388]",23.25592171575091,0.4570163338793029,4
1484,499,3,detour_3,Customer_25,Customer_41,34,53,"[34, 47, 14, 46, 50, 55, 4, 48, 53]","[328, 163, 170, 384, 394, 47, 52, 388]",24.236010454743855,0.4620037154267193,4
1485,500,0,same_node,Customer_26,Customer_20,12,12,[12],[],0.0,0.0,0
1486,501,0,shortest,Customer_26,Customer_51,12,64,"[12, 64]",[140],0.9309941025870384,0.02327485256467596,0
1487,501,1,detour_2,Customer_26,Customer_51,12,64,"[12, 54, 64]","[142, 410]",2.016293022742277,0.05040732556855693,0
1488,501,2,detour_3,Customer_26,Customer_51,12,64,"[12, 77, 64]","[144, 453]",6.182566138445496,0.11241029342628174,0
1489,502,0,shortest,Customer_26,Customer_3,12,77,"[12, 77]",[144],3.005002453855687,0.05463640825192158,0
1490,502,1,detour_2,Customer_26,Customer_3,12,77,"[12, 64, 77]","[140, 452]",4.1085577871768475,0.08104873773903612,0
1491,502,2,detour_3,Customer_26,Customer_3,12,77,"[12, 54, 77]","[142, 412]",4.818624213268144,0.09765324127601202,0
1492,503,0,shortest,Customer_26,Customer_33,12,77,"[12, 77]",[144],3.005002453855687,0.05463640825192158,0
1493,503,1,detour_2,Customer_26,Customer_33,12,77,"[12, 64, 77]","[140, 452]",4.1085577871768475,0.08104873773903612,0
1494,503,2,detour_3,Customer_26,Customer_33,12,77,"[12, 54, 77]","[142, 412]",4.818624213268144,0.09765324127601202,0
1495,504,0,shortest,Customer_26,Customer_40,12,77,"[12, 77]",[144],3.005002453855687,0.05463640825192158,0
1496,504,1,detour_2,Customer_26,Customer_40,12,77,"[12, 64, 77]","[140, 452]",4.1085577871768475,0.08104873773903612,0
1497,504,2,detour_3,Customer_26,Customer_40,12,77,"[12, 54, 77]","[142, 412]",4.818624213268144,0.09765324127601202,0
1498,505,0,shortest,Customer_26,Customer_1,12,39,"[12, 39]",[146],3.465705797884034,0.06301283268880062,0
1499,505,1,detour_2,Customer_26,Customer_1,12,39,"[12, 64, 39]","[140, 359]",3.6672597547629677,0.07302513714969286,0
1500,505,2,detour_3,Customer_26,Customer_1,12,39,"[12, 54, 39]","[142, 361]",3.893891672862409,0.09734729182156023,0
1501,506,0,shortest,Customer_26,Customer_9,12,39,"[12, 39]",[146],3.465705797884034,0.06301283268880062,0
1502,506,1,detour_2,Customer_26,Customer_9,12,39,"[12, 64, 39]","[140, 359]",3.6672597547629677,0.07302513714969286,0
1503,506,2,detour_3,Customer_26,Customer_9,12,39,"[12, 54, 39]","[142, 361]",3.893891672862409,0.09734729182156023,0
1504,507,0,shortest,Customer_26,Customer_5,12,19,"[12, 64, 19]","[140, 219]",4.72257239083169,0.09221263962366963,0
1505,507,1,detour_2,Customer_26,Customer_5,12,19,"[12, 54, 19]","[142, 217]",4.895229846860184,0.09904607097768545,0
1506,507,2,detour_3,Customer_26,Customer_5,12,19,"[12, 64, 54, 19]","[140, 411, 217]",4.896895335322748,0.09908770818924956,0
1507,508,0,shortest,Customer_26,Customer_34,12,19,"[12, 64, 19]","[140, 219]",4.72257239083169,0.09221263962366963,0
1508,508,1,detour_2,Customer_26,Customer_34,12,19,"[12, 54, 19]","[142, 217]",4.895229846860184,0.09904607097768545,0
1509,508,2,detour_3,Customer_26,Customer_34,12,19,"[12, 64, 54, 19]","[140, 411, 217]",4.896895335322748,0.09908770818924956,0
1510,509,0,shortest,Customer_26,Customer_18,12,53,"[12, 30, 53]","[148, 300]",5.995685456397883,0.12498466745047228,0
1511,509,1,detour_2,Customer_26,Customer_18,12,53,"[12, 60, 53]","[150, 407]",7.361723349764851,0.13384951545027002,0
1512,509,2,detour_3,Customer_26,Customer_18,12,53,"[12, 30, 60, 53]","[148, 298, 407]",7.943180131454374,0.1535191215395988,0
1513,510,0,shortest,Customer_26,Customer_41,12,53,"[12, 30, 53]","[148, 300]",5.995685456397883,0.12498466745047228,0
1514,510,1,detour_2,Customer_26,Customer_41,12,53,"[12, 60, 53]","[150, 407]",7.361723349764851,0.13384951545027002,0
1515,510,2,detour_3,Customer_26,Customer_41,12,53,"[12, 30, 60, 53]","[148, 298, 407]",7.943180131454374,0.1535191215395988,0
1516,511,0,shortest,Customer_26,Customer_10,12,29,"[12, 64, 29]","[140, 295]",6.293037617671629,0.12076655283894125,0
1517,511,1,detour_2,Customer_26,Customer_10,12,29,"[12, 54, 29]","[142, 297]",6.297403554811012,0.12454013839497324,0
1518,511,2,detour_3,Customer_26,Customer_10,12,29,"[12, 64, 54, 29]","[140, 411, 297]",6.299069043273577,0.12458177560653735,0
1519,512,0,shortest,Customer_26,Customer_23,12,79,"[12, 39, 79]","[146, 362]",7.772849400515609,0.14132453455482924,0
1520,512,1,detour_2,Customer_26,Customer_23,12,79,"[12, 64, 39, 79]","[140, 359, 362]",7.974403357394543,0.15133683901572148,0
1521,512,2,detour_3,Customer_26,Customer_23,12,79,"[12, 54, 39, 79]","[142, 361, 362]",8.201035275493984,0.17565899368758886,0
1522,513,0,shortest,Customer_26,Customer_19,12,57,"[12, 77, 57]","[144, 427]",8.63254579036874,0.15695537800670437,0
1523,513,1,detour_2,Customer_26,Customer_19,12,57,"[12, 64, 77, 57]","[140, 452, 427]",9.7361011236899,0.18336770749381892,0
1524,513,2,detour_3,Customer_26,Customer_19,12,57,"[12, 54, 77, 57]","[142, 412, 427]",10.446167549781197,0.19997221103079482,0
1525,514,0,shortest,Customer_26,Customer_39,12,66,"[12, 77, 57, 66]","[144, 427, 430]",10.39483711629792,0.20101266115493385,0
1526,514,1,detour_2,Customer_26,Customer_39,12,66,"[12, 77, 57, 16, 66]","[144, 427, 185, 186]",10.806690164592561,0.2113089873622999,0
1527,514,2,detour_3,Customer_26,Customer_39,12,66,"[12, 64, 77, 57, 66]","[140, 452, 427, 430]",11.49839244961908,0.2274249906420484,0
1528,515,0,shortest,Customer_26,Customer_49,12,66,"[12, 77, 57, 66]","[144, 427, 430]",10.39483711629792,0.20101266115493385,0
1529,515,1,detour_2,Customer_26,Customer_49,12,66,"[12, 77, 57, 16, 66]","[144, 427, 185, 186]",10.806690164592561,0.2113089873622999,0
1530,515,2,detour_3,Customer_26,Customer_49,12,66,"[12, 64, 77, 57, 66]","[140, 452, 427, 430]",11.49839244961908,0.2274249906420484,0
1531,516,0,shortest,Customer_26,Customer_8,12,13,"[12, 30, 63, 13]","[148, 304, 153]",9.804991082325486,0.191234642689997,0
1532,516,1,detour_2,Customer_26,Customer_8,12,13,"[12, 60, 63, 13]","[150, 444, 153]",10.050104838427528,0.19569125643730687,0
1533,516,2,detour_3,Customer_26,Customer_8,12,13,"[12, 30, 60, 63, 13]","[148, 298, 444, 153]",10.631561620117052,0.21536086252663564,0
1534,517,0,shortest,Customer_26,Customer_59,12,13,"[12, 30, 63, 13]","[148, 304, 153]",9.804991082325486,0.191234642689997,0
1535,517,1,detour_2,Customer_26,Customer_59,12,13,"[12, 60, 63, 13]","[150, 444, 153]",10.050104838427528,0.19569125643730687,0
1536,517,2,detour_3,Customer_26,Customer_59,12,13,"[12, 30, 60, 63, 13]","[148, 298, 444, 153]",10.631561620117052,0.21536086252663564,0
1537,518,0,shortest,Customer_26,Customer_14,12,6,"[12, 39, 6]","[146, 81]",10.487024918149217,0.1906731803299858,0
1538,518,1,detour_2,Customer_26,Customer_14,12,6,"[12, 64, 39, 6]","[140, 359, 81]",10.688578875028151,0.20068548479087803,0
1539,518,2,detour_3,Customer_26,Customer_14,12,6,"[12, 39, 79, 6]","[146, 362, 77]",11.12176736607518,0.20221395211045778,0
1540,519,0,shortest,Customer_26,Customer_13,12,61,"[12, 77, 57, 61]","[144, 427, 428]",11.924250043770396,0.21680454625037082,0
1541,519,1,detour_2,Customer_26,Customer_13,12,61,"[12, 77, 57, 16, 61]","[144, 427, 185, 188]",12.185621625818838,0.22323320173490493,0
1542,519,2,detour_3,Customer_26,Customer_13,12,61,"[12, 64, 77, 57, 61]","[140, 452, 427, 428]",13.027805377091557,0.2432168757374854,0
1543,520,0,same_node,Customer_27,Customer_2,44,44,[44],[],0.0,0.0,0
1544,521,0,same_node,Customer_27,Customer_4,44,44,[44],[],0.0,0.0,0
1545,522,0,shortest,Customer_27,Customer_46,44,5,"[44, 5]",[59],3.910001842933479,0.07109094259879052,0
1546,522,1,detour_2,Customer_27,Customer_46,44,5,"[44, 7, 5]","[83, 61]",3.941587662989996,0.074385010745137,0
1547,522,2,detour_3,Customer_27,Customer_46,44,5,"[44, 22, 5]","[241, 57]",3.9517038706065386,0.07485908725675143,0
1548,523,0,shortest,Customer_27,Customer_8,44,13,"[44, 13]",[159],4.195360944132112,0.07627928989331113,0
1549,523,1,detour_2,Customer_27,Customer_8,44,13,"[44, 7, 13]","[83, 88]",4.699999537213554,0.0881743175492017,0
1550,523,2,detour_3,Customer_27,Customer_8,44,13,"[44, 45, 13]","[380, 155]",5.038638030226162,0.10351078974516714,0
1551,524,0,shortest,Customer_27,Customer_59,44,13,"[44, 13]",[159],4.195360944132112,0.07627928989331113,0
1552,524,1,detour_2,Customer_27,Customer_59,44,13,"[44, 7, 13]","[83, 88]",4.699999537213554,0.0881743175492017,0
1553,524,2,detour_3,Customer_27,Customer_59,44,13,"[44, 45, 13]","[380, 155]",5.038638030226162,0.10351078974516714,0
1554,525,0,shortest,Customer_27,Customer_16,44,18,"[44, 22, 69, 18]","[241, 238, 215]",11.658485877754012,0.21197247050461837,1
1555,525,1,detour_2,Customer_27,Customer_16,44,18,"[44, 7, 22, 69, 18]","[83, 86, 238, 215]",11.699337206576619,0.215435002446712,1
1556,525,2,detour_3,Customer_27,Customer_16,44,18,"[44, 22, 69, 31, 18]","[241, 238, 311, 207]",11.832357551144284,0.21639632101756892,2
1557,526,0,shortest,Customer_27,Customer_30,44,31,"[44, 22, 69, 31]","[241, 238, 311]",11.6471839382856,0.21176698069610184,1
1558,526,1,detour_2,Customer_27,Customer_30,44,31,"[44, 7, 22, 69, 31]","[83, 86, 238, 311]",11.688035267108207,0.2152295126381954,1
1559,526,2,detour_3,Customer_27,Customer_30,44,31,"[44, 22, 69, 18, 31]","[241, 238, 215, 206]",11.843659490612696,0.21660181082608546,2
1560,527,0,shortest,Customer_27,Customer_50,44,42,"[44, 22, 69, 18, 42]","[241, 238, 215, 210]",15.019286956517366,0.2730779446639521,2
1561,527,1,avoid_congestion,Customer_27,Customer_50,44,42,"[44, 13, 63, 53, 48, 42]","[159, 152, 409, 389, 373]",15.55622913439709,0.31061471274395575,1
1562,527,2,detour_2,Customer_27,Customer_50,44,42,"[44, 7, 22, 69, 18, 42]","[83, 86, 238, 215, 210]",15.060138285339972,0.2765404766060457,2
1563,527,3,detour_3,Customer_27,Customer_50,44,42,"[44, 22, 69, 31, 18, 42]","[241, 238, 311, 207, 210]",15.193158629907638,0.2775017951769026,3
1564,528,0,shortest,Customer_27,Customer_18,44,53,"[44, 13, 63, 53]","[159, 152, 409]",9.157197184362587,0.1794565718179443,0
1565,528,1,detour_2,Customer_27,Customer_18,44,53,"[44, 45, 63, 53]","[380, 382, 409]",9.877015273803504,0.17958209588733642,0
1566,528,2,detour_3,Customer_27,Customer_18,44,53,"[44, 7, 45, 63, 53]","[83, 84, 382, 409]",10.227521366272416,0.188674714441181,0
1567,529,0,shortest,Customer_27,Customer_41,44,53,"[44, 13, 63, 53]","[159, 152, 409]",9.157197184362587,0.1794565718179443,0
1568,529,1,detour_2,Customer_27,Customer_41,44,53,"[44, 45, 63, 53]","[380, 382, 409]",9.877015273803504,0.17958209588733642,0
1569,529,2,detour_3,Customer_27,Customer_41,44,53,"[44, 7, 45, 63, 53]","[83, 84, 382, 409]",10.227521366272416,0.188674714441181,0
1570,530,0,shortest,Customer_27,Customer_57,44,17,"[44, 22, 69, 31, 17]","[241, 238, 311, 203]",14.717150194321649,0.26758454898766637,2
1571,530,1,detour_2,Customer_27,Customer_57,44,17,"[44, 22, 69, 18, 17]","[241, 238, 215, 201]",14.83675724778833,0.26975922268706054,2
1572,530,2,detour_3,Customer_27,Customer_57,44,17,"[44, 7, 22, 69, 31, 17]","[83, 86, 238, 311, 203]",14.758001523144255,0.27104708092975993,2
1573,531,0,shortest,Customer_27,Customer_15,44,74,"[44, 22, 69, 72, 74]","[241, 238, 458, 460]",13.44876279140976,0.2528417764708396,2
1574,531,1,avoid_congestion,Customer_27,Customer_15,44,74,"[44, 22, 69, 27, 59, 74]","[241, 238, 275, 270, 438]",18.98566523414174,0.3567988423355451,1
1575,531,2,detour_2,Customer_27,Customer_15,44,74,"[44, 7, 22, 69, 72, 74]","[83, 86, 238, 458, 460]",13.489614120232364,0.25630430841293317,2
1576,531,3,detour_3,Customer_27,Customer_15,44,74,"[44, 22, 69, 59, 74]","[241, 238, 443, 438]",13.571166771063433,0.25835341573412135,2
1577,532,0,shortest,Customer_27,Customer_36,44,68,"[44, 22, 68]","[241, 244]",8.932252947063873,0.16240459903752497,0
1578,532,1,detour_2,Customer_27,Customer_36,44,68,"[44, 7, 22, 68]","[83, 86, 244]",8.973104275886481,0.16586713097961855,0
1579,532,2,detour_3,Customer_27,Customer_36,44,68,"[44, 5, 68]","[59, 62]",9.137301976331802,0.16613276320603276,0
1580,533,0,shortest,Customer_27,Customer_45,44,68,"[44, 22, 68]","[241, 244]",8.932252947063873,0.16240459903752497,0
1581,533,1,detour_2,Customer_27,Customer_45,44,68,"[44, 7, 22, 68]","[83, 86, 244]",8.973104275886481,0.16586713097961855,0
1582,533,2,detour_3,Customer_27,Customer_45,44,68,"[44, 5, 68]","[59, 62]",9.137301976331802,0.16613276320603276,0
1583,534,0,shortest,Customer_27,Customer_56,44,68,"[44, 22, 68]","[241, 244]",8.932252947063873,0.16240459903752497,0
1584,534,1,detour_2,Customer_27,Customer_56,44,68,"[44, 7, 22, 68]","[83, 86, 244]",8.973104275886481,0.16586713097961855,0
1585,534,2,detour_3,Customer_27,Customer_56,44,68,"[44, 5, 68]","[59, 62]",9.137301976331802,0.16613276320603276,0
1586,535,0,shortest,Customer_27,Customer_48,44,27,"[44, 22, 69, 27]","[241, 238, 275]",12.581382086908555,0.22875240158015553,0
1587,535,1,detour_2,Customer_27,Customer_48,44,27,"[44, 7, 22, 69, 27]","[83, 86, 238, 275]",12.62223341573116,0.2322149335222491,0
1588,535,2,detour_3,Customer_27,Customer_48,44,27,"[44, 5, 69, 27]","[59, 54, 275]",13.27006254681093,0.24127386448747146,0
1589,536,0,shortest,Customer_27,Customer_52,44,0,"[44, 13, 52, 0]","[159, 156, 1]",11.38944261416868,0.20708077480306689,0
1590,536,1,detour_2,Customer_27,Customer_52,44,0,"[44, 7, 41, 0]","[83, 90, 7]",11.70431471976135,0.21552550268643433,0
1591,536,2,detour_3,Customer_27,Customer_52,44,0,"[44, 7, 13, 52, 0]","[83, 88, 156, 1]",11.894081207250121,0.21897580245895745,0
1592,537,0,shortest,Customer_27,Customer_22,44,65,"[44, 22, 69, 59, 55, 50, 46, 14, 65]","[241, 238, 443, 419, 395, 385, 171, 166]",28.399806626788102,0.5163601204870564,3
1593,537,1,avoid_congestion,Customer_27,Customer_22,44,65,"[44, 22, 69, 27, 28, 32, 10, 46, 14, 65]","[241, 238, 275, 272, 288, 119, 124, 171, 166]",33.740919762615164,0.6134712684111848,0
1594,537,2,detour_2,Customer_27,Customer_22,44,65,"[44, 7, 22, 69, 59, 55, 50, 46, 14, 65]","[83, 86, 238, 443, 419, 395, 385, 171, 166]",28.440657955610714,0.5198226524291499,3
1595,537,3,detour_3,Customer_27,Customer_22,44,65,"[44, 22, 69, 72, 74, 50, 46, 14, 65]","[241, 238, 458, 460, 397, 385, 171, 166]",28.275542885539142,0.5224195963641011,3
1596,538,0,shortest,Customer_27,Customer_25,44,34,"[44, 22, 69, 59, 55, 50, 46, 14, 34]","[241, 238, 443, 419, 395, 385, 171, 168]",26.69907971759422,0.4993642367654943,3
1597,538,1,avoid_congestion,Customer_27,Customer_25,44,34,"[44, 22, 69, 27, 28, 32, 10, 46, 14, 34]","[241, 238, 275, 272, 288, 119, 124, 171, 168]",32.04019285342129,0.5964753846896227,0
1598,538,2,detour_2,Customer_27,Customer_25,44,34,"[44, 7, 22, 69, 59, 55, 50, 46, 14, 34]","[83, 86, 238, 443, 419, 395, 385, 171, 168]",26.73993104641683,0.5028267687075878,3
1599,538,3,detour_3,Customer_27,Customer_25,44,34,"[44, 22, 69, 72, 74, 50, 46, 14, 34]","[241, 238, 458, 460, 397, 385, 171, 168]",26.57481597634526,0.5054237126425389,3
1600,539,0,shortest,Customer_27,Customer_21,44,24,"[44, 13, 52, 24]","[159, 156, 251]",12.805956127030544,0.2328355659460099,0
1601,539,1,detour_2,Customer_27,Customer_21,44,24,"[44, 7, 13, 52, 24]","[83, 88, 156, 251]",13.310594720111986,0.24473059360190047,0
1602,539,2,detour_3,Customer_27,Customer_21,44,24,"[44, 13, 52, 0, 24]","[159, 156, 1, 2]",13.98366672750612,0.25424848595465677,0
1603,540,0,shortest,Customer_28,Customer_47,38,43,"[38, 43]",[350],2.5145091594552276,0.04571834835373141,0
1604,540,1,detour_2,Customer_28,Customer_47,38,43,"[38, 67, 43]","[352, 375]",4.429895529103447,0.08880376151182554,0
1605,540,2,detour_3,Customer_28,Customer_47,38,43,"[38, 10, 43]","[129, 130]",7.079066856105849,0.12871030647465181,0
1606,541,0,shortest,Customer_28,Customer_12,38,67,"[38, 67]",[352],3.2183985849782277,0.05851633790869505,0
1607,541,1,detour_2,Customer_28,Customer_12,38,67,"[38, 43, 67]","[350, 374]",3.7260061035804473,0.0760057719568619,0
1608,541,2,detour_3,Customer_28,Customer_12,38,67,"[38, 10, 67]","[129, 132]",8.217117667069775,0.14940213940126867,0
1609,542,0,shortest,Customer_28,Customer_11,38,10,"[38, 10]",[129],3.96000432477405,0.07200007863225545,0
1610,542,1,detour_2,Customer_28,Customer_11,38,10,"[38, 43, 10]","[350, 131]",5.6335716907870275,0.10242857619612777,0
1611,542,2,detour_3,Customer_28,Customer_11,38,10,"[38, 76, 10]","[354, 123]",6.754933979677824,0.12281698144868772,0
1612,543,0,shortest,Customer_28,Customer_35,38,73,"[38, 73]",[356],4.777593677795996,0.08686533959629084,0
1613,543,1,detour_2,Customer_28,Customer_35,38,73,"[38, 67, 73]","[352, 454]",7.877680477139469,0.1432305541298085,0
1614,543,2,detour_3,Customer_28,Customer_35,38,73,"[38, 43, 67, 73]","[350, 374, 454]",8.385287995741688,0.16071998817797536,0
1615,544,0,shortest,Customer_28,Customer_58,38,73,"[38, 73]",[356],4.777593677795996,0.08686533959629084,0
1616,544,1,detour_2,Customer_28,Customer_58,38,73,"[38, 67, 73]","[352, 454]",7.877680477139469,0.1432305541298085,0
1617,544,2,detour_3,Customer_28,Customer_58,38,73,"[38, 43, 67, 73]","[350, 374, 454]",8.385287995741688,0.16071998817797536,0
1618,545,0,shortest,Customer_28,Customer_44,38,46,"[38, 43, 46]","[350, 376]",6.932359012554782,0.12604289113735967,0
1619,545,1,detour_2,Customer_28,Customer_44,38,46,"[38, 10, 46]","[129, 124]",6.93378985477965,0.1260689064505391,0
1620,545,2,detour_3,Customer_28,Customer_44,38,46,"[38, 43, 33, 46]","[350, 321, 324]",7.276892217144336,0.14265004128161649,0
1621,546,0,shortest,Customer_28,Customer_53,38,15,"[38, 73, 15]","[356, 181]",9.071345035442032,0.16493354609894603,0
1622,546,1,detour_2,Customer_28,Customer_53,38,15,"[38, 73, 75, 15]","[356, 462, 177]",11.553868100094364,0.2100703290926248,0
1623,546,2,detour_3,Customer_28,Customer_53,38,15,"[38, 67, 73, 15]","[352, 454, 181]",12.171431834785505,0.2212987606324637,0
1624,547,0,shortest,Customer_28,Customer_37,38,75,"[38, 73, 75]","[356, 462]",8.284298740775304,0.1506236134686419,0
1625,547,1,detour_2,Customer_28,Customer_37,38,75,"[38, 67, 75]","[352, 456]",11.27533361660271,0.2050060657564129,0
1626,547,2,detour_3,Customer_28,Customer_37,38,75,"[38, 67, 73, 75]","[352, 454, 462]",11.384385540118776,0.20698882800215956,0
1627,548,0,shortest,Customer_28,Customer_54,38,75,"[38, 73, 75]","[356, 462]",8.284298740775304,0.1506236134686419,0
1628,548,1,detour_2,Customer_28,Customer_54,38,75,"[38, 67, 75]","[352, 456]",11.27533361660271,0.2050060657564129,0
1629,548,2,detour_3,Customer_28,Customer_54,38,75,"[38, 67, 73, 75]","[352, 454, 462]",11.384385540118776,0.20698882800215956,0
1630,549,0,shortest,Customer_28,Customer_15,38,74,"[38, 32, 55, 74]","[313, 316, 414]",10.243672900927944,0.19614256035841837,2
1631,549,1,avoid_congestion,Customer_28,Customer_15,38,74,"[38, 10, 50, 74]","[129, 120, 396]",10.980552143429744,0.19964640260781352,1
1632,549,2,detour_3,Customer_28,Customer_15,38,74,"[38, 32, 50, 74]","[313, 318, 396]",11.581329129385018,0.21056962053427306,2
1633,550,0,shortest,Customer_28,Customer_25,38,34,"[38, 43, 46, 14, 34]","[350, 376, 171, 168]",12.314036985510471,0.23781800527306243,0
1634,550,1,detour_2,Customer_28,Customer_25,38,34,"[38, 10, 46, 14, 34]","[129, 124, 171, 168]",12.31546782773534,0.23784402058624185,0
1635,550,2,detour_3,Customer_28,Customer_25,38,34,"[38, 43, 33, 14, 34]","[350, 321, 173, 168]",12.472269864948808,0.24069496671739585,0
1636,551,0,shortest,Customer_28,Customer_57,38,17,"[38, 32, 55, 17]","[313, 316, 199]",11.290064742293572,0.22230235639255908,2
1637,551,1,avoid_congestion,Customer_28,Customer_57,38,17,"[38, 10, 50, 55, 17]","[129, 120, 394, 199]",12.119975878990862,0.23739164978705524,2
1638,551,2,detour_2,Customer_28,Customer_57,38,17,"[38, 32, 55, 4, 17]","[313, 316, 47, 50]",12.127957157002458,0.22373482983287396,3
1639,552,0,shortest,Customer_28,Customer_24,38,47,"[38, 43, 46, 14, 47]","[350, 376, 171, 162]",12.530735932197711,0.24323547894024344,0
1640,552,1,detour_2,Customer_28,Customer_24,38,47,"[38, 10, 46, 14, 47]","[129, 124, 171, 162]",12.53216677442258,0.24326149425342286,0
1641,552,2,detour_3,Customer_28,Customer_24,38,47,"[38, 43, 33, 14, 47]","[350, 321, 173, 162]",12.688968811636048,0.24611244038457686,0
1642,553,0,shortest,Customer_28,Customer_48,38,27,"[38, 32, 28, 27]","[313, 289, 273]",13.054294227691011,0.2373508041398366,0
1643,553,1,detour_2,Customer_28,Customer_48,38,27,"[38, 76, 32, 28, 27]","[354, 315, 289, 273]",13.430858741116365,0.25280764078396406,0
1644,553,2,detour_3,Customer_28,Customer_48,38,27,"[38, 10, 32, 28, 27]","[129, 118, 289, 273]",15.063351588325492,0.27387911978773627,0
1645,554,0,shortest,Customer_28,Customer_30,38,31,"[38, 32, 55, 8, 31]","[313, 316, 103, 92]",13.128392697891082,0.2494148692587056,3
1646,554,1,avoid_congestion,Customer_28,Customer_30,38,31,"[38, 32, 28, 27, 69, 31]","[313, 289, 273, 274, 311]",20.882947900844428,0.3796899618335351,1
1647,554,2,detour_2,Customer_28,Customer_30,38,31,"[38, 32, 55, 74, 31]","[313, 316, 414, 309]",13.529377978607318,0.25588265267986154,3
1648,554,3,detour_3,Customer_28,Customer_30,38,31,"[38, 32, 55, 8, 18, 31]","[313, 316, 103, 98, 206]",13.461571892024752,0.25774434911204736,4
1649,555,0,shortest,Customer_28,Customer_22,38,65,"[38, 43, 46, 14, 65]","[350, 376, 171, 166]",14.014763894704352,0.25481388899462454,0
1650,555,1,detour_2,Customer_28,Customer_22,38,65,"[38, 10, 46, 14, 65]","[129, 124, 171, 166]",14.016194736929219,0.254839904307804,0
1651,555,2,detour_3,Customer_28,Customer_22,38,65,"[38, 43, 33, 14, 65]","[350, 321, 173, 166]",14.172996774142689,0.257690850438958,0
1652,556,0,shortest,Customer_28,Customer_16,38,18,"[38, 32, 55, 8, 18]","[313, 316, 103, 98]",13.276398279166068,0.2531150087905803,3
1653,556,1,avoid_congestion,Customer_28,Customer_16,38,18,"[38, 32, 28, 27, 69, 18]","[313, 289, 273, 274, 215]",20.89424984031284,0.37989545164205163,1
1654,556,2,detour_2,Customer_28,Customer_16,38,18,"[38, 32, 55, 8, 31, 18]","[313, 316, 103, 92, 207]",13.313566310749765,0.25404420958017265,4
1655,556,3,detour_3,Customer_28,Customer_16,38,18,"[38, 32, 55, 74, 31, 18]","[313, 316, 414, 309, 207]",13.714551591466002,0.2605119930013286,4
1656,557,0,shortest,Customer_28,Customer_50,38,42,"[38, 32, 55, 8, 42]","[313, 316, 103, 100]",14.48405285465181,0.26334641553912386,3
1657,557,1,avoid_congestion,Customer_28,Customer_50,38,42,"[38, 10, 50, 55, 8, 42]","[129, 120, 394, 103, 100]",15.313963991349102,0.2784357089336201,3
1658,557,2,detour_2,Customer_28,Customer_50,38,42,"[38, 32, 55, 4, 42]","[313, 316, 47, 44]",13.773228536105044,0.2648666143104386,3
1659,558,0,shortest,Customer_28,Customer_17,38,40,"[38, 43, 46, 14, 26, 40]","[350, 376, 171, 164, 268]",19.323173423553897,0.35133042588279817,0
1660,558,1,detour_2,Customer_28,Customer_17,38,40,"[38, 10, 46, 14, 26, 40]","[129, 124, 171, 164, 268]",19.324604265778767,0.3513564411959776,0
1661,558,2,detour_3,Customer_28,Customer_17,38,40,"[38, 43, 46, 14, 26, 1, 40]","[350, 376, 171, 164, 13, 18]",19.40321421597951,0.35278571301780937,0
1662,559,0,shortest,Customer_28,Customer_31,38,40,"[38, 43, 46, 14, 26, 40]","[350, 376, 171, 164, 268]",19.323173423553897,0.35133042588279817,0
1663,559,1,detour_2,Customer_28,Customer_31,38,40,"[38, 10, 46, 14, 26, 40]","[129, 124, 171, 164, 268]",19.324604265778767,0.3513564411959776,0
1664,559,2,detour_3,Customer_28,Customer_31,38,40,"[38, 43, 46, 14, 26, 1, 40]","[350, 376, 171, 164, 13, 18]",19.40321421597951,0.35278571301780937,0
1665,560,0,shortest,Customer_29,Customer_14,20,6,"[20, 6]",[75],2.4437486342876347,0.06109371585719087,0
1666,560,1,detour_2,Customer_29,Customer_14,20,6,"[20, 79, 6]","[224, 77]",8.470474772303065,0.1540086322236921,0
1667,560,2,detour_3,Customer_29,Customer_14,20,6,"[20, 24, 6]","[226, 79]",8.718197937708142,0.15851268977651167,0
1668,561,0,shortest,Customer_29,Customer_21,20,24,"[20, 24]",[226],3.7151185254186614,0.06754760955306657,0
1669,561,1,detour_2,Customer_29,Customer_21,20,24,"[20, 6, 24]","[75, 78]",7.4468280465771155,0.152058796080636,0
1670,561,2,detour_3,Customer_29,Customer_21,20,24,"[20, 0, 24]","[9, 2]",8.867954206009296,0.16123553101835084,0
1671,562,0,shortest,Customer_29,Customer_43,20,24,"[20, 24]",[226],3.7151185254186614,0.06754760955306657,0
1672,562,1,detour_2,Customer_29,Customer_43,20,24,"[20, 6, 24]","[75, 78]",7.4468280465771155,0.152058796080636,0
1673,562,2,detour_3,Customer_29,Customer_43,20,24,"[20, 0, 24]","[9, 2]",8.867954206009296,0.16123553101835084,0
1674,563,0,shortest,Customer_29,Customer_23,20,79,"[20, 79]",[224],5.121556806743495,0.09311921466806354,0
1675,563,1,detour_2,Customer_29,Customer_23,20,79,"[20, 6, 79]","[75, 76]",5.792666599847205,0.12198313341281943,0
1676,563,2,detour_3,Customer_29,Customer_23,20,79,"[20, 24, 6, 79]","[226, 79, 76]",12.067115903267712,0.21940210733214022,0
1677,564,0,shortest,Customer_29,Customer_52,20,0,"[20, 0]",[9],6.273730092671854,0.11406781986676098,0
1678,564,1,detour_2,Customer_29,Customer_52,20,0,"[20, 24, 0]","[226, 3]",6.309342638756103,0.11471532070465643,0
1679,564,2,detour_3,Customer_29,Customer_52,20,0,"[20, 6, 24, 0]","[75, 78, 3]",10.041052159914557,0.19922650723222585,0
1680,565,0,shortest,Customer_29,Customer_1,20,39,"[20, 79, 39]","[224, 363]",9.42870040937507,0.17143091653409218,0
1681,565,1,detour_2,Customer_29,Customer_1,20,39,"[20, 6, 39]","[75, 80]",9.465067754552818,0.18875406349837603,0
1682,565,2,detour_3,Customer_29,Customer_1,20,39,"[20, 6, 79, 39]","[75, 76, 363]",10.09981020247878,0.20029483527884806,0
1683,566,0,shortest,Customer_29,Customer_9,20,39,"[20, 79, 39]","[224, 363]",9.42870040937507,0.17143091653409218,0
1684,566,1,detour_2,Customer_29,Customer_9,20,39,"[20, 6, 39]","[75, 80]",9.465067754552818,0.18875406349837603,0
1685,566,2,detour_3,Customer_29,Customer_9,20,39,"[20, 6, 79, 39]","[75, 76, 363]",10.09981020247878,0.20029483527884806,0
1686,567,0,shortest,Customer_29,Customer_10,20,29,"[20, 79, 39, 29]","[224, 363, 293]",13.212750572080427,0.2402318285832805,0
1687,567,1,detour_2,Customer_29,Customer_10,20,29,"[20, 6, 39, 29]","[75, 80, 293]",13.249117917258175,0.25755497554756435,0
1688,567,2,detour_3,Customer_29,Customer_10,20,29,"[20, 6, 79, 39, 29]","[75, 76, 363, 293]",13.883860365184137,0.26909574732803637,0
1689,568,0,shortest,Customer_29,Customer_8,20,13,"[20, 24, 52, 13]","[226, 250, 157]",12.325713708317094,0.22410388560576533,0
1690,568,1,detour_2,Customer_29,Customer_8,20,13,"[20, 0, 52, 13]","[9, 0, 157]",13.46781176270842,0.24486930477651675,0
1691,568,2,detour_3,Customer_29,Customer_8,20,13,"[20, 24, 0, 52, 13]","[226, 3, 0, 157]",13.50342430879267,0.2455168056144122,0
1692,569,0,shortest,Customer_29,Customer_59,20,13,"[20, 24, 52, 13]","[226, 250, 157]",12.325713708317094,0.22410388560576533,0
1693,569,1,detour_2,Customer_29,Customer_59,20,13,"[20, 0, 52, 13]","[9, 0, 157]",13.46781176270842,0.24486930477651675,0
1694,569,2,detour_3,Customer_29,Customer_59,20,13,"[20, 24, 0, 52, 13]","[226, 3, 0, 157]",13.50342430879267,0.2455168056144122,0
1695,570,0,shortest,Customer_29,Customer_51,20,64,"[20, 79, 39, 64]","[224, 363, 358]",12.164966061550999,0.22118120111910908,0
1696,570,1,detour_2,Customer_29,Customer_51,20,64,"[20, 6, 39, 64]","[75, 80, 358]",12.201333406728747,0.23850434808339294,0
1697,570,2,detour_3,Customer_29,Customer_51,20,64,"[20, 79, 39, 54, 64]","[224, 363, 360, 410]",12.393263468113005,0.24554499300254054,0
1698,571,0,shortest,Customer_29,Customer_20,20,12,"[20, 79, 39, 12]","[224, 363, 147]",12.894406207259104,0.2344437492228928,0
1699,571,1,detour_2,Customer_29,Customer_20,20,12,"[20, 79, 39, 64, 12]","[224, 363, 358, 141]",13.095960164138036,0.24445605368378504,0
1700,571,2,detour_3,Customer_29,Customer_20,20,12,"[20, 6, 39, 12]","[75, 80, 147]",12.930773552436852,0.2517668961871766,0
1701,572,0,shortest,Customer_29,Customer_26,20,12,"[20, 79, 39, 12]","[224, 363, 147]",12.894406207259104,0.2344437492228928,0
1702,572,1,detour_2,Customer_29,Customer_26,20,12,"[20, 79, 39, 64, 12]","[224, 363, 358, 141]",13.095960164138036,0.24445605368378504,0
1703,572,2,detour_3,Customer_29,Customer_26,20,12,"[20, 6, 39, 12]","[75, 80, 147]",12.930773552436852,0.2517668961871766,0
1704,573,0,shortest,Customer_29,Customer_18,20,53,"[20, 24, 52, 63, 53]","[226, 250, 402, 409]",16.007757404794365,0.2910501346326248,0
1705,573,1,detour_2,Customer_29,Customer_18,20,53,"[20, 0, 52, 63, 53]","[9, 0, 402, 409]",17.14985545918569,0.3118155538033762,0
1706,573,2,detour_3,Customer_29,Customer_18,20,53,"[20, 24, 0, 52, 63, 53]","[226, 3, 0, 402, 409]",17.18546800526994,0.31246305464127166,0
1707,574,0,shortest,Customer_29,Customer_41,20,53,"[20, 24, 52, 63, 53]","[226, 250, 402, 409]",16.007757404794365,0.2910501346326248,0
1708,574,1,detour_2,Customer_29,Customer_41,20,53,"[20, 0, 52, 63, 53]","[9, 0, 402, 409]",17.14985545918569,0.3118155538033762,0
1709,574,2,detour_3,Customer_29,Customer_41,20,53,"[20, 24, 0, 52, 63, 53]","[226, 3, 0, 402, 409]",17.18546800526994,0.31246305464127166,0
1710,575,0,shortest,Customer_29,Customer_5,20,19,"[20, 79, 39, 64, 19]","[224, 363, 358, 219]",15.956544349795651,0.2901189881781028,0
1711,575,1,detour_2,Customer_29,Customer_5,20,19,"[20, 79, 39, 54, 19]","[224, 363, 360, 217]",15.272200292230913,0.29418373841166906,0
1712,575,2,detour_3,Customer_29,Customer_5,20,19,"[20, 79, 39, 64, 54, 19]","[224, 363, 358, 411, 217]",16.13086729428671,0.2969940567436827,0
1713,576,0,shortest,Customer_29,Customer_34,20,19,"[20, 79, 39, 64, 19]","[224, 363, 358, 219]",15.956544349795651,0.2901189881781028,0
1714,576,1,detour_2,Customer_29,Customer_34,20,19,"[20, 79, 39, 54, 19]","[224, 363, 360, 217]",15.272200292230913,0.29418373841166906,0
1715,576,2,detour_3,Customer_29,Customer_34,20,19,"[20, 79, 39, 64, 54, 19]","[224, 363, 358, 411, 217]",16.13086729428671,0.2969940567436827,0
1716,577,0,shortest,Customer_29,Customer_3,20,77,"[20, 79, 39, 64, 77]","[224, 363, 358, 452]",15.342529746140809,0.2789550862934692,0
1717,577,1,detour_2,Customer_29,Customer_3,20,77,"[20, 79, 39, 12, 77]","[224, 363, 147, 144]",15.89940866111479,0.28908015747481436,0
1718,577,2,detour_3,Customer_29,Customer_3,20,77,"[20, 79, 39, 54, 77]","[224, 363, 360, 412]",15.195594658638873,0.29279090870999563,0
1719,578,0,shortest,Customer_29,Customer_33,20,77,"[20, 79, 39, 64, 77]","[224, 363, 358, 452]",15.342529746140809,0.2789550862934692,0
1720,578,1,detour_2,Customer_29,Customer_33,20,77,"[20, 79, 39, 12, 77]","[224, 363, 147, 144]",15.89940866111479,0.28908015747481436,0
1721,578,2,detour_3,Customer_29,Customer_33,20,77,"[20, 79, 39, 54, 77]","[224, 363, 360, 412]",15.195594658638873,0.29279090870999563,0
1722,579,0,shortest,Customer_29,Customer_40,20,77,"[20, 79, 39, 64, 77]","[224, 363, 358, 452]",15.342529746140809,0.2789550862934692,0
1723,579,1,detour_2,Customer_29,Customer_40,20,77,"[20, 79, 39, 12, 77]","[224, 363, 147, 144]",15.89940866111479,0.28908015747481436,0
1724,579,2,detour_3,Customer_29,Customer_40,20,77,"[20, 79, 39, 54, 77]","[224, 363, 360, 412]",15.195594658638873,0.29279090870999563,0
1725,580,0,shortest,Customer_30,Customer_16,31,18,"[31, 18]",[207],0.18517361285868306,0.004629340321467076,1
1726,580,1,detour_2,Customer_30,Customer_16,31,18,"[31, 8, 18]","[93, 98]",3.2916061750761867,0.08229015437690468,2
1727,580,2,detour_3,Customer_30,Customer_16,31,18,"[31, 72, 18]","[306, 209]",4.316545074579764,0.1079136268644941,2
1728,581,0,shortest,Customer_30,Customer_57,31,17,"[31, 17]",[203],3.069966256036049,0.05581756829156452,1
1729,581,1,detour_2,Customer_30,Customer_57,31,17,"[31, 18, 17]","[207, 201]",3.363444982893002,0.06241609250390924,2
1730,581,2,detour_3,Customer_30,Customer_57,31,17,"[31, 8, 17]","[93, 96]",3.1997587407073924,0.07999396851768481,2
1731,582,0,shortest,Customer_30,Customer_15,31,74,"[31, 74]",[308],3.2857050776793733,0.05974009232144315,1
1732,582,1,detour_2,Customer_30,Customer_15,31,74,"[31, 72, 74]","[306, 460]",3.2858464216437584,0.08214616054109397,2
1733,582,2,detour_3,Customer_30,Customer_15,31,74,"[31, 18, 72, 74]","[207, 208, 460]",3.656058476388929,0.09140146190972322,3
1734,583,0,shortest,Customer_30,Customer_50,31,42,"[31, 18, 42]","[207, 210]",3.5459746916220367,0.06573481448080078,2
1735,583,1,detour_2,Customer_30,Customer_50,31,42,"[31, 8, 42]","[93, 100]",4.499260750561929,0.09252156112544825,2
1736,583,2,detour_3,Customer_30,Customer_50,31,42,"[31, 18, 8, 42]","[207, 99, 100]",4.832439944695599,0.10085104097879001,3
1737,584,0,shortest,Customer_30,Customer_2,31,44,"[31, 69, 22, 44]","[310, 239, 240]",11.6471839382856,0.21176698069610184,1
1738,584,1,detour_2,Customer_30,Customer_2,31,44,"[31, 69, 22, 7, 44]","[310, 239, 87, 82]",11.688035267108209,0.21522951263819542,1
1739,584,2,detour_3,Customer_30,Customer_2,31,44,"[31, 18, 69, 22, 44]","[207, 214, 239, 240]",11.843659490612694,0.21660181082608548,2
1740,585,0,shortest,Customer_30,Customer_4,31,44,"[31, 69, 22, 44]","[310, 239, 240]",11.6471839382856,0.21176698069610184,1
1741,585,1,detour_2,Customer_30,Customer_4,31,44,"[31, 69, 22, 7, 44]","[310, 239, 87, 82]",11.688035267108209,0.21522951263819542,1
1742,585,2,detour_3,Customer_30,Customer_4,31,44,"[31, 18, 69, 22, 44]","[207, 214, 239, 240]",11.843659490612694,0.21660181082608548,2
1743,586,0,shortest,Customer_30,Customer_27,31,44,"[31, 69, 22, 44]","[310, 239, 240]",11.6471839382856,0.21176698069610184,1
1744,586,1,detour_2,Customer_30,Customer_27,31,44,"[31, 69, 22, 7, 44]","[310, 239, 87, 82]",11.688035267108209,0.21522951263819542,1
1745,586,2,detour_3,Customer_30,Customer_27,31,44,"[31, 18, 69, 22, 44]","[207, 214, 239, 240]",11.843659490612694,0.21660181082608548,2
1746,587,0,shortest,Customer_30,Customer_46,31,5,"[31, 69, 5]","[310, 55]",8.425862555254497,0.15319750100462723,1
1747,587,1,detour_2,Customer_30,Customer_46,31,5,"[31, 18, 69, 5]","[207, 214, 55]",8.62233810758159,0.15803233113461085,2
1748,587,2,detour_3,Customer_30,Customer_46,31,5,"[31, 69, 22, 5]","[310, 239, 57]",8.578391686424611,0.1589806839079891,1
1749,588,0,shortest,Customer_30,Customer_48,31,27,"[31, 69, 27]","[310, 275]",7.828653673153415,0.14233915769369845,1
1750,588,1,detour_2,Customer_30,Customer_48,31,27,"[31, 18, 69, 27]","[207, 214, 275]",8.025129225480509,0.14717398782368207,2
1751,588,2,detour_3,Customer_30,Customer_48,31,27,"[31, 74, 27]","[308, 279]",9.689316695172087,0.1761693944576743,2
1752,589,0,shortest,Customer_30,Customer_25,31,34,"[31, 74, 50, 46, 14, 34]","[308, 397, 385, 171, 168]",16.411758262614875,0.31232202849314256,2
1753,589,1,detour_2,Customer_30,Customer_25,31,34,"[31, 8, 55, 50, 46, 14, 34]","[93, 102, 395, 385, 171, 168]",16.10380487609413,0.3174396962170877,3
1754,589,2,detour_3,Customer_30,Customer_25,31,34,"[31, 74, 55, 50, 46, 14, 34]","[308, 415, 395, 385, 171, 168]",16.504790156810365,0.3239074796382436,3
1755,590,0,shortest,Customer_30,Customer_22,31,65,"[31, 74, 50, 46, 14, 65]","[308, 397, 385, 171, 166]",18.112485171808757,0.32931791221470463,2
1756,590,1,detour_2,Customer_30,Customer_22,31,65,"[31, 8, 55, 50, 46, 14, 65]","[93, 102, 395, 385, 171, 166]",17.804531785288013,0.3344355799386498,3
1757,590,2,detour_3,Customer_30,Customer_22,31,65,"[31, 74, 55, 50, 46, 14, 65]","[308, 415, 395, 385, 171, 166]",18.205517066004248,0.34090336335980576,3
1758,591,0,shortest,Customer_30,Customer_18,31,53,"[31, 18, 48, 53]","[207, 212, 388]",8.913777198966208,0.16333122370524025,2
1759,591,1,detour_2,Customer_30,Customer_18,31,53,"[31, 18, 42, 48, 53]","[207, 210, 372, 388]",9.94500664165654,0.19689295540681223,3
1760,591,2,detour_3,Customer_30,Customer_18,31,53,"[31, 18, 48, 3, 53]","[207, 212, 37, 34]",10.607978598694245,0.20985364539967094,3
1761,592,0,shortest,Customer_30,Customer_41,31,53,"[31, 18, 48, 53]","[207, 212, 388]",8.913777198966208,0.16333122370524025,2
1762,592,1,detour_2,Customer_30,Customer_41,31,53,"[31, 18, 42, 48, 53]","[207, 210, 372, 388]",9.94500664165654,0.19689295540681223,3
1763,592,2,detour_3,Customer_30,Customer_41,31,53,"[31, 18, 48, 3, 53]","[207, 212, 37, 34]",10.607978598694245,0.20985364539967094,3
1764,593,0,shortest,Customer_30,Customer_24,31,47,"[31, 74, 50, 46, 14, 47]","[308, 397, 385, 171, 162]",16.628457209302116,0.31773950216032354,2
1765,593,1,detour_2,Customer_30,Customer_24,31,47,"[31, 8, 55, 50, 46, 14, 47]","[93, 102, 395, 385, 171, 162]",16.320503822781372,0.32285716988426866,3
1766,593,2,detour_3,Customer_30,Customer_24,31,47,"[31, 74, 55, 50, 46, 14, 47]","[308, 415, 395, 385, 171, 162]",16.721489103497607,0.3293249533054246,3
1767,594,0,shortest,Customer_30,Customer_8,31,13,"[31, 18, 48, 53, 63, 13]","[207, 212, 388, 408, 153]",13.875613439196684,0.2665085056298734,2
1768,594,1,avoid_congestion,Customer_30,Customer_8,31,13,"[31, 69, 22, 7, 13]","[310, 239, 87, 88]",15.590232521694887,0.28345877312172524,1
1769,594,2,detour_3,Customer_30,Customer_8,31,13,"[31, 69, 22, 44, 13]","[310, 239, 240, 159]",15.842544882417712,0.28804627058941296,1
1770,595,0,shortest,Customer_30,Customer_59,31,13,"[31, 18, 48, 53, 63, 13]","[207, 212, 388, 408, 153]",13.875613439196684,0.2665085056298734,2
1771,595,1,avoid_congestion,Customer_30,Customer_59,31,13,"[31, 69, 22, 7, 13]","[310, 239, 87, 88]",15.590232521694887,0.28345877312172524,1
1772,595,2,detour_3,Customer_30,Customer_59,31,13,"[31, 69, 22, 44, 13]","[310, 239, 240, 159]",15.842544882417712,0.28804627058941296,1
1773,596,0,shortest,Customer_30,Customer_36,31,68,"[31, 69, 27, 68]","[310, 275, 276]",12.651922828543807,0.23003496051897832,1
1774,596,1,detour_2,Customer_30,Customer_36,31,68,"[31, 18, 69, 27, 68]","[207, 214, 275, 276]",12.8483983808709,0.2348697906489619,2
1775,596,2,detour_3,Customer_30,Customer_36,31,68,"[31, 69, 22, 68]","[310, 239, 244]",13.558940762881946,0.24652619568876266,1
1776,597,0,shortest,Customer_30,Customer_45,31,68,"[31, 69, 27, 68]","[310, 275, 276]",12.651922828543807,0.23003496051897832,1
1777,597,1,detour_2,Customer_30,Customer_45,31,68,"[31, 18, 69, 27, 68]","[207, 214, 275, 276]",12.8483983808709,0.2348697906489619,2
1778,597,2,detour_3,Customer_30,Customer_45,31,68,"[31, 69, 22, 68]","[310, 239, 244]",13.558940762881946,0.24652619568876266,1
1779,598,0,shortest,Customer_30,Customer_56,31,68,"[31, 69, 27, 68]","[310, 275, 276]",12.651922828543807,0.23003496051897832,1
1780,598,1,detour_2,Customer_30,Customer_56,31,68,"[31, 18, 69, 27, 68]","[207, 214, 275, 276]",12.8483983808709,0.2348697906489619,2
1781,598,2,detour_3,Customer_30,Customer_56,31,68,"[31, 69, 22, 68]","[310, 239, 244]",13.558940762881946,0.24652619568876266,1
1782,599,0,shortest,Customer_30,Customer_11,31,10,"[31, 74, 50, 10]","[308, 397, 121]",10.306252896335067,0.1873864162970012,2
1783,599,1,detour_2,Customer_30,Customer_11,31,10,"[31, 8, 55, 50, 10]","[93, 102, 395, 121]",9.998299509814323,0.19250408402094632,3
1784,599,2,detour_3,Customer_30,Customer_11,31,10,"[31, 74, 55, 50, 10]","[308, 415, 395, 121]",10.399284790530558,0.19897186744210227,3
1785,600,0,same_node,Customer_31,Customer_17,40,40,[40],[],0.0,0.0,0
1786,601,0,shortest,Customer_31,Customer_13,40,61,"[40, 61]",[364],4.995223367601172,0.09082224304729404,0
1787,601,1,detour_2,Customer_31,Customer_13,40,61,"[40, 1, 61]","[19, 10]",6.989360047767523,0.12707927359577315,0
1788,601,2,detour_3,Customer_31,Customer_13,40,61,"[40, 9, 1, 61]","[117, 17, 10]",9.82347374094487,0.18843119812435344,0
1789,602,0,shortest,Customer_31,Customer_60,40,61,"[40, 61]",[364],4.995223367601172,0.09082224304729404,0
1790,602,1,detour_2,Customer_31,Customer_60,40,61,"[40, 1, 61]","[19, 10]",6.989360047767523,0.12707927359577315,0
1791,602,2,detour_3,Customer_31,Customer_60,40,61,"[40, 9, 1, 61]","[117, 17, 10]",9.82347374094487,0.18843119812435344,0
1792,603,0,shortest,Customer_31,Customer_39,40,66,"[40, 61, 66]","[364, 446]",7.188446814626206,0.1456528292229199,0
1793,603,1,detour_2,Customer_31,Customer_39,40,66,"[40, 1, 66]","[19, 22]",8.364145262389137,0.1520753684070752,0
1794,603,2,detour_3,Customer_31,Customer_39,40,66,"[40, 1, 61, 66]","[19, 10, 446]",9.182583494792556,0.181909859771399,0
1795,604,0,shortest,Customer_31,Customer_49,40,66,"[40, 61, 66]","[364, 446]",7.188446814626206,0.1456528292229199,0
1796,604,1,detour_2,Customer_31,Customer_49,40,66,"[40, 1, 66]","[19, 22]",8.364145262389137,0.1520753684070752,0
1797,604,2,detour_3,Customer_31,Customer_49,40,66,"[40, 1, 61, 66]","[19, 10, 446]",9.182583494792556,0.181909859771399,0
1798,605,0,shortest,Customer_31,Customer_24,40,47,"[40, 9, 47]","[117, 112]",7.807041553187422,0.14194621005795313,0
1799,605,1,detour_2,Customer_31,Customer_24,40,47,"[40, 1, 47]","[19, 14]",7.829129582889966,0.1423478105979994,0
1800,605,2,detour_3,Customer_31,Customer_24,40,47,"[40, 1, 9, 47]","[19, 16, 112]",7.854219358114438,0.15262657298198193,0
1801,606,0,shortest,Customer_31,Customer_22,40,65,"[40, 9, 65]","[117, 114]",7.8782760708097666,0.14324138310563211,0
1802,606,1,detour_2,Customer_31,Customer_22,40,65,"[40, 1, 9, 65]","[19, 16, 114]",7.925453875736782,0.1539217460296609,0
1803,606,2,detour_3,Customer_31,Customer_22,40,65,"[40, 26, 65]","[269, 264]",7.932199537396863,0.15835731903053993,0
1804,607,0,shortest,Customer_31,Customer_19,40,57,"[40, 61, 57]","[364, 429]",8.286927621002828,0.1506714112909605,0
1805,607,1,detour_2,Customer_31,Customer_19,40,57,"[40, 61, 16, 57]","[364, 189, 184]",8.54829920305127,0.1571000667754946,0
1806,607,2,detour_3,Customer_31,Customer_19,40,57,"[40, 1, 61, 57]","[19, 10, 429]",10.28106430116918,0.18692844183943963,0
1807,608,0,shortest,Customer_31,Customer_25,40,34,"[40, 9, 34]","[117, 110]",8.626621689219352,0.1568476670767155,0
1808,608,1,detour_2,Customer_31,Customer_25,40,34,"[40, 26, 34]","[269, 266]",8.646127509184097,0.15720231834880177,0
1809,608,2,detour_3,Customer_31,Customer_25,40,34,"[40, 1, 26, 34]","[19, 12, 266]",8.726168301609711,0.1586576054838129,0
1810,609,0,shortest,Customer_31,Customer_6,40,56,"[40, 56]",[366],8.515575519626273,0.15482864581138678,0
1811,609,1,detour_2,Customer_31,Customer_6,40,56,"[40, 37, 56]","[347, 344]",14.353064152835925,0.26096480277883505,0
1812,609,2,detour_3,Customer_31,Customer_6,40,56,"[40, 61, 78, 56]","[364, 448, 421]",18.59730944003597,0.33813289890974496,0
1813,610,0,shortest,Customer_31,Customer_42,40,56,"[40, 56]",[366],8.515575519626273,0.15482864581138678,0
1814,610,1,detour_2,Customer_31,Customer_42,40,56,"[40, 37, 56]","[347, 344]",14.353064152835925,0.26096480277883505,0
1815,610,2,detour_3,Customer_31,Customer_42,40,56,"[40, 61, 78, 56]","[364, 448, 421]",18.59730944003597,0.33813289890974496,0
1816,611,0,shortest,Customer_31,Customer_55,40,56,"[40, 56]",[366],8.515575519626273,0.15482864581138678,0
1817,611,1,detour_2,Customer_31,Customer_55,40,56,"[40, 37, 56]","[347, 344]",14.353064152835925,0.26096480277883505,0
1818,611,2,detour_3,Customer_31,Customer_55,40,56,"[40, 61, 78, 56]","[364, 448, 421]",18.59730944003597,0.33813289890974496,0
1819,612,0,shortest,Customer_31,Customer_7,40,78,"[40, 61, 78]","[364, 448]",11.633416639570235,0.21151666617400428,0
1820,612,1,detour_2,Customer_31,Customer_7,40,78,"[40, 1, 61, 78]","[19, 10, 448]",13.627553319736586,0.2477736967224834,0
1821,612,2,detour_3,Customer_31,Customer_7,40,78,"[40, 61, 16, 78]","[364, 189, 190]",13.834160515563095,0.2515301911920563,0
1822,613,0,shortest,Customer_31,Customer_38,40,78,"[40, 61, 78]","[364, 448]",11.633416639570235,0.21151666617400428,0
1823,613,1,detour_2,Customer_31,Customer_38,40,78,"[40, 1, 61, 78]","[19, 10, 448]",13.627553319736586,0.2477736967224834,0
1824,613,2,detour_3,Customer_31,Customer_38,40,78,"[40, 61, 16, 78]","[364, 189, 190]",13.834160515563095,0.2515301911920563,0
1825,614,0,shortest,Customer_31,Customer_44,40,46,"[40, 26, 14, 46]","[269, 165, 170]",12.390814410999116,0.2252875347454385,0
1826,614,1,detour_2,Customer_31,Customer_44,40,46,"[40, 1, 26, 14, 46]","[19, 12, 165, 170]",12.47085520342473,0.22674282188044964,0
1827,614,2,detour_3,Customer_31,Customer_44,40,46,"[40, 9, 26, 14, 46]","[117, 108, 165, 170]",12.424675042444711,0.23378068043491973,0
1828,615,0,shortest,Customer_31,Customer_11,40,10,"[40, 26, 14, 46, 10]","[269, 165, 170, 125]",15.364599941004716,0.27935636256372215,0
1829,615,1,detour_2,Customer_31,Customer_11,40,10,"[40, 1, 26, 14, 46, 10]","[19, 12, 165, 170, 125]",15.44464073343033,0.2808116496987333,0
1830,615,2,detour_3,Customer_31,Customer_11,40,10,"[40, 9, 26, 14, 46, 10]","[117, 108, 165, 170, 125]",15.398460572450311,0.2878495082532034,0
1831,616,0,shortest,Customer_31,Customer_57,40,17,"[40, 26, 14, 46, 50, 55, 17]","[269, 165, 170, 384, 394, 199]",21.274613358540048,0.40383960396067686,2
1832,616,1,detour_2,Customer_31,Customer_57,40,17,"[40, 26, 14, 46, 50, 55, 4, 17]","[269, 165, 170, 384, 394, 47, 50]",22.112505773248937,0.40527207740099175,3
1833,616,2,detour_3,Customer_31,Customer_57,40,17,"[40, 1, 26, 14, 46, 50, 55, 17]","[19, 12, 165, 170, 384, 394, 199]",21.35465415096566,0.40529489109568795,2
1834,617,0,shortest,Customer_31,Customer_50,40,42,"[40, 26, 14, 46, 50, 55, 8, 42]","[269, 165, 170, 384, 394, 103, 100]",24.46860147089829,0.4448836631072417,3
1835,617,1,avoid_congestion,Customer_31,Customer_50,40,42,"[40, 61, 57, 77, 12, 30, 53, 48, 42]","[364, 429, 426, 145, 148, 300, 389, 373]",29.314190817803958,0.5637695976741486,1
1836,617,2,detour_2,Customer_31,Customer_50,40,42,"[40, 1, 26, 14, 46, 50, 55, 8, 42]","[19, 12, 165, 170, 384, 394, 103, 100]",24.548642263323902,0.4463389502422528,3
1837,617,3,detour_3,Customer_31,Customer_50,40,42,"[40, 26, 14, 46, 50, 55, 4, 42]","[269, 165, 170, 384, 394, 47, 44]",23.757777152351522,0.4464038618785564,3
1838,618,0,shortest,Customer_31,Customer_12,40,67,"[40, 26, 14, 33, 67]","[269, 165, 172, 322]",17.3696400753178,0.3158116377330509,0
1839,618,1,detour_2,Customer_31,Customer_12,40,67,"[40, 1, 26, 14, 33, 67]","[19, 12, 165, 172, 322]",17.449680867743414,0.317266924868062,0
1840,618,2,detour_3,Customer_31,Customer_12,40,67,"[40, 9, 26, 14, 33, 67]","[117, 108, 165, 172, 322]",17.403500706763392,0.3243047834225321,0
1841,619,0,shortest,Customer_31,Customer_47,40,43,"[40, 26, 14, 46, 43]","[269, 165, 170, 377]",16.80866426409867,0.3056120775290668,0
1842,619,1,detour_2,Customer_31,Customer_47,40,43,"[40, 1, 26, 14, 46, 43]","[19, 12, 165, 170, 377]",16.888705056524284,0.3070673646640779,0
1843,619,2,detour_3,Customer_31,Customer_47,40,43,"[40, 26, 14, 33, 43]","[269, 165, 172, 320]",16.966897143537008,0.30848903897340013,0
1844,620,0,shortest,Customer_32,Customer_53,36,15,"[36, 35, 15]","[335, 175]",14.545900633773162,0.26447092061405747,0
1845,620,1,detour_2,Customer_32,Customer_53,36,15,"[36, 70, 15]","[338, 183]",15.599008755965723,0.28361834101755856,0
1846,620,2,detour_3,Customer_32,Customer_53,36,15,"[36, 35, 25, 15]","[335, 257, 179]",15.93973152127021,0.30436024828903674,0
1847,621,0,shortest,Customer_32,Customer_48,36,27,"[36, 49, 28, 27]","[342, 291, 273]",20.209997400977805,0.3674544981995964,0
1848,621,1,detour_2,Customer_32,Customer_48,36,27,"[36, 58, 49, 28, 27]","[340, 393, 291, 273]",21.002576191194656,0.3818650216580846,0
1849,621,2,detour_3,Customer_32,Customer_48,36,27,"[36, 35, 49, 28, 27]","[335, 332, 291, 273]",24.85623822352186,0.4519316040640338,0
1850,622,0,shortest,Customer_32,Customer_28,36,38,"[36, 49, 76, 38]","[342, 390, 355]",20.87857732154424,0.3796104967553498,0
1851,622,1,detour_2,Customer_32,Customer_28,36,38,"[36, 58, 49, 76, 38]","[340, 393, 390, 355]",21.67115611176109,0.394021020213838,0
1852,622,2,detour_3,Customer_32,Customer_28,36,38,"[36, 49, 76, 32, 38]","[342, 390, 315, 312]",23.02767415212772,0.4272951937114432,0
1853,623,0,shortest,Customer_32,Customer_37,36,75,"[36, 35, 15, 75]","[335, 175, 176]",17.815469993092222,0.3239176362380404,0
1854,623,1,detour_2,Customer_32,Customer_37,36,75,"[36, 70, 15, 75]","[338, 183, 176]",18.868578115284784,0.34306505664154147,0
1855,623,2,detour_3,Customer_32,Customer_37,36,75,"[36, 35, 25, 75]","[335, 257, 260]",19.015032177035508,0.36027480566658765,0
1856,624,0,shortest,Customer_32,Customer_54,36,75,"[36, 35, 15, 75]","[335, 175, 176]",17.815469993092222,0.3239176362380404,0
1857,624,1,detour_2,Customer_32,Customer_54,36,75,"[36, 70, 15, 75]","[338, 183, 176]",18.868578115284784,0.34306505664154147,0
1858,624,2,detour_3,Customer_32,Customer_54,36,75,"[36, 35, 25, 75]","[335, 257, 260]",19.015032177035508,0.36027480566658765,0
1859,625,0,shortest,Customer_32,Customer_35,36,73,"[36, 35, 15, 73]","[335, 175, 180]",18.839651991419196,0.34253912711671264,0
1860,625,1,detour_2,Customer_32,Customer_35,36,73,"[36, 70, 15, 73]","[338, 183, 180]",19.892760113611757,0.3616865475202138,0
1861,625,2,detour_3,Customer_32,Customer_35,36,73,"[36, 35, 25, 15, 73]","[335, 257, 179, 180]",20.233482878916245,0.38242845479169196,0
1862,626,0,shortest,Customer_32,Customer_58,36,73,"[36, 35, 15, 73]","[335, 175, 180]",18.839651991419196,0.34253912711671264,0
1863,626,1,detour_2,Customer_32,Customer_58,36,73,"[36, 70, 15, 73]","[338, 183, 180]",19.892760113611757,0.3616865475202138,0
1864,626,2,detour_3,Customer_32,Customer_58,36,73,"[36, 35, 25, 15, 73]","[335, 257, 179, 180]",20.233482878916245,0.38242845479169196,0
1865,627,0,same_node,Customer_33,Customer_3,77,77,[77],[],0.0,0.0,0
1866,628,0,same_node,Customer_33,Customer_40,77,77,[77],[],0.0,0.0,0
1867,629,0,shortest,Customer_33,Customer_20,77,12,"[77, 12]",[145],3.005002453855687,0.05463640825192158,0
1868,629,1,detour_2,Customer_33,Customer_20,77,12,"[77, 64, 12]","[453, 141]",4.1085577871768475,0.08104873773903612,0
1869,629,2,detour_3,Customer_33,Customer_20,77,12,"[77, 54, 12]","[413, 143]",4.818624213268144,0.09765324127601202,0
1870,630,0,shortest,Customer_33,Customer_26,77,12,"[77, 12]",[145],3.005002453855687,0.05463640825192158,0
1871,630,1,detour_2,Customer_33,Customer_26,77,12,"[77, 64, 12]","[453, 141]",4.1085577871768475,0.08104873773903612,0
1872,630,2,detour_3,Customer_33,Customer_26,77,12,"[77, 54, 12]","[413, 143]",4.818624213268144,0.09765324127601202,0
1873,631,0,shortest,Customer_33,Customer_51,77,64,"[77, 64]",[453],3.177563684589809,0.05777388517436016,0
1874,631,1,detour_2,Customer_33,Customer_51,77,64,"[77, 54, 64]","[413, 410]",3.8892955991436704,0.07442002592290016,0
1875,631,2,detour_3,Customer_33,Customer_51,77,64,"[77, 12, 64]","[145, 140]",3.9359965564427255,0.07791126081659754,0
1876,632,0,shortest,Customer_33,Customer_5,77,19,"[77, 19]",[221],3.489061186436827,0.06343747611703321,0
1877,632,1,detour_2,Customer_33,Customer_5,77,19,"[77, 54, 19]","[413, 217]",6.768232423261577,0.12305877133202868,0
1878,632,2,detour_3,Customer_33,Customer_5,77,19,"[77, 64, 19]","[453, 219]",6.969141972834461,0.12671167223335383,0
1879,633,0,shortest,Customer_33,Customer_34,77,19,"[77, 19]",[221],3.489061186436827,0.06343747611703321,0
1880,633,1,detour_2,Customer_33,Customer_34,77,19,"[77, 54, 19]","[413, 217]",6.768232423261577,0.12305877133202868,0
1881,633,2,detour_3,Customer_33,Customer_34,77,19,"[77, 64, 19]","[453, 219]",6.969141972834461,0.12671167223335383,0
1882,634,0,shortest,Customer_33,Customer_19,77,57,"[77, 57]",[427],5.627543336513053,0.10231896975478279,0
1883,634,1,detour_2,Customer_33,Customer_19,77,57,"[77, 12, 30, 3, 48, 4, 55, 50, 46, 14, 26, 1, 61, 57]","[145, 148, 33, 36, 53, 46, 395, 385, 171, 164, 13, 10, 429]",43.4825627002217,0.7905920490949401,4
1884,634,2,detour_3,Customer_33,Customer_19,77,57,"[77, 12, 30, 53, 48, 4, 55, 50, 46, 14, 26, 1, 61, 57]","[145, 148, 300, 389, 53, 46, 395, 385, 171, 164, 13, 10, 429]",42.83026262666687,0.794704252364454,3
1885,635,0,shortest,Customer_33,Customer_1,77,39,"[77, 64, 39]","[453, 359]",5.913829336765739,0.10752416975937706,0
1886,635,1,detour_2,Customer_33,Customer_1,77,39,"[77, 12, 39]","[145, 146]",6.470708251739721,0.1176492409407222,0
1887,635,2,detour_3,Customer_33,Customer_1,77,39,"[77, 54, 39]","[413, 361]",5.766894249263802,0.12135999217590346,0
1888,636,0,shortest,Customer_33,Customer_9,77,39,"[77, 64, 39]","[453, 359]",5.913829336765739,0.10752416975937706,0
1889,636,1,detour_2,Customer_33,Customer_9,77,39,"[77, 12, 39]","[145, 146]",6.470708251739721,0.1176492409407222,0
1890,636,2,detour_3,Customer_33,Customer_9,77,39,"[77, 54, 39]","[413, 361]",5.766894249263802,0.12135999217590346,0
1891,637,0,shortest,Customer_33,Customer_39,77,66,"[77, 57, 66]","[427, 430]",7.389834662442233,0.14637625290301226,0
1892,637,1,detour_2,Customer_33,Customer_39,77,66,"[77, 57, 16, 66]","[427, 185, 186]",7.801687710736875,0.15667257911037832,0
1893,637,2,detour_3,Customer_33,Customer_39,77,66,"[77, 57, 61, 66]","[427, 428, 446]",11.112471036939745,0.21699872417407512,0
1894,638,0,shortest,Customer_33,Customer_49,77,66,"[77, 57, 66]","[427, 430]",7.389834662442233,0.14637625290301226,0
1895,638,1,detour_2,Customer_33,Customer_49,77,66,"[77, 57, 16, 66]","[427, 185, 186]",7.801687710736875,0.15667257911037832,0
1896,638,2,detour_3,Customer_33,Customer_49,77,66,"[77, 57, 61, 66]","[427, 428, 446]",11.112471036939745,0.21699872417407512,0
1897,639,0,shortest,Customer_33,Customer_10,77,29,"[77, 19, 29]","[221, 222]",7.757477921228796,0.14104505311325083,0
1898,639,1,detour_2,Customer_33,Customer_10,77,29,"[77, 54, 29]","[413, 297]",8.170406131212406,0.14855283874931646,0
1899,639,2,detour_3,Customer_33,Customer_10,77,29,"[77, 64, 29]","[453, 295]",8.5396071996744,0.15526558544862545,0
1900,640,0,shortest,Customer_33,Customer_18,77,53,"[77, 12, 30, 53]","[145, 148, 300]",9.000687910253571,0.17962107570239386,0
1901,640,1,detour_2,Customer_33,Customer_18,77,53,"[77, 12, 60, 53]","[145, 150, 407]",10.366725803620538,0.18848592370219158,0
1902,640,2,detour_3,Customer_33,Customer_18,77,53,"[77, 64, 30, 53]","[453, 303, 300]",9.709290500673525,0.19250475916457488,0
1903,641,0,shortest,Customer_33,Customer_41,77,53,"[77, 12, 30, 53]","[145, 148, 300]",9.000687910253571,0.17962107570239386,0
1904,641,1,detour_2,Customer_33,Customer_41,77,53,"[77, 12, 60, 53]","[145, 150, 407]",10.366725803620538,0.18848592370219158,0
1905,641,2,detour_3,Customer_33,Customer_41,77,53,"[77, 64, 30, 53]","[453, 303, 300]",9.709290500673525,0.19250475916457488,0
1906,642,0,shortest,Customer_33,Customer_7,77,78,"[77, 57, 78]","[427, 434]",11.405048274550198,0.20736451408273088,0
1907,642,1,detour_2,Customer_33,Customer_7,77,78,"[77, 57, 16, 78]","[427, 185, 190]",11.405161820229855,0.20904302345146886,0
1908,642,2,detour_3,Customer_33,Customer_7,77,78,"[77, 57, 61, 78]","[427, 428, 448]",15.557440861883773,0.2828625611251595,0
1909,643,0,shortest,Customer_33,Customer_38,77,78,"[77, 57, 78]","[427, 434]",11.405048274550198,0.20736451408273088,0
1910,643,1,detour_2,Customer_33,Customer_38,77,78,"[77, 57, 16, 78]","[427, 185, 190]",11.405161820229855,0.20904302345146886,0
1911,643,2,detour_3,Customer_33,Customer_38,77,78,"[77, 57, 61, 78]","[427, 428, 448]",15.557440861883773,0.2828625611251595,0
1912,644,0,shortest,Customer_33,Customer_13,77,61,"[77, 57, 61]","[427, 428]",8.91924758991471,0.16216813799844926,0
1913,644,1,detour_2,Customer_33,Customer_13,77,61,"[77, 57, 16, 61]","[427, 185, 188]",9.180619171963151,0.16859679348298334,0
1914,644,2,detour_3,Customer_33,Customer_13,77,61,"[77, 57, 66, 61]","[427, 430, 447]",9.583058109467267,0.20120683907863812,0
1915,645,0,shortest,Customer_33,Customer_60,77,61,"[77, 57, 61]","[427, 428]",8.91924758991471,0.16216813799844926,0
1916,645,1,detour_2,Customer_33,Customer_60,77,61,"[77, 57, 16, 61]","[427, 185, 188]",9.180619171963151,0.16859679348298334,0
1917,645,2,detour_3,Customer_33,Customer_60,77,61,"[77, 57, 66, 61]","[427, 430, 447]",9.583058109467267,0.20120683907863812,0
1918,646,0,shortest,Customer_33,Customer_23,77,79,"[77, 64, 39, 79]","[453, 359, 362]",10.220972939397313,0.1858358716254057,0
1919,646,1,detour_2,Customer_33,Customer_23,77,79,"[77, 12, 39, 79]","[145, 146, 362]",10.777851854371296,0.19596094280675083,0
1920,646,2,detour_3,Customer_33,Customer_23,77,79,"[77, 54, 39, 79]","[413, 361, 362]",10.074037851895376,0.19967169404193208,0
1921,647,0,same_node,Customer_34,Customer_5,19,19,[19],[],0.0,0.0,0
1922,648,0,shortest,Customer_34,Customer_3,19,77,"[19, 77]",[220],3.489061186436827,0.06343747611703321,0
1923,648,1,detour_2,Customer_34,Customer_3,19,77,"[19, 54, 77]","[216, 412]",6.768232423261577,0.12305877133202868,0
1924,648,2,detour_3,Customer_34,Customer_3,19,77,"[19, 64, 77]","[218, 452]",6.969141972834461,0.12671167223335383,0
1925,649,0,shortest,Customer_34,Customer_33,19,77,"[19, 77]",[220],3.489061186436827,0.06343747611703321,0
1926,649,1,detour_2,Customer_34,Customer_33,19,77,"[19, 54, 77]","[216, 412]",6.768232423261577,0.12305877133202868,0
1927,649,2,detour_3,Customer_34,Customer_33,19,77,"[19, 64, 77]","[218, 452]",6.969141972834461,0.12671167223335383,0
1928,650,0,shortest,Customer_34,Customer_40,19,77,"[19, 77]",[220],3.489061186436827,0.06343747611703321,0
1929,650,1,detour_2,Customer_34,Customer_40,19,77,"[19, 54, 77]","[216, 412]",6.768232423261577,0.12305877133202868,0
1930,650,2,detour_3,Customer_34,Customer_40,19,77,"[19, 64, 77]","[218, 452]",6.969141972834461,0.12671167223335383,0
1931,651,0,shortest,Customer_34,Customer_51,19,64,"[19, 64]",[218],3.791578288244652,0.06893778705899367,0
1932,651,1,detour_2,Customer_34,Customer_51,19,64,"[19, 54, 64]","[216, 410]",3.9659012327357095,0.0758128556245736,0
1933,651,2,detour_3,Customer_34,Customer_51,19,64,"[19, 77, 64]","[220, 453]",6.666624871026636,0.12121136129139337,0
1934,652,0,shortest,Customer_34,Customer_10,19,29,"[19, 29]",[222],4.26841673479197,0.07760757699621763,0
1935,652,1,detour_2,Customer_34,Customer_10,19,29,"[19, 54, 29]","[216, 297]",8.247011764804444,0.14994566845098992,0
1936,652,2,detour_3,Customer_34,Customer_10,19,29,"[19, 64, 29]","[218, 295]",9.153621803329242,0.16642948733325896,0
1937,653,0,shortest,Customer_34,Customer_20,19,12,"[19, 64, 12]","[218, 141]",4.72257239083169,0.09221263962366963,0
1938,653,1,detour_2,Customer_34,Customer_20,19,12,"[19, 54, 12]","[216, 143]",4.895229846860184,0.09904607097768545,0
1939,653,2,detour_3,Customer_34,Customer_20,19,12,"[19, 54, 64, 12]","[216, 410, 141]",4.896895335322748,0.09908770818924956,0
1940,654,0,shortest,Customer_34,Customer_26,19,12,"[19, 64, 12]","[218, 141]",4.72257239083169,0.09221263962366963,0
1941,654,1,detour_2,Customer_34,Customer_26,19,12,"[19, 54, 12]","[216, 143]",4.895229846860184,0.09904607097768545,0
1942,654,2,detour_3,Customer_34,Customer_26,19,12,"[19, 54, 64, 12]","[216, 410, 141]",4.896895335322748,0.09908770818924956,0
1943,655,0,shortest,Customer_34,Customer_1,19,39,"[19, 64, 39]","[218, 359]",6.527843940420581,0.11868807164401057,0
1944,655,1,detour_2,Customer_34,Customer_1,19,39,"[19, 54, 39]","[216, 361]",5.843499882855841,0.12275282187757688,0
1945,655,2,detour_3,Customer_34,Customer_1,19,39,"[19, 54, 64, 39]","[216, 410, 359]",6.702166884911639,0.1255631402095905,0
1946,656,0,shortest,Customer_34,Customer_9,19,39,"[19, 64, 39]","[218, 359]",6.527843940420581,0.11868807164401057,0
1947,656,1,detour_2,Customer_34,Customer_9,19,39,"[19, 54, 39]","[216, 361]",5.843499882855841,0.12275282187757688,0
1948,656,2,detour_3,Customer_34,Customer_9,19,39,"[19, 54, 64, 39]","[216, 410, 359]",6.702166884911639,0.1255631402095905,0
1949,657,0,shortest,Customer_34,Customer_23,19,79,"[19, 64, 39, 79]","[218, 359, 362]",10.834987543052156,0.19699977351003922,0
1950,657,1,detour_2,Customer_34,Customer_23,19,79,"[19, 54, 39, 79]","[216, 361, 362]",10.150643485487416,0.2010645237436055,0
1951,657,2,detour_3,Customer_34,Customer_23,19,79,"[19, 54, 64, 39, 79]","[216, 410, 359, 362]",11.009310487543214,0.20387484207561912,0
1952,658,0,shortest,Customer_34,Customer_19,19,57,"[19, 77, 57]","[220, 427]",9.11660452294988,0.16575644587181598,0
1953,658,1,detour_2,Customer_34,Customer_19,19,57,"[19, 54, 77, 57]","[216, 412, 427]",12.39577575977463,0.22537774108681147,0
1954,658,2,detour_3,Customer_34,Customer_19,19,57,"[19, 64, 77, 57]","[218, 452, 427]",12.596685309347514,0.2290306419881366,0
1955,659,0,shortest,Customer_34,Customer_18,19,53,"[19, 64, 30, 53]","[218, 303, 300]",10.323305104328366,0.2036686610492084,0
1956,659,1,detour_2,Customer_34,Customer_18,19,53,"[19, 54, 64, 30, 53]","[216, 410, 303, 300]",10.497628048819426,0.2105437296147883,0
1957,659,2,detour_3,Customer_34,Customer_18,19,53,"[19, 64, 12, 30, 53]","[218, 141, 148, 300]",10.718257847229573,0.21719730707414192,0
1958,660,0,shortest,Customer_34,Customer_41,19,53,"[19, 64, 30, 53]","[218, 303, 300]",10.323305104328366,0.2036686610492084,0
1959,660,1,detour_2,Customer_34,Customer_41,19,53,"[19, 54, 64, 30, 53]","[216, 410, 303, 300]",10.497628048819426,0.2105437296147883,0
1960,660,2,detour_3,Customer_34,Customer_41,19,53,"[19, 64, 12, 30, 53]","[218, 141, 148, 300]",10.718257847229573,0.21719730707414192,0
1961,661,0,shortest,Customer_34,Customer_7,19,78,"[19, 77, 57, 78]","[220, 427, 434]",14.894109460987025,0.2708019901997641,0
1962,661,1,detour_2,Customer_34,Customer_7,19,78,"[19, 77, 57, 16, 78]","[220, 427, 185, 190]",14.894223006666682,0.27248049956850207,0
1963,661,2,detour_3,Customer_34,Customer_7,19,78,"[19, 54, 77, 57, 78]","[216, 412, 427, 434]",18.173280697811776,0.33042328541475957,0
1964,662,0,shortest,Customer_34,Customer_38,19,78,"[19, 77, 57, 78]","[220, 427, 434]",14.894109460987025,0.2708019901997641,0
1965,662,1,detour_2,Customer_34,Customer_38,19,78,"[19, 77, 57, 16, 78]","[220, 427, 185, 190]",14.894223006666682,0.27248049956850207,0
1966,662,2,detour_3,Customer_34,Customer_38,19,78,"[19, 54, 77, 57, 78]","[216, 412, 427, 434]",18.173280697811776,0.33042328541475957,0
1967,663,0,shortest,Customer_34,Customer_39,19,66,"[19, 77, 57, 66]","[220, 427, 430]",10.87889584887906,0.20981372902004547,0
1968,663,1,detour_2,Customer_34,Customer_39,19,66,"[19, 77, 57, 16, 66]","[220, 427, 185, 186]",11.290748897173701,0.2201100552274115,0
1969,663,2,detour_3,Customer_34,Customer_39,19,66,"[19, 54, 77, 57, 66]","[216, 412, 427, 430]",14.15806708570381,0.26943502423504095,0
1970,664,0,shortest,Customer_34,Customer_49,19,66,"[19, 77, 57, 66]","[220, 427, 430]",10.87889584887906,0.20981372902004547,0
1971,664,1,detour_2,Customer_34,Customer_49,19,66,"[19, 77, 57, 16, 66]","[220, 427, 185, 186]",11.290748897173701,0.2201100552274115,0
1972,664,2,detour_3,Customer_34,Customer_49,19,66,"[19, 54, 77, 57, 66]","[216, 412, 427, 430]",14.15806708570381,0.26943502423504095,0
1973,665,0,shortest,Customer_34,Customer_14,19,6,"[19, 64, 39, 6]","[218, 359, 81]",13.549163060685764,0.24634841928519574,0
1974,665,1,detour_2,Customer_34,Customer_14,19,6,"[19, 54, 39, 6]","[216, 361, 81]",12.864819003121024,0.250413169518762,0
1975,665,2,detour_3,Customer_34,Customer_14,19,6,"[19, 54, 64, 39, 6]","[216, 410, 359, 81]",13.723486005176824,0.25322348785077564,0
1976,666,0,shortest,Customer_34,Customer_13,19,61,"[19, 77, 57, 61]","[220, 427, 428]",12.408308776351536,0.22560561411548247,0
1977,666,1,detour_2,Customer_34,Customer_13,19,61,"[19, 77, 57, 16, 61]","[220, 427, 185, 188]",12.669680358399978,0.23203426960001655,0
1978,666,2,detour_3,Customer_34,Customer_13,19,61,"[19, 77, 57, 66, 61]","[220, 427, 430, 447]",13.072119295904095,0.26464431519567133,0
1979,667,0,same_node,Customer_35,Customer_58,73,73,[73],[],0.0,0.0,0
1980,668,0,shortest,Customer_35,Customer_37,73,75,"[73, 75]",[462],3.5067050629793077,0.06375827387235104,0
1981,668,1,detour_2,Customer_35,Customer_37,73,75,"[73, 15, 75]","[181, 176]",7.563320716965096,0.1375149221266381,0
1982,668,2,detour_3,Customer_35,Customer_37,73,75,"[73, 67, 75]","[455, 456]",12.716216923785723,0.23120394406883132,0
1983,669,0,shortest,Customer_35,Customer_54,73,75,"[73, 75]",[462],3.5067050629793077,0.06375827387235104,0
1984,669,1,detour_2,Customer_35,Customer_54,73,75,"[73, 15, 75]","[181, 176]",7.563320716965096,0.1375149221266381,0
1985,669,2,detour_3,Customer_35,Customer_54,73,75,"[73, 67, 75]","[455, 456]",12.716216923785723,0.23120394406883132,0
1986,670,0,shortest,Customer_35,Customer_53,73,15,"[73, 15]",[181],4.293751357646036,0.0780682065026552,0
1987,670,1,detour_2,Customer_35,Customer_53,73,15,"[73, 75, 15]","[462, 177]",6.776274422298368,0.12320498949633396,0
1988,670,2,detour_3,Customer_35,Customer_53,73,15,"[73, 75, 25, 15]","[462, 261, 179]",15.721447692875046,0.285844503506819,0
1989,671,0,shortest,Customer_35,Customer_12,73,67,"[73, 67]",[455],4.659281892161241,0.08471421622111347,0
1990,671,1,detour_2,Customer_35,Customer_12,73,67,"[73, 38, 67]","[357, 352]",7.995992262774223,0.14538167750498587,0
1991,671,2,detour_3,Customer_35,Customer_12,73,67,"[73, 38, 43, 67]","[357, 350, 374]",8.503599781376442,0.16287111155315273,0
1992,672,0,shortest,Customer_35,Customer_28,73,38,"[73, 38]",[357],4.777593677795996,0.08686533959629084,0
1993,672,1,detour_2,Customer_35,Customer_28,73,38,"[73, 67, 38]","[455, 353]",7.877680477139469,0.1432305541298085,0
1994,672,2,detour_3,Customer_35,Customer_28,73,38,"[73, 67, 43, 38]","[455, 375, 351]",8.385287995741688,0.1607199881779754,0
1995,673,0,shortest,Customer_35,Customer_47,73,43,"[73, 67, 43]","[455, 375]",5.87077883628646,0.11500163982424397,0
1996,673,1,detour_2,Customer_35,Customer_47,73,43,"[73, 38, 43]","[357, 350]",7.292102837251223,0.13258368795002223,0
1997,673,2,detour_3,Customer_35,Customer_47,73,43,"[73, 38, 67, 43]","[357, 352, 375]",9.207489206899442,0.17566910110811637,0
1998,674,0,shortest,Customer_35,Customer_11,73,10,"[73, 38, 10]","[357, 129]",8.737598002570046,0.15886541822854627,0
1999,674,1,detour_2,Customer_35,Customer_11,73,10,"[73, 67, 10]","[455, 133]",8.916395234456967,0.16211627699012668,0
2000,674,2,detour_3,Customer_35,Customer_11,73,10,"[73, 67, 43, 10]","[455, 375, 131]",8.98984136761826,0.17171186766664032,0
2001,675,0,shortest,Customer_35,Customer_44,73,46,"[73, 67, 33, 46]","[455, 323, 324]",9.82440788163114,0.18896850790864927,0
2002,675,1,detour_2,Customer_35,Customer_44,73,46,"[73, 67, 43, 46]","[455, 375, 376]",10.288628689386016,0.19532618260787224,0
2003,675,2,detour_3,Customer_35,Customer_44,73,46,"[73, 67, 43, 33, 46]","[455, 375, 321, 324]",10.633161893975569,0.21193333275212903,0
2004,676,0,shortest,Customer_35,Customer_15,73,74,"[73, 38, 32, 55, 74]","[357, 313, 316, 414]",15.02126657872394,0.2830078999547092,2
2005,676,1,avoid_congestion,Customer_35,Customer_15,73,74,"[73, 38, 10, 50, 74]","[357, 129, 120, 396]",15.758145821225739,0.28651174220410436,1
2006,676,2,detour_3,Customer_35,Customer_15,73,74,"[73, 67, 10, 50, 74]","[455, 133, 120, 396]",15.93694305311266,0.28976260096568474,1
2007,677,0,shortest,Customer_35,Customer_25,73,34,"[73, 67, 33, 14, 34]","[455, 323, 173, 168]",15.019785529435612,0.28701343334442864,0
2008,677,1,detour_2,Customer_35,Customer_25,73,34,"[73, 67, 33, 46, 14, 34]","[455, 323, 324, 171, 168]",15.20608585458683,0.30074362204435207,0
2009,677,2,detour_3,Customer_35,Customer_25,73,34,"[73, 67, 43, 46, 14, 34]","[455, 375, 376, 171, 168]",15.670306662341707,0.30710129674357506,0
2010,678,0,shortest,Customer_35,Customer_24,73,47,"[73, 67, 33, 14, 47]","[455, 323, 173, 162]",15.236484476122852,0.2924309070116096,0
2011,678,1,detour_2,Customer_35,Customer_24,73,47,"[73, 67, 33, 46, 14, 47]","[455, 323, 324, 171, 162]",15.42278480127407,0.30616109571153305,0
2012,678,2,detour_3,Customer_35,Customer_24,73,47,"[73, 67, 33, 14, 34, 47]","[455, 323, 173, 168, 328]",15.891728153995679,0.3088119989584303,1
2013,679,0,shortest,Customer_35,Customer_57,73,17,"[73, 38, 32, 55, 17]","[357, 313, 316, 199]",16.06765842008957,0.3091676959888499,2
2014,679,1,avoid_congestion,Customer_35,Customer_57,73,17,"[73, 38, 10, 50, 55, 17]","[357, 129, 120, 394, 199]",16.89756955678686,0.3242569893833461,2
2015,679,2,detour_2,Customer_35,Customer_57,73,17,"[73, 38, 32, 55, 4, 17]","[357, 313, 316, 47, 50]",16.905550834798454,0.3106001694291648,3
2016,680,0,shortest,Customer_35,Customer_48,73,27,"[73, 38, 32, 28, 27]","[357, 313, 289, 273]",17.831887905487008,0.32421614373612745,0
2017,680,1,detour_2,Customer_35,Customer_48,73,27,"[73, 38, 76, 32, 28, 27]","[357, 354, 315, 289, 273]",18.208452418912362,0.3396729803802549,0
2018,680,2,detour_3,Customer_35,Customer_48,73,27,"[73, 38, 10, 32, 28, 27]","[357, 129, 118, 289, 273]",19.84094526612149,0.36074445938402705,0
2019,681,0,shortest,Customer_35,Customer_22,73,65,"[73, 67, 33, 14, 65]","[455, 323, 173, 166]",16.72051243862949,0.30400931706599077,0
2020,681,1,detour_2,Customer_35,Customer_22,73,65,"[73, 67, 33, 46, 14, 65]","[455, 323, 324, 171, 166]",16.90681276378071,0.31773950576591414,0
2021,681,2,detour_3,Customer_35,Customer_22,73,65,"[73, 67, 43, 46, 14, 65]","[455, 375, 376, 171, 166]",17.371033571535587,0.32409718046513714,0
2022,682,0,shortest,Customer_35,Customer_30,73,31,"[73, 38, 32, 55, 8, 31]","[357, 313, 316, 103, 92]",17.90598637568708,0.33628020885499643,3
2023,682,1,avoid_congestion,Customer_35,Customer_30,73,31,"[73, 38, 32, 28, 27, 69, 31]","[357, 313, 289, 273, 274, 311]",25.660541578640423,0.46655530142982593,1
2024,682,2,detour_2,Customer_35,Customer_30,73,31,"[73, 38, 32, 55, 74, 31]","[357, 313, 316, 414, 309]",18.306971656403313,0.3427479922761524,3
2025,682,3,detour_3,Customer_35,Customer_30,73,31,"[73, 38, 32, 55, 8, 18, 31]","[357, 313, 316, 103, 98, 206]",18.239165569820752,0.34460968870833814,4
2026,683,0,shortest,Customer_35,Customer_17,73,40,"[73, 67, 33, 14, 26, 40]","[455, 323, 173, 164, 268]",22.028921967479043,0.40052585395416435,0
2027,683,1,detour_2,Customer_35,Customer_17,73,40,"[73, 67, 33, 14, 26, 1, 40]","[455, 323, 173, 164, 13, 18]",22.108962759904657,0.4019811410891755,0
2028,683,2,detour_3,Customer_35,Customer_17,73,40,"[73, 67, 33, 14, 26, 9, 40]","[455, 323, 173, 164, 109, 116]",22.062782598924635,0.4090189996436456,0
2029,684,0,shortest,Customer_35,Customer_31,73,40,"[73, 67, 33, 14, 26, 40]","[455, 323, 173, 164, 268]",22.028921967479043,0.40052585395416435,0
2030,684,1,detour_2,Customer_35,Customer_31,73,40,"[73, 67, 33, 14, 26, 1, 40]","[455, 323, 173, 164, 13, 18]",22.108962759904657,0.4019811410891755,0
2031,684,2,detour_3,Customer_35,Customer_31,73,40,"[73, 67, 33, 14, 26, 9, 40]","[455, 323, 173, 164, 109, 116]",22.062782598924635,0.4090189996436456,0
2032,685,0,shortest,Customer_35,Customer_16,73,18,"[73, 38, 32, 55, 8, 18]","[357, 313, 316, 103, 98]",18.05399195696207,0.3399803483868711,3
2033,685,1,avoid_congestion,Customer_35,Customer_16,73,18,"[73, 38, 32, 28, 27, 69, 18]","[357, 313, 289, 273, 274, 215]",25.671843518108833,0.46676079123834247,1
2034,685,2,detour_2,Customer_35,Customer_16,73,18,"[73, 38, 32, 55, 8, 31, 18]","[357, 313, 316, 103, 92, 207]",18.091159988545762,0.3409095491764635,4
2035,685,3,detour_3,Customer_35,Customer_16,73,18,"[73, 38, 32, 55, 74, 31, 18]","[357, 313, 316, 414, 309, 207]",18.492145269261997,0.34737733259761944,4
2036,686,0,shortest,Customer_35,Customer_32,73,36,"[73, 15, 35, 36]","[181, 174, 334]",18.839651991419196,0.34253912711671264,0
2037,686,1,detour_2,Customer_35,Customer_32,73,36,"[73, 15, 70, 36]","[181, 182, 339]",19.892760113611757,0.3616865475202138,0
2038,686,2,detour_3,Customer_35,Customer_32,73,36,"[73, 15, 25, 35, 36]","[181, 178, 256, 334]",20.23348287891625,0.3824284547916919,0
2039,687,0,same_node,Customer_36,Customer_45,68,68,[68],[],0.0,0.0,0
2040,688,0,same_node,Customer_36,Customer_56,68,68,[68],[],0.0,0.0,0
2041,689,0,shortest,Customer_36,Customer_48,68,27,"[68, 27]",[277],4.823269155390392,0.08769580282527985,0
2042,689,1,detour_2,Customer_36,Customer_48,68,27,"[68, 11, 27]","[135, 138]",9.438233096782959,0.17160423812332654,0
2043,689,2,detour_3,Customer_36,Customer_48,68,27,"[68, 22, 69, 27]","[245, 238, 275]",14.493138911504897,0.26351161657281635,0
2044,690,0,shortest,Customer_36,Customer_46,68,5,"[68, 5]",[63],5.227300133398324,0.09504182060724226,0
2045,690,1,detour_2,Customer_36,Customer_46,68,5,"[68, 22, 5]","[245, 57]",5.863460695202883,0.10961830224941224,0
2046,690,2,detour_3,Customer_36,Customer_46,68,5,"[68, 11, 5]","[135, 65]",10.444586473186313,0.18990157223975115,0
2047,691,0,shortest,Customer_36,Customer_2,68,44,"[68, 22, 44]","[245, 240]",8.932252947063873,0.16240459903752497,0
2048,691,1,detour_2,Customer_36,Customer_2,68,44,"[68, 22, 7, 44]","[245, 87, 82]",8.973104275886481,0.16586713097961855,0
2049,691,2,detour_3,Customer_36,Customer_2,68,44,"[68, 5, 44]","[63, 58]",9.137301976331802,0.16613276320603276,0
2050,692,0,shortest,Customer_36,Customer_4,68,44,"[68, 22, 44]","[245, 240]",8.932252947063873,0.16240459903752497,0
2051,692,1,detour_2,Customer_36,Customer_4,68,44,"[68, 22, 7, 44]","[245, 87, 82]",8.973104275886481,0.16586713097961855,0
2052,692,2,detour_3,Customer_36,Customer_4,68,44,"[68, 5, 44]","[63, 58]",9.137301976331802,0.16613276320603276,0
2053,693,0,shortest,Customer_36,Customer_27,68,44,"[68, 22, 44]","[245, 240]",8.932252947063873,0.16240459903752497,0
2054,693,1,detour_2,Customer_36,Customer_27,68,44,"[68, 22, 7, 44]","[245, 87, 82]",8.973104275886481,0.16586713097961855,0
2055,693,2,detour_3,Customer_36,Customer_27,68,44,"[68, 5, 44]","[63, 58]",9.137301976331802,0.16613276320603276,0
2056,694,0,shortest,Customer_36,Customer_16,68,18,"[68, 27, 69, 18]","[277, 274, 215]",12.663224768012217,0.23024045032749485,1
2057,694,1,detour_2,Customer_36,Customer_16,68,18,"[68, 27, 69, 31, 18]","[277, 274, 311, 207]",12.837096441402489,0.2346643008404454,2
2058,694,2,detour_3,Customer_36,Customer_16,68,18,"[68, 22, 69, 18]","[245, 238, 215]",13.570242702350356,0.2467316854972792,1
2059,695,0,shortest,Customer_36,Customer_30,68,31,"[68, 27, 69, 31]","[277, 274, 311]",12.651922828543805,0.23003496051897832,1
2060,695,1,detour_2,Customer_36,Customer_30,68,31,"[68, 27, 69, 18, 31]","[277, 274, 215, 206]",12.8483983808709,0.23486979064896193,2
2061,695,2,detour_3,Customer_36,Customer_30,68,31,"[68, 22, 69, 31]","[245, 238, 311]",13.558940762881944,0.24652619568876266,1
2062,696,0,shortest,Customer_36,Customer_15,68,74,"[68, 27, 74]","[277, 278]",11.226880772883106,0.20412510496151098,1
2063,696,1,avoid_congestion,Customer_36,Customer_15,68,74,"[68, 27, 59, 74]","[277, 270, 438]",11.227552302623579,0.21574224358066943,1
2064,696,2,detour_3,Customer_36,Customer_15,68,74,"[68, 27, 28, 74]","[277, 272, 284]",12.617066545948028,0.22940120992632776,1
2065,697,0,shortest,Customer_36,Customer_57,68,17,"[68, 27, 74, 17]","[277, 278, 205]",14.104785317477619,0.2564506421359567,2
2066,697,1,avoid_congestion,Customer_36,Customer_57,68,17,"[68, 27, 59, 74, 17]","[277, 270, 438, 205]",14.105456847218091,0.2680677807551151,2
2067,697,2,detour_3,Customer_36,Customer_57,68,17,"[68, 27, 59, 8, 17]","[277, 270, 105, 96]",14.458642408804199,0.27398412409512257,2
2068,698,0,shortest,Customer_36,Customer_8,68,13,"[68, 22, 7, 13]","[245, 87, 88]",12.875301530473159,0.23409639146314837,0
2069,698,1,detour_2,Customer_36,Customer_8,68,13,"[68, 5, 7, 13]","[63, 60, 88]",13.071085050974997,0.23765609183590908,0
2070,698,2,detour_3,Customer_36,Customer_8,68,13,"[68, 22, 44, 13]","[245, 240, 159]",13.127613891195985,0.23868388893083609,0
2071,699,0,shortest,Customer_36,Customer_59,68,13,"[68, 22, 7, 13]","[245, 87, 88]",12.875301530473159,0.23409639146314837,0
2072,699,1,detour_2,Customer_36,Customer_59,68,13,"[68, 5, 7, 13]","[63, 60, 88]",13.071085050974997,0.23765609183590908,0
2073,699,2,detour_3,Customer_36,Customer_59,68,13,"[68, 22, 44, 13]","[245, 240, 159]",13.127613891195985,0.23868388893083609,0
2074,700,0,shortest,Customer_36,Customer_50,68,42,"[68, 27, 59, 8, 42]","[277, 270, 105, 100]",15.758144418658734,0.28651171670288605,2
2075,700,1,detour_2,Customer_36,Customer_50,68,42,"[68, 27, 69, 18, 42]","[277, 274, 215, 210]",16.024025846775572,0.29134592448682856,2
2076,700,2,detour_3,Customer_36,Customer_50,68,42,"[68, 27, 69, 31, 18, 42]","[277, 274, 311, 207, 210]",16.197897520165842,0.2957697749997791,3
2077,701,0,shortest,Customer_36,Customer_18,68,53,"[68, 22, 7, 45, 63, 53]","[245, 87, 84, 382, 409]",18.40282335953202,0.3345967883551277,0
2078,701,1,detour_2,Customer_36,Customer_18,68,53,"[68, 22, 7, 13, 63, 53]","[245, 87, 88, 152, 409]",17.837137770703634,0.3372736733877815,0
2079,701,2,detour_3,Customer_36,Customer_18,68,53,"[68, 5, 7, 45, 63, 53]","[63, 60, 84, 382, 409]",18.59860688003386,0.3381564887278884,0
2080,702,0,shortest,Customer_36,Customer_41,68,53,"[68, 22, 7, 45, 63, 53]","[245, 87, 84, 382, 409]",18.40282335953202,0.3345967883551277,0
2081,702,1,detour_2,Customer_36,Customer_41,68,53,"[68, 22, 7, 13, 63, 53]","[245, 87, 88, 152, 409]",17.837137770703634,0.3372736733877815,0
2082,702,2,detour_3,Customer_36,Customer_41,68,53,"[68, 5, 7, 45, 63, 53]","[63, 60, 84, 382, 409]",18.59860688003386,0.3381564887278884,0
2083,703,0,shortest,Customer_36,Customer_11,68,10,"[68, 27, 28, 32, 10]","[277, 272, 288, 119]",15.926616418941835,0.2895748439807606,0
2084,703,1,detour_2,Customer_36,Customer_11,68,10,"[68, 27, 28, 32, 76, 10]","[277, 272, 288, 314, 123]",17.658330400302848,0.3296707618600819,0
2085,703,2,detour_3,Customer_36,Customer_11,68,10,"[68, 27, 74, 50, 10]","[277, 278, 397, 121]",18.2474285915388,0.33177142893706907,2
2086,704,0,shortest,Customer_36,Customer_52,68,0,"[68, 5, 41, 0]","[63, 68, 7]",16.606800123536676,0.3019418204279396,0
2087,704,1,detour_2,Customer_36,Customer_52,68,0,"[68, 22, 41, 0]","[245, 242, 7]",16.86055948413915,0.3065556269843482,0
2088,704,2,detour_3,Customer_36,Customer_52,68,0,"[68, 5, 22, 41, 0]","[63, 56, 242, 7]",17.10731054108014,0.31405193581081686,0
2089,705,0,shortest,Customer_36,Customer_25,68,34,"[68, 27, 28, 32, 10, 46, 14, 34]","[277, 272, 288, 119, 124, 171, 168]",24.282079921903122,0.45541878593474705,0
2090,705,1,detour_2,Customer_36,Customer_25,68,34,"[68, 27, 74, 50, 46, 14, 34]","[277, 278, 397, 385, 171, 168]",24.35293395781861,0.4567070411332104,2
2091,705,2,detour_3,Customer_36,Customer_25,68,34,"[68, 27, 59, 55, 50, 46, 14, 34]","[277, 270, 419, 395, 385, 171, 168]",24.35546524915437,0.4567530646120424,2
2092,706,0,shortest,Customer_36,Customer_28,68,38,"[68, 27, 28, 32, 38]","[277, 272, 288, 312]",17.877563383081405,0.32504660696511645,0
2093,706,1,detour_2,Customer_36,Customer_28,68,38,"[68, 27, 28, 32, 76, 38]","[277, 272, 288, 314, 355]",18.254127896506755,0.34050344360924384,0
2094,706,2,detour_3,Customer_36,Customer_28,68,38,"[68, 27, 28, 32, 10, 38]","[277, 272, 288, 119, 128]",19.886620743715884,0.36157492261301605,0
2095,707,0,same_node,Customer_37,Customer_54,75,75,[75],[],0.0,0.0,0
2096,708,0,shortest,Customer_37,Customer_53,75,15,"[75, 15]",[177],3.26956935931906,0.05944671562398291,0
2097,708,1,detour_2,Customer_37,Customer_53,75,15,"[75, 73, 15]","[463, 181]",7.800456420625343,0.14182648037500623,0
2098,708,2,detour_3,Customer_37,Customer_53,75,15,"[75, 25, 15]","[261, 179]",12.214742629895738,0.22208622963446795,0
2099,709,0,shortest,Customer_37,Customer_35,75,73,"[75, 73]",[463],3.5067050629793077,0.06375827387235104,0
2100,709,1,detour_2,Customer_37,Customer_35,75,73,"[75, 15, 73]","[177, 180]",7.563320716965096,0.1375149221266381,0
2101,709,2,detour_3,Customer_37,Customer_35,75,73,"[75, 67, 73]","[457, 454]",12.716216923785723,0.23120394406883132,0
2102,710,0,shortest,Customer_37,Customer_58,75,73,"[75, 73]",[463],3.5067050629793077,0.06375827387235104,0
2103,710,1,detour_2,Customer_37,Customer_58,75,73,"[75, 15, 73]","[177, 180]",7.563320716965096,0.1375149221266381,0
2104,710,2,detour_3,Customer_37,Customer_58,75,73,"[75, 67, 73]","[457, 454]",12.716216923785723,0.23120394406883132,0
2105,711,0,shortest,Customer_37,Customer_12,75,67,"[75, 67]",[457],8.056935031624482,0.14648972784771785,0
2106,711,1,detour_2,Customer_37,Customer_12,75,67,"[75, 73, 67]","[463, 455]",8.165986955140548,0.14847249009346453,0
2107,711,2,detour_3,Customer_37,Customer_12,75,67,"[75, 73, 38, 67]","[463, 357, 352]",11.502697325753532,0.20913995137733693,0
2108,712,0,shortest,Customer_37,Customer_28,75,38,"[75, 73, 38]","[463, 357]",8.284298740775304,0.1506236134686419,0
2109,712,1,detour_2,Customer_37,Customer_28,75,38,"[75, 67, 38]","[457, 353]",11.27533361660271,0.2050060657564129,0
2110,712,2,detour_3,Customer_37,Customer_28,75,38,"[75, 73, 67, 38]","[463, 455, 353]",11.384385540118776,0.20698882800215956,0
2111,713,0,shortest,Customer_37,Customer_47,75,43,"[75, 67, 43]","[457, 375]",9.268431975749701,0.17677715145084835,0
2112,713,1,detour_2,Customer_37,Customer_47,75,43,"[75, 73, 67, 43]","[463, 455, 375]",9.377483899265767,0.17875991369659502,0
2113,713,2,detour_3,Customer_37,Customer_47,75,43,"[75, 73, 38, 43]","[463, 357, 350]",10.798807900230532,0.1963419618223733,0
2114,714,0,shortest,Customer_37,Customer_11,75,10,"[75, 73, 38, 10]","[463, 357, 129]",12.244303065549353,0.22262369210089733,0
2115,714,1,detour_2,Customer_37,Customer_11,75,10,"[75, 67, 10]","[457, 133]",12.314048373920208,0.22389178861673106,0
2116,714,2,detour_3,Customer_37,Customer_11,75,10,"[75, 73, 67, 10]","[463, 455, 133]",12.423100297436275,0.22587455086247774,0
2117,715,0,shortest,Customer_37,Customer_44,75,46,"[75, 67, 33, 46]","[457, 323, 324]",13.222061021094381,0.25074401953525366,0
2118,715,1,detour_2,Customer_37,Customer_44,75,46,"[75, 73, 67, 33, 46]","[463, 455, 323, 324]",13.331112944610448,0.25272678178100033,0
2119,715,2,detour_3,Customer_37,Customer_44,75,46,"[75, 67, 43, 46]","[457, 375, 376]",13.686281828849257,0.2571016942344766,0
2120,716,0,shortest,Customer_37,Customer_15,75,74,"[75, 73, 38, 32, 55, 74]","[463, 357, 313, 316, 414]",18.52797164170325,0.34676617382706026,2
2121,716,1,avoid_congestion,Customer_37,Customer_15,75,74,"[75, 73, 38, 10, 50, 74]","[463, 357, 129, 120, 396]",19.264850884205046,0.3502700160764554,1
2122,716,2,detour_3,Customer_37,Customer_15,75,74,"[75, 67, 10, 50, 74]","[457, 133, 120, 396]",19.3345961925759,0.3515381125922891,1
2123,717,0,shortest,Customer_37,Customer_32,75,36,"[75, 15, 35, 36]","[177, 174, 334]",17.815469993092222,0.3239176362380404,0
2124,717,1,detour_2,Customer_37,Customer_32,75,36,"[75, 15, 70, 36]","[177, 182, 339]",18.868578115284784,0.3430650566415415,0
2125,717,2,detour_3,Customer_37,Customer_32,75,36,"[75, 25, 35, 36]","[261, 256, 334]",19.015032177035508,0.36027480566658765,0
2126,718,0,shortest,Customer_37,Customer_25,75,34,"[75, 67, 33, 14, 34]","[457, 323, 173, 168]",18.417438668898853,0.348788944971033,0
2127,718,1,detour_2,Customer_37,Customer_25,75,34,"[75, 73, 67, 33, 14, 34]","[463, 455, 323, 173, 168]",18.526490592414916,0.3507717072167797,0
2128,718,2,detour_3,Customer_37,Customer_25,75,34,"[75, 67, 33, 46, 14, 34]","[457, 323, 324, 171, 168]",18.60373899405007,0.36251913367095645,0
2129,719,0,same_node,Customer_38,Customer_7,78,78,[78],[],0.0,0.0,0
2130,720,0,shortest,Customer_38,Customer_19,78,57,"[78, 57]",[435],5.777504938037145,0.10504554432794809,0
2131,720,1,detour_2,Customer_38,Customer_19,78,57,"[78, 16, 57]","[191, 184]",5.777618483716802,0.10672405369668608,0
2132,720,2,detour_3,Customer_38,Customer_19,78,57,"[78, 61, 57]","[449, 429]",9.92989752537072,0.18054359137037673,0
2133,721,0,shortest,Customer_38,Customer_13,78,61,"[78, 61]",[449],6.6381932719690635,0.12069442312671025,0
2134,721,1,detour_2,Customer_38,Customer_13,78,61,"[78, 16, 61]","[191, 188]",8.838937147961923,0.16070794814476225,0
2135,721,2,detour_3,Customer_38,Customer_13,78,61,"[78, 57, 61]","[435, 428]",9.069209191438802,0.16489471257161456,0
2136,722,0,shortest,Customer_38,Customer_60,78,61,"[78, 61]",[449],6.6381932719690635,0.12069442312671025,0
2137,722,1,detour_2,Customer_38,Customer_60,78,61,"[78, 16, 61]","[191, 188]",8.838937147961923,0.16070794814476225,0
2138,722,2,detour_3,Customer_38,Customer_60,78,61,"[78, 57, 61]","[435, 428]",9.069209191438802,0.16489471257161456,0
2139,723,0,shortest,Customer_38,Customer_6,78,56,"[78, 56]",[421],6.963892800465737,0.12661623273574066,0
2140,723,1,detour_2,Customer_38,Customer_6,78,56,"[78, 62, 56]","[451, 423]",9.899063662589139,0.1799829756834389,0
2141,723,2,detour_3,Customer_38,Customer_6,78,56,"[78, 61, 40, 56]","[449, 365, 366]",20.14899215919651,0.36634531198539105,0
2142,724,0,shortest,Customer_38,Customer_42,78,56,"[78, 56]",[421],6.963892800465737,0.12661623273574066,0
2143,724,1,detour_2,Customer_38,Customer_42,78,56,"[78, 62, 56]","[451, 423]",9.899063662589139,0.1799829756834389,0
2144,724,2,detour_3,Customer_38,Customer_42,78,56,"[78, 61, 40, 56]","[449, 365, 366]",20.14899215919651,0.36634531198539105,0
2145,725,0,shortest,Customer_38,Customer_55,78,56,"[78, 56]",[421],6.963892800465737,0.12661623273574066,0
2146,725,1,detour_2,Customer_38,Customer_55,78,56,"[78, 62, 56]","[451, 423]",9.899063662589139,0.1799829756834389,0
2147,725,2,detour_3,Customer_38,Customer_55,78,56,"[78, 61, 40, 56]","[449, 365, 366]",20.14899215919651,0.36634531198539105,0
2148,726,0,shortest,Customer_38,Customer_39,78,66,"[78, 16, 66]","[191, 186]",7.460005686735647,0.1487837337721572,0
2149,726,1,detour_2,Customer_38,Customer_39,78,66,"[78, 57, 66]","[435, 430]",7.539796263966325,0.1491028274761776,0
2150,726,2,detour_3,Customer_38,Customer_39,78,66,"[78, 16, 57, 66]","[191, 184, 430]",7.539909809645982,0.15078133684491557,0
2151,727,0,shortest,Customer_38,Customer_49,78,66,"[78, 16, 66]","[191, 186]",7.460005686735647,0.1487837337721572,0
2152,727,1,detour_2,Customer_38,Customer_49,78,66,"[78, 57, 66]","[435, 430]",7.539796263966325,0.1491028274761776,0
2153,727,2,detour_3,Customer_38,Customer_49,78,66,"[78, 16, 57, 66]","[191, 184, 430]",7.539909809645982,0.15078133684491557,0
2154,728,0,shortest,Customer_38,Customer_3,78,77,"[78, 57, 77]","[435, 426]",11.405048274550198,0.20736451408273088,0
2155,728,1,detour_2,Customer_38,Customer_3,78,77,"[78, 16, 57, 77]","[191, 184, 426]",11.405161820229855,0.20904302345146886,0
2156,728,2,detour_3,Customer_38,Customer_3,78,77,"[78, 61, 57, 77]","[449, 429, 426]",15.557440861883773,0.2828625611251595,0
2157,729,0,shortest,Customer_38,Customer_33,78,77,"[78, 57, 77]","[435, 426]",11.405048274550198,0.20736451408273088,0
2158,729,1,detour_2,Customer_38,Customer_33,78,77,"[78, 16, 57, 77]","[191, 184, 426]",11.405161820229855,0.20904302345146886,0
2159,729,2,detour_3,Customer_38,Customer_33,78,77,"[78, 61, 57, 77]","[449, 429, 426]",15.557440861883773,0.2828625611251595,0
2160,730,0,shortest,Customer_38,Customer_40,78,77,"[78, 57, 77]","[435, 426]",11.405048274550198,0.20736451408273088,0
2161,730,1,detour_2,Customer_38,Customer_40,78,77,"[78, 16, 57, 77]","[191, 184, 426]",11.405161820229855,0.20904302345146886,0
2162,730,2,detour_3,Customer_38,Customer_40,78,77,"[78, 61, 57, 77]","[449, 429, 426]",15.557440861883773,0.2828625611251595,0
2163,731,0,shortest,Customer_38,Customer_17,78,40,"[78, 61, 40]","[449, 365]",11.633416639570235,0.21151666617400428,0
2164,731,1,detour_2,Customer_38,Customer_17,78,40,"[78, 61, 1, 40]","[449, 11, 18]",13.627553319736586,0.2477736967224834,0
2165,731,2,detour_3,Customer_38,Customer_17,78,40,"[78, 16, 61, 40]","[191, 188, 365]",13.834160515563095,0.2515301911920563,0
2166,732,0,shortest,Customer_38,Customer_31,78,40,"[78, 61, 40]","[449, 365]",11.633416639570235,0.21151666617400428,0
2167,732,1,detour_2,Customer_38,Customer_31,78,40,"[78, 61, 1, 40]","[449, 11, 18]",13.627553319736586,0.2477736967224834,0
2168,732,2,detour_3,Customer_38,Customer_31,78,40,"[78, 16, 61, 40]","[191, 188, 365]",13.834160515563095,0.2515301911920563,0
2169,733,0,shortest,Customer_38,Customer_5,78,19,"[78, 57, 77, 19]","[435, 426, 221]",14.894109460987025,0.2708019901997641,0
2170,733,1,detour_2,Customer_38,Customer_5,78,19,"[78, 16, 57, 77, 19]","[191, 184, 426, 221]",14.894223006666682,0.27248049956850207,0
2171,733,2,detour_3,Customer_38,Customer_5,78,19,"[78, 57, 77, 54, 19]","[435, 426, 413, 217]",18.173280697811776,0.33042328541475957,0
2172,734,0,shortest,Customer_38,Customer_34,78,19,"[78, 57, 77, 19]","[435, 426, 221]",14.894109460987025,0.2708019901997641,0
2173,734,1,detour_2,Customer_38,Customer_34,78,19,"[78, 16, 57, 77, 19]","[191, 184, 426, 221]",14.894223006666682,0.27248049956850207,0
2174,734,2,detour_3,Customer_38,Customer_34,78,19,"[78, 57, 77, 54, 19]","[435, 426, 413, 217]",18.173280697811776,0.33042328541475957,0
2175,735,0,shortest,Customer_38,Customer_20,78,12,"[78, 57, 77, 12]","[435, 426, 145]",14.410050728405885,0.26200092233465244,0
2176,735,1,detour_2,Customer_38,Customer_20,78,12,"[78, 16, 57, 77, 12]","[191, 184, 426, 145]",14.410164274085542,0.2636794317033904,0
2177,735,2,detour_3,Customer_38,Customer_20,78,12,"[78, 57, 77, 64, 12]","[435, 426, 453, 141]",15.513606061727044,0.288413251821767,0
2178,736,0,shortest,Customer_38,Customer_26,78,12,"[78, 57, 77, 12]","[435, 426, 145]",14.410050728405885,0.26200092233465244,0
2179,736,1,detour_2,Customer_38,Customer_26,78,12,"[78, 16, 57, 77, 12]","[191, 184, 426, 145]",14.410164274085542,0.2636794317033904,0
2180,736,2,detour_3,Customer_38,Customer_26,78,12,"[78, 57, 77, 64, 12]","[435, 426, 453, 141]",15.513606061727044,0.288413251821767,0
2181,737,0,shortest,Customer_38,Customer_51,78,64,"[78, 57, 77, 64]","[435, 426, 453]",14.582611959140007,0.26513839925709104,0
2182,737,1,detour_2,Customer_38,Customer_51,78,64,"[78, 16, 57, 77, 64]","[191, 184, 426, 453]",14.582725504819663,0.266816908625829,0
2183,737,2,detour_3,Customer_38,Customer_51,78,64,"[78, 57, 77, 54, 64]","[435, 426, 413, 410]",15.294343873693869,0.281784540005631,0
2184,738,0,shortest,Customer_38,Customer_22,78,65,"[78, 61, 1, 9, 65]","[449, 11, 16, 114]",14.8649714967519,0.28009479368448126,0
2185,738,1,detour_2,Customer_38,Customer_22,78,65,"[78, 61, 1, 26, 65]","[449, 11, 12, 264]",14.951757950837596,0.28598565382037144,0
2186,738,2,detour_3,Customer_38,Customer_22,78,65,"[78, 61, 1, 9, 26, 65]","[449, 11, 16, 108, 264]",14.952755594784591,0.30370387529887033,0
2187,739,0,same_node,Customer_39,Customer_49,66,66,[66],[],0.0,0.0,0
2188,740,0,shortest,Customer_39,Customer_19,66,57,"[66, 57]",[431],1.7622913259291795,0.04405728314822949,0
2189,740,1,detour_2,Customer_39,Customer_19,66,57,"[66, 16, 57]","[187, 184]",2.1741443742238213,0.05435360935559553,0
2190,740,2,detour_3,Customer_39,Customer_19,66,57,"[66, 61, 57]","[447, 429]",5.48492770042669,0.11467975441929233,0
2191,741,0,shortest,Customer_39,Customer_13,66,61,"[66, 61]",[447],2.1932234470250345,0.05483058617562586,0
2192,741,1,detour_2,Customer_39,Customer_13,66,61,"[66, 57, 61]","[431, 428]",5.053995579330835,0.10390645139189596,0
2193,741,2,detour_3,Customer_39,Customer_13,66,61,"[66, 16, 61]","[187, 188]",5.235463038468943,0.10833750380367169,0
2194,742,0,shortest,Customer_39,Customer_60,66,61,"[66, 61]",[447],2.1932234470250345,0.05483058617562586,0
2195,742,1,detour_2,Customer_39,Customer_60,66,61,"[66, 57, 61]","[431, 428]",5.053995579330835,0.10390645139189596,0
2196,742,2,detour_3,Customer_39,Customer_60,66,61,"[66, 16, 61]","[187, 188]",5.235463038468943,0.10833750380367169,0
2197,743,0,shortest,Customer_39,Customer_22,66,65,"[66, 1, 9, 65]","[23, 16, 114]",9.601563439404451,0.18439646536907306,0
2198,743,1,detour_2,Customer_39,Customer_22,66,65,"[66, 1, 26, 65]","[23, 12, 264]",9.688349893490145,0.19028732550496322,0
2199,743,2,detour_3,Customer_39,Customer_22,66,65,"[66, 1, 9, 26, 65]","[23, 16, 108, 264]",9.68934753743714,0.2080055469834621,0
2200,744,0,shortest,Customer_39,Customer_24,66,47,"[66, 1, 47]","[23, 14]",9.505239146557635,0.17282252993741154,0
2201,744,1,detour_2,Customer_39,Customer_24,66,47,"[66, 1, 9, 47]","[23, 16, 112]",9.530328921782107,0.18310129232139408,0
2202,744,2,detour_3,Customer_39,Customer_24,66,47,"[66, 1, 26, 47]","[23, 12, 262]",9.556043463792964,0.18697966476253366,0
2203,745,0,shortest,Customer_39,Customer_7,66,78,"[66, 16, 78]","[187, 190]",7.460005686735647,0.1487837337721572,0
2204,745,1,detour_2,Customer_39,Customer_7,66,78,"[66, 57, 78]","[431, 434]",7.539796263966325,0.1491028274761776,0
2205,745,2,detour_3,Customer_39,Customer_7,66,78,"[66, 57, 16, 78]","[431, 185, 190]",7.539909809645981,0.15078133684491557,0
2206,746,0,shortest,Customer_39,Customer_38,66,78,"[66, 16, 78]","[187, 190]",7.460005686735647,0.1487837337721572,0
2207,746,1,detour_2,Customer_39,Customer_38,66,78,"[66, 57, 78]","[431, 434]",7.539796263966325,0.1491028274761776,0
2208,746,2,detour_3,Customer_39,Customer_38,66,78,"[66, 57, 16, 78]","[431, 185, 190]",7.539909809645981,0.15078133684491557,0
2209,747,0,shortest,Customer_39,Customer_3,66,77,"[66, 57, 77]","[431, 426]",7.389834662442233,0.14637625290301226,0
2210,747,1,detour_2,Customer_39,Customer_3,66,77,"[66, 16, 57, 77]","[187, 184, 426]",7.801687710736875,0.15667257911037832,0
2211,747,2,detour_3,Customer_39,Customer_3,66,77,"[66, 61, 57, 77]","[447, 429, 426]",11.112471036939743,0.21699872417407512,0
2212,748,0,shortest,Customer_39,Customer_33,66,77,"[66, 57, 77]","[431, 426]",7.389834662442233,0.14637625290301226,0
2213,748,1,detour_2,Customer_39,Customer_33,66,77,"[66, 16, 57, 77]","[187, 184, 426]",7.801687710736875,0.15667257911037832,0
2214,748,2,detour_3,Customer_39,Customer_33,66,77,"[66, 61, 57, 77]","[447, 429, 426]",11.112471036939743,0.21699872417407512,0
2215,749,0,shortest,Customer_39,Customer_40,66,77,"[66, 57, 77]","[431, 426]",7.389834662442233,0.14637625290301226,0
2216,749,1,detour_2,Customer_39,Customer_40,66,77,"[66, 16, 57, 77]","[187, 184, 426]",7.801687710736875,0.15667257911037832,0
2217,749,2,detour_3,Customer_39,Customer_40,66,77,"[66, 61, 57, 77]","[447, 429, 426]",11.112471036939743,0.21699872417407512,0
2218,750,0,shortest,Customer_39,Customer_17,66,40,"[66, 61, 40]","[447, 365]",7.188446814626206,0.1456528292229199,0
2219,750,1,detour_2,Customer_39,Customer_17,66,40,"[66, 1, 40]","[23, 18]",8.364145262389137,0.1520753684070752,0
2220,750,2,detour_3,Customer_39,Customer_17,66,40,"[66, 61, 1, 40]","[447, 11, 18]",9.182583494792556,0.181909859771399,0
2221,751,0,shortest,Customer_39,Customer_31,66,40,"[66, 61, 40]","[447, 365]",7.188446814626206,0.1456528292229199,0
2222,751,1,detour_2,Customer_39,Customer_31,66,40,"[66, 1, 40]","[23, 18]",8.364145262389137,0.1520753684070752,0
2223,751,2,detour_3,Customer_39,Customer_31,66,40,"[66, 61, 1, 40]","[447, 11, 18]",9.182583494792556,0.181909859771399,0
2224,752,0,shortest,Customer_39,Customer_25,66,34,"[66, 1, 26, 34]","[23, 12, 266]",10.40227786527738,0.18913232482322506,0
2225,752,1,detour_2,Customer_39,Customer_25,66,34,"[66, 1, 47, 34]","[23, 14, 329]",10.377181771117701,0.1946210955514132,1
2226,752,2,detour_3,Customer_39,Customer_25,66,34,"[66, 1, 9, 34]","[23, 16, 110]",10.349909057814036,0.19800274934015644,0
2227,753,0,shortest,Customer_39,Customer_20,66,12,"[66, 57, 77, 12]","[431, 426, 145]",10.39483711629792,0.20101266115493382,0
2228,753,1,detour_2,Customer_39,Customer_20,66,12,"[66, 16, 57, 77, 12]","[187, 184, 426, 145]",10.806690164592561,0.21130898736229992,0
2229,753,2,detour_3,Customer_39,Customer_20,66,12,"[66, 57, 77, 64, 12]","[431, 426, 453, 141]",11.49839244961908,0.22742499064204838,0
2230,754,0,shortest,Customer_39,Customer_26,66,12,"[66, 57, 77, 12]","[431, 426, 145]",10.39483711629792,0.20101266115493382,0
2231,754,1,detour_2,Customer_39,Customer_26,66,12,"[66, 16, 57, 77, 12]","[187, 184, 426, 145]",10.806690164592561,0.21130898736229992,0
2232,754,2,detour_3,Customer_39,Customer_26,66,12,"[66, 57, 77, 64, 12]","[431, 426, 453, 141]",11.49839244961908,0.22742499064204838,0
2233,755,0,shortest,Customer_39,Customer_51,66,64,"[66, 57, 77, 64]","[431, 426, 453]",10.567398347032043,0.20415013807737242,0
2234,755,1,detour_2,Customer_39,Customer_51,66,64,"[66, 16, 57, 77, 64]","[187, 184, 426, 453]",10.979251395326685,0.21444646428473849,0
2235,755,2,detour_3,Customer_39,Customer_51,66,64,"[66, 57, 77, 54, 64]","[431, 426, 413, 410]",11.279130261585903,0.22079627882591243,0
2236,756,0,shortest,Customer_39,Customer_18,66,53,"[66, 57, 77, 12, 30, 53]","[431, 426, 145, 148, 300]",16.390522572695804,0.32599732860540614,0
2237,756,1,detour_2,Customer_39,Customer_18,66,53,"[66, 57, 77, 12, 60, 53]","[431, 426, 145, 150, 407]",17.75656046606277,0.33486217660520384,0
2238,756,2,detour_3,Customer_39,Customer_18,66,53,"[66, 16, 57, 77, 12, 30, 53]","[187, 184, 426, 145, 148, 300]",16.802375620990446,0.33629365481277224,0
2239,757,0,shortest,Customer_39,Customer_41,66,53,"[66, 57, 77, 12, 30, 53]","[431, 426, 145, 148, 300]",16.390522572695804,0.32599732860540614,0
2240,757,1,detour_2,Customer_39,Customer_41,66,53,"[66, 57, 77, 12, 60, 53]","[431, 426, 145, 150, 407]",17.75656046606277,0.33486217660520384,0
2241,757,2,detour_3,Customer_39,Customer_41,66,53,"[66, 16, 57, 77, 12, 30, 53]","[187, 184, 426, 145, 148, 300]",16.802375620990446,0.33629365481277224,0
2242,758,0,shortest,Customer_39,Customer_50,66,42,"[66, 57, 77, 12, 30, 3, 48, 42]","[431, 426, 145, 148, 33, 36, 373]",23.441854596285133,0.45304326626190367,2
2243,758,1,avoid_congestion,Customer_39,Customer_50,66,42,"[66, 57, 77, 12, 30, 53, 48, 42]","[431, 426, 145, 148, 300, 389, 373]",22.78955452273031,0.4571554695314176,1
2244,758,2,detour_3,Customer_39,Customer_50,66,42,"[66, 16, 57, 77, 12, 30, 3, 48, 42]","[187, 184, 426, 145, 148, 33, 36, 373]",23.853707644579774,0.46333959246926976,2
2245,759,0,same_node,Customer_40,Customer_3,77,77,[77],[],0.0,0.0,0
2246,760,0,same_node,Customer_40,Customer_33,77,77,[77],[],0.0,0.0,0
2247,761,0,shortest,Customer_40,Customer_20,77,12,"[77, 12]",[145],3.005002453855687,0.05463640825192158,0
2248,761,1,detour_2,Customer_40,Customer_20,77,12,"[77, 64, 12]","[453, 141]",4.1085577871768475,0.08104873773903612,0
2249,761,2,detour_3,Customer_40,Customer_20,77,12,"[77, 54, 12]","[413, 143]",4.818624213268144,0.09765324127601202,0
2250,762,0,shortest,Customer_40,Customer_26,77,12,"[77, 12]",[145],3.005002453855687,0.05463640825192158,0
2251,762,1,detour_2,Customer_40,Customer_26,77,12,"[77, 64, 12]","[453, 141]",4.1085577871768475,0.08104873773903612,0
2252,762,2,detour_3,Customer_40,Customer_26,77,12,"[77, 54, 12]","[413, 143]",4.818624213268144,0.09765324127601202,0
2253,763,0,shortest,Customer_40,Customer_51,77,64,"[77, 64]",[453],3.177563684589809,0.05777388517436016,0
2254,763,1,detour_2,Customer_40,Customer_51,77,64,"[77, 54, 64]","[413, 410]",3.8892955991436704,0.07442002592290016,0
2255,763,2,detour_3,Customer_40,Customer_51,77,64,"[77, 12, 64]","[145, 140]",3.9359965564427255,0.07791126081659754,0
2256,764,0,shortest,Customer_40,Customer_5,77,19,"[77, 19]",[221],3.489061186436827,0.06343747611703321,0
2257,764,1,detour_2,Customer_40,Customer_5,77,19,"[77, 54, 19]","[413, 217]",6.768232423261577,0.12305877133202868,0
2258,764,2,detour_3,Customer_40,Customer_5,77,19,"[77, 64, 19]","[453, 219]",6.969141972834461,0.12671167223335383,0
2259,765,0,shortest,Customer_40,Customer_34,77,19,"[77, 19]",[221],3.489061186436827,0.06343747611703321,0
2260,765,1,detour_2,Customer_40,Customer_34,77,19,"[77, 54, 19]","[413, 217]",6.768232423261577,0.12305877133202868,0
2261,765,2,detour_3,Customer_40,Customer_34,77,19,"[77, 64, 19]","[453, 219]",6.969141972834461,0.12671167223335383,0
2262,766,0,shortest,Customer_40,Customer_19,77,57,"[77, 57]",[427],5.627543336513053,0.10231896975478279,0
2263,766,1,detour_2,Customer_40,Customer_19,77,57,"[77, 12, 30, 3, 48, 4, 55, 50, 46, 14, 26, 1, 61, 57]","[145, 148, 33, 36, 53, 46, 395, 385, 171, 164, 13, 10, 429]",43.4825627002217,0.7905920490949401,4
2264,766,2,detour_3,Customer_40,Customer_19,77,57,"[77, 12, 30, 53, 48, 4, 55, 50, 46, 14, 26, 1, 61, 57]","[145, 148, 300, 389, 53, 46, 395, 385, 171, 164, 13, 10, 429]",42.83026262666687,0.794704252364454,3
2265,767,0,shortest,Customer_40,Customer_1,77,39,"[77, 64, 39]","[453, 359]",5.913829336765739,0.10752416975937706,0
2266,767,1,detour_2,Customer_40,Customer_1,77,39,"[77, 12, 39]","[145, 146]",6.470708251739721,0.1176492409407222,0
2267,767,2,detour_3,Customer_40,Customer_1,77,39,"[77, 54, 39]","[413, 361]",5.766894249263802,0.12135999217590346,0
2268,768,0,shortest,Customer_40,Customer_9,77,39,"[77, 64, 39]","[453, 359]",5.913829336765739,0.10752416975937706,0
2269,768,1,detour_2,Customer_40,Customer_9,77,39,"[77, 12, 39]","[145, 146]",6.470708251739721,0.1176492409407222,0
2270,768,2,detour_3,Customer_40,Customer_9,77,39,"[77, 54, 39]","[413, 361]",5.766894249263802,0.12135999217590346,0
2271,769,0,shortest,Customer_40,Customer_39,77,66,"[77, 57, 66]","[427, 430]",7.389834662442233,0.14637625290301226,0
2272,769,1,detour_2,Customer_40,Customer_39,77,66,"[77, 57, 16, 66]","[427, 185, 186]",7.801687710736875,0.15667257911037832,0
2273,769,2,detour_3,Customer_40,Customer_39,77,66,"[77, 57, 61, 66]","[427, 428, 446]",11.112471036939745,0.21699872417407512,0
2274,770,0,shortest,Customer_40,Customer_49,77,66,"[77, 57, 66]","[427, 430]",7.389834662442233,0.14637625290301226,0
2275,770,1,detour_2,Customer_40,Customer_49,77,66,"[77, 57, 16, 66]","[427, 185, 186]",7.801687710736875,0.15667257911037832,0
2276,770,2,detour_3,Customer_40,Customer_49,77,66,"[77, 57, 61, 66]","[427, 428, 446]",11.112471036939745,0.21699872417407512,0
2277,771,0,shortest,Customer_40,Customer_10,77,29,"[77, 19, 29]","[221, 222]",7.757477921228796,0.14104505311325083,0
2278,771,1,detour_2,Customer_40,Customer_10,77,29,"[77, 54, 29]","[413, 297]",8.170406131212406,0.14855283874931646,0
2279,771,2,detour_3,Customer_40,Customer_10,77,29,"[77, 64, 29]","[453, 295]",8.5396071996744,0.15526558544862545,0
2280,772,0,shortest,Customer_40,Customer_18,77,53,"[77, 12, 30, 53]","[145, 148, 300]",9.000687910253571,0.17962107570239386,0
2281,772,1,detour_2,Customer_40,Customer_18,77,53,"[77, 12, 60, 53]","[145, 150, 407]",10.366725803620538,0.18848592370219158,0
2282,772,2,detour_3,Customer_40,Customer_18,77,53,"[77, 64, 30, 53]","[453, 303, 300]",9.709290500673525,0.19250475916457488,0
2283,773,0,shortest,Customer_40,Customer_41,77,53,"[77, 12, 30, 53]","[145, 148, 300]",9.000687910253571,0.17962107570239386,0
2284,773,1,detour_2,Customer_40,Customer_41,77,53,"[77, 12, 60, 53]","[145, 150, 407]",10.366725803620538,0.18848592370219158,0
2285,773,2,detour_3,Customer_40,Customer_41,77,53,"[77, 64, 30, 53]","[453, 303, 300]",9.709290500673525,0.19250475916457488,0
2286,774,0,shortest,Customer_40,Customer_7,77,78,"[77, 57, 78]","[427, 434]",11.405048274550198,0.20736451408273088,0
2287,774,1,detour_2,Customer_40,Customer_7,77,78,"[77, 57, 16, 78]","[427, 185, 190]",11.405161820229855,0.20904302345146886,0
2288,774,2,detour_3,Customer_40,Customer_7,77,78,"[77, 57, 61, 78]","[427, 428, 448]",15.557440861883773,0.2828625611251595,0
2289,775,0,shortest,Customer_40,Customer_38,77,78,"[77, 57, 78]","[427, 434]",11.405048274550198,0.20736451408273088,0
2290,775,1,detour_2,Customer_40,Customer_38,77,78,"[77, 57, 16, 78]","[427, 185, 190]",11.405161820229855,0.20904302345146886,0
2291,775,2,detour_3,Customer_40,Customer_38,77,78,"[77, 57, 61, 78]","[427, 428, 448]",15.557440861883773,0.2828625611251595,0
2292,776,0,shortest,Customer_40,Customer_13,77,61,"[77, 57, 61]","[427, 428]",8.91924758991471,0.16216813799844926,0
2293,776,1,detour_2,Customer_40,Customer_13,77,61,"[77, 57, 16, 61]","[427, 185, 188]",9.180619171963151,0.16859679348298334,0
2294,776,2,detour_3,Customer_40,Customer_13,77,61,"[77, 57, 66, 61]","[427, 430, 447]",9.583058109467267,0.20120683907863812,0
2295,777,0,shortest,Customer_40,Customer_60,77,61,"[77, 57, 61]","[427, 428]",8.91924758991471,0.16216813799844926,0
2296,777,1,detour_2,Customer_40,Customer_60,77,61,"[77, 57, 16, 61]","[427, 185, 188]",9.180619171963151,0.16859679348298334,0
2297,777,2,detour_3,Customer_40,Customer_60,77,61,"[77, 57, 66, 61]","[427, 430, 447]",9.583058109467267,0.20120683907863812,0
2298,778,0,shortest,Customer_40,Customer_23,77,79,"[77, 64, 39, 79]","[453, 359, 362]",10.220972939397313,0.1858358716254057,0
2299,778,1,detour_2,Customer_40,Customer_23,77,79,"[77, 12, 39, 79]","[145, 146, 362]",10.777851854371296,0.19596094280675083,0
2300,778,2,detour_3,Customer_40,Customer_23,77,79,"[77, 54, 39, 79]","[413, 361, 362]",10.074037851895376,0.19967169404193208,0
2301,779,0,same_node,Customer_41,Customer_18,53,53,[53],[],0.0,0.0,0
2302,780,0,shortest,Customer_41,Customer_8,53,13,"[53, 63, 13]","[408, 153]",4.961836240230475,0.10317728192463317,0
2303,780,1,detour_2,Customer_41,Customer_8,53,13,"[53, 63, 45, 13]","[408, 383, 155]",8.328806074286843,0.1633320269099068,0
2304,780,2,detour_3,Customer_41,Customer_8,53,13,"[53, 60, 63, 13]","[406, 444, 153]",8.599902572933177,0.16932394251922772,0
2305,781,0,shortest,Customer_41,Customer_59,53,13,"[53, 63, 13]","[408, 153]",4.961836240230475,0.10317728192463317,0
2306,781,1,detour_2,Customer_41,Customer_59,53,13,"[53, 63, 45, 13]","[408, 383, 155]",8.328806074286843,0.1633320269099068,0
2307,781,2,detour_3,Customer_41,Customer_59,53,13,"[53, 60, 63, 13]","[406, 444, 153]",8.599902572933177,0.16932394251922772,0
2308,782,0,shortest,Customer_41,Customer_20,53,12,"[53, 30, 12]","[301, 149]",5.995685456397883,0.12498466745047228,0
2309,782,1,detour_2,Customer_41,Customer_20,53,12,"[53, 60, 12]","[406, 151]",7.361723349764851,0.13384951545027002,0
2310,782,2,detour_3,Customer_41,Customer_20,53,12,"[53, 60, 30, 12]","[406, 299, 149]",7.943180131454375,0.1535191215395988,0
2311,783,0,shortest,Customer_41,Customer_26,53,12,"[53, 30, 12]","[301, 149]",5.995685456397883,0.12498466745047228,0
2312,783,1,detour_2,Customer_41,Customer_26,53,12,"[53, 60, 12]","[406, 151]",7.361723349764851,0.13384951545027002,0
2313,783,2,detour_3,Customer_41,Customer_26,53,12,"[53, 60, 30, 12]","[406, 299, 149]",7.943180131454375,0.1535191215395988,0
2314,784,0,shortest,Customer_41,Customer_51,53,64,"[53, 30, 64]","[301, 302]",6.531726816083715,0.1347308739902147,0
2315,784,1,detour_2,Customer_41,Customer_51,53,64,"[53, 30, 12, 64]","[301, 149, 140]",6.9266795589849215,0.14825952001514825,0
2316,784,2,detour_3,Customer_41,Customer_51,53,64,"[53, 60, 12, 64]","[406, 151, 140]",8.292717452351889,0.15712436801494598,0
2317,785,0,shortest,Customer_41,Customer_50,53,42,"[53, 48, 42]","[389, 373]",6.399031950034503,0.13115814092601147,1
2318,785,1,detour_2,Customer_41,Customer_50,53,42,"[53, 3, 48, 42]","[35, 36, 373]",8.09323334976254,0.17768056262044213,2
2319,785,2,detour_3,Customer_41,Customer_50,53,42,"[53, 48, 4, 42]","[389, 53, 44]",10.635716174356876,0.20782093500592647,2
2320,786,0,shortest,Customer_41,Customer_2,53,44,"[53, 63, 13, 44]","[408, 153, 158]",9.157197184362587,0.1794565718179443,0
2321,786,1,detour_2,Customer_41,Customer_2,53,44,"[53, 63, 45, 44]","[408, 383, 381]",9.877015273803504,0.17958209588733642,0
2322,786,2,detour_3,Customer_41,Customer_2,53,44,"[53, 63, 45, 7, 44]","[408, 383, 85, 82]",10.227521366272416,0.188674714441181,0
2323,787,0,shortest,Customer_41,Customer_4,53,44,"[53, 63, 13, 44]","[408, 153, 158]",9.157197184362587,0.1794565718179443,0
2324,787,1,detour_2,Customer_41,Customer_4,53,44,"[53, 63, 45, 44]","[408, 383, 381]",9.877015273803504,0.17958209588733642,0
2325,787,2,detour_3,Customer_41,Customer_4,53,44,"[53, 63, 45, 7, 44]","[408, 383, 85, 82]",10.227521366272416,0.188674714441181,0
2326,788,0,shortest,Customer_41,Customer_27,53,44,"[53, 63, 13, 44]","[408, 153, 158]",9.157197184362587,0.1794565718179443,0
2327,788,1,detour_2,Customer_41,Customer_27,53,44,"[53, 63, 45, 44]","[408, 383, 381]",9.877015273803504,0.17958209588733642,0
2328,788,2,detour_3,Customer_41,Customer_27,53,44,"[53, 63, 45, 7, 44]","[408, 383, 85, 82]",10.227521366272416,0.188674714441181,0
2329,789,0,shortest,Customer_41,Customer_1,53,39,"[53, 30, 64, 39]","[301, 302, 359]",9.267992468259644,0.1844811585752316,0
2330,789,1,detour_2,Customer_41,Customer_1,53,39,"[53, 30, 12, 39]","[301, 149, 146]",9.461391254281917,0.1879975001392729,0
2331,789,2,detour_3,Customer_41,Customer_1,53,39,"[53, 60, 12, 39]","[406, 151, 146]",10.827429147648886,0.19686234813907064,0
2332,790,0,shortest,Customer_41,Customer_9,53,39,"[53, 30, 64, 39]","[301, 302, 359]",9.267992468259644,0.1844811585752316,0
2333,790,1,detour_2,Customer_41,Customer_9,53,39,"[53, 30, 12, 39]","[301, 149, 146]",9.461391254281917,0.1879975001392729,0
2334,790,2,detour_3,Customer_41,Customer_9,53,39,"[53, 60, 12, 39]","[406, 151, 146]",10.827429147648886,0.19686234813907064,0
2335,791,0,shortest,Customer_41,Customer_3,53,77,"[53, 30, 12, 77]","[301, 149, 144]",9.00068791025357,0.17962107570239386,0
2336,791,1,detour_2,Customer_41,Customer_3,53,77,"[53, 60, 12, 77]","[406, 151, 144]",10.366725803620538,0.18848592370219158,0
2337,791,2,detour_3,Customer_41,Customer_3,53,77,"[53, 30, 64, 77]","[301, 302, 452]",9.709290500673525,0.19250475916457485,0
2338,792,0,shortest,Customer_41,Customer_33,53,77,"[53, 30, 12, 77]","[301, 149, 144]",9.00068791025357,0.17962107570239386,0
2339,792,1,detour_2,Customer_41,Customer_33,53,77,"[53, 60, 12, 77]","[406, 151, 144]",10.366725803620538,0.18848592370219158,0
2340,792,2,detour_3,Customer_41,Customer_33,53,77,"[53, 30, 64, 77]","[301, 302, 452]",9.709290500673525,0.19250475916457485,0
2341,793,0,shortest,Customer_41,Customer_40,53,77,"[53, 30, 12, 77]","[301, 149, 144]",9.00068791025357,0.17962107570239386,0
2342,793,1,detour_2,Customer_41,Customer_40,53,77,"[53, 60, 12, 77]","[406, 151, 144]",10.366725803620538,0.18848592370219158,0
2343,793,2,detour_3,Customer_41,Customer_40,53,77,"[53, 30, 64, 77]","[301, 302, 452]",9.709290500673525,0.19250475916457485,0
2344,794,0,shortest,Customer_41,Customer_16,53,18,"[53, 48, 18]","[389, 213]",8.728603586107525,0.15870188338377317,1
2345,794,1,detour_2,Customer_41,Customer_16,53,18,"[53, 48, 42, 18]","[389, 373, 211]",9.759833028797857,0.19226361508534517,2
2346,794,2,detour_3,Customer_41,Customer_16,53,18,"[53, 3, 48, 18]","[35, 36, 213]",10.422804985835562,0.20522430507820383,2
2347,795,0,shortest,Customer_41,Customer_30,53,31,"[53, 48, 18, 31]","[389, 213, 206]",8.913777198966208,0.16333122370524025,2
2348,795,1,detour_2,Customer_41,Customer_30,53,31,"[53, 48, 42, 18, 31]","[389, 373, 211, 206]",9.94500664165654,0.19689295540681226,3
2349,795,2,detour_3,Customer_41,Customer_30,53,31,"[53, 3, 48, 18, 31]","[35, 36, 213, 206]",10.607978598694245,0.2098536453996709,3
2350,796,0,shortest,Customer_41,Customer_23,53,79,"[53, 63, 52, 79]","[408, 403, 404]",12.854870677806062,0.23372492141465565,0
2351,796,1,detour_2,Customer_41,Customer_23,53,79,"[53, 30, 64, 39, 79]","[301, 302, 359, 362]",13.575136070891219,0.2627928604412602,0
2352,796,2,detour_3,Customer_41,Customer_23,53,79,"[53, 30, 12, 39, 79]","[301, 149, 146, 362]",13.768534856913492,0.26630920200530156,0
2353,797,0,shortest,Customer_41,Customer_57,53,17,"[53, 48, 4, 17]","[389, 53, 50]",8.99044479525429,0.16668915052836178,2
2354,797,1,detour_2,Customer_41,Customer_57,53,17,"[53, 48, 42, 17]","[389, 373, 195]",8.788823876983026,0.19090293909972453,2
2355,797,2,detour_3,Customer_41,Customer_57,53,17,"[53, 48, 42, 4, 17]","[389, 373, 45, 50]",8.990748576100337,0.19595105657765732,3
2356,798,0,shortest,Customer_41,Customer_22,53,65,"[53, 48, 4, 55, 50, 46, 14, 65]","[389, 53, 46, 395, 385, 171, 166]",24.848095792690433,0.4517835598670986,3
2357,798,1,avoid_congestion,Customer_41,Customer_22,53,65,"[53, 30, 12, 77, 57, 61, 1, 9, 65]","[301, 149, 144, 427, 428, 11, 16, 114]",26.146713724951113,0.5011895842586143,0
2358,798,2,detour_2,Customer_41,Customer_22,53,65,"[53, 48, 4, 17, 55, 50, 46, 14, 65]","[389, 53, 50, 198, 395, 385, 171, 166]",24.956648624944794,0.474012217600865,4
2359,798,3,detour_3,Customer_41,Customer_22,53,65,"[53, 48, 4, 55, 50, 46, 14, 47, 65]","[389, 53, 46, 395, 385, 171, 162, 386]",24.857705150504053,0.477546082820724,3
2360,799,0,same_node,Customer_42,Customer_6,56,56,[56],[],0.0,0.0,0
2361,800,0,same_node,Customer_42,Customer_55,56,56,[56],[],0.0,0.0,0
2362,801,0,shortest,Customer_42,Customer_7,56,78,"[56, 78]",[420],6.963892800465737,0.12661623273574066,0
2363,801,1,detour_2,Customer_42,Customer_7,56,78,"[56, 62, 78]","[422, 450]",9.899063662589139,0.1799829756834389,0
2364,801,2,detour_3,Customer_42,Customer_7,56,78,"[56, 40, 61, 78]","[367, 364, 448]",20.14899215919651,0.36634531198539105,0
2365,802,0,shortest,Customer_42,Customer_38,56,78,"[56, 78]",[420],6.963892800465737,0.12661623273574066,0
2366,802,1,detour_2,Customer_42,Customer_38,56,78,"[56, 62, 78]","[422, 450]",9.899063662589139,0.1799829756834389,0
2367,802,2,detour_3,Customer_42,Customer_38,56,78,"[56, 40, 61, 78]","[367, 364, 448]",20.14899215919651,0.36634531198539105,0
2368,803,0,shortest,Customer_42,Customer_17,56,40,"[56, 40]",[367],8.515575519626273,0.15482864581138678,0
2369,803,1,detour_2,Customer_42,Customer_17,56,40,"[56, 37, 40]","[345, 346]",14.353064152835925,0.26096480277883505,0
2370,803,2,detour_3,Customer_42,Customer_17,56,40,"[56, 78, 61, 40]","[420, 449, 365]",18.59730944003597,0.33813289890974496,0
2371,804,0,shortest,Customer_42,Customer_31,56,40,"[56, 40]",[367],8.515575519626273,0.15482864581138678,0
2372,804,1,detour_2,Customer_42,Customer_31,56,40,"[56, 37, 40]","[345, 346]",14.353064152835925,0.26096480277883505,0
2373,804,2,detour_3,Customer_42,Customer_31,56,40,"[56, 78, 61, 40]","[420, 449, 365]",18.59730944003597,0.33813289890974496,0
2374,805,0,shortest,Customer_42,Customer_13,56,61,"[56, 40, 61]","[367, 364]",13.510798887227445,0.2456508888586808,0
2375,805,1,detour_2,Customer_42,Customer_13,56,61,"[56, 78, 61]","[420, 449]",13.602086072434801,0.2473106558624509,0
2376,805,2,detour_3,Customer_42,Customer_13,56,61,"[56, 40, 1, 61]","[367, 19, 10]",15.504935567393796,0.2819079194071599,0
2377,806,0,shortest,Customer_42,Customer_60,56,61,"[56, 40, 61]","[367, 364]",13.510798887227445,0.2456508888586808,0
2378,806,1,detour_2,Customer_42,Customer_60,56,61,"[56, 78, 61]","[420, 449]",13.602086072434801,0.2473106558624509,0
2379,806,2,detour_3,Customer_42,Customer_60,56,61,"[56, 40, 1, 61]","[367, 19, 10]",15.504935567393796,0.2819079194071599,0
2380,807,0,shortest,Customer_42,Customer_19,56,57,"[56, 78, 57]","[420, 435]",12.741397738502883,0.23166177706368873,0
2381,807,1,detour_2,Customer_42,Customer_19,56,57,"[56, 78, 16, 57]","[420, 191, 184]",12.741511284182538,0.23334028643242674,0
2382,807,2,detour_3,Customer_42,Customer_19,56,57,"[56, 62, 57]","[422, 433]",15.673621429235677,0.2849749350770123,0
2383,808,0,shortest,Customer_42,Customer_39,56,66,"[56, 78, 16, 66]","[420, 191, 186]",14.423898487201383,0.2753999665078979,0
2384,808,1,detour_2,Customer_42,Customer_39,56,66,"[56, 78, 57, 66]","[420, 435, 430]",14.503689064432063,0.2757190602119182,0
2385,808,2,detour_3,Customer_42,Customer_39,56,66,"[56, 78, 16, 57, 66]","[420, 191, 184, 430]",14.503802610111718,0.2773975695806562,0
2386,809,0,shortest,Customer_42,Customer_49,56,66,"[56, 78, 16, 66]","[420, 191, 186]",14.423898487201383,0.2753999665078979,0
2387,809,1,detour_2,Customer_42,Customer_49,56,66,"[56, 78, 57, 66]","[420, 435, 430]",14.503689064432063,0.2757190602119182,0
2388,809,2,detour_3,Customer_42,Customer_49,56,66,"[56, 78, 16, 57, 66]","[420, 191, 184, 430]",14.503802610111718,0.2773975695806562,0
2389,810,0,shortest,Customer_42,Customer_22,56,65,"[56, 40, 9, 65]","[367, 117, 114]",16.39385159043604,0.2980700289170189,0
2390,810,1,detour_2,Customer_42,Customer_22,56,65,"[56, 40, 1, 9, 65]","[367, 19, 16, 114]",16.441029395363056,0.3087503918410477,0
2391,810,2,detour_3,Customer_42,Customer_22,56,65,"[56, 40, 26, 65]","[367, 269, 264]",16.447775057023136,0.31318596484192673,0
2392,811,0,shortest,Customer_42,Customer_3,56,77,"[56, 78, 57, 77]","[420, 435, 426]",18.368941075015936,0.3339807468184715,0
2393,811,1,detour_2,Customer_42,Customer_3,56,77,"[56, 78, 16, 57, 77]","[420, 191, 184, 426]",18.369054620695593,0.33565925618720954,0
2394,811,2,detour_3,Customer_42,Customer_3,56,77,"[56, 62, 57, 77]","[422, 433, 426]",21.30116476574873,0.3872939048317951,0
2395,812,0,shortest,Customer_42,Customer_33,56,77,"[56, 78, 57, 77]","[420, 435, 426]",18.368941075015936,0.3339807468184715,0
2396,812,1,detour_2,Customer_42,Customer_33,56,77,"[56, 78, 16, 57, 77]","[420, 191, 184, 426]",18.369054620695593,0.33565925618720954,0
2397,812,2,detour_3,Customer_42,Customer_33,56,77,"[56, 62, 57, 77]","[422, 433, 426]",21.30116476574873,0.3872939048317951,0
2398,813,0,shortest,Customer_42,Customer_40,56,77,"[56, 78, 57, 77]","[420, 435, 426]",18.368941075015936,0.3339807468184715,0
2399,813,1,detour_2,Customer_42,Customer_40,56,77,"[56, 78, 16, 57, 77]","[420, 191, 184, 426]",18.369054620695593,0.33565925618720954,0
2400,813,2,detour_3,Customer_42,Customer_40,56,77,"[56, 62, 57, 77]","[422, 433, 426]",21.30116476574873,0.3872939048317951,0
2401,814,0,shortest,Customer_42,Customer_24,56,47,"[56, 40, 9, 47]","[367, 117, 112]",16.322617072813696,0.29677485586933994,0
2402,814,1,detour_2,Customer_42,Customer_24,56,47,"[56, 40, 1, 47]","[367, 19, 14]",16.344705102516237,0.29717645640938617,0
2403,814,2,detour_3,Customer_42,Customer_24,56,47,"[56, 40, 1, 9, 47]","[367, 19, 16, 112]",16.36979487774071,0.3074552187933687,0
2404,815,0,shortest,Customer_42,Customer_25,56,34,"[56, 40, 9, 34]","[367, 117, 110]",17.142197208845626,0.31167631288810227,0
2405,815,1,detour_2,Customer_42,Customer_25,56,34,"[56, 40, 26, 34]","[367, 269, 266]",17.16170302881037,0.31203096416018855,0
2406,815,2,detour_3,Customer_42,Customer_25,56,34,"[56, 40, 1, 26, 34]","[367, 19, 12, 266]",17.241743821235982,0.3134862512951997,0
2407,816,0,shortest,Customer_42,Customer_5,56,19,"[56, 78, 57, 77, 19]","[420, 435, 426, 221]",21.858002261452764,0.3974182229355047,0
2408,816,1,detour_2,Customer_42,Customer_5,56,19,"[56, 78, 16, 57, 77, 19]","[420, 191, 184, 426, 221]",21.85811580713242,0.39909673230424275,0
2409,816,2,detour_3,Customer_42,Customer_5,56,19,"[56, 62, 57, 77, 19]","[422, 433, 426, 221]",24.79022595218556,0.4507313809488283,0
2410,817,0,shortest,Customer_42,Customer_34,56,19,"[56, 78, 57, 77, 19]","[420, 435, 426, 221]",21.858002261452764,0.3974182229355047,0
2411,817,1,detour_2,Customer_42,Customer_34,56,19,"[56, 78, 16, 57, 77, 19]","[420, 191, 184, 426, 221]",21.85811580713242,0.39909673230424275,0
2412,817,2,detour_3,Customer_42,Customer_34,56,19,"[56, 62, 57, 77, 19]","[422, 433, 426, 221]",24.79022595218556,0.4507313809488283,0
2413,818,0,shortest,Customer_42,Customer_20,56,12,"[56, 78, 57, 77, 12]","[420, 435, 426, 145]",21.373943528871624,0.38861715507039307,0
2414,818,1,detour_2,Customer_42,Customer_20,56,12,"[56, 78, 16, 57, 77, 12]","[420, 191, 184, 426, 145]",21.37405707455128,0.3902956644391311,0
2415,818,2,detour_3,Customer_42,Customer_20,56,12,"[56, 78, 57, 77, 64, 12]","[420, 435, 426, 453, 141]",22.477498862192785,0.41502948455750766,0
2416,819,0,same_node,Customer_43,Customer_21,24,24,[24],[],0.0,0.0,0
2417,820,0,shortest,Customer_43,Customer_52,24,0,"[24, 0]",[3],2.5942241133374417,0.04716771115158985,0
2418,820,1,detour_2,Customer_43,Customer_52,24,0,"[24, 52, 0]","[250, 1]",7.66462504602936,0.13935681901871563,0
2419,820,2,detour_3,Customer_43,Customer_52,24,0,"[24, 2, 0]","[27, 5]",9.233751405974544,0.1678863891995372,0
2420,821,0,shortest,Customer_43,Customer_29,24,20,"[24, 20]",[227],3.7151185254186614,0.06754760955306657,0
2421,821,1,detour_2,Customer_43,Customer_29,24,20,"[24, 6, 20]","[79, 74]",7.4468280465771155,0.152058796080636,0
2422,821,2,detour_3,Customer_43,Customer_29,24,20,"[24, 0, 20]","[3, 8]",8.867954206009296,0.16123553101835084,0
2423,822,0,shortest,Customer_43,Customer_14,24,6,"[24, 6]",[79],5.003079412289481,0.09096508022344511,0
2424,822,1,detour_2,Customer_43,Customer_14,24,6,"[24, 20, 6]","[227, 75]",6.158867159706296,0.12864132541025744,0
2425,822,2,detour_3,Customer_43,Customer_14,24,6,"[24, 20, 79, 6]","[227, 224, 77]",12.185593297721727,0.22155624177675864,0
2426,823,0,shortest,Customer_43,Customer_23,24,79,"[24, 6, 79]","[79, 76]",8.351997377849052,0.15185449777907367,0
2427,823,1,detour_2,Customer_43,Customer_23,24,79,"[24, 20, 79]","[227, 224]",8.836675332162157,0.1606668242211301,0
2428,823,2,detour_3,Customer_43,Customer_23,24,79,"[24, 52, 79]","[250, 404]",9.643370357321583,0.17533400649675607,0
2429,824,0,shortest,Customer_43,Customer_8,24,13,"[24, 52, 13]","[250, 157]",8.610595182898432,0.15655627605269878,0
2430,824,1,detour_2,Customer_43,Customer_8,24,13,"[24, 0, 52, 13]","[3, 0, 157]",9.788305783374009,0.1779691960613456,0
2431,824,2,detour_3,Customer_43,Customer_8,24,13,"[24, 52, 63, 13]","[250, 402, 153]",11.13301205580842,0.2153804785715049,0
2432,825,0,shortest,Customer_43,Customer_59,24,13,"[24, 52, 13]","[250, 157]",8.610595182898432,0.15655627605269878,0
2433,825,1,detour_2,Customer_43,Customer_59,24,13,"[24, 0, 52, 13]","[3, 0, 157]",9.788305783374009,0.1779691960613456,0
2434,825,2,detour_3,Customer_43,Customer_59,24,13,"[24, 52, 63, 13]","[250, 402, 153]",11.13301205580842,0.2153804785715049,0
2435,826,0,shortest,Customer_43,Customer_1,24,39,"[24, 6, 39]","[79, 80]",12.024398532554665,0.2186254278646303,0
2436,826,1,detour_2,Customer_43,Customer_1,24,39,"[24, 6, 79, 39]","[79, 76, 363]",12.659140980480627,0.23016619964510232,0
2437,826,2,detour_3,Customer_43,Customer_1,24,39,"[24, 20, 79, 39]","[227, 224, 363]",13.143818934793732,0.23897852608715875,0
2438,827,0,shortest,Customer_43,Customer_9,24,39,"[24, 6, 39]","[79, 80]",12.024398532554665,0.2186254278646303,0
2439,827,1,detour_2,Customer_43,Customer_9,24,39,"[24, 6, 79, 39]","[79, 76, 363]",12.659140980480627,0.23016619964510232,0
2440,827,2,detour_3,Customer_43,Customer_9,24,39,"[24, 20, 79, 39]","[227, 224, 363]",13.143818934793732,0.23897852608715875,0
2441,828,0,shortest,Customer_43,Customer_10,24,29,"[24, 6, 39, 29]","[79, 80, 293]",15.808448695260022,0.2874263399138186,0
2442,828,1,detour_2,Customer_43,Customer_10,24,29,"[24, 6, 79, 39, 29]","[79, 76, 363, 293]",16.443191143185985,0.29896711169429063,0
2443,828,2,detour_3,Customer_43,Customer_10,24,29,"[24, 20, 79, 39, 29]","[227, 224, 363, 293]",16.92786909749909,0.30777943813634706,0
2444,829,0,shortest,Customer_43,Customer_18,24,53,"[24, 52, 63, 53]","[250, 402, 409]",12.292638879375703,0.22350252507955826,0
2445,829,1,detour_2,Customer_43,Customer_18,24,53,"[24, 0, 52, 63, 53]","[3, 0, 402, 409]",13.47034947985128,0.24491544508820506,0
2446,829,2,detour_3,Customer_43,Customer_18,24,53,"[24, 52, 13, 63, 53]","[250, 157, 152, 409]",13.572431423128908,0.25973355797733194,0
2447,830,0,shortest,Customer_43,Customer_41,24,53,"[24, 52, 63, 53]","[250, 402, 409]",12.292638879375703,0.22350252507955826,0
2448,830,1,detour_2,Customer_43,Customer_41,24,53,"[24, 0, 52, 63, 53]","[3, 0, 402, 409]",13.47034947985128,0.24491544508820506,0
2449,830,2,detour_3,Customer_43,Customer_41,24,53,"[24, 52, 13, 63, 53]","[250, 157, 152, 409]",13.572431423128908,0.25973355797733194,0
2450,831,0,shortest,Customer_43,Customer_51,24,64,"[24, 6, 39, 64]","[79, 80, 358]",14.760664184730594,0.2683757124496472,0
2451,831,1,detour_2,Customer_43,Customer_51,24,64,"[24, 6, 79, 39, 64]","[79, 76, 363, 358]",15.395406632656556,0.2799164842301192,0
2452,831,2,detour_3,Customer_43,Customer_51,24,64,"[24, 20, 79, 39, 64]","[227, 224, 363, 358]",15.88008458696966,0.28872881067217565,0
2453,832,0,shortest,Customer_43,Customer_20,24,12,"[24, 6, 39, 12]","[79, 80, 147]",15.4901043304387,0.2816382605534309,0
2454,832,1,detour_2,Customer_43,Customer_20,24,12,"[24, 6, 39, 64, 12]","[79, 80, 358, 141]",15.691658287317631,0.2916505650143232,0
2455,832,2,detour_3,Customer_43,Customer_20,24,12,"[24, 6, 79, 39, 12]","[79, 76, 363, 147]",16.124846778364663,0.29317903233390297,0
2456,833,0,shortest,Customer_43,Customer_26,24,12,"[24, 6, 39, 12]","[79, 80, 147]",15.4901043304387,0.2816382605534309,0
2457,833,1,detour_2,Customer_43,Customer_26,24,12,"[24, 6, 39, 64, 12]","[79, 80, 358, 141]",15.691658287317631,0.2916505650143232,0
2458,833,2,detour_3,Customer_43,Customer_26,24,12,"[24, 6, 79, 39, 12]","[79, 76, 363, 147]",16.124846778364663,0.29317903233390297,0
2459,834,0,shortest,Customer_43,Customer_2,24,44,"[24, 52, 13, 44]","[250, 157, 158]",12.805956127030544,0.2328355659460099,0
2460,834,1,detour_2,Customer_43,Customer_2,24,44,"[24, 52, 13, 7, 44]","[250, 157, 89, 82]",13.310594720111986,0.2447305936019005,0
2461,834,2,detour_3,Customer_43,Customer_2,24,44,"[24, 0, 52, 13, 44]","[3, 0, 157, 158]",13.98366672750612,0.2542484859546567,0
2462,835,0,shortest,Customer_43,Customer_4,24,44,"[24, 52, 13, 44]","[250, 157, 158]",12.805956127030544,0.2328355659460099,0
2463,835,1,detour_2,Customer_43,Customer_4,24,44,"[24, 52, 13, 7, 44]","[250, 157, 89, 82]",13.310594720111986,0.2447305936019005,0
2464,835,2,detour_3,Customer_43,Customer_4,24,44,"[24, 0, 52, 13, 44]","[3, 0, 157, 158]",13.98366672750612,0.2542484859546567,0
2465,836,0,shortest,Customer_43,Customer_27,24,44,"[24, 52, 13, 44]","[250, 157, 158]",12.805956127030544,0.2328355659460099,0
2466,836,1,detour_2,Customer_43,Customer_27,24,44,"[24, 52, 13, 7, 44]","[250, 157, 89, 82]",13.310594720111986,0.2447305936019005,0
2467,836,2,detour_3,Customer_43,Customer_27,24,44,"[24, 0, 52, 13, 44]","[3, 0, 157, 158]",13.98366672750612,0.2542484859546567,0
2468,837,0,shortest,Customer_43,Customer_46,24,5,"[24, 0, 41, 5]","[3, 6, 69]",13.973724103475794,0.2540677109722872,0
2469,837,1,detour_2,Customer_43,Customer_46,24,5,"[24, 0, 41, 22, 5]","[3, 6, 243, 57]",14.474234521019257,0.2661778263551645,0
2470,837,2,detour_3,Customer_43,Customer_46,24,5,"[24, 2, 41, 5]","[27, 24, 69]",16.200854366447434,0.29456098848086243,0
2471,838,0,shortest,Customer_43,Customer_5,24,19,"[24, 6, 39, 64, 19]","[79, 80, 358, 219]",18.552242472975244,0.33731349950864087,0
2472,838,1,detour_2,Customer_43,Customer_5,24,19,"[24, 6, 39, 54, 19]","[79, 80, 360, 217]",17.867898415410508,0.3413782497422072,0
2473,838,2,detour_3,Customer_43,Customer_5,24,19,"[24, 6, 39, 64, 54, 19]","[79, 80, 358, 411, 217]",18.726565417466304,0.34418856807422077,0
2474,839,0,shortest,Customer_44,Customer_11,46,10,"[46, 10]",[125],2.9737855300055998,0.054068827818283635,0
2475,839,1,detour_2,Customer_44,Customer_11,46,10,"[46, 33, 10]","[325, 127]",4.548362176942671,0.09304040418704074,0
2476,839,2,detour_3,Customer_44,Customer_11,46,10,"[46, 50, 10]","[384, 121]",6.840486519764978,0.12437248217754505,0
2477,840,0,shortest,Customer_44,Customer_47,46,43,"[46, 43]",[377],4.417849853099555,0.08032454278362827,0
2478,840,1,detour_2,Customer_44,Customer_47,46,43,"[46, 33, 43]","[325, 320]",4.762383057689108,0.09693169292788506,0
2479,840,2,detour_3,Customer_44,Customer_47,46,43,"[46, 10, 43]","[125, 130]",6.092848061337399,0.11077905566068,0
2480,841,0,shortest,Customer_44,Customer_25,46,34,"[46, 14, 34]","[171, 168]",5.381677972955689,0.11177511413570278,0
2481,841,1,detour_2,Customer_44,Customer_25,46,34,"[46, 14, 47, 34]","[171, 162, 329]",6.470319544202997,0.13899115341688545,1
2482,841,2,detour_3,Customer_44,Customer_25,46,34,"[46, 14, 26, 34]","[171, 164, 266]",9.318958894897934,0.1694356162708715,0
2483,842,0,shortest,Customer_44,Customer_12,46,67,"[46, 33, 67]","[325, 322]",5.1651259894699,0.10425429168753582,0
2484,842,1,detour_2,Customer_44,Customer_12,46,67,"[46, 43, 67]","[377, 374]",5.629346797224775,0.11061196638675877,0
2485,842,2,detour_3,Customer_44,Customer_12,46,67,"[46, 33, 43, 67]","[325, 320, 374]",5.973880001814328,0.12721911653101556,0
2486,843,0,shortest,Customer_44,Customer_24,46,47,"[46, 14, 47]","[171, 162]",5.598376919642931,0.1171925878028838,0
2487,843,1,detour_2,Customer_44,Customer_24,46,47,"[46, 14, 34, 47]","[171, 168, 328]",6.253620597515756,0.13357367974970444,1
2488,843,2,detour_3,Customer_44,Customer_24,46,47,"[46, 14, 65, 47]","[171, 166, 387]",8.57604220246983,0.1661119308652714,0
2489,844,0,shortest,Customer_44,Customer_28,46,38,"[46, 43, 38]","[377, 351]",6.932359012554782,0.12604289113735967,0
2490,844,1,detour_2,Customer_44,Customer_28,46,38,"[46, 10, 38]","[125, 128]",6.93378985477965,0.1260689064505391,0
2491,844,2,detour_3,Customer_44,Customer_28,46,38,"[46, 33, 43, 38]","[325, 320, 351]",7.276892217144336,0.14265004128161646,0
2492,845,0,shortest,Customer_44,Customer_22,46,65,"[46, 14, 65]","[171, 166]",7.08240488214957,0.1287709978572649,0
2493,845,1,detour_2,Customer_44,Customer_22,46,65,"[46, 14, 47, 65]","[171, 162, 386]",7.0920142399631905,0.1545335208108903,0
2494,845,2,detour_3,Customer_44,Customer_22,46,65,"[46, 14, 34, 65]","[171, 168, 326]",7.489038854030579,0.16445913616257501,1
2495,846,0,shortest,Customer_44,Customer_57,46,17,"[46, 50, 55, 17]","[384, 394, 199]",8.883798947540933,0.17855206921523836,2
2496,846,1,detour_2,Customer_44,Customer_57,46,17,"[46, 50, 55, 4, 17]","[384, 394, 47, 50]",9.72169136224982,0.17998454265555325,3
2497,846,2,detour_3,Customer_44,Customer_57,46,17,"[46, 50, 74, 17]","[384, 396, 205]",10.622279756574326,0.1931323592104423,2
2498,847,0,shortest,Customer_44,Customer_15,46,74,"[46, 50, 74]","[384, 396]",7.744375211979814,0.14080682203599662,1
2499,847,1,detour_2,Customer_44,Customer_15,46,74,"[46, 50, 55, 74]","[384, 394, 414]",7.837407106175305,0.15239227318109766,2
2500,847,2,detour_3,Customer_44,Customer_15,46,74,"[46, 10, 50, 74]","[125, 120, 396]",9.994333348661293,0.1817151517938417,1
2501,848,0,shortest,Customer_44,Customer_50,46,42,"[46, 50, 55, 8, 42]","[384, 394, 103, 100]",12.077787059899173,0.21959612836180314,3
2502,848,1,detour_2,Customer_44,Customer_50,46,42,"[46, 50, 55, 4, 42]","[384, 394, 47, 44]",11.366962741352406,0.2211163271331179,3
2503,848,2,detour_3,Customer_44,Customer_50,46,42,"[46, 50, 55, 17, 42]","[384, 394, 199, 194]",11.273590874489456,0.23829686738895142,3
2504,849,0,shortest,Customer_44,Customer_35,46,73,"[46, 33, 67, 73]","[325, 322, 454]",9.824407881631142,0.18896850790864927,0
2505,849,1,detour_2,Customer_44,Customer_35,46,73,"[46, 43, 67, 73]","[377, 374, 454]",10.288628689386016,0.19532618260787224,0
2506,849,2,detour_3,Customer_44,Customer_35,46,73,"[46, 33, 43, 67, 73]","[325, 320, 374, 454]",10.633161893975569,0.21193333275212903,0
2507,850,0,shortest,Customer_44,Customer_58,46,73,"[46, 33, 67, 73]","[325, 322, 454]",9.824407881631142,0.18896850790864927,0
2508,850,1,detour_2,Customer_44,Customer_58,46,73,"[46, 43, 67, 73]","[377, 374, 454]",10.288628689386016,0.19532618260787224,0
2509,850,2,detour_3,Customer_44,Customer_58,46,73,"[46, 33, 43, 67, 73]","[325, 320, 374, 454]",10.633161893975569,0.21193333275212903,0
2510,851,0,shortest,Customer_44,Customer_17,46,40,"[46, 14, 26, 40]","[171, 164, 268]",12.390814410999118,0.2252875347454385,0
2511,851,1,detour_2,Customer_44,Customer_17,46,40,"[46, 14, 26, 1, 40]","[171, 164, 13, 18]",12.470855203424732,0.22674282188044967,0
2512,851,2,detour_3,Customer_44,Customer_17,46,40,"[46, 14, 26, 9, 40]","[171, 164, 109, 116]",12.424675042444711,0.23378068043491973,0
2513,852,0,shortest,Customer_44,Customer_31,46,40,"[46, 14, 26, 40]","[171, 164, 268]",12.390814410999118,0.2252875347454385,0
2514,852,1,detour_2,Customer_44,Customer_31,46,40,"[46, 14, 26, 1, 40]","[171, 164, 13, 18]",12.470855203424732,0.22674282188044967,0
2515,852,2,detour_3,Customer_44,Customer_31,46,40,"[46, 14, 26, 9, 40]","[171, 164, 109, 116]",12.424675042444711,0.23378068043491973,0
2516,853,0,shortest,Customer_44,Customer_30,46,31,"[46, 50, 74, 31]","[384, 396, 309]",11.030080289659187,0.20054691435743977,2
2517,853,1,detour_2,Customer_44,Customer_30,46,31,"[46, 50, 55, 8, 31]","[384, 394, 103, 92]",10.722126903138443,0.20566458208138488,3
2518,853,2,detour_3,Customer_44,Customer_30,46,31,"[46, 50, 55, 74, 31]","[384, 394, 414, 309]",11.123112183854678,0.2121323655025408,3
2519,854,0,shortest,Customer_44,Customer_16,46,18,"[46, 50, 74, 31, 18]","[384, 396, 309, 207]",11.21525390251787,0.20517625467890685,3
2520,854,1,detour_2,Customer_44,Customer_16,46,18,"[46, 50, 55, 8, 18]","[384, 394, 103, 98]",10.87013248441343,0.20936472161325959,3
2521,854,2,detour_3,Customer_44,Customer_16,46,18,"[46, 50, 55, 8, 31, 18]","[384, 394, 103, 92, 207]",10.907300515997127,0.21029392240285197,4
2522,855,0,shortest,Customer_44,Customer_13,46,61,"[46, 14, 26, 1, 61]","[171, 164, 13, 10]",12.772179552470787,0.23222144640855977,0
2523,855,1,detour_2,Customer_44,Customer_13,46,61,"[46, 14, 26, 9, 1, 61]","[171, 164, 109, 17, 10]",12.773177196417782,0.24993966788705863,0
2524,855,2,detour_3,Customer_44,Customer_13,46,61,"[46, 14, 47, 1, 61]","[171, 162, 15, 10]",13.728830851578952,0.26501902292899326,0
2525,856,0,shortest,Customer_44,Customer_60,46,61,"[46, 14, 26, 1, 61]","[171, 164, 13, 10]",12.772179552470787,0.23222144640855977,0
2526,856,1,detour_2,Customer_44,Customer_60,46,61,"[46, 14, 26, 9, 1, 61]","[171, 164, 109, 17, 10]",12.773177196417782,0.24993966788705863,0
2527,856,2,detour_3,Customer_44,Customer_60,46,61,"[46, 14, 47, 1, 61]","[171, 162, 15, 10]",13.728830851578952,0.26501902292899326,0
2528,857,0,shortest,Customer_44,Customer_39,46,66,"[46, 14, 26, 1, 66]","[171, 164, 13, 22]",14.146964767092399,0.25721754121986184,0
2529,857,1,detour_2,Customer_44,Customer_39,46,66,"[46, 14, 26, 9, 1, 66]","[171, 164, 109, 17, 22]",14.147962411039394,0.2749357626983607,0
2530,857,2,detour_3,Customer_44,Customer_39,46,66,"[46, 14, 26, 1, 61, 66]","[171, 164, 13, 10, 446]",14.965402999495822,0.28705203258418566,0
2531,858,0,shortest,Customer_44,Customer_49,46,66,"[46, 14, 26, 1, 66]","[171, 164, 13, 22]",14.146964767092399,0.25721754121986184,0
2532,858,1,detour_2,Customer_44,Customer_49,46,66,"[46, 14, 26, 9, 1, 66]","[171, 164, 109, 17, 22]",14.147962411039394,0.2749357626983607,0
2533,858,2,detour_3,Customer_44,Customer_49,46,66,"[46, 14, 26, 1, 61, 66]","[171, 164, 13, 10, 446]",14.965402999495822,0.28705203258418566,0
2534,859,0,same_node,Customer_45,Customer_36,68,68,[68],[],0.0,0.0,0
2535,860,0,same_node,Customer_45,Customer_56,68,68,[68],[],0.0,0.0,0
2536,861,0,shortest,Customer_45,Customer_48,68,27,"[68, 27]",[277],4.823269155390392,0.08769580282527985,0
2537,861,1,detour_2,Customer_45,Customer_48,68,27,"[68, 11, 27]","[135, 138]",9.438233096782959,0.17160423812332654,0
2538,861,2,detour_3,Customer_45,Customer_48,68,27,"[68, 22, 69, 27]","[245, 238, 275]",14.493138911504897,0.26351161657281635,0
2539,862,0,shortest,Customer_45,Customer_46,68,5,"[68, 5]",[63],5.227300133398324,0.09504182060724226,0
2540,862,1,detour_2,Customer_45,Customer_46,68,5,"[68, 22, 5]","[245, 57]",5.863460695202883,0.10961830224941224,0
2541,862,2,detour_3,Customer_45,Customer_46,68,5,"[68, 11, 5]","[135, 65]",10.444586473186313,0.18990157223975115,0
2542,863,0,shortest,Customer_45,Customer_2,68,44,"[68, 22, 44]","[245, 240]",8.932252947063873,0.16240459903752497,0
2543,863,1,detour_2,Customer_45,Customer_2,68,44,"[68, 22, 7, 44]","[245, 87, 82]",8.973104275886481,0.16586713097961855,0
2544,863,2,detour_3,Customer_45,Customer_2,68,44,"[68, 5, 44]","[63, 58]",9.137301976331802,0.16613276320603276,0
2545,864,0,shortest,Customer_45,Customer_4,68,44,"[68, 22, 44]","[245, 240]",8.932252947063873,0.16240459903752497,0
2546,864,1,detour_2,Customer_45,Customer_4,68,44,"[68, 22, 7, 44]","[245, 87, 82]",8.973104275886481,0.16586713097961855,0
2547,864,2,detour_3,Customer_45,Customer_4,68,44,"[68, 5, 44]","[63, 58]",9.137301976331802,0.16613276320603276,0
2548,865,0,shortest,Customer_45,Customer_27,68,44,"[68, 22, 44]","[245, 240]",8.932252947063873,0.16240459903752497,0
2549,865,1,detour_2,Customer_45,Customer_27,68,44,"[68, 22, 7, 44]","[245, 87, 82]",8.973104275886481,0.16586713097961855,0
2550,865,2,detour_3,Customer_45,Customer_27,68,44,"[68, 5, 44]","[63, 58]",9.137301976331802,0.16613276320603276,0
2551,866,0,shortest,Customer_45,Customer_16,68,18,"[68, 27, 69, 18]","[277, 274, 215]",12.663224768012217,0.23024045032749485,1
2552,866,1,detour_2,Customer_45,Customer_16,68,18,"[68, 27, 69, 31, 18]","[277, 274, 311, 207]",12.837096441402489,0.2346643008404454,2
2553,866,2,detour_3,Customer_45,Customer_16,68,18,"[68, 22, 69, 18]","[245, 238, 215]",13.570242702350356,0.2467316854972792,1
2554,867,0,shortest,Customer_45,Customer_30,68,31,"[68, 27, 69, 31]","[277, 274, 311]",12.651922828543805,0.23003496051897832,1
2555,867,1,detour_2,Customer_45,Customer_30,68,31,"[68, 27, 69, 18, 31]","[277, 274, 215, 206]",12.8483983808709,0.23486979064896193,2
2556,867,2,detour_3,Customer_45,Customer_30,68,31,"[68, 22, 69, 31]","[245, 238, 311]",13.558940762881944,0.24652619568876266,1
2557,868,0,shortest,Customer_45,Customer_15,68,74,"[68, 27, 74]","[277, 278]",11.226880772883106,0.20412510496151098,1
2558,868,1,avoid_congestion,Customer_45,Customer_15,68,74,"[68, 27, 59, 74]","[277, 270, 438]",11.227552302623579,0.21574224358066943,1
2559,868,2,detour_3,Customer_45,Customer_15,68,74,"[68, 27, 28, 74]","[277, 272, 284]",12.617066545948028,0.22940120992632776,1
2560,869,0,shortest,Customer_45,Customer_57,68,17,"[68, 27, 74, 17]","[277, 278, 205]",14.104785317477619,0.2564506421359567,2
2561,869,1,avoid_congestion,Customer_45,Customer_57,68,17,"[68, 27, 59, 74, 17]","[277, 270, 438, 205]",14.105456847218091,0.2680677807551151,2
2562,869,2,detour_3,Customer_45,Customer_57,68,17,"[68, 27, 59, 8, 17]","[277, 270, 105, 96]",14.458642408804199,0.27398412409512257,2
2563,870,0,shortest,Customer_45,Customer_8,68,13,"[68, 22, 7, 13]","[245, 87, 88]",12.875301530473159,0.23409639146314837,0
2564,870,1,detour_2,Customer_45,Customer_8,68,13,"[68, 5, 7, 13]","[63, 60, 88]",13.071085050974997,0.23765609183590908,0
2565,870,2,detour_3,Customer_45,Customer_8,68,13,"[68, 22, 44, 13]","[245, 240, 159]",13.127613891195985,0.23868388893083609,0
2566,871,0,shortest,Customer_45,Customer_59,68,13,"[68, 22, 7, 13]","[245, 87, 88]",12.875301530473159,0.23409639146314837,0
2567,871,1,detour_2,Customer_45,Customer_59,68,13,"[68, 5, 7, 13]","[63, 60, 88]",13.071085050974997,0.23765609183590908,0
2568,871,2,detour_3,Customer_45,Customer_59,68,13,"[68, 22, 44, 13]","[245, 240, 159]",13.127613891195985,0.23868388893083609,0
2569,872,0,shortest,Customer_45,Customer_50,68,42,"[68, 27, 59, 8, 42]","[277, 270, 105, 100]",15.758144418658734,0.28651171670288605,2
2570,872,1,detour_2,Customer_45,Customer_50,68,42,"[68, 27, 69, 18, 42]","[277, 274, 215, 210]",16.024025846775572,0.29134592448682856,2
2571,872,2,detour_3,Customer_45,Customer_50,68,42,"[68, 27, 69, 31, 18, 42]","[277, 274, 311, 207, 210]",16.197897520165842,0.2957697749997791,3
2572,873,0,shortest,Customer_45,Customer_18,68,53,"[68, 22, 7, 45, 63, 53]","[245, 87, 84, 382, 409]",18.40282335953202,0.3345967883551277,0
2573,873,1,detour_2,Customer_45,Customer_18,68,53,"[68, 22, 7, 13, 63, 53]","[245, 87, 88, 152, 409]",17.837137770703634,0.3372736733877815,0
2574,873,2,detour_3,Customer_45,Customer_18,68,53,"[68, 5, 7, 45, 63, 53]","[63, 60, 84, 382, 409]",18.59860688003386,0.3381564887278884,0
2575,874,0,shortest,Customer_45,Customer_41,68,53,"[68, 22, 7, 45, 63, 53]","[245, 87, 84, 382, 409]",18.40282335953202,0.3345967883551277,0
2576,874,1,detour_2,Customer_45,Customer_41,68,53,"[68, 22, 7, 13, 63, 53]","[245, 87, 88, 152, 409]",17.837137770703634,0.3372736733877815,0
2577,874,2,detour_3,Customer_45,Customer_41,68,53,"[68, 5, 7, 45, 63, 53]","[63, 60, 84, 382, 409]",18.59860688003386,0.3381564887278884,0
2578,875,0,shortest,Customer_45,Customer_11,68,10,"[68, 27, 28, 32, 10]","[277, 272, 288, 119]",15.926616418941835,0.2895748439807606,0
2579,875,1,detour_2,Customer_45,Customer_11,68,10,"[68, 27, 28, 32, 76, 10]","[277, 272, 288, 314, 123]",17.658330400302848,0.3296707618600819,0
2580,875,2,detour_3,Customer_45,Customer_11,68,10,"[68, 27, 74, 50, 10]","[277, 278, 397, 121]",18.2474285915388,0.33177142893706907,2
2581,876,0,shortest,Customer_45,Customer_52,68,0,"[68, 5, 41, 0]","[63, 68, 7]",16.606800123536676,0.3019418204279396,0
2582,876,1,detour_2,Customer_45,Customer_52,68,0,"[68, 22, 41, 0]","[245, 242, 7]",16.86055948413915,0.3065556269843482,0
2583,876,2,detour_3,Customer_45,Customer_52,68,0,"[68, 5, 22, 41, 0]","[63, 56, 242, 7]",17.10731054108014,0.31405193581081686,0
2584,877,0,shortest,Customer_45,Customer_25,68,34,"[68, 27, 28, 32, 10, 46, 14, 34]","[277, 272, 288, 119, 124, 171, 168]",24.282079921903122,0.45541878593474705,0
2585,877,1,detour_2,Customer_45,Customer_25,68,34,"[68, 27, 74, 50, 46, 14, 34]","[277, 278, 397, 385, 171, 168]",24.35293395781861,0.4567070411332104,2
2586,877,2,detour_3,Customer_45,Customer_25,68,34,"[68, 27, 59, 55, 50, 46, 14, 34]","[277, 270, 419, 395, 385, 171, 168]",24.35546524915437,0.4567530646120424,2
2587,878,0,shortest,Customer_45,Customer_28,68,38,"[68, 27, 28, 32, 38]","[277, 272, 288, 312]",17.877563383081405,0.32504660696511645,0
2588,878,1,detour_2,Customer_45,Customer_28,68,38,"[68, 27, 28, 32, 76, 38]","[277, 272, 288, 314, 355]",18.254127896506755,0.34050344360924384,0
2589,878,2,detour_3,Customer_45,Customer_28,68,38,"[68, 27, 28, 32, 10, 38]","[277, 272, 288, 119, 128]",19.886620743715884,0.36157492261301605,0
2590,879,0,shortest,Customer_46,Customer_2,5,44,"[5, 44]",[58],3.910001842933479,0.07109094259879052,0
2591,879,1,detour_2,Customer_46,Customer_2,5,44,"[5, 7, 44]","[60, 82]",3.941587662989996,0.074385010745137,0
2592,879,2,detour_3,Customer_46,Customer_2,5,44,"[5, 22, 44]","[56, 240]",3.9517038706065386,0.07485908725675143,0
2593,880,0,shortest,Customer_46,Customer_4,5,44,"[5, 44]",[58],3.910001842933479,0.07109094259879052,0
2594,880,1,detour_2,Customer_46,Customer_4,5,44,"[5, 7, 44]","[60, 82]",3.941587662989996,0.074385010745137,0
2595,880,2,detour_3,Customer_46,Customer_4,5,44,"[5, 22, 44]","[56, 240]",3.9517038706065386,0.07485908725675143,0
2596,881,0,shortest,Customer_46,Customer_27,5,44,"[5, 44]",[58],3.910001842933479,0.07109094259879052,0
2597,881,1,detour_2,Customer_46,Customer_27,5,44,"[5, 7, 44]","[60, 82]",3.941587662989996,0.074385010745137,0
2598,881,2,detour_3,Customer_46,Customer_27,5,44,"[5, 22, 44]","[56, 240]",3.9517038706065386,0.07485908725675143,0
2599,882,0,shortest,Customer_46,Customer_36,5,68,"[5, 68]",[62],5.227300133398324,0.09504182060724226,0
2600,882,1,detour_2,Customer_46,Customer_36,5,68,"[5, 22, 68]","[56, 244]",5.863460695202883,0.10961830224941224,0
2601,882,2,detour_3,Customer_46,Customer_36,5,68,"[5, 11, 68]","[64, 134]",10.444586473186313,0.18990157223975115,0
2602,883,0,shortest,Customer_46,Customer_45,5,68,"[5, 68]",[62],5.227300133398324,0.09504182060724226,0
2603,883,1,detour_2,Customer_46,Customer_45,5,68,"[5, 22, 68]","[56, 244]",5.863460695202883,0.10961830224941224,0
2604,883,2,detour_3,Customer_46,Customer_45,5,68,"[5, 11, 68]","[64, 134]",10.444586473186313,0.18990157223975115,0
2605,884,0,shortest,Customer_46,Customer_56,5,68,"[5, 68]",[62],5.227300133398324,0.09504182060724226,0
2606,884,1,detour_2,Customer_46,Customer_56,5,68,"[5, 22, 68]","[56, 244]",5.863460695202883,0.10961830224941224,0
2607,884,2,detour_3,Customer_46,Customer_56,5,68,"[5, 11, 68]","[64, 134]",10.444586473186313,0.18990157223975115,0
2608,885,0,shortest,Customer_46,Customer_16,5,18,"[5, 69, 18]","[54, 215]",8.437164494722909,0.1534029908131438,1
2609,885,1,detour_2,Customer_46,Customer_16,5,18,"[5, 69, 31, 18]","[54, 311, 207]",8.61103616811318,0.1578268413260943,2
2610,885,2,detour_3,Customer_46,Customer_16,5,18,"[5, 22, 69, 18]","[56, 238, 215]",8.589693625893021,0.15918617371650567,1
2611,886,0,shortest,Customer_46,Customer_30,5,31,"[5, 69, 31]","[54, 311]",8.425862555254497,0.15319750100462723,1
2612,886,1,detour_2,Customer_46,Customer_30,5,31,"[5, 69, 18, 31]","[54, 215, 206]",8.622338107581593,0.15803233113461088,2
2613,886,2,detour_3,Customer_46,Customer_30,5,31,"[5, 22, 69, 31]","[56, 238, 311]",8.57839168642461,0.15898068390798908,1
2614,887,0,shortest,Customer_46,Customer_8,5,13,"[5, 7, 13]","[60, 88]",7.843784917576674,0.1426142712286668,0
2615,887,1,detour_2,Customer_46,Customer_8,5,13,"[5, 22, 7, 13]","[56, 87, 88]",7.894752454015824,0.1465508796823748,0
2616,887,2,detour_3,Customer_46,Customer_8,5,13,"[5, 44, 13]","[58, 159]",8.10536278706559,0.14737023249210165,0
2617,888,0,shortest,Customer_46,Customer_59,5,13,"[5, 7, 13]","[60, 88]",7.843784917576674,0.1426142712286668,0
2618,888,1,detour_2,Customer_46,Customer_59,5,13,"[5, 22, 7, 13]","[56, 87, 88]",7.894752454015824,0.1465508796823748,0
2619,888,2,detour_3,Customer_46,Customer_59,5,13,"[5, 44, 13]","[58, 159]",8.10536278706559,0.14737023249210165,0
2620,889,0,shortest,Customer_46,Customer_48,5,27,"[5, 69, 27]","[54, 275]",9.360060703877451,0.17018292188868092,0
2621,889,1,detour_2,Customer_46,Customer_48,5,27,"[5, 22, 69, 27]","[56, 238, 275]",9.512589835047564,0.17596610479204278,0
2622,889,2,detour_3,Customer_46,Customer_48,5,27,"[5, 68, 27]","[62, 277]",10.050569288788715,0.1827376234325221,0
2623,890,0,shortest,Customer_46,Customer_15,5,74,"[5, 69, 72, 74]","[54, 458, 460]",10.227441408378656,0.19427229677936497,2
2624,890,1,avoid_congestion,Customer_46,Customer_15,5,74,"[5, 69, 27, 59, 74]","[54, 275, 270, 438]",15.764343851110638,0.2982293626440705,1
2625,890,2,detour_2,Customer_46,Customer_15,5,74,"[5, 69, 59, 74]","[54, 443, 438]",10.34984538803233,0.19978393604264674,2
2626,890,3,detour_3,Customer_46,Customer_15,5,74,"[5, 22, 69, 72, 74]","[56, 238, 458, 460]",10.379970539548768,0.20005547968272686,2
2627,891,0,shortest,Customer_46,Customer_50,5,42,"[5, 69, 18, 42]","[54, 215, 210]",11.797965573486263,0.2145084649724775,2
2628,891,1,detour_2,Customer_46,Customer_50,5,42,"[5, 69, 31, 18, 42]","[54, 311, 207, 210]",11.971837246876534,0.21893231548542802,3
2629,891,2,detour_3,Customer_46,Customer_50,5,42,"[5, 22, 69, 18, 42]","[56, 238, 215, 210]",11.950494704656375,0.22029164787583938,2
2630,892,0,shortest,Customer_46,Customer_57,5,17,"[5, 69, 31, 17]","[54, 311, 203]",11.495828811290545,0.20901506929619174,2
2631,892,1,detour_2,Customer_46,Customer_57,5,17,"[5, 69, 18, 17]","[54, 215, 201]",11.615435864757227,0.21118974299558596,2
2632,892,2,detour_3,Customer_46,Customer_57,5,17,"[5, 69, 18, 31, 17]","[54, 215, 206, 203]",11.692304363617641,0.21384989942617538,3
2633,893,0,shortest,Customer_46,Customer_18,5,53,"[5, 7, 45, 63, 53]","[60, 84, 382, 409]",13.371306746635536,0.24311466812064608,0
2634,893,1,detour_2,Customer_46,Customer_18,5,53,"[5, 7, 13, 63, 53]","[60, 88, 152, 409]",12.805621157807149,0.24579155315329998,0
2635,893,2,detour_3,Customer_46,Customer_18,5,53,"[5, 22, 7, 45, 63, 53]","[56, 87, 84, 382, 409]",13.422274283074687,0.2470512765743541,0
2636,894,0,shortest,Customer_46,Customer_41,5,53,"[5, 7, 45, 63, 53]","[60, 84, 382, 409]",13.371306746635536,0.24311466812064608,0
2637,894,1,detour_2,Customer_46,Customer_41,5,53,"[5, 7, 13, 63, 53]","[60, 88, 152, 409]",12.805621157807149,0.24579155315329998,0
2638,894,2,detour_3,Customer_46,Customer_41,5,53,"[5, 22, 7, 45, 63, 53]","[56, 87, 84, 382, 409]",13.422274283074687,0.2470512765743541,0
2639,895,0,shortest,Customer_46,Customer_52,5,0,"[5, 41, 0]","[68, 7]",11.379499990138353,0.20689999982069732,0
2640,895,1,detour_2,Customer_46,Customer_52,5,0,"[5, 22, 41, 0]","[56, 242, 7]",11.880010407681814,0.2190101152035746,0
2641,895,2,detour_3,Customer_46,Customer_52,5,0,"[5, 41, 2, 0]","[68, 25, 5]",14.535228651890337,0.2642768845798243,0
2642,896,0,shortest,Customer_46,Customer_21,5,24,"[5, 41, 0, 24]","[68, 7, 2]",13.973724103475794,0.2540677109722872,0
2643,896,1,detour_2,Customer_46,Customer_21,5,24,"[5, 22, 41, 0, 24]","[56, 242, 7, 2]",14.474234521019255,0.26617782635516446,0
2644,896,2,detour_3,Customer_46,Customer_21,5,24,"[5, 41, 2, 24]","[68, 25, 26]",16.200854366447437,0.29456098848086243,0
2645,897,0,shortest,Customer_46,Customer_43,5,24,"[5, 41, 0, 24]","[68, 7, 2]",13.973724103475794,0.2540677109722872,0
2646,897,1,detour_2,Customer_46,Customer_43,5,24,"[5, 22, 41, 0, 24]","[56, 242, 7, 2]",14.474234521019255,0.26617782635516446,0
2647,897,2,detour_3,Customer_46,Customer_43,5,24,"[5, 41, 2, 24]","[68, 25, 26]",16.200854366447437,0.29456098848086243,0
2648,898,0,shortest,Customer_46,Customer_25,5,34,"[5, 69, 59, 55, 50, 46, 14, 34]","[54, 443, 419, 395, 385, 171, 168]",23.47775833456312,0.44079475707401977,3
2649,898,1,avoid_congestion,Customer_46,Customer_25,5,34,"[5, 69, 27, 28, 32, 10, 46, 14, 34]","[54, 275, 272, 288, 119, 124, 171, 168]",28.81887147039018,0.537905904998148,0
2650,898,2,detour_2,Customer_46,Customer_25,5,34,"[5, 22, 69, 59, 55, 50, 46, 14, 34]","[56, 238, 443, 419, 395, 385, 171, 168]",23.630287465733232,0.44657793997738154,3
2651,898,3,detour_3,Customer_46,Customer_25,5,34,"[5, 69, 72, 74, 50, 46, 14, 34]","[54, 458, 460, 397, 385, 171, 168]",23.353494593314156,0.44685423295106436,3
2652,899,0,shortest,Customer_47,Customer_12,43,67,"[43, 67]",[374],1.2114969441252197,0.03028742360313049,0
2653,899,1,detour_2,Customer_47,Customer_12,43,67,"[43, 38, 67]","[351, 352]",5.732907744433455,0.10423468626242646,0
2654,899,2,detour_3,Customer_47,Customer_12,43,67,"[43, 33, 67]","[321, 322]",6.8935887626546375,0.1253379775028116,0
2655,900,0,shortest,Customer_47,Customer_28,43,38,"[43, 38]",[351],2.5145091594552276,0.04571834835373141,0
2656,900,1,detour_2,Customer_47,Customer_28,43,38,"[43, 67, 38]","[374, 353]",4.429895529103447,0.08880376151182554,0
2657,900,2,detour_3,Customer_47,Customer_28,43,38,"[43, 10, 38]","[131, 128]",7.079066856105849,0.12871030647465181,0
2658,901,0,shortest,Customer_47,Customer_11,43,10,"[43, 10]",[131],3.1190625313317994,0.056710227842396356,0
2659,901,1,detour_2,Customer_47,Customer_11,43,10,"[43, 67, 10]","[374, 133]",5.468610286420946,0.1076894843721437,0
2660,901,2,detour_3,Customer_47,Customer_11,43,10,"[43, 33, 10]","[321, 127]",6.276824950127407,0.11412409000231649,0
2661,902,0,shortest,Customer_47,Customer_44,43,46,"[43, 46]",[376],4.417849853099555,0.08032454278362827,0
2662,902,1,detour_2,Customer_47,Customer_44,43,46,"[43, 33, 46]","[321, 324]",4.762383057689108,0.09693169292788506,0
2663,902,2,detour_3,Customer_47,Customer_44,43,46,"[43, 10, 46]","[131, 124]",6.092848061337399,0.11077905566068,0
2664,903,0,shortest,Customer_47,Customer_35,43,73,"[43, 67, 73]","[374, 454]",5.87077883628646,0.11500163982424397,0
2665,903,1,detour_2,Customer_47,Customer_35,43,73,"[43, 38, 73]","[351, 356]",7.292102837251223,0.13258368795002223,0
2666,903,2,detour_3,Customer_47,Customer_35,43,73,"[43, 67, 38, 73]","[374, 353, 356]",9.207489206899442,0.17566910110811637,0
2667,904,0,shortest,Customer_47,Customer_58,43,73,"[43, 67, 73]","[374, 454]",5.87077883628646,0.11500163982424397,0
2668,904,1,detour_2,Customer_47,Customer_58,43,73,"[43, 38, 73]","[351, 356]",7.292102837251223,0.13258368795002223,0
2669,904,2,detour_3,Customer_47,Customer_58,43,73,"[43, 67, 38, 73]","[374, 353, 356]",9.207489206899442,0.17566910110811637,0
2670,905,0,shortest,Customer_47,Customer_37,43,75,"[43, 67, 75]","[374, 456]",9.268431975749701,0.17677715145084835,0
2671,905,1,detour_2,Customer_47,Customer_37,43,75,"[43, 67, 73, 75]","[374, 454, 462]",9.377483899265767,0.178759913696595,0
2672,905,2,detour_3,Customer_47,Customer_37,43,75,"[43, 38, 73, 75]","[351, 356, 462]",10.79880790023053,0.1963419618223733,0
2673,906,0,shortest,Customer_47,Customer_54,43,75,"[43, 67, 75]","[374, 456]",9.268431975749701,0.17677715145084835,0
2674,906,1,detour_2,Customer_47,Customer_54,43,75,"[43, 67, 73, 75]","[374, 454, 462]",9.377483899265767,0.178759913696595,0
2675,906,2,detour_3,Customer_47,Customer_54,43,75,"[43, 38, 73, 75]","[351, 356, 462]",10.79880790023053,0.1963419618223733,0
2676,907,0,shortest,Customer_47,Customer_53,43,15,"[43, 67, 73, 15]","[374, 454, 181]",10.164530193932496,0.19306984632689916,0
2677,907,1,detour_2,Customer_47,Customer_53,43,15,"[43, 38, 73, 15]","[351, 356, 181]",11.585854194897259,0.21065189445267743,0
2678,907,2,detour_3,Customer_47,Customer_53,43,15,"[43, 67, 75, 15]","[374, 456, 177]",12.538001335068762,0.23622386707483126,0
2679,908,0,shortest,Customer_47,Customer_25,43,34,"[43, 46, 14, 34]","[376, 171, 168]",9.799527826055245,0.19209965691933104,0
2680,908,1,detour_2,Customer_47,Customer_25,43,34,"[43, 33, 14, 34]","[321, 173, 168]",9.95776070549358,0.19497661836366442,0
2681,908,2,detour_3,Customer_47,Customer_25,43,34,"[43, 33, 46, 14, 34]","[321, 324, 171, 168]",10.144061030644798,0.20870680706358782,0
2682,909,0,shortest,Customer_47,Customer_15,43,74,"[43, 10, 50, 74]","[131, 120, 396]",10.139610349987493,0.18435655181795443,1
2683,909,1,detour_2,Customer_47,Customer_15,43,74,"[43, 10, 50, 55, 74]","[131, 120, 394, 414]",10.232642244182985,0.19594200296305547,2
2684,909,2,detour_3,Customer_47,Customer_15,43,74,"[43, 10, 32, 55, 74]","[131, 118, 316, 414]",11.411788468120175,0.2173810252164589,2
2685,910,0,shortest,Customer_47,Customer_24,43,47,"[43, 46, 14, 47]","[376, 171, 162]",10.016226772742485,0.19751713058651205,0
2686,910,1,detour_2,Customer_47,Customer_24,43,47,"[43, 33, 14, 47]","[321, 173, 162]",10.17445965218082,0.20039409203084546,0
2687,910,2,detour_3,Customer_47,Customer_24,43,47,"[43, 46, 14, 34, 47]","[376, 171, 168, 328]",10.671470450615312,0.21389822253333268,1
2688,911,0,shortest,Customer_47,Customer_57,43,17,"[43, 10, 50, 55, 17]","[131, 120, 394, 199]",11.279034085548613,0.22210179899719618,2
2689,911,1,detour_2,Customer_47,Customer_57,43,17,"[43, 10, 50, 55, 4, 17]","[131, 120, 394, 47, 50]",12.116926500257497,0.22353427243751106,3
2690,911,2,detour_3,Customer_47,Customer_57,43,17,"[43, 10, 50, 74, 17]","[131, 120, 396, 205]",13.017514894582005,0.23668208899240012,2
2691,912,0,shortest,Customer_47,Customer_22,43,65,"[43, 46, 14, 65]","[376, 171, 166]",11.500254735249126,0.20909554064089317,0
2692,912,1,detour_2,Customer_47,Customer_22,43,65,"[43, 33, 14, 65]","[321, 173, 166]",11.65848761468746,0.21197250208522656,0
2693,912,2,detour_3,Customer_47,Customer_22,43,65,"[43, 33, 46, 14, 65]","[321, 324, 171, 166]",11.844787939838678,0.22570269078514996,0
2694,913,0,shortest,Customer_47,Customer_50,43,42,"[43, 10, 50, 55, 8, 42]","[131, 120, 394, 103, 100]",14.473022197906852,0.26314585814376096,3
2695,913,1,detour_2,Customer_47,Customer_50,43,42,"[43, 10, 50, 55, 4, 42]","[131, 120, 394, 47, 44]",13.762197879360084,0.2646660569150757,3
2696,913,2,detour_3,Customer_47,Customer_50,43,42,"[43, 10, 50, 55, 17, 42]","[131, 120, 394, 199, 194]",13.668826012497135,0.2818465971709092,3
2697,914,0,shortest,Customer_47,Customer_30,43,31,"[43, 10, 50, 74, 31]","[131, 120, 396, 309]",13.425315427666867,0.24409664413939758,2
2698,914,1,detour_2,Customer_47,Customer_30,43,31,"[43, 10, 50, 55, 8, 31]","[131, 120, 394, 103, 92]",13.117362041146123,0.2492143118633427,3
2699,914,2,detour_3,Customer_47,Customer_30,43,31,"[43, 10, 50, 55, 74, 31]","[131, 120, 394, 414, 309]",13.518347321862358,0.25568209528449864,3
2700,915,0,shortest,Customer_47,Customer_16,43,18,"[43, 10, 50, 74, 31, 18]","[131, 120, 396, 309, 207]",13.61048904052555,0.24872598446086466,3
2701,915,1,detour_2,Customer_47,Customer_16,43,18,"[43, 10, 50, 55, 8, 18]","[131, 120, 394, 103, 98]",13.26536762242111,0.2529144513952174,3
2702,915,2,detour_3,Customer_47,Customer_16,43,18,"[43, 10, 50, 55, 8, 31, 18]","[131, 120, 394, 103, 92, 207]",13.302535654004807,0.25384365218480975,4
2703,916,0,shortest,Customer_47,Customer_17,43,40,"[43, 46, 14, 26, 40]","[376, 171, 164, 268]",16.808664264098674,0.3056120775290668,0
2704,916,1,detour_2,Customer_47,Customer_17,43,40,"[43, 46, 14, 26, 1, 40]","[376, 171, 164, 13, 18]",16.888705056524287,0.3070673646640779,0
2705,916,2,detour_3,Customer_47,Customer_17,43,40,"[43, 33, 14, 26, 40]","[321, 173, 164, 268]",16.966897143537008,0.3084890389734002,0
2706,917,0,shortest,Customer_47,Customer_31,43,40,"[43, 46, 14, 26, 40]","[376, 171, 164, 268]",16.808664264098674,0.3056120775290668,0
2707,917,1,detour_2,Customer_47,Customer_31,43,40,"[43, 46, 14, 26, 1, 40]","[376, 171, 164, 13, 18]",16.888705056524287,0.3070673646640779,0
2708,917,2,detour_3,Customer_47,Customer_31,43,40,"[43, 33, 14, 26, 40]","[321, 173, 164, 268]",16.966897143537008,0.3084890389734002,0
2709,918,0,shortest,Customer_47,Customer_48,43,27,"[43, 10, 32, 28, 27]","[131, 118, 289, 273]",14.222409794883243,0.25858926899787715,0
2710,918,1,detour_2,Customer_47,Customer_48,43,27,"[43, 76, 32, 28, 27]","[378, 315, 289, 273]",14.53355431716392,0.272856651257556,0
2711,918,2,detour_3,Customer_47,Customer_48,43,27,"[43, 38, 32, 28, 27]","[351, 313, 289, 273]",15.56880338714624,0.283069152493568,0
2712,919,0,shortest,Customer_48,Customer_36,27,68,"[27, 68]",[276],4.823269155390392,0.08769580282527985,0
2713,919,1,detour_2,Customer_48,Customer_36,27,68,"[27, 11, 68]","[139, 134]",9.438233096782959,0.17160423812332654,0
2714,919,2,detour_3,Customer_48,Customer_36,27,68,"[27, 69, 22, 68]","[274, 239, 244]",14.493138911504898,0.26351161657281635,0
2715,920,0,shortest,Customer_48,Customer_45,27,68,"[27, 68]",[276],4.823269155390392,0.08769580282527985,0
2716,920,1,detour_2,Customer_48,Customer_45,27,68,"[27, 11, 68]","[139, 134]",9.438233096782959,0.17160423812332654,0
2717,920,2,detour_3,Customer_48,Customer_45,27,68,"[27, 69, 22, 68]","[274, 239, 244]",14.493138911504898,0.26351161657281635,0
2718,921,0,shortest,Customer_48,Customer_56,27,68,"[27, 68]",[276],4.823269155390392,0.08769580282527985,0
2719,921,1,detour_2,Customer_48,Customer_56,27,68,"[27, 11, 68]","[139, 134]",9.438233096782959,0.17160423812332654,0
2720,921,2,detour_3,Customer_48,Customer_56,27,68,"[27, 69, 22, 68]","[274, 239, 244]",14.493138911504898,0.26351161657281635,0
2721,922,0,shortest,Customer_48,Customer_15,27,74,"[27, 74]",[278],6.403611617492714,0.11642930213623115,1
2722,922,1,avoid_congestion,Customer_48,Customer_15,27,74,"[27, 59, 74]","[270, 438]",6.404283147233186,0.12804644075538957,1
2723,922,2,detour_3,Customer_48,Customer_15,27,74,"[27, 28, 74]","[272, 284]",7.793797390557636,0.1417054071010479,1
2724,923,0,shortest,Customer_48,Customer_30,27,31,"[27, 69, 31]","[274, 311]",7.828653673153415,0.14233915769369845,1
2725,923,1,detour_2,Customer_48,Customer_30,27,31,"[27, 69, 18, 31]","[274, 215, 206]",8.025129225480509,0.1471739878236821,2
2726,923,2,detour_3,Customer_48,Customer_30,27,31,"[27, 74, 31]","[278, 309]",9.689316695172087,0.1761693944576743,2
2727,924,0,shortest,Customer_48,Customer_16,27,18,"[27, 69, 18]","[274, 215]",7.839955612621825,0.14254464750221502,1
2728,924,1,detour_2,Customer_48,Customer_16,27,18,"[27, 69, 31, 18]","[274, 311, 207]",8.013827286012098,0.14696849801516554,2
2729,924,2,detour_3,Customer_48,Customer_16,27,18,"[27, 74, 31, 18]","[278, 309, 207]",9.87449030803077,0.18079873477914138,3
2730,925,0,shortest,Customer_48,Customer_46,27,5,"[27, 69, 5]","[274, 55]",9.360060703877451,0.17018292188868092,0
2731,925,1,detour_2,Customer_48,Customer_46,27,5,"[27, 69, 22, 5]","[274, 239, 57]",9.512589835047564,0.1759661047920428,0
2732,925,2,detour_3,Customer_48,Customer_46,27,5,"[27, 68, 5]","[276, 63]",10.050569288788715,0.1827376234325221,0
2733,926,0,shortest,Customer_48,Customer_57,27,17,"[27, 74, 17]","[278, 205]",9.281516162087225,0.16875483931067684,2
2734,926,1,avoid_congestion,Customer_48,Customer_57,27,17,"[27, 59, 74, 17]","[270, 438, 205]",9.282187691827698,0.18037197792983525,2
2735,926,2,detour_3,Customer_48,Customer_57,27,17,"[27, 59, 8, 17]","[270, 105, 96]",9.635373253413803,0.18628832126984277,2
2736,927,0,shortest,Customer_48,Customer_2,27,44,"[27, 69, 22, 44]","[274, 239, 240]",12.581382086908555,0.22875240158015553,0
2737,927,1,detour_2,Customer_48,Customer_2,27,44,"[27, 69, 22, 7, 44]","[274, 239, 87, 82]",12.622233415731161,0.23221493352224912,0
2738,927,2,detour_3,Customer_48,Customer_2,27,44,"[27, 69, 5, 44]","[274, 55, 58]",13.27006254681093,0.24127386448747146,0
2739,928,0,shortest,Customer_48,Customer_4,27,44,"[27, 69, 22, 44]","[274, 239, 240]",12.581382086908555,0.22875240158015553,0
2740,928,1,detour_2,Customer_48,Customer_4,27,44,"[27, 69, 22, 7, 44]","[274, 239, 87, 82]",12.622233415731161,0.23221493352224912,0
2741,928,2,detour_3,Customer_48,Customer_4,27,44,"[27, 69, 5, 44]","[274, 55, 58]",13.27006254681093,0.24127386448747146,0
2742,929,0,shortest,Customer_48,Customer_27,27,44,"[27, 69, 22, 44]","[274, 239, 240]",12.581382086908555,0.22875240158015553,0
2743,929,1,detour_2,Customer_48,Customer_27,27,44,"[27, 69, 22, 7, 44]","[274, 239, 87, 82]",12.622233415731161,0.23221493352224912,0
2744,929,2,detour_3,Customer_48,Customer_27,27,44,"[27, 69, 5, 44]","[274, 55, 58]",13.27006254681093,0.24127386448747146,0
2745,930,0,shortest,Customer_48,Customer_50,27,42,"[27, 59, 8, 42]","[270, 105, 100]",10.93487526326834,0.1988159138776062,2
2746,930,1,detour_2,Customer_48,Customer_50,27,42,"[27, 69, 18, 42]","[274, 215, 210]",11.200756691385179,0.20365012166154872,2
2747,930,2,detour_3,Customer_48,Customer_50,27,42,"[27, 69, 31, 18, 42]","[274, 311, 207, 210]",11.374628364775452,0.20807397217449924,3
2748,931,0,shortest,Customer_48,Customer_11,27,10,"[27, 28, 32, 10]","[272, 288, 119]",11.103347263551443,0.20187904115548078,0
2749,931,1,detour_2,Customer_48,Customer_11,27,10,"[27, 28, 32, 76, 10]","[272, 288, 314, 123]",12.835061244912456,0.24197495903480207,0
2750,931,2,detour_3,Customer_48,Customer_11,27,10,"[27, 74, 50, 10]","[278, 397, 121]",13.424159436148408,0.24407562611178923,2
2751,932,0,shortest,Customer_48,Customer_28,27,38,"[27, 28, 32, 38]","[272, 288, 312]",13.054294227691013,0.2373508041398366,0
2752,932,1,detour_2,Customer_48,Customer_28,27,38,"[27, 28, 32, 76, 38]","[272, 288, 314, 355]",13.430858741116364,0.25280764078396406,0
2753,932,2,detour_3,Customer_48,Customer_28,27,38,"[27, 28, 32, 10, 38]","[272, 288, 119, 128]",15.063351588325492,0.2738791197877362,0
2754,933,0,shortest,Customer_48,Customer_44,27,46,"[27, 28, 32, 10, 46]","[272, 288, 119, 124]",14.077132793557043,0.2559478689737644,0
2755,933,1,detour_2,Customer_48,Customer_44,27,46,"[27, 74, 50, 46]","[278, 397, 385]",14.147986829472528,0.25723612417222774,2
2756,933,2,detour_3,Customer_48,Customer_44,27,46,"[27, 59, 55, 50, 46]","[270, 419, 395, 385]",14.150518120808288,0.2572821476510598,2
2757,934,0,shortest,Customer_48,Customer_25,27,34,"[27, 28, 32, 10, 46, 14, 34]","[272, 288, 119, 124, 171, 168]",19.45881076651273,0.3677229831094672,0
2758,934,1,detour_2,Customer_48,Customer_25,27,34,"[27, 74, 50, 46, 14, 34]","[278, 397, 385, 171, 168]",19.529664802428215,0.36901123830793053,2
2759,934,2,detour_3,Customer_48,Customer_25,27,34,"[27, 59, 55, 50, 46, 14, 34]","[270, 419, 395, 385, 171, 168]",19.532196093763975,0.36905726178676257,2
2760,935,0,shortest,Customer_48,Customer_47,27,43,"[27, 28, 32, 10, 43]","[272, 288, 119, 130]",14.222409794883243,0.25858926899787715,0
2761,935,1,detour_2,Customer_48,Customer_47,27,43,"[27, 28, 32, 76, 43]","[272, 288, 314, 379]",14.53355431716392,0.272856651257556,0
2762,935,2,detour_3,Customer_48,Customer_47,27,43,"[27, 28, 32, 38, 43]","[272, 288, 312, 350]",15.568803387146241,0.283069152493568,0
2763,936,0,shortest,Customer_48,Customer_8,27,13,"[27, 69, 22, 7, 13]","[274, 239, 87, 88]",16.52443067031784,0.30044419400577893,0
2764,936,1,detour_2,Customer_48,Customer_8,27,13,"[27, 69, 22, 44, 13]","[274, 239, 240, 159]",16.776743031040667,0.30503169147346665,0
2765,936,2,detour_3,Customer_48,Customer_8,27,13,"[27, 69, 22, 7, 44, 13]","[274, 239, 87, 82, 159]",16.81759435986327,0.30849422341556026,0
2766,937,0,shortest,Customer_48,Customer_59,27,13,"[27, 69, 22, 7, 13]","[274, 239, 87, 88]",16.52443067031784,0.30044419400577893,0
2767,937,1,detour_2,Customer_48,Customer_59,27,13,"[27, 69, 22, 44, 13]","[274, 239, 240, 159]",16.776743031040667,0.30503169147346665,0
2768,937,2,detour_3,Customer_48,Customer_59,27,13,"[27, 69, 22, 7, 44, 13]","[274, 239, 87, 82, 159]",16.81759435986327,0.30849422341556026,0
2769,938,0,shortest,Customer_48,Customer_24,27,47,"[27, 28, 32, 10, 46, 14, 47]","[272, 288, 119, 124, 171, 162]",19.675509713199972,0.3731404567766482,0
2770,938,1,detour_2,Customer_48,Customer_24,27,47,"[27, 74, 50, 46, 14, 47]","[278, 397, 385, 171, 162]",19.746363749115456,0.3744287119751115,2
2771,938,2,detour_3,Customer_48,Customer_24,27,47,"[27, 59, 55, 50, 46, 14, 47]","[270, 419, 395, 385, 171, 162]",19.748895040451217,0.37447473545394355,2
2772,939,0,same_node,Customer_49,Customer_39,66,66,[66],[],0.0,0.0,0
2773,940,0,shortest,Customer_49,Customer_19,66,57,"[66, 57]",[431],1.7622913259291795,0.04405728314822949,0
2774,940,1,detour_2,Customer_49,Customer_19,66,57,"[66, 16, 57]","[187, 184]",2.1741443742238213,0.05435360935559553,0
2775,940,2,detour_3,Customer_49,Customer_19,66,57,"[66, 61, 57]","[447, 429]",5.48492770042669,0.11467975441929233,0
2776,941,0,shortest,Customer_49,Customer_13,66,61,"[66, 61]",[447],2.1932234470250345,0.05483058617562586,0
2777,941,1,detour_2,Customer_49,Customer_13,66,61,"[66, 57, 61]","[431, 428]",5.053995579330835,0.10390645139189596,0
2778,941,2,detour_3,Customer_49,Customer_13,66,61,"[66, 16, 61]","[187, 188]",5.235463038468943,0.10833750380367169,0
2779,942,0,shortest,Customer_49,Customer_60,66,61,"[66, 61]",[447],2.1932234470250345,0.05483058617562586,0
2780,942,1,detour_2,Customer_49,Customer_60,66,61,"[66, 57, 61]","[431, 428]",5.053995579330835,0.10390645139189596,0
2781,942,2,detour_3,Customer_49,Customer_60,66,61,"[66, 16, 61]","[187, 188]",5.235463038468943,0.10833750380367169,0
2782,943,0,shortest,Customer_49,Customer_22,66,65,"[66, 1, 9, 65]","[23, 16, 114]",9.601563439404451,0.18439646536907306,0
2783,943,1,detour_2,Customer_49,Customer_22,66,65,"[66, 1, 26, 65]","[23, 12, 264]",9.688349893490145,0.19028732550496322,0
2784,943,2,detour_3,Customer_49,Customer_22,66,65,"[66, 1, 9, 26, 65]","[23, 16, 108, 264]",9.68934753743714,0.2080055469834621,0
2785,944,0,shortest,Customer_49,Customer_24,66,47,"[66, 1, 47]","[23, 14]",9.505239146557635,0.17282252993741154,0
2786,944,1,detour_2,Customer_49,Customer_24,66,47,"[66, 1, 9, 47]","[23, 16, 112]",9.530328921782107,0.18310129232139408,0
2787,944,2,detour_3,Customer_49,Customer_24,66,47,"[66, 1, 26, 47]","[23, 12, 262]",9.556043463792964,0.18697966476253366,0
2788,945,0,shortest,Customer_49,Customer_7,66,78,"[66, 16, 78]","[187, 190]",7.460005686735647,0.1487837337721572,0
2789,945,1,detour_2,Customer_49,Customer_7,66,78,"[66, 57, 78]","[431, 434]",7.539796263966325,0.1491028274761776,0
2790,945,2,detour_3,Customer_49,Customer_7,66,78,"[66, 57, 16, 78]","[431, 185, 190]",7.539909809645981,0.15078133684491557,0
2791,946,0,shortest,Customer_49,Customer_38,66,78,"[66, 16, 78]","[187, 190]",7.460005686735647,0.1487837337721572,0
2792,946,1,detour_2,Customer_49,Customer_38,66,78,"[66, 57, 78]","[431, 434]",7.539796263966325,0.1491028274761776,0
2793,946,2,detour_3,Customer_49,Customer_38,66,78,"[66, 57, 16, 78]","[431, 185, 190]",7.539909809645981,0.15078133684491557,0
2794,947,0,shortest,Customer_49,Customer_3,66,77,"[66, 57, 77]","[431, 426]",7.389834662442233,0.14637625290301226,0
2795,947,1,detour_2,Customer_49,Customer_3,66,77,"[66, 16, 57, 77]","[187, 184, 426]",7.801687710736875,0.15667257911037832,0
2796,947,2,detour_3,Customer_49,Customer_3,66,77,"[66, 61, 57, 77]","[447, 429, 426]",11.112471036939743,0.21699872417407512,0
2797,948,0,shortest,Customer_49,Customer_33,66,77,"[66, 57, 77]","[431, 426]",7.389834662442233,0.14637625290301226,0
2798,948,1,detour_2,Customer_49,Customer_33,66,77,"[66, 16, 57, 77]","[187, 184, 426]",7.801687710736875,0.15667257911037832,0
2799,948,2,detour_3,Customer_49,Customer_33,66,77,"[66, 61, 57, 77]","[447, 429, 426]",11.112471036939743,0.21699872417407512,0
2800,949,0,shortest,Customer_49,Customer_40,66,77,"[66, 57, 77]","[431, 426]",7.389834662442233,0.14637625290301226,0
2801,949,1,detour_2,Customer_49,Customer_40,66,77,"[66, 16, 57, 77]","[187, 184, 426]",7.801687710736875,0.15667257911037832,0
2802,949,2,detour_3,Customer_49,Customer_40,66,77,"[66, 61, 57, 77]","[447, 429, 426]",11.112471036939743,0.21699872417407512,0
2803,950,0,shortest,Customer_49,Customer_17,66,40,"[66, 61, 40]","[447, 365]",7.188446814626206,0.1456528292229199,0
2804,950,1,detour_2,Customer_49,Customer_17,66,40,"[66, 1, 40]","[23, 18]",8.364145262389137,0.1520753684070752,0
2805,950,2,detour_3,Customer_49,Customer_17,66,40,"[66, 61, 1, 40]","[447, 11, 18]",9.182583494792556,0.181909859771399,0
2806,951,0,shortest,Customer_49,Customer_31,66,40,"[66, 61, 40]","[447, 365]",7.188446814626206,0.1456528292229199,0
2807,951,1,detour_2,Customer_49,Customer_31,66,40,"[66, 1, 40]","[23, 18]",8.364145262389137,0.1520753684070752,0
2808,951,2,detour_3,Customer_49,Customer_31,66,40,"[66, 61, 1, 40]","[447, 11, 18]",9.182583494792556,0.181909859771399,0
2809,952,0,shortest,Customer_49,Customer_25,66,34,"[66, 1, 26, 34]","[23, 12, 266]",10.40227786527738,0.18913232482322506,0
2810,952,1,detour_2,Customer_49,Customer_25,66,34,"[66, 1, 47, 34]","[23, 14, 329]",10.377181771117701,0.1946210955514132,1
2811,952,2,detour_3,Customer_49,Customer_25,66,34,"[66, 1, 9, 34]","[23, 16, 110]",10.349909057814036,0.19800274934015644,0
2812,953,0,shortest,Customer_49,Customer_20,66,12,"[66, 57, 77, 12]","[431, 426, 145]",10.39483711629792,0.20101266115493382,0
2813,953,1,detour_2,Customer_49,Customer_20,66,12,"[66, 16, 57, 77, 12]","[187, 184, 426, 145]",10.806690164592561,0.21130898736229992,0
2814,953,2,detour_3,Customer_49,Customer_20,66,12,"[66, 57, 77, 64, 12]","[431, 426, 453, 141]",11.49839244961908,0.22742499064204838,0
2815,954,0,shortest,Customer_49,Customer_26,66,12,"[66, 57, 77, 12]","[431, 426, 145]",10.39483711629792,0.20101266115493382,0
2816,954,1,detour_2,Customer_49,Customer_26,66,12,"[66, 16, 57, 77, 12]","[187, 184, 426, 145]",10.806690164592561,0.21130898736229992,0
2817,954,2,detour_3,Customer_49,Customer_26,66,12,"[66, 57, 77, 64, 12]","[431, 426, 453, 141]",11.49839244961908,0.22742499064204838,0
2818,955,0,shortest,Customer_49,Customer_51,66,64,"[66, 57, 77, 64]","[431, 426, 453]",10.567398347032043,0.20415013807737242,0
2819,955,1,detour_2,Customer_49,Customer_51,66,64,"[66, 16, 57, 77, 64]","[187, 184, 426, 453]",10.979251395326685,0.21444646428473849,0
2820,955,2,detour_3,Customer_49,Customer_51,66,64,"[66, 57, 77, 54, 64]","[431, 426, 413, 410]",11.279130261585903,0.22079627882591243,0
2821,956,0,shortest,Customer_49,Customer_18,66,53,"[66, 57, 77, 12, 30, 53]","[431, 426, 145, 148, 300]",16.390522572695804,0.32599732860540614,0
2822,956,1,detour_2,Customer_49,Customer_18,66,53,"[66, 57, 77, 12, 60, 53]","[431, 426, 145, 150, 407]",17.75656046606277,0.33486217660520384,0
2823,956,2,detour_3,Customer_49,Customer_18,66,53,"[66, 16, 57, 77, 12, 30, 53]","[187, 184, 426, 145, 148, 300]",16.802375620990446,0.33629365481277224,0
2824,957,0,shortest,Customer_49,Customer_41,66,53,"[66, 57, 77, 12, 30, 53]","[431, 426, 145, 148, 300]",16.390522572695804,0.32599732860540614,0
2825,957,1,detour_2,Customer_49,Customer_41,66,53,"[66, 57, 77, 12, 60, 53]","[431, 426, 145, 150, 407]",17.75656046606277,0.33486217660520384,0
2826,957,2,detour_3,Customer_49,Customer_41,66,53,"[66, 16, 57, 77, 12, 30, 53]","[187, 184, 426, 145, 148, 300]",16.802375620990446,0.33629365481277224,0
2827,958,0,shortest,Customer_49,Customer_50,66,42,"[66, 57, 77, 12, 30, 3, 48, 42]","[431, 426, 145, 148, 33, 36, 373]",23.441854596285133,0.45304326626190367,2
2828,958,1,avoid_congestion,Customer_49,Customer_50,66,42,"[66, 57, 77, 12, 30, 53, 48, 42]","[431, 426, 145, 148, 300, 389, 373]",22.78955452273031,0.4571554695314176,1
2829,958,2,detour_3,Customer_49,Customer_50,66,42,"[66, 16, 57, 77, 12, 30, 3, 48, 42]","[187, 184, 426, 145, 148, 33, 36, 373]",23.853707644579774,0.46333959246926976,2
2830,959,0,shortest,Customer_50,Customer_57,42,17,"[42, 17]",[195],2.389791926948522,0.05974479817371305,1
2831,959,1,detour_2,Customer_50,Customer_57,42,17,"[42, 4, 17]","[45, 50]",2.5917166260658346,0.06479291565164587,2
2832,959,2,detour_3,Customer_50,Customer_57,42,17,"[42, 8, 17]","[101, 96]",4.555418897468122,0.09392551479810307,2
2833,960,0,shortest,Customer_50,Customer_16,42,18,"[42, 18]",[211],3.3608010787633535,0.0611054741593337,1
2834,960,1,detour_2,Customer_50,Customer_16,42,18,"[42, 8, 18]","[101, 98]",4.647266331836915,0.09622170065732294,2
2835,960,2,detour_3,Customer_50,Customer_16,42,18,"[42, 8, 31, 18]","[101, 92, 207]",4.684434363420611,0.09715090144691532,3
2836,961,0,shortest,Customer_50,Customer_30,42,31,"[42, 18, 31]","[211, 206]",3.5459746916220367,0.06573481448080078,2
2837,961,1,detour_2,Customer_50,Customer_30,42,31,"[42, 8, 31]","[101, 92]",4.499260750561929,0.09252156112544825,2
2838,961,2,detour_3,Customer_50,Customer_30,42,31,"[42, 8, 18, 31]","[101, 98, 206]",4.832439944695598,0.10085104097879001,3
2839,962,0,shortest,Customer_50,Customer_15,42,74,"[42, 8, 74]","[101, 106]",5.168486860029128,0.10925221386212822,2
2840,962,1,detour_2,Customer_50,Customer_15,42,74,"[42, 17, 74]","[195, 204]",5.267696471543035,0.11207033534815874,2
2841,962,2,detour_3,Customer_50,Customer_15,42,74,"[42, 8, 72, 74]","[101, 94, 460]",5.3832409899022275,0.11462106710895573,3
2842,963,0,shortest,Customer_50,Customer_22,42,65,"[42, 8, 55, 50, 46, 14, 65]","[101, 102, 395, 385, 171, 166]",19.160191942048744,0.34836712621906807,3
2843,963,1,detour_2,Customer_50,Customer_22,42,65,"[42, 4, 55, 50, 46, 14, 65]","[45, 46, 395, 385, 171, 166]",18.449367623501978,0.3498873249903828,3
2844,963,2,detour_3,Customer_50,Customer_22,42,65,"[42, 17, 55, 50, 46, 14, 65]","[195, 198, 395, 385, 171, 166]",18.355995756639025,0.36706786524621626,3
2845,964,0,shortest,Customer_50,Customer_25,42,34,"[42, 8, 55, 50, 46, 14, 34]","[101, 102, 395, 385, 171, 168]",17.45946503285486,0.33137124249750594,3
2846,964,1,detour_2,Customer_50,Customer_25,42,34,"[42, 4, 55, 50, 46, 14, 34]","[45, 46, 395, 385, 171, 168]",16.748640714308095,0.3328914412688207,3
2847,964,2,detour_3,Customer_50,Customer_25,42,34,"[42, 17, 55, 50, 46, 14, 34]","[195, 198, 395, 385, 171, 168]",16.655268847445143,0.3500719815246542,3
2848,965,0,shortest,Customer_50,Customer_24,42,47,"[42, 8, 55, 50, 46, 14, 47]","[101, 102, 395, 385, 171, 162]",17.676163979542103,0.3367887161646869,3
2849,965,1,detour_2,Customer_50,Customer_24,42,47,"[42, 4, 55, 50, 46, 14, 47]","[45, 46, 395, 385, 171, 162]",16.965339660995337,0.3383089149360017,3
2850,965,2,detour_3,Customer_50,Customer_24,42,47,"[42, 8, 55, 50, 46, 14, 34, 47]","[101, 102, 395, 385, 171, 168, 328]",18.33140765741493,0.3531698081115076,4
2851,966,0,shortest,Customer_50,Customer_18,42,53,"[42, 48, 53]","[372, 388]",6.399031950034503,0.13115814092601147,1
2852,966,1,detour_2,Customer_50,Customer_18,42,53,"[42, 48, 3, 53]","[372, 37, 34]",8.09323334976254,0.17768056262044213,2
2853,966,2,detour_3,Customer_50,Customer_18,42,53,"[42, 4, 48, 53]","[45, 52, 388]",10.635716174356876,0.20782093500592647,2
2854,967,0,shortest,Customer_50,Customer_41,42,53,"[42, 48, 53]","[372, 388]",6.399031950034503,0.13115814092601147,1
2855,967,1,detour_2,Customer_50,Customer_41,42,53,"[42, 48, 3, 53]","[372, 37, 34]",8.09323334976254,0.17768056262044213,2
2856,967,2,detour_3,Customer_50,Customer_41,42,53,"[42, 4, 48, 53]","[45, 52, 388]",10.635716174356876,0.20782093500592647,2
2857,968,0,shortest,Customer_50,Customer_2,42,44,"[42, 18, 69, 22, 44]","[211, 214, 239, 240]",15.019286956517366,0.2730779446639521,2
2858,968,1,avoid_congestion,Customer_50,Customer_2,42,44,"[42, 48, 53, 63, 13, 44]","[372, 388, 408, 153, 158]",15.55622913439709,0.3106147127439558,1
2859,968,2,detour_2,Customer_50,Customer_2,42,44,"[42, 18, 69, 22, 7, 44]","[211, 214, 239, 87, 82]",15.060138285339974,0.2765404766060457,2
2860,968,3,detour_3,Customer_50,Customer_2,42,44,"[42, 18, 31, 69, 22, 44]","[211, 206, 310, 239, 240]",15.193158629907636,0.2775017951769026,3
2861,969,0,shortest,Customer_50,Customer_4,42,44,"[42, 18, 69, 22, 44]","[211, 214, 239, 240]",15.019286956517366,0.2730779446639521,2
2862,969,1,avoid_congestion,Customer_50,Customer_4,42,44,"[42, 48, 53, 63, 13, 44]","[372, 388, 408, 153, 158]",15.55622913439709,0.3106147127439558,1
2863,969,2,detour_2,Customer_50,Customer_4,42,44,"[42, 18, 69, 22, 7, 44]","[211, 214, 239, 87, 82]",15.060138285339974,0.2765404766060457,2
2864,969,3,detour_3,Customer_50,Customer_4,42,44,"[42, 18, 31, 69, 22, 44]","[211, 206, 310, 239, 240]",15.193158629907636,0.2775017951769026,3
2865,970,0,shortest,Customer_50,Customer_27,42,44,"[42, 18, 69, 22, 44]","[211, 214, 239, 240]",15.019286956517366,0.2730779446639521,2
2866,970,1,avoid_congestion,Customer_50,Customer_27,42,44,"[42, 48, 53, 63, 13, 44]","[372, 388, 408, 153, 158]",15.55622913439709,0.3106147127439558,1
2867,970,2,detour_2,Customer_50,Customer_27,42,44,"[42, 18, 69, 22, 7, 44]","[211, 214, 239, 87, 82]",15.060138285339974,0.2765404766060457,2
2868,970,3,detour_3,Customer_50,Customer_27,42,44,"[42, 18, 31, 69, 22, 44]","[211, 206, 310, 239, 240]",15.193158629907636,0.2775017951769026,3
2869,971,0,shortest,Customer_50,Customer_8,42,13,"[42, 48, 53, 63, 13]","[372, 388, 408, 153]",11.360868190264979,0.23433542285064465,1
2870,971,1,detour_2,Customer_50,Customer_8,42,13,"[42, 48, 3, 63, 13]","[372, 37, 40, 153]",12.93329802595189,0.2629250562267703,2
2871,971,2,detour_3,Customer_50,Customer_8,42,13,"[42, 48, 3, 53, 63, 13]","[372, 37, 34, 408, 153]",13.055069589993016,0.28085784454507534,2
2872,972,0,shortest,Customer_50,Customer_59,42,13,"[42, 48, 53, 63, 13]","[372, 388, 408, 153]",11.360868190264979,0.23433542285064465,1
2873,972,1,detour_2,Customer_50,Customer_59,42,13,"[42, 48, 3, 63, 13]","[372, 37, 40, 153]",12.93329802595189,0.2629250562267703,2
2874,972,2,detour_3,Customer_50,Customer_59,42,13,"[42, 48, 3, 53, 63, 13]","[372, 37, 34, 408, 153]",13.055069589993016,0.28085784454507534,2
2875,973,0,shortest,Customer_50,Customer_44,42,46,"[42, 8, 55, 50, 46]","[101, 102, 395, 385]",12.077787059899173,0.21959612836180314,3
2876,973,1,detour_2,Customer_50,Customer_44,42,46,"[42, 4, 55, 50, 46]","[45, 46, 395, 385]",11.366962741352406,0.2211163271331179,3
2877,973,2,detour_3,Customer_50,Customer_44,42,46,"[42, 17, 55, 50, 46]","[195, 198, 395, 385]",11.273590874489456,0.2382968673889514,3
2878,974,0,shortest,Customer_50,Customer_39,42,66,"[42, 48, 3, 30, 12, 77, 57, 66]","[372, 37, 32, 149, 144, 427, 430]",23.441854596285136,0.45304326626190367,2
2879,974,1,avoid_congestion,Customer_50,Customer_39,42,66,"[42, 48, 53, 30, 12, 77, 57, 66]","[372, 388, 301, 149, 144, 427, 430]",22.789554522730302,0.45715546953141756,1
2880,974,2,detour_3,Customer_50,Customer_39,42,66,"[42, 48, 3, 30, 12, 77, 57, 16, 66]","[372, 37, 32, 149, 144, 427, 185, 186]",23.853707644579774,0.4633395924692697,2
2881,975,0,shortest,Customer_50,Customer_49,42,66,"[42, 48, 3, 30, 12, 77, 57, 66]","[372, 37, 32, 149, 144, 427, 430]",23.441854596285136,0.45304326626190367,2
2882,975,1,avoid_congestion,Customer_50,Customer_49,42,66,"[42, 48, 53, 30, 12, 77, 57, 66]","[372, 388, 301, 149, 144, 427, 430]",22.789554522730302,0.45715546953141756,1
2883,975,2,detour_3,Customer_50,Customer_49,42,66,"[42, 48, 3, 30, 12, 77, 57, 16, 66]","[372, 37, 32, 149, 144, 427, 185, 186]",23.853707644579774,0.4633395924692697,2
2884,976,0,shortest,Customer_50,Customer_11,42,10,"[42, 8, 55, 50, 10]","[101, 102, 395, 121]",11.353959666575053,0.20643563030136458,3
2885,976,1,detour_2,Customer_50,Customer_11,42,10,"[42, 4, 55, 50, 10]","[45, 46, 395, 121]",10.643135348028286,0.20795582907267934,3
2886,976,2,detour_3,Customer_50,Customer_11,42,10,"[42, 17, 55, 50, 10]","[195, 198, 395, 121]",10.549763481165336,0.22513636932851283,3
2887,977,0,shortest,Customer_50,Customer_46,42,5,"[42, 18, 69, 5]","[211, 214, 55]",11.797965573486263,0.2145084649724775,2
2888,977,1,detour_2,Customer_50,Customer_46,42,5,"[42, 18, 31, 69, 5]","[211, 206, 310, 55]",11.971837246876534,0.21893231548542802,3
2889,977,2,detour_3,Customer_50,Customer_46,42,5,"[42, 18, 69, 22, 5]","[211, 214, 239, 57]",11.950494704656377,0.22029164787583935,2
2890,978,0,shortest,Customer_50,Customer_48,42,27,"[42, 8, 59, 27]","[101, 104, 271]",10.934875263268342,0.19881591387760622,2
2891,978,1,detour_2,Customer_50,Customer_48,42,27,"[42, 18, 69, 27]","[211, 214, 275]",11.20075669138518,0.20365012166154872,2
2892,978,2,detour_3,Customer_50,Customer_48,42,27,"[42, 18, 31, 69, 27]","[211, 206, 310, 275]",11.37462836477545,0.20807397217449924,3
2893,979,0,shortest,Customer_51,Customer_20,64,12,"[64, 12]",[141],0.9309941025870384,0.02327485256467596,0
2894,979,1,detour_2,Customer_51,Customer_20,64,12,"[64, 54, 12]","[411, 143]",2.016293022742277,0.05040732556855693,0
2895,979,2,detour_3,Customer_51,Customer_20,64,12,"[64, 77, 12]","[452, 145]",6.182566138445496,0.11241029342628174,0
2896,980,0,shortest,Customer_51,Customer_26,64,12,"[64, 12]",[141],0.9309941025870384,0.02327485256467596,0
2897,980,1,detour_2,Customer_51,Customer_26,64,12,"[64, 54, 12]","[411, 143]",2.016293022742277,0.05040732556855693,0
2898,980,2,detour_3,Customer_51,Customer_26,64,12,"[64, 77, 12]","[452, 145]",6.182566138445496,0.11241029342628174,0
2899,981,0,shortest,Customer_51,Customer_1,64,39,"[64, 39]",[359],2.736265652175929,0.049750284585016895,0
2900,981,1,detour_2,Customer_51,Customer_1,64,39,"[64, 54, 39]","[411, 361]",2.9645630587379346,0.07411407646844836,0
2901,981,2,detour_3,Customer_51,Customer_1,64,39,"[64, 12, 39]","[141, 146]",4.396699900471073,0.08628768525347658,0
2902,982,0,shortest,Customer_51,Customer_9,64,39,"[64, 39]",[359],2.736265652175929,0.049750284585016895,0
2903,982,1,detour_2,Customer_51,Customer_9,64,39,"[64, 54, 39]","[411, 361]",2.9645630587379346,0.07411407646844836,0
2904,982,2,detour_3,Customer_51,Customer_9,64,39,"[64, 12, 39]","[141, 146]",4.396699900471073,0.08628768525347658,0
2905,983,0,shortest,Customer_51,Customer_3,64,77,"[64, 77]",[452],3.177563684589809,0.05777388517436016,0
2906,983,1,detour_2,Customer_51,Customer_3,64,77,"[64, 54, 77]","[411, 412]",3.8892955991436704,0.07442002592290016,0
2907,983,2,detour_3,Customer_51,Customer_3,64,77,"[64, 12, 77]","[141, 144]",3.9359965564427255,0.07791126081659754,0
2908,984,0,shortest,Customer_51,Customer_33,64,77,"[64, 77]",[452],3.177563684589809,0.05777388517436016,0
2909,984,1,detour_2,Customer_51,Customer_33,64,77,"[64, 54, 77]","[411, 412]",3.8892955991436704,0.07442002592290016,0
2910,984,2,detour_3,Customer_51,Customer_33,64,77,"[64, 12, 77]","[141, 144]",3.9359965564427255,0.07791126081659754,0
2911,985,0,shortest,Customer_51,Customer_40,64,77,"[64, 77]",[452],3.177563684589809,0.05777388517436016,0
2912,985,1,detour_2,Customer_51,Customer_40,64,77,"[64, 54, 77]","[411, 412]",3.8892955991436704,0.07442002592290016,0
2913,985,2,detour_3,Customer_51,Customer_40,64,77,"[64, 12, 77]","[141, 144]",3.9359965564427255,0.07791126081659754,0
2914,986,0,shortest,Customer_51,Customer_5,64,19,"[64, 19]",[219],3.791578288244652,0.06893778705899367,0
2915,986,1,detour_2,Customer_51,Customer_5,64,19,"[64, 54, 19]","[411, 217]",3.9659012327357095,0.0758128556245736,0
2916,986,2,detour_3,Customer_51,Customer_5,64,19,"[64, 77, 19]","[452, 221]",6.666624871026636,0.12121136129139337,0
2917,987,0,shortest,Customer_51,Customer_34,64,19,"[64, 19]",[219],3.791578288244652,0.06893778705899367,0
2918,987,1,detour_2,Customer_51,Customer_34,64,19,"[64, 54, 19]","[411, 217]",3.9659012327357095,0.0758128556245736,0
2919,987,2,detour_3,Customer_51,Customer_34,64,19,"[64, 77, 19]","[452, 221]",6.666624871026636,0.12121136129139337,0
2920,988,0,shortest,Customer_51,Customer_10,64,29,"[64, 29]",[295],5.362043515084591,0.09749170027426529,0
2921,988,1,detour_2,Customer_51,Customer_10,64,29,"[64, 54, 29]","[411, 297]",5.3680749406865385,0.1013069230418614,0
2922,988,2,detour_3,Customer_51,Customer_10,64,29,"[64, 39, 29]","[359, 293]",6.520315814881286,0.11855119663420521,0
2923,989,0,shortest,Customer_51,Customer_18,64,53,"[64, 30, 53]","[303, 300]",6.531726816083715,0.1347308739902147,0
2924,989,1,detour_2,Customer_51,Customer_18,64,53,"[64, 12, 30, 53]","[141, 148, 300]",6.9266795589849215,0.14825952001514825,0
2925,989,2,detour_3,Customer_51,Customer_18,64,53,"[64, 12, 60, 53]","[141, 150, 407]",8.292717452351889,0.15712436801494598,0
2926,990,0,shortest,Customer_51,Customer_41,64,53,"[64, 30, 53]","[303, 300]",6.531726816083715,0.1347308739902147,0
2927,990,1,detour_2,Customer_51,Customer_41,64,53,"[64, 12, 30, 53]","[141, 148, 300]",6.9266795589849215,0.14825952001514825,0
2928,990,2,detour_3,Customer_51,Customer_41,64,53,"[64, 12, 60, 53]","[141, 150, 407]",8.292717452351889,0.15712436801494598,0
2929,991,0,shortest,Customer_51,Customer_23,64,79,"[64, 39, 79]","[359, 362]",7.043409254807504,0.12806198645104552,0
2930,991,1,detour_2,Customer_51,Customer_23,64,79,"[64, 54, 39, 79]","[411, 361, 362]",7.271706661369509,0.152425778334477,0
2931,991,2,detour_3,Customer_51,Customer_23,64,79,"[64, 12, 39, 79]","[141, 146, 362]",8.703843503102647,0.16459938711950522,0
2932,992,0,shortest,Customer_51,Customer_19,64,57,"[64, 77, 57]","[452, 427]",8.805107021102863,0.16009285492914294,0
2933,992,1,detour_2,Customer_51,Customer_19,64,57,"[64, 54, 77, 57]","[411, 412, 427]",9.516838935656724,0.17673899567768295,0
2934,992,2,detour_3,Customer_51,Customer_19,64,57,"[64, 12, 77, 57]","[141, 144, 427]",9.563539892955779,0.18023023057138032,0
2935,993,0,shortest,Customer_51,Customer_39,64,66,"[64, 77, 57, 66]","[452, 427, 430]",10.567398347032043,0.20415013807737242,0
2936,993,1,detour_2,Customer_51,Customer_39,64,66,"[64, 77, 57, 16, 66]","[452, 427, 185, 186]",10.979251395326685,0.21444646428473846,0
2937,993,2,detour_3,Customer_51,Customer_39,64,66,"[64, 54, 77, 57, 66]","[411, 412, 427, 430]",11.279130261585903,0.22079627882591243,0
2938,994,0,shortest,Customer_51,Customer_49,64,66,"[64, 77, 57, 66]","[452, 427, 430]",10.567398347032043,0.20415013807737242,0
2939,994,1,detour_2,Customer_51,Customer_49,64,66,"[64, 77, 57, 16, 66]","[452, 427, 185, 186]",10.979251395326685,0.21444646428473846,0
2940,994,2,detour_3,Customer_51,Customer_49,64,66,"[64, 54, 77, 57, 66]","[411, 412, 427, 430]",11.279130261585903,0.22079627882591243,0
2941,995,0,shortest,Customer_51,Customer_14,64,6,"[64, 39, 6]","[359, 81]",9.757584772441113,0.17741063222620207,0
2942,995,1,detour_2,Customer_51,Customer_14,64,6,"[64, 39, 79, 6]","[359, 362, 77]",10.392327220367074,0.1889514040066741,0
2943,995,2,detour_3,Customer_51,Customer_14,64,6,"[64, 54, 39, 6]","[411, 361, 81]",9.985882179003118,0.20177442410963353,0
2944,996,0,shortest,Customer_51,Customer_8,64,13,"[64, 30, 63, 13]","[303, 304, 153]",10.341032442011317,0.2009808492297394,0
2945,996,1,detour_2,Customer_51,Customer_8,64,13,"[64, 12, 30, 63, 13]","[141, 148, 304, 153]",10.735985184912524,0.21450949525467297,0
2946,996,2,detour_3,Customer_51,Customer_8,64,13,"[64, 12, 60, 63, 13]","[141, 150, 444, 153]",10.981098941014567,0.2189661090019828,0
2947,997,0,shortest,Customer_51,Customer_59,64,13,"[64, 30, 63, 13]","[303, 304, 153]",10.341032442011317,0.2009808492297394,0
2948,997,1,detour_2,Customer_51,Customer_59,64,13,"[64, 12, 30, 63, 13]","[141, 148, 304, 153]",10.735985184912524,0.21450949525467297,0
2949,997,2,detour_3,Customer_51,Customer_59,64,13,"[64, 12, 60, 63, 13]","[141, 150, 444, 153]",10.981098941014567,0.2189661090019828,0
2950,998,0,shortest,Customer_51,Customer_13,64,61,"[64, 77, 57, 61]","[452, 427, 428]",12.09681127450452,0.21994202317280942,0
2951,998,1,detour_2,Customer_51,Customer_13,64,61,"[64, 77, 57, 16, 61]","[452, 427, 185, 188]",12.358182856552961,0.2263706786573435,0
2952,998,2,detour_3,Customer_51,Customer_13,64,61,"[64, 54, 77, 57, 61]","[411, 412, 427, 428]",12.80854318905838,0.2365881639213494,0
2953,999,0,shortest,Customer_52,Customer_21,0,24,"[0, 24]",[2],2.5942241133374417,0.04716771115158985,0
2954,999,1,detour_2,Customer_52,Customer_21,0,24,"[0, 52, 24]","[0, 251]",7.66462504602936,0.13935681901871563,0
2955,999,2,detour_3,Customer_52,Customer_21,0,24,"[0, 2, 24]","[4, 26]",9.233751405974544,0.1678863891995372,0
2956,1000,0,shortest,Customer_52,Customer_43,0,24,"[0, 24]",[2],2.5942241133374417,0.04716771115158985,0
2957,1000,1,detour_2,Customer_52,Customer_43,0,24,"[0, 52, 24]","[0, 251]",7.66462504602936,0.13935681901871563,0
2958,1000,2,detour_3,Customer_52,Customer_43,0,24,"[0, 2, 24]","[4, 26]",9.233751405974544,0.1678863891995372,0
2959,1001,0,shortest,Customer_52,Customer_29,0,20,"[0, 20]",[8],6.273730092671854,0.11406781986676098,0
2960,1001,1,detour_2,Customer_52,Customer_29,0,20,"[0, 24, 20]","[2, 227]",6.309342638756103,0.11471532070465643,0
2961,1001,2,detour_3,Customer_52,Customer_29,0,20,"[0, 24, 6, 20]","[2, 79, 74]",10.041052159914559,0.19922650723222585,0
2962,1002,0,shortest,Customer_52,Customer_8,0,13,"[0, 52, 13]","[0, 157]",7.194081670036566,0.13080148490975574,0
2963,1002,1,detour_2,Customer_52,Customer_8,0,13,"[0, 52, 63, 13]","[0, 402, 153]",9.716498542946555,0.18962568742856187,0
2964,1002,2,detour_3,Customer_52,Customer_8,0,13,"[0, 41, 13]","[6, 161]",10.950930169903096,0.19910782127096535,0
2965,1003,0,shortest,Customer_52,Customer_59,0,13,"[0, 52, 13]","[0, 157]",7.194081670036566,0.13080148490975574,0
2966,1003,1,detour_2,Customer_52,Customer_59,0,13,"[0, 52, 63, 13]","[0, 402, 153]",9.716498542946555,0.18962568742856187,0
2967,1003,2,detour_3,Customer_52,Customer_59,0,13,"[0, 41, 13]","[6, 161]",10.950930169903096,0.19910782127096535,0
2968,1004,0,shortest,Customer_52,Customer_23,0,79,"[0, 52, 79]","[0, 404]",8.226856844459718,0.14957921535381305,0
2969,1004,1,detour_2,Customer_52,Customer_23,0,79,"[0, 24, 6, 79]","[2, 79, 76]",10.946221491186494,0.19902220893066352,0
2970,1004,2,detour_3,Customer_52,Customer_23,0,79,"[0, 20, 79]","[8, 224]",11.39528689941535,0.2071870345348245,0
2971,1005,0,shortest,Customer_52,Customer_14,0,6,"[0, 24, 6]","[2, 79]",7.5973035256269235,0.13813279137503498,0
2972,1005,1,detour_2,Customer_52,Customer_14,0,6,"[0, 20, 6]","[8, 75]",8.717478726959488,0.17516153572395185,0
2973,1005,2,detour_3,Customer_52,Customer_14,0,6,"[0, 24, 20, 6]","[2, 227, 75]",8.753091273043738,0.1758090365618473,0
2974,1006,0,shortest,Customer_52,Customer_2,0,44,"[0, 52, 13, 44]","[0, 157, 158]",11.38944261416868,0.20708077480306686,0
2975,1006,1,detour_2,Customer_52,Customer_2,0,44,"[0, 41, 7, 44]","[6, 91, 82]",11.70431471976135,0.21552550268643433,0
2976,1006,2,detour_3,Customer_52,Customer_2,0,44,"[0, 52, 13, 7, 44]","[0, 157, 89, 82]",11.894081207250121,0.21897580245895745,0
2977,1007,0,shortest,Customer_52,Customer_4,0,44,"[0, 52, 13, 44]","[0, 157, 158]",11.38944261416868,0.20708077480306686,0
2978,1007,1,detour_2,Customer_52,Customer_4,0,44,"[0, 41, 7, 44]","[6, 91, 82]",11.70431471976135,0.21552550268643433,0
2979,1007,2,detour_3,Customer_52,Customer_4,0,44,"[0, 52, 13, 7, 44]","[0, 157, 89, 82]",11.894081207250121,0.21897580245895745,0
2980,1008,0,shortest,Customer_52,Customer_27,0,44,"[0, 52, 13, 44]","[0, 157, 158]",11.38944261416868,0.20708077480306686,0
2981,1008,1,detour_2,Customer_52,Customer_27,0,44,"[0, 41, 7, 44]","[6, 91, 82]",11.70431471976135,0.21552550268643433,0
2982,1008,2,detour_3,Customer_52,Customer_27,0,44,"[0, 52, 13, 7, 44]","[0, 157, 89, 82]",11.894081207250121,0.21897580245895745,0
2983,1009,0,shortest,Customer_52,Customer_18,0,53,"[0, 52, 63, 53]","[0, 402, 409]",10.876125366513836,0.1977477339366152,0
2984,1009,1,detour_2,Customer_52,Customer_18,0,53,"[0, 52, 13, 63, 53]","[0, 157, 152, 409]",12.155917910267043,0.2339787668343889,0
2985,1009,2,detour_3,Customer_52,Customer_18,0,53,"[0, 52, 63, 60, 53]","[0, 402, 445, 407]",14.514191699216537,0.2638943945312098,0
2986,1010,0,shortest,Customer_52,Customer_41,0,53,"[0, 52, 63, 53]","[0, 402, 409]",10.876125366513836,0.1977477339366152,0
2987,1010,1,detour_2,Customer_52,Customer_41,0,53,"[0, 52, 13, 63, 53]","[0, 157, 152, 409]",12.155917910267043,0.2339787668343889,0
2988,1010,2,detour_3,Customer_52,Customer_41,0,53,"[0, 52, 63, 60, 53]","[0, 402, 445, 407]",14.514191699216537,0.2638943945312098,0
2989,1011,0,shortest,Customer_52,Customer_1,0,39,"[0, 52, 79, 39]","[0, 404, 363]",12.534000447091293,0.22789091721984167,0
2990,1011,1,detour_2,Customer_52,Customer_1,0,39,"[0, 24, 6, 39]","[2, 79, 80]",14.618622645892106,0.26579313901622015,0
2991,1011,2,detour_3,Customer_52,Customer_1,0,39,"[0, 24, 6, 79, 39]","[2, 79, 76, 363]",15.253365093818068,0.2773339107966922,0
2992,1012,0,shortest,Customer_52,Customer_9,0,39,"[0, 52, 79, 39]","[0, 404, 363]",12.534000447091293,0.22789091721984167,0
2993,1012,1,detour_2,Customer_52,Customer_9,0,39,"[0, 24, 6, 39]","[2, 79, 80]",14.618622645892106,0.26579313901622015,0
2994,1012,2,detour_3,Customer_52,Customer_9,0,39,"[0, 24, 6, 79, 39]","[2, 79, 76, 363]",15.253365093818068,0.2773339107966922,0
2995,1013,0,shortest,Customer_52,Customer_46,0,5,"[0, 41, 5]","[6, 69]",11.379499990138353,0.20689999982069732,0
2996,1013,1,detour_2,Customer_52,Customer_46,0,5,"[0, 41, 22, 5]","[6, 243, 57]",11.880010407681814,0.21901011520357463,0
2997,1013,2,detour_3,Customer_52,Customer_46,0,5,"[0, 2, 41, 5]","[4, 24, 69]",14.535228651890336,0.2642768845798243,0
2998,1014,0,shortest,Customer_52,Customer_51,0,64,"[0, 52, 79, 39, 64]","[0, 404, 363, 358]",15.270266099267221,0.2776412018048586,0
2999,1014,1,detour_2,Customer_52,Customer_51,0,64,"[0, 52, 63, 30, 64]","[0, 402, 305, 302]",16.25532156829468,0.29555130124172146,0
3000,1014,2,detour_3,Customer_52,Customer_51,0,64,"[0, 52, 79, 39, 54, 64]","[0, 404, 363, 360, 410]",15.498563505829228,0.30200499368829004,0
3001,1015,0,shortest,Customer_52,Customer_20,0,12,"[0, 52, 63, 30, 12]","[0, 402, 305, 149]",15.719280208608847,0.285805094701979,0
3002,1015,1,detour_2,Customer_52,Customer_20,0,12,"[0, 52, 63, 60, 12]","[0, 402, 445, 151]",15.964393964710888,0.2902617084492889,0
3003,1015,2,detour_3,Customer_52,Customer_20,0,12,"[0, 52, 79, 39, 12]","[0, 404, 363, 147]",15.999706244975327,0.2909037499086423,0
3004,1016,0,shortest,Customer_52,Customer_26,0,12,"[0, 52, 63, 30, 12]","[0, 402, 305, 149]",15.719280208608847,0.285805094701979,0
3005,1016,1,detour_2,Customer_52,Customer_26,0,12,"[0, 52, 63, 60, 12]","[0, 402, 445, 151]",15.964393964710888,0.2902617084492889,0
3006,1016,2,detour_3,Customer_52,Customer_26,0,12,"[0, 52, 79, 39, 12]","[0, 404, 363, 147]",15.999706244975327,0.2909037499086423,0
3007,1017,0,shortest,Customer_52,Customer_10,0,29,"[0, 52, 79, 39, 29]","[0, 404, 363, 293]",16.31805060979665,0.29669182926903,0
3008,1017,1,detour_2,Customer_52,Customer_10,0,29,"[0, 24, 6, 39, 29]","[2, 79, 80, 293]",18.402672808597465,0.33459405106540846,0
3009,1017,2,detour_3,Customer_52,Customer_10,0,29,"[0, 24, 6, 79, 39, 29]","[2, 79, 76, 363, 293]",19.037415256523424,0.3461348228458805,0
3010,1018,0,shortest,Customer_52,Customer_16,0,18,"[0, 41, 22, 69, 18]","[6, 243, 238, 215]",19.586792414829286,0.3561234984514416,1
3011,1018,1,detour_2,Customer_52,Customer_16,0,18,"[0, 52, 63, 53, 48, 18]","[0, 402, 409, 389, 213]",19.60472895262136,0.3564496173203884,1
3012,1018,2,detour_3,Customer_52,Customer_16,0,18,"[0, 41, 5, 69, 18]","[6, 69, 54, 215]",19.81666448486126,0.3603029906338411,1
3013,1019,0,shortest,Customer_53,Customer_37,15,75,"[15, 75]",[176],3.26956935931906,0.05944671562398291,0
3014,1019,1,detour_2,Customer_53,Customer_37,15,75,"[15, 73, 75]","[180, 462]",7.800456420625343,0.14182648037500623,0
3015,1019,2,detour_3,Customer_53,Customer_37,15,75,"[15, 25, 75]","[178, 260]",12.214742629895738,0.22208622963446795,0
3016,1020,0,shortest,Customer_53,Customer_54,15,75,"[15, 75]",[176],3.26956935931906,0.05944671562398291,0
3017,1020,1,detour_2,Customer_53,Customer_54,15,75,"[15, 73, 75]","[180, 462]",7.800456420625343,0.14182648037500623,0
3018,1020,2,detour_3,Customer_53,Customer_54,15,75,"[15, 25, 75]","[178, 260]",12.214742629895738,0.22208622963446795,0
3019,1021,0,shortest,Customer_53,Customer_35,15,73,"[15, 73]",[180],4.293751357646036,0.0780682065026552,0
3020,1021,1,detour_2,Customer_53,Customer_35,15,73,"[15, 75, 73]","[176, 463]",6.776274422298368,0.12320498949633396,0
3021,1021,2,detour_3,Customer_53,Customer_35,15,73,"[15, 25, 75, 73]","[178, 260, 463]",15.721447692875046,0.285844503506819,0
3022,1022,0,shortest,Customer_53,Customer_58,15,73,"[15, 73]",[180],4.293751357646036,0.0780682065026552,0
3023,1022,1,detour_2,Customer_53,Customer_58,15,73,"[15, 75, 73]","[176, 463]",6.776274422298368,0.12320498949633396,0
3024,1022,2,detour_3,Customer_53,Customer_58,15,73,"[15, 25, 75, 73]","[178, 260, 463]",15.721447692875046,0.285844503506819,0
3025,1023,0,shortest,Customer_53,Customer_28,15,38,"[15, 73, 38]","[180, 357]",9.071345035442032,0.16493354609894603,0
3026,1023,1,detour_2,Customer_53,Customer_28,15,38,"[15, 75, 73, 38]","[176, 463, 357]",11.553868100094363,0.2100703290926248,0
3027,1023,2,detour_3,Customer_53,Customer_28,15,38,"[15, 73, 67, 38]","[180, 455, 353]",12.171431834785505,0.22129876063246373,0
3028,1024,0,shortest,Customer_53,Customer_12,15,67,"[15, 73, 67]","[180, 455]",8.953033249807277,0.16278242272376867,0
3029,1024,1,detour_2,Customer_53,Customer_12,15,67,"[15, 75, 67]","[176, 457]",11.326504390943542,0.20593644347170076,0
3030,1024,2,detour_3,Customer_53,Customer_12,15,67,"[15, 75, 73, 67]","[176, 463, 455]",11.435556314459609,0.20791920571744743,0
3031,1025,0,shortest,Customer_53,Customer_47,15,43,"[15, 73, 67, 43]","[180, 455, 375]",10.164530193932496,0.19306984632689916,0
3032,1025,1,detour_2,Customer_53,Customer_47,15,43,"[15, 73, 38, 43]","[180, 357, 350]",11.58585419489726,0.21065189445267746,0
3033,1025,2,detour_3,Customer_53,Customer_47,15,43,"[15, 75, 67, 43]","[176, 457, 375]",12.538001335068762,0.23622386707483126,0
3034,1026,0,shortest,Customer_53,Customer_11,15,10,"[15, 73, 38, 10]","[180, 357, 129]",13.031349360216083,0.2369336247312015,0
3035,1026,1,detour_2,Customer_53,Customer_11,15,10,"[15, 73, 67, 10]","[180, 455, 133]",13.210146592103003,0.24018448349278188,0
3036,1026,2,detour_3,Customer_53,Customer_11,15,10,"[15, 73, 67, 43, 10]","[180, 455, 375, 131]",13.283592725264295,0.2497800741692955,0
3037,1027,0,shortest,Customer_53,Customer_44,15,46,"[15, 73, 67, 33, 46]","[180, 455, 323, 324]",14.118159239277178,0.2670367144113045,0
3038,1027,1,detour_2,Customer_53,Customer_44,15,46,"[15, 73, 67, 43, 46]","[180, 455, 375, 376]",14.58238004703205,0.27339438911052744,0
3039,1027,2,detour_3,Customer_53,Customer_44,15,46,"[15, 73, 67, 43, 33, 46]","[180, 455, 375, 321, 324]",14.926913251621604,0.2900015392547842,0
3040,1028,0,shortest,Customer_53,Customer_32,15,36,"[15, 35, 36]","[174, 334]",14.545900633773162,0.26447092061405747,0
3041,1028,1,detour_2,Customer_53,Customer_32,15,36,"[15, 70, 36]","[182, 339]",15.599008755965723,0.28361834101755856,0
3042,1028,2,detour_3,Customer_53,Customer_32,15,36,"[15, 25, 35, 36]","[178, 256, 334]",15.939731521270211,0.30436024828903674,0
3043,1029,0,shortest,Customer_53,Customer_15,15,74,"[15, 73, 38, 32, 55, 74]","[180, 357, 313, 316, 414]",19.31501793636998,0.3610761064573644,2
3044,1029,1,avoid_congestion,Customer_53,Customer_15,15,74,"[15, 73, 38, 10, 50, 74]","[180, 357, 129, 120, 396]",20.051897178871776,0.3645799487067596,1
3045,1029,2,detour_3,Customer_53,Customer_15,15,74,"[15, 73, 67, 10, 50, 74]","[180, 455, 133, 120, 396]",20.230694410758698,0.36783080746833996,1
3046,1030,0,shortest,Customer_53,Customer_48,15,27,"[15, 25, 49, 28, 27]","[178, 254, 291, 273]",19.170560685373076,0.348555648824965,0
3047,1030,1,detour_2,Customer_53,Customer_48,15,27,"[15, 35, 49, 28, 27]","[174, 332, 291, 273]",20.929222506894693,0.38053131830717624,0
3048,1030,2,detour_3,Customer_53,Customer_48,15,27,"[15, 73, 38, 32, 28, 27]","[180, 357, 313, 289, 273]",22.125639263133046,0.4022843502387826,0
3049,1031,0,same_node,Customer_54,Customer_37,75,75,[75],[],0.0,0.0,0
3050,1032,0,shortest,Customer_54,Customer_53,75,15,"[75, 15]",[177],3.26956935931906,0.05944671562398291,0
3051,1032,1,detour_2,Customer_54,Customer_53,75,15,"[75, 73, 15]","[463, 181]",7.800456420625343,0.14182648037500623,0
3052,1032,2,detour_3,Customer_54,Customer_53,75,15,"[75, 25, 15]","[261, 179]",12.214742629895738,0.22208622963446795,0
3053,1033,0,shortest,Customer_54,Customer_35,75,73,"[75, 73]",[463],3.5067050629793077,0.06375827387235104,0
3054,1033,1,detour_2,Customer_54,Customer_35,75,73,"[75, 15, 73]","[177, 180]",7.563320716965096,0.1375149221266381,0
3055,1033,2,detour_3,Customer_54,Customer_35,75,73,"[75, 67, 73]","[457, 454]",12.716216923785723,0.23120394406883132,0
3056,1034,0,shortest,Customer_54,Customer_58,75,73,"[75, 73]",[463],3.5067050629793077,0.06375827387235104,0
3057,1034,1,detour_2,Customer_54,Customer_58,75,73,"[75, 15, 73]","[177, 180]",7.563320716965096,0.1375149221266381,0
3058,1034,2,detour_3,Customer_54,Customer_58,75,73,"[75, 67, 73]","[457, 454]",12.716216923785723,0.23120394406883132,0
3059,1035,0,shortest,Customer_54,Customer_12,75,67,"[75, 67]",[457],8.056935031624482,0.14648972784771785,0
3060,1035,1,detour_2,Customer_54,Customer_12,75,67,"[75, 73, 67]","[463, 455]",8.165986955140548,0.14847249009346453,0
3061,1035,2,detour_3,Customer_54,Customer_12,75,67,"[75, 73, 38, 67]","[463, 357, 352]",11.502697325753532,0.20913995137733693,0
3062,1036,0,shortest,Customer_54,Customer_28,75,38,"[75, 73, 38]","[463, 357]",8.284298740775304,0.1506236134686419,0
3063,1036,1,detour_2,Customer_54,Customer_28,75,38,"[75, 67, 38]","[457, 353]",11.27533361660271,0.2050060657564129,0
3064,1036,2,detour_3,Customer_54,Customer_28,75,38,"[75, 73, 67, 38]","[463, 455, 353]",11.384385540118776,0.20698882800215956,0
3065,1037,0,shortest,Customer_54,Customer_47,75,43,"[75, 67, 43]","[457, 375]",9.268431975749701,0.17677715145084835,0
3066,1037,1,detour_2,Customer_54,Customer_47,75,43,"[75, 73, 67, 43]","[463, 455, 375]",9.377483899265767,0.17875991369659502,0
3067,1037,2,detour_3,Customer_54,Customer_47,75,43,"[75, 73, 38, 43]","[463, 357, 350]",10.798807900230532,0.1963419618223733,0
3068,1038,0,shortest,Customer_54,Customer_11,75,10,"[75, 73, 38, 10]","[463, 357, 129]",12.244303065549353,0.22262369210089733,0
3069,1038,1,detour_2,Customer_54,Customer_11,75,10,"[75, 67, 10]","[457, 133]",12.314048373920208,0.22389178861673106,0
3070,1038,2,detour_3,Customer_54,Customer_11,75,10,"[75, 73, 67, 10]","[463, 455, 133]",12.423100297436275,0.22587455086247774,0
3071,1039,0,shortest,Customer_54,Customer_44,75,46,"[75, 67, 33, 46]","[457, 323, 324]",13.222061021094381,0.25074401953525366,0
3072,1039,1,detour_2,Customer_54,Customer_44,75,46,"[75, 73, 67, 33, 46]","[463, 455, 323, 324]",13.331112944610448,0.25272678178100033,0
3073,1039,2,detour_3,Customer_54,Customer_44,75,46,"[75, 67, 43, 46]","[457, 375, 376]",13.686281828849257,0.2571016942344766,0
3074,1040,0,shortest,Customer_54,Customer_15,75,74,"[75, 73, 38, 32, 55, 74]","[463, 357, 313, 316, 414]",18.52797164170325,0.34676617382706026,2
3075,1040,1,avoid_congestion,Customer_54,Customer_15,75,74,"[75, 73, 38, 10, 50, 74]","[463, 357, 129, 120, 396]",19.264850884205046,0.3502700160764554,1
3076,1040,2,detour_3,Customer_54,Customer_15,75,74,"[75, 67, 10, 50, 74]","[457, 133, 120, 396]",19.3345961925759,0.3515381125922891,1
3077,1041,0,shortest,Customer_54,Customer_32,75,36,"[75, 15, 35, 36]","[177, 174, 334]",17.815469993092222,0.3239176362380404,0
3078,1041,1,detour_2,Customer_54,Customer_32,75,36,"[75, 15, 70, 36]","[177, 182, 339]",18.868578115284784,0.3430650566415415,0
3079,1041,2,detour_3,Customer_54,Customer_32,75,36,"[75, 25, 35, 36]","[261, 256, 334]",19.015032177035508,0.36027480566658765,0
3080,1042,0,shortest,Customer_54,Customer_25,75,34,"[75, 67, 33, 14, 34]","[457, 323, 173, 168]",18.417438668898853,0.348788944971033,0
3081,1042,1,detour_2,Customer_54,Customer_25,75,34,"[75, 73, 67, 33, 14, 34]","[463, 455, 323, 173, 168]",18.526490592414916,0.3507717072167797,0
3082,1042,2,detour_3,Customer_54,Customer_25,75,34,"[75, 67, 33, 46, 14, 34]","[457, 323, 324, 171, 168]",18.60373899405007,0.36251913367095645,0
3083,1043,0,same_node,Customer_55,Customer_6,56,56,[56],[],0.0,0.0,0
3084,1044,0,same_node,Customer_55,Customer_42,56,56,[56],[],0.0,0.0,0
3085,1045,0,shortest,Customer_55,Customer_7,56,78,"[56, 78]",[420],6.963892800465737,0.12661623273574066,0
3086,1045,1,detour_2,Customer_55,Customer_7,56,78,"[56, 62, 78]","[422, 450]",9.899063662589139,0.1799829756834389,0
3087,1045,2,detour_3,Customer_55,Customer_7,56,78,"[56, 40, 61, 78]","[367, 364, 448]",20.14899215919651,0.36634531198539105,0
3088,1046,0,shortest,Customer_55,Customer_38,56,78,"[56, 78]",[420],6.963892800465737,0.12661623273574066,0
3089,1046,1,detour_2,Customer_55,Customer_38,56,78,"[56, 62, 78]","[422, 450]",9.899063662589139,0.1799829756834389,0
3090,1046,2,detour_3,Customer_55,Customer_38,56,78,"[56, 40, 61, 78]","[367, 364, 448]",20.14899215919651,0.36634531198539105,0
3091,1047,0,shortest,Customer_55,Customer_17,56,40,"[56, 40]",[367],8.515575519626273,0.15482864581138678,0
3092,1047,1,detour_2,Customer_55,Customer_17,56,40,"[56, 37, 40]","[345, 346]",14.353064152835925,0.26096480277883505,0
3093,1047,2,detour_3,Customer_55,Customer_17,56,40,"[56, 78, 61, 40]","[420, 449, 365]",18.59730944003597,0.33813289890974496,0
3094,1048,0,shortest,Customer_55,Customer_31,56,40,"[56, 40]",[367],8.515575519626273,0.15482864581138678,0
3095,1048,1,detour_2,Customer_55,Customer_31,56,40,"[56, 37, 40]","[345, 346]",14.353064152835925,0.26096480277883505,0
3096,1048,2,detour_3,Customer_55,Customer_31,56,40,"[56, 78, 61, 40]","[420, 449, 365]",18.59730944003597,0.33813289890974496,0
3097,1049,0,shortest,Customer_55,Customer_13,56,61,"[56, 40, 61]","[367, 364]",13.510798887227445,0.2456508888586808,0
3098,1049,1,detour_2,Customer_55,Customer_13,56,61,"[56, 78, 61]","[420, 449]",13.602086072434801,0.2473106558624509,0
3099,1049,2,detour_3,Customer_55,Customer_13,56,61,"[56, 40, 1, 61]","[367, 19, 10]",15.504935567393796,0.2819079194071599,0
3100,1050,0,shortest,Customer_55,Customer_60,56,61,"[56, 40, 61]","[367, 364]",13.510798887227445,0.2456508888586808,0
3101,1050,1,detour_2,Customer_55,Customer_60,56,61,"[56, 78, 61]","[420, 449]",13.602086072434801,0.2473106558624509,0
3102,1050,2,detour_3,Customer_55,Customer_60,56,61,"[56, 40, 1, 61]","[367, 19, 10]",15.504935567393796,0.2819079194071599,0
3103,1051,0,shortest,Customer_55,Customer_19,56,57,"[56, 78, 57]","[420, 435]",12.741397738502883,0.23166177706368873,0
3104,1051,1,detour_2,Customer_55,Customer_19,56,57,"[56, 78, 16, 57]","[420, 191, 184]",12.741511284182538,0.23334028643242674,0
3105,1051,2,detour_3,Customer_55,Customer_19,56,57,"[56, 62, 57]","[422, 433]",15.673621429235677,0.2849749350770123,0
3106,1052,0,shortest,Customer_55,Customer_39,56,66,"[56, 78, 16, 66]","[420, 191, 186]",14.423898487201383,0.2753999665078979,0
3107,1052,1,detour_2,Customer_55,Customer_39,56,66,"[56, 78, 57, 66]","[420, 435, 430]",14.503689064432063,0.2757190602119182,0
3108,1052,2,detour_3,Customer_55,Customer_39,56,66,"[56, 78, 16, 57, 66]","[420, 191, 184, 430]",14.503802610111718,0.2773975695806562,0
3109,1053,0,shortest,Customer_55,Customer_49,56,66,"[56, 78, 16, 66]","[420, 191, 186]",14.423898487201383,0.2753999665078979,0
3110,1053,1,detour_2,Customer_55,Customer_49,56,66,"[56, 78, 57, 66]","[420, 435, 430]",14.503689064432063,0.2757190602119182,0
3111,1053,2,detour_3,Customer_55,Customer_49,56,66,"[56, 78, 16, 57, 66]","[420, 191, 184, 430]",14.503802610111718,0.2773975695806562,0
3112,1054,0,shortest,Customer_55,Customer_22,56,65,"[56, 40, 9, 65]","[367, 117, 114]",16.39385159043604,0.2980700289170189,0
3113,1054,1,detour_2,Customer_55,Customer_22,56,65,"[56, 40, 1, 9, 65]","[367, 19, 16, 114]",16.441029395363056,0.3087503918410477,0
3114,1054,2,detour_3,Customer_55,Customer_22,56,65,"[56, 40, 26, 65]","[367, 269, 264]",16.447775057023136,0.31318596484192673,0
3115,1055,0,shortest,Customer_55,Customer_3,56,77,"[56, 78, 57, 77]","[420, 435, 426]",18.368941075015936,0.3339807468184715,0
3116,1055,1,detour_2,Customer_55,Customer_3,56,77,"[56, 78, 16, 57, 77]","[420, 191, 184, 426]",18.369054620695593,0.33565925618720954,0
3117,1055,2,detour_3,Customer_55,Customer_3,56,77,"[56, 62, 57, 77]","[422, 433, 426]",21.30116476574873,0.3872939048317951,0
3118,1056,0,shortest,Customer_55,Customer_33,56,77,"[56, 78, 57, 77]","[420, 435, 426]",18.368941075015936,0.3339807468184715,0
3119,1056,1,detour_2,Customer_55,Customer_33,56,77,"[56, 78, 16, 57, 77]","[420, 191, 184, 426]",18.369054620695593,0.33565925618720954,0
3120,1056,2,detour_3,Customer_55,Customer_33,56,77,"[56, 62, 57, 77]","[422, 433, 426]",21.30116476574873,0.3872939048317951,0
3121,1057,0,shortest,Customer_55,Customer_40,56,77,"[56, 78, 57, 77]","[420, 435, 426]",18.368941075015936,0.3339807468184715,0
3122,1057,1,detour_2,Customer_55,Customer_40,56,77,"[56, 78, 16, 57, 77]","[420, 191, 184, 426]",18.369054620695593,0.33565925618720954,0
3123,1057,2,detour_3,Customer_55,Customer_40,56,77,"[56, 62, 57, 77]","[422, 433, 426]",21.30116476574873,0.3872939048317951,0
3124,1058,0,shortest,Customer_55,Customer_24,56,47,"[56, 40, 9, 47]","[367, 117, 112]",16.322617072813696,0.29677485586933994,0
3125,1058,1,detour_2,Customer_55,Customer_24,56,47,"[56, 40, 1, 47]","[367, 19, 14]",16.344705102516237,0.29717645640938617,0
3126,1058,2,detour_3,Customer_55,Customer_24,56,47,"[56, 40, 1, 9, 47]","[367, 19, 16, 112]",16.36979487774071,0.3074552187933687,0
3127,1059,0,shortest,Customer_55,Customer_25,56,34,"[56, 40, 9, 34]","[367, 117, 110]",17.142197208845626,0.31167631288810227,0
3128,1059,1,detour_2,Customer_55,Customer_25,56,34,"[56, 40, 26, 34]","[367, 269, 266]",17.16170302881037,0.31203096416018855,0
3129,1059,2,detour_3,Customer_55,Customer_25,56,34,"[56, 40, 1, 26, 34]","[367, 19, 12, 266]",17.241743821235982,0.3134862512951997,0
3130,1060,0,shortest,Customer_55,Customer_5,56,19,"[56, 78, 57, 77, 19]","[420, 435, 426, 221]",21.858002261452764,0.3974182229355047,0
3131,1060,1,detour_2,Customer_55,Customer_5,56,19,"[56, 78, 16, 57, 77, 19]","[420, 191, 184, 426, 221]",21.85811580713242,0.39909673230424275,0
3132,1060,2,detour_3,Customer_55,Customer_5,56,19,"[56, 62, 57, 77, 19]","[422, 433, 426, 221]",24.79022595218556,0.4507313809488283,0
3133,1061,0,shortest,Customer_55,Customer_34,56,19,"[56, 78, 57, 77, 19]","[420, 435, 426, 221]",21.858002261452764,0.3974182229355047,0
3134,1061,1,detour_2,Customer_55,Customer_34,56,19,"[56, 78, 16, 57, 77, 19]","[420, 191, 184, 426, 221]",21.85811580713242,0.39909673230424275,0
3135,1061,2,detour_3,Customer_55,Customer_34,56,19,"[56, 62, 57, 77, 19]","[422, 433, 426, 221]",24.79022595218556,0.4507313809488283,0
3136,1062,0,shortest,Customer_55,Customer_20,56,12,"[56, 78, 57, 77, 12]","[420, 435, 426, 145]",21.373943528871624,0.38861715507039307,0
3137,1062,1,detour_2,Customer_55,Customer_20,56,12,"[56, 78, 16, 57, 77, 12]","[420, 191, 184, 426, 145]",21.37405707455128,0.3902956644391311,0
3138,1062,2,detour_3,Customer_55,Customer_20,56,12,"[56, 78, 57, 77, 64, 12]","[420, 435, 426, 453, 141]",22.477498862192785,0.41502948455750766,0
3139,1063,0,same_node,Customer_56,Customer_36,68,68,[68],[],0.0,0.0,0
3140,1064,0,same_node,Customer_56,Customer_45,68,68,[68],[],0.0,0.0,0
3141,1065,0,shortest,Customer_56,Customer_48,68,27,"[68, 27]",[277],4.823269155390392,0.08769580282527985,0
3142,1065,1,detour_2,Customer_56,Customer_48,68,27,"[68, 11, 27]","[135, 138]",9.438233096782959,0.17160423812332654,0
3143,1065,2,detour_3,Customer_56,Customer_48,68,27,"[68, 22, 69, 27]","[245, 238, 275]",14.493138911504897,0.26351161657281635,0
3144,1066,0,shortest,Customer_56,Customer_46,68,5,"[68, 5]",[63],5.227300133398324,0.09504182060724226,0
3145,1066,1,detour_2,Customer_56,Customer_46,68,5,"[68, 22, 5]","[245, 57]",5.863460695202883,0.10961830224941224,0
3146,1066,2,detour_3,Customer_56,Customer_46,68,5,"[68, 11, 5]","[135, 65]",10.444586473186313,0.18990157223975115,0
3147,1067,0,shortest,Customer_56,Customer_2,68,44,"[68, 22, 44]","[245, 240]",8.932252947063873,0.16240459903752497,0
3148,1067,1,detour_2,Customer_56,Customer_2,68,44,"[68, 22, 7, 44]","[245, 87, 82]",8.973104275886481,0.16586713097961855,0
3149,1067,2,detour_3,Customer_56,Customer_2,68,44,"[68, 5, 44]","[63, 58]",9.137301976331802,0.16613276320603276,0
3150,1068,0,shortest,Customer_56,Customer_4,68,44,"[68, 22, 44]","[245, 240]",8.932252947063873,0.16240459903752497,0
3151,1068,1,detour_2,Customer_56,Customer_4,68,44,"[68, 22, 7, 44]","[245, 87, 82]",8.973104275886481,0.16586713097961855,0
3152,1068,2,detour_3,Customer_56,Customer_4,68,44,"[68, 5, 44]","[63, 58]",9.137301976331802,0.16613276320603276,0
3153,1069,0,shortest,Customer_56,Customer_27,68,44,"[68, 22, 44]","[245, 240]",8.932252947063873,0.16240459903752497,0
3154,1069,1,detour_2,Customer_56,Customer_27,68,44,"[68, 22, 7, 44]","[245, 87, 82]",8.973104275886481,0.16586713097961855,0
3155,1069,2,detour_3,Customer_56,Customer_27,68,44,"[68, 5, 44]","[63, 58]",9.137301976331802,0.16613276320603276,0
3156,1070,0,shortest,Customer_56,Customer_16,68,18,"[68, 27, 69, 18]","[277, 274, 215]",12.663224768012217,0.23024045032749485,1
3157,1070,1,detour_2,Customer_56,Customer_16,68,18,"[68, 27, 69, 31, 18]","[277, 274, 311, 207]",12.837096441402489,0.2346643008404454,2
3158,1070,2,detour_3,Customer_56,Customer_16,68,18,"[68, 22, 69, 18]","[245, 238, 215]",13.570242702350356,0.2467316854972792,1
3159,1071,0,shortest,Customer_56,Customer_30,68,31,"[68, 27, 69, 31]","[277, 274, 311]",12.651922828543805,0.23003496051897832,1
3160,1071,1,detour_2,Customer_56,Customer_30,68,31,"[68, 27, 69, 18, 31]","[277, 274, 215, 206]",12.8483983808709,0.23486979064896193,2
3161,1071,2,detour_3,Customer_56,Customer_30,68,31,"[68, 22, 69, 31]","[245, 238, 311]",13.558940762881944,0.24652619568876266,1
3162,1072,0,shortest,Customer_56,Customer_15,68,74,"[68, 27, 74]","[277, 278]",11.226880772883106,0.20412510496151098,1
3163,1072,1,avoid_congestion,Customer_56,Customer_15,68,74,"[68, 27, 59, 74]","[277, 270, 438]",11.227552302623579,0.21574224358066943,1
3164,1072,2,detour_3,Customer_56,Customer_15,68,74,"[68, 27, 28, 74]","[277, 272, 284]",12.617066545948028,0.22940120992632776,1
3165,1073,0,shortest,Customer_56,Customer_57,68,17,"[68, 27, 74, 17]","[277, 278, 205]",14.104785317477619,0.2564506421359567,2
3166,1073,1,avoid_congestion,Customer_56,Customer_57,68,17,"[68, 27, 59, 74, 17]","[277, 270, 438, 205]",14.105456847218091,0.2680677807551151,2
3167,1073,2,detour_3,Customer_56,Customer_57,68,17,"[68, 27, 59, 8, 17]","[277, 270, 105, 96]",14.458642408804199,0.27398412409512257,2
3168,1074,0,shortest,Customer_56,Customer_8,68,13,"[68, 22, 7, 13]","[245, 87, 88]",12.875301530473159,0.23409639146314837,0
3169,1074,1,detour_2,Customer_56,Customer_8,68,13,"[68, 5, 7, 13]","[63, 60, 88]",13.071085050974997,0.23765609183590908,0
3170,1074,2,detour_3,Customer_56,Customer_8,68,13,"[68, 22, 44, 13]","[245, 240, 159]",13.127613891195985,0.23868388893083609,0
3171,1075,0,shortest,Customer_56,Customer_59,68,13,"[68, 22, 7, 13]","[245, 87, 88]",12.875301530473159,0.23409639146314837,0
3172,1075,1,detour_2,Customer_56,Customer_59,68,13,"[68, 5, 7, 13]","[63, 60, 88]",13.071085050974997,0.23765609183590908,0
3173,1075,2,detour_3,Customer_56,Customer_59,68,13,"[68, 22, 44, 13]","[245, 240, 159]",13.127613891195985,0.23868388893083609,0
3174,1076,0,shortest,Customer_56,Customer_50,68,42,"[68, 27, 59, 8, 42]","[277, 270, 105, 100]",15.758144418658734,0.28651171670288605,2
3175,1076,1,detour_2,Customer_56,Customer_50,68,42,"[68, 27, 69, 18, 42]","[277, 274, 215, 210]",16.024025846775572,0.29134592448682856,2
3176,1076,2,detour_3,Customer_56,Customer_50,68,42,"[68, 27, 69, 31, 18, 42]","[277, 274, 311, 207, 210]",16.197897520165842,0.2957697749997791,3
3177,1077,0,shortest,Customer_56,Customer_18,68,53,"[68, 22, 7, 45, 63, 53]","[245, 87, 84, 382, 409]",18.40282335953202,0.3345967883551277,0
3178,1077,1,detour_2,Customer_56,Customer_18,68,53,"[68, 22, 7, 13, 63, 53]","[245, 87, 88, 152, 409]",17.837137770703634,0.3372736733877815,0
3179,1077,2,detour_3,Customer_56,Customer_18,68,53,"[68, 5, 7, 45, 63, 53]","[63, 60, 84, 382, 409]",18.59860688003386,0.3381564887278884,0
3180,1078,0,shortest,Customer_56,Customer_41,68,53,"[68, 22, 7, 45, 63, 53]","[245, 87, 84, 382, 409]",18.40282335953202,0.3345967883551277,0
3181,1078,1,detour_2,Customer_56,Customer_41,68,53,"[68, 22, 7, 13, 63, 53]","[245, 87, 88, 152, 409]",17.837137770703634,0.3372736733877815,0
3182,1078,2,detour_3,Customer_56,Customer_41,68,53,"[68, 5, 7, 45, 63, 53]","[63, 60, 84, 382, 409]",18.59860688003386,0.3381564887278884,0
3183,1079,0,shortest,Customer_56,Customer_11,68,10,"[68, 27, 28, 32, 10]","[277, 272, 288, 119]",15.926616418941835,0.2895748439807606,0
3184,1079,1,detour_2,Customer_56,Customer_11,68,10,"[68, 27, 28, 32, 76, 10]","[277, 272, 288, 314, 123]",17.658330400302848,0.3296707618600819,0
3185,1079,2,detour_3,Customer_56,Customer_11,68,10,"[68, 27, 74, 50, 10]","[277, 278, 397, 121]",18.2474285915388,0.33177142893706907,2
3186,1080,0,shortest,Customer_56,Customer_52,68,0,"[68, 5, 41, 0]","[63, 68, 7]",16.606800123536676,0.3019418204279396,0
3187,1080,1,detour_2,Customer_56,Customer_52,68,0,"[68, 22, 41, 0]","[245, 242, 7]",16.86055948413915,0.3065556269843482,0
3188,1080,2,detour_3,Customer_56,Customer_52,68,0,"[68, 5, 22, 41, 0]","[63, 56, 242, 7]",17.10731054108014,0.31405193581081686,0
3189,1081,0,shortest,Customer_56,Customer_25,68,34,"[68, 27, 28, 32, 10, 46, 14, 34]","[277, 272, 288, 119, 124, 171, 168]",24.282079921903122,0.45541878593474705,0
3190,1081,1,detour_2,Customer_56,Customer_25,68,34,"[68, 27, 74, 50, 46, 14, 34]","[277, 278, 397, 385, 171, 168]",24.35293395781861,0.4567070411332104,2
3191,1081,2,detour_3,Customer_56,Customer_25,68,34,"[68, 27, 59, 55, 50, 46, 14, 34]","[277, 270, 419, 395, 385, 171, 168]",24.35546524915437,0.4567530646120424,2
3192,1082,0,shortest,Customer_56,Customer_28,68,38,"[68, 27, 28, 32, 38]","[277, 272, 288, 312]",17.877563383081405,0.32504660696511645,0
3193,1082,1,detour_2,Customer_56,Customer_28,68,38,"[68, 27, 28, 32, 76, 38]","[277, 272, 288, 314, 355]",18.254127896506755,0.34050344360924384,0
3194,1082,2,detour_3,Customer_56,Customer_28,68,38,"[68, 27, 28, 32, 10, 38]","[277, 272, 288, 119, 128]",19.886620743715884,0.36157492261301605,0
3195,1083,0,shortest,Customer_57,Customer_50,17,42,"[17, 42]",[194],2.389791926948522,0.05974479817371305,1
3196,1083,1,detour_2,Customer_57,Customer_50,17,42,"[17, 4, 42]","[51, 44]",2.5917166260658346,0.06479291565164587,2
3197,1083,2,detour_3,Customer_57,Customer_50,17,42,"[17, 8, 42]","[97, 100]",4.555418897468122,0.09392551479810307,2
3198,1084,0,shortest,Customer_57,Customer_15,17,74,"[17, 74]",[204],2.8779045445945126,0.052325537174445685,1
3199,1084,1,detour_2,Customer_57,Customer_15,17,74,"[17, 72, 74]","[196, 460]",3.6926769919834124,0.09231692479958531,2
3200,1084,2,detour_3,Customer_57,Customer_15,17,74,"[17, 4, 72, 74]","[51, 48, 460]",4.630053179698124,0.09572811959982097,3
3201,1085,0,shortest,Customer_57,Customer_30,17,31,"[17, 31]",[202],3.069966256036049,0.05581756829156452,1
3202,1085,1,detour_2,Customer_57,Customer_30,17,31,"[17, 18, 31]","[200, 206]",3.363444982893002,0.06241609250390924,2
3203,1085,2,detour_3,Customer_57,Customer_30,17,31,"[17, 8, 31]","[97, 92]",3.1997587407073924,0.07999396851768481,2
3204,1086,0,shortest,Customer_57,Customer_16,17,18,"[17, 18]",[200],3.178271370034319,0.05778675218244216,1
3205,1086,1,detour_2,Customer_57,Customer_16,17,18,"[17, 31, 18]","[202, 207]",3.255139868894732,0.0604469086130316,2
3206,1086,2,detour_3,Customer_57,Customer_16,17,18,"[17, 8, 18]","[97, 98]",3.3477643219823796,0.08369410804955948,2
3207,1087,0,shortest,Customer_57,Customer_25,17,34,"[17, 55, 50, 46, 14, 34]","[198, 395, 385, 171, 168]",14.265476920496623,0.2903271833509411,2
3208,1087,1,detour_2,Customer_57,Customer_25,17,34,"[17, 4, 55, 50, 46, 14, 34]","[51, 46, 395, 385, 171, 168]",15.103369335205509,0.291759656791256,3
3209,1087,2,detour_3,Customer_57,Customer_25,17,34,"[17, 74, 50, 46, 14, 34]","[204, 397, 385, 171, 168]",16.003957729530015,0.3049074733461451,2
3210,1088,0,shortest,Customer_57,Customer_24,17,47,"[17, 55, 50, 46, 14, 47]","[198, 395, 385, 171, 162]",14.482175867183862,0.29574465701812214,2
3211,1088,1,detour_2,Customer_57,Customer_24,17,47,"[17, 4, 55, 50, 46, 14, 47]","[51, 46, 395, 385, 171, 162]",15.320068281892748,0.297177130458437,3
3212,1088,2,detour_3,Customer_57,Customer_24,17,47,"[17, 74, 50, 46, 14, 47]","[204, 397, 385, 171, 162]",16.220656676217256,0.3103249470133261,2
3213,1089,0,shortest,Customer_57,Customer_22,17,65,"[17, 55, 50, 46, 14, 65]","[198, 395, 385, 171, 166]",15.966203829690503,0.30732306707250323,2
3214,1089,1,detour_2,Customer_57,Customer_22,17,65,"[17, 4, 55, 50, 46, 14, 65]","[51, 46, 395, 385, 171, 166]",16.80409624439939,0.3087555405128181,3
3215,1089,2,detour_3,Customer_57,Customer_22,17,65,"[17, 74, 50, 46, 14, 65]","[204, 397, 385, 171, 166]",17.704684638723897,0.32190335706770723,2
3216,1090,0,shortest,Customer_57,Customer_11,17,10,"[17, 55, 50, 10]","[198, 395, 121]",8.159971554216813,0.1653915711547998,2
3217,1090,1,detour_2,Customer_57,Customer_11,17,10,"[17, 4, 55, 50, 10]","[51, 46, 395, 121]",8.9978639689257,0.16682404459511468,3
3218,1090,2,detour_3,Customer_57,Customer_11,17,10,"[17, 74, 50, 10]","[204, 397, 121]",9.898452363250207,0.17997186115000374,2
3219,1091,0,shortest,Customer_57,Customer_44,17,46,"[17, 55, 50, 46]","[198, 395, 385]",8.883798947540932,0.17855206921523833,2
3220,1091,1,detour_2,Customer_57,Customer_44,17,46,"[17, 4, 55, 50, 46]","[51, 46, 395, 385]",9.721691362249818,0.17998454265555322,3
3221,1091,2,detour_3,Customer_57,Customer_44,17,46,"[17, 74, 50, 46]","[204, 397, 385]",10.622279756574326,0.1931323592104423,2
3222,1092,0,shortest,Customer_57,Customer_2,17,44,"[17, 31, 69, 22, 44]","[202, 310, 239, 240]",14.71715019432165,0.26758454898766637,2
3223,1092,1,detour_2,Customer_57,Customer_2,17,44,"[17, 18, 69, 22, 44]","[200, 214, 239, 240]",14.83675724778833,0.26975922268706054,2
3224,1092,2,detour_3,Customer_57,Customer_2,17,44,"[17, 31, 69, 22, 7, 44]","[202, 310, 239, 87, 82]",14.758001523144257,0.27104708092975993,2
3225,1093,0,shortest,Customer_57,Customer_4,17,44,"[17, 31, 69, 22, 44]","[202, 310, 239, 240]",14.71715019432165,0.26758454898766637,2
3226,1093,1,detour_2,Customer_57,Customer_4,17,44,"[17, 18, 69, 22, 44]","[200, 214, 239, 240]",14.83675724778833,0.26975922268706054,2
3227,1093,2,detour_3,Customer_57,Customer_4,17,44,"[17, 31, 69, 22, 7, 44]","[202, 310, 239, 87, 82]",14.758001523144257,0.27104708092975993,2
3228,1094,0,shortest,Customer_57,Customer_27,17,44,"[17, 31, 69, 22, 44]","[202, 310, 239, 240]",14.71715019432165,0.26758454898766637,2
3229,1094,1,detour_2,Customer_57,Customer_27,17,44,"[17, 18, 69, 22, 44]","[200, 214, 239, 240]",14.83675724778833,0.26975922268706054,2
3230,1094,2,detour_3,Customer_57,Customer_27,17,44,"[17, 31, 69, 22, 7, 44]","[202, 310, 239, 87, 82]",14.758001523144257,0.27104708092975993,2
3231,1095,0,shortest,Customer_57,Customer_18,17,53,"[17, 4, 48, 53]","[51, 52, 388]",8.990444795254287,0.16668915052836178,2
3232,1095,1,detour_2,Customer_57,Customer_18,17,53,"[17, 42, 48, 53]","[194, 372, 388]",8.788823876983024,0.1909029390997245,2
3233,1095,2,detour_3,Customer_57,Customer_18,17,53,"[17, 4, 42, 48, 53]","[51, 44, 372, 388]",8.990748576100337,0.19595105657765732,3
3234,1096,0,shortest,Customer_57,Customer_41,17,53,"[17, 4, 48, 53]","[51, 52, 388]",8.990444795254287,0.16668915052836178,2
3235,1096,1,detour_2,Customer_57,Customer_41,17,53,"[17, 42, 48, 53]","[194, 372, 388]",8.788823876983024,0.1909029390997245,2
3236,1096,2,detour_3,Customer_57,Customer_41,17,53,"[17, 4, 42, 48, 53]","[51, 44, 372, 388]",8.990748576100337,0.19595105657765732,3
3237,1097,0,shortest,Customer_57,Customer_48,17,27,"[17, 74, 27]","[204, 279]",9.281516162087225,0.16875483931067684,2
3238,1097,1,avoid_congestion,Customer_57,Customer_48,17,27,"[17, 74, 59, 27]","[204, 439, 271]",9.282187691827698,0.18037197792983528,2
3239,1097,2,detour_3,Customer_57,Customer_48,17,27,"[17, 8, 59, 27]","[97, 104, 271]",9.635373253413803,0.18628832126984274,2
3240,1098,0,shortest,Customer_57,Customer_46,17,5,"[17, 31, 69, 5]","[202, 310, 55]",11.495828811290547,0.20901506929619174,2
3241,1098,1,detour_2,Customer_57,Customer_46,17,5,"[17, 18, 69, 5]","[200, 214, 55]",11.615435864757227,0.21118974299558596,2
3242,1098,2,detour_3,Customer_57,Customer_46,17,5,"[17, 31, 18, 69, 5]","[202, 207, 214, 55]",11.692304363617641,0.21384989942617538,3
3243,1099,0,shortest,Customer_57,Customer_8,17,13,"[17, 4, 48, 53, 63, 13]","[51, 52, 388, 408, 153]",13.952281035484763,0.2698664324529949,2
3244,1099,1,detour_2,Customer_57,Customer_8,17,13,"[17, 42, 48, 53, 63, 13]","[194, 372, 388, 408, 153]",13.7506601172135,0.2940802210243577,2
3245,1099,2,detour_3,Customer_57,Customer_8,17,13,"[17, 4, 48, 3, 63, 13]","[51, 52, 37, 40, 153]",15.524710871171676,0.29845606582912065,3
3246,1100,0,shortest,Customer_57,Customer_59,17,13,"[17, 4, 48, 53, 63, 13]","[51, 52, 388, 408, 153]",13.952281035484763,0.2698664324529949,2
3247,1100,1,detour_2,Customer_57,Customer_59,17,13,"[17, 42, 48, 53, 63, 13]","[194, 372, 388, 408, 153]",13.7506601172135,0.2940802210243577,2
3248,1100,2,detour_3,Customer_57,Customer_59,17,13,"[17, 4, 48, 3, 63, 13]","[51, 52, 37, 40, 153]",15.524710871171676,0.29845606582912065,3
3249,1101,0,shortest,Customer_57,Customer_47,17,43,"[17, 55, 50, 10, 43]","[198, 395, 121, 130]",11.279034085548613,0.22210179899719615,2
3250,1101,1,detour_2,Customer_57,Customer_47,17,43,"[17, 4, 55, 50, 10, 43]","[51, 46, 395, 121, 130]",12.116926500257499,0.22353427243751103,3
3251,1101,2,detour_3,Customer_57,Customer_47,17,43,"[17, 74, 50, 10, 43]","[204, 397, 121, 130]",13.017514894582007,0.2366820889924001,2
3252,1102,0,shortest,Customer_57,Customer_39,17,66,"[17, 55, 50, 46, 14, 26, 1, 66]","[198, 395, 385, 171, 164, 13, 22]",23.03076371463333,0.4357696104351002,2
3253,1102,1,detour_2,Customer_57,Customer_39,17,66,"[17, 4, 55, 50, 46, 14, 26, 1, 66]","[51, 46, 395, 385, 171, 164, 13, 22]",23.868656129342217,0.43720208387541504,3
3254,1102,2,detour_3,Customer_57,Customer_39,17,66,"[17, 74, 50, 46, 14, 26, 1, 66]","[204, 397, 385, 171, 164, 13, 22]",24.769244523666725,0.4503499004303041,2
3255,1103,0,same_node,Customer_58,Customer_35,73,73,[73],[],0.0,0.0,0
3256,1104,0,shortest,Customer_58,Customer_37,73,75,"[73, 75]",[462],3.5067050629793077,0.06375827387235104,0
3257,1104,1,detour_2,Customer_58,Customer_37,73,75,"[73, 15, 75]","[181, 176]",7.563320716965096,0.1375149221266381,0
3258,1104,2,detour_3,Customer_58,Customer_37,73,75,"[73, 67, 75]","[455, 456]",12.716216923785723,0.23120394406883132,0
3259,1105,0,shortest,Customer_58,Customer_54,73,75,"[73, 75]",[462],3.5067050629793077,0.06375827387235104,0
3260,1105,1,detour_2,Customer_58,Customer_54,73,75,"[73, 15, 75]","[181, 176]",7.563320716965096,0.1375149221266381,0
3261,1105,2,detour_3,Customer_58,Customer_54,73,75,"[73, 67, 75]","[455, 456]",12.716216923785723,0.23120394406883132,0
3262,1106,0,shortest,Customer_58,Customer_53,73,15,"[73, 15]",[181],4.293751357646036,0.0780682065026552,0
3263,1106,1,detour_2,Customer_58,Customer_53,73,15,"[73, 75, 15]","[462, 177]",6.776274422298368,0.12320498949633396,0
3264,1106,2,detour_3,Customer_58,Customer_53,73,15,"[73, 75, 25, 15]","[462, 261, 179]",15.721447692875046,0.285844503506819,0
3265,1107,0,shortest,Customer_58,Customer_12,73,67,"[73, 67]",[455],4.659281892161241,0.08471421622111347,0
3266,1107,1,detour_2,Customer_58,Customer_12,73,67,"[73, 38, 67]","[357, 352]",7.995992262774223,0.14538167750498587,0
3267,1107,2,detour_3,Customer_58,Customer_12,73,67,"[73, 38, 43, 67]","[357, 350, 374]",8.503599781376442,0.16287111155315273,0
3268,1108,0,shortest,Customer_58,Customer_28,73,38,"[73, 38]",[357],4.777593677795996,0.08686533959629084,0
3269,1108,1,detour_2,Customer_58,Customer_28,73,38,"[73, 67, 38]","[455, 353]",7.877680477139469,0.1432305541298085,0
3270,1108,2,detour_3,Customer_58,Customer_28,73,38,"[73, 67, 43, 38]","[455, 375, 351]",8.385287995741688,0.1607199881779754,0
3271,1109,0,shortest,Customer_58,Customer_47,73,43,"[73, 67, 43]","[455, 375]",5.87077883628646,0.11500163982424397,0
3272,1109,1,detour_2,Customer_58,Customer_47,73,43,"[73, 38, 43]","[357, 350]",7.292102837251223,0.13258368795002223,0
3273,1109,2,detour_3,Customer_58,Customer_47,73,43,"[73, 38, 67, 43]","[357, 352, 375]",9.207489206899442,0.17566910110811637,0
3274,1110,0,shortest,Customer_58,Customer_11,73,10,"[73, 38, 10]","[357, 129]",8.737598002570046,0.15886541822854627,0
3275,1110,1,detour_2,Customer_58,Customer_11,73,10,"[73, 67, 10]","[455, 133]",8.916395234456967,0.16211627699012668,0
3276,1110,2,detour_3,Customer_58,Customer_11,73,10,"[73, 67, 43, 10]","[455, 375, 131]",8.98984136761826,0.17171186766664032,0
3277,1111,0,shortest,Customer_58,Customer_44,73,46,"[73, 67, 33, 46]","[455, 323, 324]",9.82440788163114,0.18896850790864927,0
3278,1111,1,detour_2,Customer_58,Customer_44,73,46,"[73, 67, 43, 46]","[455, 375, 376]",10.288628689386016,0.19532618260787224,0
3279,1111,2,detour_3,Customer_58,Customer_44,73,46,"[73, 67, 43, 33, 46]","[455, 375, 321, 324]",10.633161893975569,0.21193333275212903,0
3280,1112,0,shortest,Customer_58,Customer_15,73,74,"[73, 38, 32, 55, 74]","[357, 313, 316, 414]",15.02126657872394,0.2830078999547092,2
3281,1112,1,avoid_congestion,Customer_58,Customer_15,73,74,"[73, 38, 10, 50, 74]","[357, 129, 120, 396]",15.758145821225739,0.28651174220410436,1
3282,1112,2,detour_3,Customer_58,Customer_15,73,74,"[73, 67, 10, 50, 74]","[455, 133, 120, 396]",15.93694305311266,0.28976260096568474,1
3283,1113,0,shortest,Customer_58,Customer_25,73,34,"[73, 67, 33, 14, 34]","[455, 323, 173, 168]",15.019785529435612,0.28701343334442864,0
3284,1113,1,detour_2,Customer_58,Customer_25,73,34,"[73, 67, 33, 46, 14, 34]","[455, 323, 324, 171, 168]",15.20608585458683,0.30074362204435207,0
3285,1113,2,detour_3,Customer_58,Customer_25,73,34,"[73, 67, 43, 46, 14, 34]","[455, 375, 376, 171, 168]",15.670306662341707,0.30710129674357506,0
3286,1114,0,shortest,Customer_58,Customer_24,73,47,"[73, 67, 33, 14, 47]","[455, 323, 173, 162]",15.236484476122852,0.2924309070116096,0
3287,1114,1,detour_2,Customer_58,Customer_24,73,47,"[73, 67, 33, 46, 14, 47]","[455, 323, 324, 171, 162]",15.42278480127407,0.30616109571153305,0
3288,1114,2,detour_3,Customer_58,Customer_24,73,47,"[73, 67, 33, 14, 34, 47]","[455, 323, 173, 168, 328]",15.891728153995679,0.3088119989584303,1
3289,1115,0,shortest,Customer_58,Customer_57,73,17,"[73, 38, 32, 55, 17]","[357, 313, 316, 199]",16.06765842008957,0.3091676959888499,2
3290,1115,1,avoid_congestion,Customer_58,Customer_57,73,17,"[73, 38, 10, 50, 55, 17]","[357, 129, 120, 394, 199]",16.89756955678686,0.3242569893833461,2
3291,1115,2,detour_2,Customer_58,Customer_57,73,17,"[73, 38, 32, 55, 4, 17]","[357, 313, 316, 47, 50]",16.905550834798454,0.3106001694291648,3
3292,1116,0,shortest,Customer_58,Customer_48,73,27,"[73, 38, 32, 28, 27]","[357, 313, 289, 273]",17.831887905487008,0.32421614373612745,0
3293,1116,1,detour_2,Customer_58,Customer_48,73,27,"[73, 38, 76, 32, 28, 27]","[357, 354, 315, 289, 273]",18.208452418912362,0.3396729803802549,0
3294,1116,2,detour_3,Customer_58,Customer_48,73,27,"[73, 38, 10, 32, 28, 27]","[357, 129, 118, 289, 273]",19.84094526612149,0.36074445938402705,0
3295,1117,0,shortest,Customer_58,Customer_22,73,65,"[73, 67, 33, 14, 65]","[455, 323, 173, 166]",16.72051243862949,0.30400931706599077,0
3296,1117,1,detour_2,Customer_58,Customer_22,73,65,"[73, 67, 33, 46, 14, 65]","[455, 323, 324, 171, 166]",16.90681276378071,0.31773950576591414,0
3297,1117,2,detour_3,Customer_58,Customer_22,73,65,"[73, 67, 43, 46, 14, 65]","[455, 375, 376, 171, 166]",17.371033571535587,0.32409718046513714,0
3298,1118,0,shortest,Customer_58,Customer_30,73,31,"[73, 38, 32, 55, 8, 31]","[357, 313, 316, 103, 92]",17.90598637568708,0.33628020885499643,3
3299,1118,1,avoid_congestion,Customer_58,Customer_30,73,31,"[73, 38, 32, 28, 27, 69, 31]","[357, 313, 289, 273, 274, 311]",25.660541578640423,0.46655530142982593,1
3300,1118,2,detour_2,Customer_58,Customer_30,73,31,"[73, 38, 32, 55, 74, 31]","[357, 313, 316, 414, 309]",18.306971656403313,0.3427479922761524,3
3301,1118,3,detour_3,Customer_58,Customer_30,73,31,"[73, 38, 32, 55, 8, 18, 31]","[357, 313, 316, 103, 98, 206]",18.239165569820752,0.34460968870833814,4
3302,1119,0,shortest,Customer_58,Customer_17,73,40,"[73, 67, 33, 14, 26, 40]","[455, 323, 173, 164, 268]",22.028921967479043,0.40052585395416435,0
3303,1119,1,detour_2,Customer_58,Customer_17,73,40,"[73, 67, 33, 14, 26, 1, 40]","[455, 323, 173, 164, 13, 18]",22.108962759904657,0.4019811410891755,0
3304,1119,2,detour_3,Customer_58,Customer_17,73,40,"[73, 67, 33, 14, 26, 9, 40]","[455, 323, 173, 164, 109, 116]",22.062782598924635,0.4090189996436456,0
3305,1120,0,shortest,Customer_58,Customer_31,73,40,"[73, 67, 33, 14, 26, 40]","[455, 323, 173, 164, 268]",22.028921967479043,0.40052585395416435,0
3306,1120,1,detour_2,Customer_58,Customer_31,73,40,"[73, 67, 33, 14, 26, 1, 40]","[455, 323, 173, 164, 13, 18]",22.108962759904657,0.4019811410891755,0
3307,1120,2,detour_3,Customer_58,Customer_31,73,40,"[73, 67, 33, 14, 26, 9, 40]","[455, 323, 173, 164, 109, 116]",22.062782598924635,0.4090189996436456,0
3308,1121,0,shortest,Customer_58,Customer_16,73,18,"[73, 38, 32, 55, 8, 18]","[357, 313, 316, 103, 98]",18.05399195696207,0.3399803483868711,3
3309,1121,1,avoid_congestion,Customer_58,Customer_16,73,18,"[73, 38, 32, 28, 27, 69, 18]","[357, 313, 289, 273, 274, 215]",25.671843518108833,0.46676079123834247,1
3310,1121,2,detour_2,Customer_58,Customer_16,73,18,"[73, 38, 32, 55, 8, 31, 18]","[357, 313, 316, 103, 92, 207]",18.091159988545762,0.3409095491764635,4
3311,1121,3,detour_3,Customer_58,Customer_16,73,18,"[73, 38, 32, 55, 74, 31, 18]","[357, 313, 316, 414, 309, 207]",18.492145269261997,0.34737733259761944,4
3312,1122,0,shortest,Customer_58,Customer_32,73,36,"[73, 15, 35, 36]","[181, 174, 334]",18.839651991419196,0.34253912711671264,0
3313,1122,1,detour_2,Customer_58,Customer_32,73,36,"[73, 15, 70, 36]","[181, 182, 339]",19.892760113611757,0.3616865475202138,0
3314,1122,2,detour_3,Customer_58,Customer_32,73,36,"[73, 15, 25, 35, 36]","[181, 178, 256, 334]",20.23348287891625,0.3824284547916919,0
3315,1123,0,same_node,Customer_59,Customer_8,13,13,[13],[],0.0,0.0,0
3316,1124,0,shortest,Customer_59,Customer_2,13,44,"[13, 44]",[158],4.195360944132112,0.07627928989331113,0
3317,1124,1,detour_2,Customer_59,Customer_2,13,44,"[13, 7, 44]","[89, 82]",4.699999537213554,0.0881743175492017,0
3318,1124,2,detour_3,Customer_59,Customer_2,13,44,"[13, 45, 44]","[154, 381]",5.038638030226162,0.10351078974516714,0
3319,1125,0,shortest,Customer_59,Customer_4,13,44,"[13, 44]",[158],4.195360944132112,0.07627928989331113,0
3320,1125,1,detour_2,Customer_59,Customer_4,13,44,"[13, 7, 44]","[89, 82]",4.699999537213554,0.0881743175492017,0
3321,1125,2,detour_3,Customer_59,Customer_4,13,44,"[13, 45, 44]","[154, 381]",5.038638030226162,0.10351078974516714,0
3322,1126,0,shortest,Customer_59,Customer_27,13,44,"[13, 44]",[158],4.195360944132112,0.07627928989331113,0
3323,1126,1,detour_2,Customer_59,Customer_27,13,44,"[13, 7, 44]","[89, 82]",4.699999537213554,0.0881743175492017,0
3324,1126,2,detour_3,Customer_59,Customer_27,13,44,"[13, 45, 44]","[154, 381]",5.038638030226162,0.10351078974516714,0
3325,1127,0,shortest,Customer_59,Customer_18,13,53,"[13, 63, 53]","[152, 409]",4.961836240230475,0.10317728192463317,0
3326,1127,1,detour_2,Customer_59,Customer_18,13,53,"[13, 45, 63, 53]","[154, 382, 409]",8.328806074286843,0.1633320269099068,0
3327,1127,2,detour_3,Customer_59,Customer_18,13,53,"[13, 63, 60, 53]","[152, 445, 407]",8.599902572933177,0.16932394251922772,0
3328,1128,0,shortest,Customer_59,Customer_41,13,53,"[13, 63, 53]","[152, 409]",4.961836240230475,0.10317728192463317,0
3329,1128,1,detour_2,Customer_59,Customer_41,13,53,"[13, 45, 63, 53]","[154, 382, 409]",8.328806074286843,0.1633320269099068,0
3330,1128,2,detour_3,Customer_59,Customer_41,13,53,"[13, 63, 60, 53]","[152, 445, 407]",8.599902572933177,0.16932394251922772,0
3331,1129,0,shortest,Customer_59,Customer_52,13,0,"[13, 52, 0]","[156, 1]",7.194081670036566,0.13080148490975574,0
3332,1129,1,detour_2,Customer_59,Customer_52,13,0,"[13, 63, 52, 0]","[152, 403, 1]",9.716498542946555,0.18962568742856187,0
3333,1129,2,detour_3,Customer_59,Customer_52,13,0,"[13, 41, 0]","[160, 7]",10.950930169903096,0.19910782127096535,0
3334,1130,0,shortest,Customer_59,Customer_46,13,5,"[13, 7, 5]","[89, 61]",7.843784917576674,0.1426142712286668,0
3335,1130,1,detour_2,Customer_59,Customer_46,13,5,"[13, 7, 22, 5]","[89, 86, 57]",7.894752454015824,0.1465508796823748,0
3336,1130,2,detour_3,Customer_59,Customer_46,13,5,"[13, 44, 5]","[158, 59]",8.10536278706559,0.14737023249210165,0
3337,1131,0,shortest,Customer_59,Customer_16,13,18,"[13, 63, 53, 48, 18]","[152, 409, 389, 213]",13.690439826338,0.2618791653084064,1
3338,1131,1,avoid_congestion,Customer_59,Customer_16,13,18,"[13, 7, 22, 69, 18]","[89, 86, 238, 215]",15.601534461163297,0.2836642629302418,1
3339,1131,2,detour_3,Customer_59,Customer_16,13,18,"[13, 7, 22, 69, 31, 18]","[89, 86, 238, 311, 207]",15.775406134553569,0.28808811344319224,2
3340,1132,0,shortest,Customer_59,Customer_23,13,79,"[13, 52, 79]","[156, 404]",9.17282698132879,0.1667786723877962,0
3341,1132,1,detour_2,Customer_59,Customer_23,13,79,"[13, 63, 52, 79]","[152, 403, 404]",11.695243854238779,0.2256028749066023,0
3342,1132,2,detour_3,Customer_59,Customer_23,13,79,"[13, 45, 63, 52, 79]","[154, 382, 403, 404]",15.062213688295145,0.285757619891876,0
3343,1133,0,shortest,Customer_59,Customer_21,13,24,"[13, 52, 24]","[156, 251]",8.610595182898432,0.15655627605269878,0
3344,1133,1,detour_2,Customer_59,Customer_21,13,24,"[13, 52, 0, 24]","[156, 1, 2]",9.788305783374009,0.1779691960613456,0
3345,1133,2,detour_3,Customer_59,Customer_21,13,24,"[13, 63, 52, 24]","[152, 403, 251]",11.133012055808422,0.21538047857150489,0
3346,1134,0,shortest,Customer_59,Customer_43,13,24,"[13, 52, 24]","[156, 251]",8.610595182898432,0.15655627605269878,0
3347,1134,1,detour_2,Customer_59,Customer_43,13,24,"[13, 52, 0, 24]","[156, 1, 2]",9.788305783374009,0.1779691960613456,0
3348,1134,2,detour_3,Customer_59,Customer_43,13,24,"[13, 63, 52, 24]","[152, 403, 251]",11.133012055808422,0.21538047857150489,0
3349,1135,0,shortest,Customer_59,Customer_30,13,31,"[13, 63, 53, 48, 18, 31]","[152, 409, 389, 213, 206]",13.875613439196684,0.26650850562987344,2
3350,1135,1,avoid_congestion,Customer_59,Customer_30,13,31,"[13, 7, 22, 69, 31]","[89, 86, 238, 311]",15.590232521694885,0.2834587731217252,1
3351,1135,2,detour_3,Customer_59,Customer_30,13,31,"[13, 44, 22, 69, 31]","[158, 241, 238, 311]",15.842544882417712,0.28804627058941296,1
3352,1136,0,shortest,Customer_59,Customer_50,13,42,"[13, 63, 53, 48, 42]","[152, 409, 389, 373]",11.360868190264979,0.23433542285064463,1
3353,1136,1,detour_2,Customer_59,Customer_50,13,42,"[13, 63, 3, 48, 42]","[152, 41, 36, 373]",12.93329802595189,0.2629250562267703,2
3354,1136,2,detour_3,Customer_59,Customer_50,13,42,"[13, 63, 53, 3, 48, 42]","[152, 409, 35, 36, 373]",13.055069589993016,0.2808578445450753,2
3355,1137,0,shortest,Customer_59,Customer_1,13,39,"[13, 52, 79, 39]","[156, 404, 363]",13.479970583960364,0.24509037425382485,0
3356,1137,1,detour_2,Customer_59,Customer_1,13,39,"[13, 63, 30, 64, 39]","[152, 305, 302, 359]",13.077298094187247,0.2507311338147563,0
3357,1137,2,detour_3,Customer_59,Customer_1,13,39,"[13, 63, 30, 12, 39]","[152, 305, 149, 146]",13.27069688020952,0.25424747537879766,0
3358,1138,0,shortest,Customer_59,Customer_9,13,39,"[13, 52, 79, 39]","[156, 404, 363]",13.479970583960364,0.24509037425382485,0
3359,1138,1,detour_2,Customer_59,Customer_9,13,39,"[13, 63, 30, 64, 39]","[152, 305, 302, 359]",13.077298094187247,0.2507311338147563,0
3360,1138,2,detour_3,Customer_59,Customer_9,13,39,"[13, 63, 30, 12, 39]","[152, 305, 149, 146]",13.27069688020952,0.25424747537879766,0
3361,1139,0,shortest,Customer_59,Customer_20,13,12,"[13, 63, 30, 12]","[152, 305, 149]",9.804991082325486,0.19123464268999701,0
3362,1139,1,detour_2,Customer_59,Customer_20,13,12,"[13, 63, 60, 12]","[152, 445, 151]",10.05010483842753,0.19569125643730684,0
3363,1139,2,detour_3,Customer_59,Customer_20,13,12,"[13, 63, 60, 30, 12]","[152, 445, 299, 149]",10.631561620117052,0.21536086252663564,0
3364,1140,0,shortest,Customer_59,Customer_26,13,12,"[13, 63, 30, 12]","[152, 305, 149]",9.804991082325486,0.19123464268999701,0
3365,1140,1,detour_2,Customer_59,Customer_26,13,12,"[13, 63, 60, 12]","[152, 445, 151]",10.05010483842753,0.19569125643730684,0
3366,1140,2,detour_3,Customer_59,Customer_26,13,12,"[13, 63, 60, 30, 12]","[152, 445, 299, 149]",10.631561620117052,0.21536086252663564,0
3367,1141,0,shortest,Customer_59,Customer_51,13,64,"[13, 63, 30, 64]","[152, 305, 302]",10.341032442011318,0.2009808492297394,0
3368,1141,1,detour_2,Customer_59,Customer_51,13,64,"[13, 63, 30, 12, 64]","[152, 305, 149, 140]",10.735985184912524,0.21450949525467297,0
3369,1141,2,detour_3,Customer_59,Customer_51,13,64,"[13, 63, 60, 12, 64]","[152, 445, 151, 140]",10.981098941014567,0.2189661090019828,0
3370,1142,0,shortest,Customer_59,Customer_57,13,17,"[13, 63, 53, 48, 4, 17]","[152, 409, 389, 53, 50]",13.952281035484765,0.26986643245299496,2
3371,1142,1,detour_2,Customer_59,Customer_57,13,17,"[13, 63, 53, 48, 42, 17]","[152, 409, 389, 373, 195]",13.750660117213501,0.29408022102435766,2
3372,1142,2,detour_3,Customer_59,Customer_57,13,17,"[13, 63, 3, 48, 4, 17]","[152, 41, 36, 53, 50]",15.524710871171676,0.2984560658291206,3
3373,1143,0,same_node,Customer_60,Customer_13,61,61,[61],[],0.0,0.0,0
3374,1144,0,shortest,Customer_60,Customer_39,61,66,"[61, 66]",[446],2.1932234470250345,0.05483058617562586,0
3375,1144,1,detour_2,Customer_60,Customer_39,61,66,"[61, 57, 66]","[429, 430]",5.053995579330835,0.10390645139189596,0
3376,1144,2,detour_3,Customer_60,Customer_39,61,66,"[61, 16, 66]","[189, 186]",5.235463038468943,0.10833750380367169,0
3377,1145,0,shortest,Customer_60,Customer_49,61,66,"[61, 66]",[446],2.1932234470250345,0.05483058617562586,0
3378,1145,1,detour_2,Customer_60,Customer_49,61,66,"[61, 57, 66]","[429, 430]",5.053995579330835,0.10390645139189596,0
3379,1145,2,detour_3,Customer_60,Customer_49,61,66,"[61, 16, 66]","[189, 186]",5.235463038468943,0.10833750380367169,0
3380,1146,0,shortest,Customer_60,Customer_19,61,57,"[61, 57]",[429],3.291704253401656,0.05984916824366647,0
3381,1146,1,detour_2,Customer_60,Customer_19,61,57,"[61, 16, 57]","[189, 184]",3.5530758354500978,0.06627782372820057,0
3382,1146,2,detour_3,Customer_60,Customer_19,61,57,"[61, 66, 57]","[446, 431]",3.955514772954214,0.09888786932385535,0
3383,1147,0,shortest,Customer_60,Customer_17,61,40,"[61, 40]",[365],4.995223367601172,0.09082224304729404,0
3384,1147,1,detour_2,Customer_60,Customer_17,61,40,"[61, 1, 40]","[11, 18]",6.989360047767523,0.12707927359577315,0
3385,1147,2,detour_3,Customer_60,Customer_17,61,40,"[61, 1, 9, 40]","[11, 16, 116]",9.82347374094487,0.18843119812435344,0
3386,1148,0,shortest,Customer_60,Customer_31,61,40,"[61, 40]",[365],4.995223367601172,0.09082224304729404,0
3387,1148,1,detour_2,Customer_60,Customer_31,61,40,"[61, 1, 40]","[11, 18]",6.989360047767523,0.12707927359577315,0
3388,1148,2,detour_3,Customer_60,Customer_31,61,40,"[61, 1, 9, 40]","[11, 16, 116]",9.82347374094487,0.18843119812435344,0
3389,1149,0,shortest,Customer_60,Customer_22,61,65,"[61, 1, 9, 65]","[11, 16, 114]",8.226778224782837,0.159400370557771,0
3390,1149,1,detour_2,Customer_60,Customer_22,61,65,"[61, 1, 26, 65]","[11, 12, 264]",8.31356467886853,0.1652912306936612,0
3391,1149,2,detour_3,Customer_60,Customer_22,61,65,"[61, 1, 9, 26, 65]","[11, 16, 108, 264]",8.314562322815526,0.18300945217216005,0
3392,1150,0,shortest,Customer_60,Customer_7,61,78,"[61, 78]",[448],6.6381932719690635,0.12069442312671025,0
3393,1150,1,detour_2,Customer_60,Customer_7,61,78,"[61, 16, 78]","[189, 190]",8.838937147961923,0.16070794814476225,0
3394,1150,2,detour_3,Customer_60,Customer_7,61,78,"[61, 57, 78]","[429, 434]",9.069209191438802,0.16489471257161456,0
3395,1151,0,shortest,Customer_60,Customer_38,61,78,"[61, 78]",[448],6.6381932719690635,0.12069442312671025,0
3396,1151,1,detour_2,Customer_60,Customer_38,61,78,"[61, 16, 78]","[189, 190]",8.838937147961923,0.16070794814476225,0
3397,1151,2,detour_3,Customer_60,Customer_38,61,78,"[61, 57, 78]","[429, 434]",9.069209191438802,0.16489471257161456,0
3398,1152,0,shortest,Customer_60,Customer_24,61,47,"[61, 1, 47]","[11, 14]",8.130453931936021,0.1478264351261095,0
3399,1152,1,detour_2,Customer_60,Customer_24,61,47,"[61, 1, 9, 47]","[11, 16, 112]",8.155543707160493,0.15810519751009203,0
3400,1152,2,detour_3,Customer_60,Customer_24,61,47,"[61, 1, 26, 47]","[11, 12, 262]",8.18125824917135,0.16198356995123164,0
3401,1153,0,shortest,Customer_60,Customer_25,61,34,"[61, 1, 26, 34]","[11, 12, 266]",9.027492650655766,0.164136230011923,0
3402,1153,1,detour_2,Customer_60,Customer_25,61,34,"[61, 1, 47, 34]","[11, 14, 329]",9.002396556496087,0.16962500074011114,1
3403,1153,2,detour_3,Customer_60,Customer_25,61,34,"[61, 1, 9, 34]","[11, 16, 110]",8.975123843192423,0.1730066545288544,0
3404,1154,0,shortest,Customer_60,Customer_3,61,77,"[61, 57, 77]","[429, 426]",8.91924758991471,0.16216813799844926,0
3405,1154,1,detour_2,Customer_60,Customer_3,61,77,"[61, 16, 57, 77]","[189, 184, 426]",9.180619171963151,0.16859679348298334,0
3406,1154,2,detour_3,Customer_60,Customer_3,61,77,"[61, 66, 57, 77]","[446, 431, 426]",9.583058109467267,0.20120683907863812,0
3407,1155,0,shortest,Customer_60,Customer_33,61,77,"[61, 57, 77]","[429, 426]",8.91924758991471,0.16216813799844926,0
3408,1155,1,detour_2,Customer_60,Customer_33,61,77,"[61, 16, 57, 77]","[189, 184, 426]",9.180619171963151,0.16859679348298334,0
3409,1155,2,detour_3,Customer_60,Customer_33,61,77,"[61, 66, 57, 77]","[446, 431, 426]",9.583058109467267,0.20120683907863812,0
3410,1156,0,shortest,Customer_60,Customer_40,61,77,"[61, 57, 77]","[429, 426]",8.91924758991471,0.16216813799844926,0
3411,1156,1,detour_2,Customer_60,Customer_40,61,77,"[61, 16, 57, 77]","[189, 184, 426]",9.180619171963151,0.16859679348298334,0
3412,1156,2,detour_3,Customer_60,Customer_40,61,77,"[61, 66, 57, 77]","[446, 431, 426]",9.583058109467267,0.20120683907863812,0
3413,1157,0,shortest,Customer_60,Customer_6,61,56,"[61, 40, 56]","[365, 366]",13.510798887227445,0.2456508888586808,0
3414,1157,1,detour_2,Customer_60,Customer_6,61,56,"[61, 78, 56]","[448, 421]",13.602086072434801,0.2473106558624509,0
3415,1157,2,detour_3,Customer_60,Customer_6,61,56,"[61, 1, 40, 56]","[11, 18, 366]",15.504935567393796,0.2819079194071599,0
3416,1158,0,shortest,Customer_60,Customer_42,61,56,"[61, 40, 56]","[365, 366]",13.510798887227445,0.2456508888586808,0
3417,1158,1,detour_2,Customer_60,Customer_42,61,56,"[61, 78, 56]","[448, 421]",13.602086072434801,0.2473106558624509,0
3418,1158,2,detour_3,Customer_60,Customer_42,61,56,"[61, 1, 40, 56]","[11, 18, 366]",15.504935567393796,0.2819079194071599,0
3419,1159,0,shortest,Customer_60,Customer_55,61,56,"[61, 40, 56]","[365, 366]",13.510798887227445,0.2456508888586808,0
3420,1159,1,detour_2,Customer_60,Customer_55,61,56,"[61, 78, 56]","[448, 421]",13.602086072434801,0.2473106558624509,0
3421,1159,2,detour_3,Customer_60,Customer_55,61,56,"[61, 1, 40, 56]","[11, 18, 366]",15.504935567393796,0.2819079194071599,0
3422,1160,0,shortest,Customer_60,Customer_20,61,12,"[61, 57, 77, 12]","[429, 426, 145]",11.924250043770396,0.21680454625037082,0
3423,1160,1,detour_2,Customer_60,Customer_20,61,12,"[61, 16, 57, 77, 12]","[189, 184, 426, 145]",12.185621625818838,0.2232332017349049,0
3424,1160,2,detour_3,Customer_60,Customer_20,61,12,"[61, 57, 77, 64, 12]","[429, 426, 453, 141]",13.027805377091555,0.24321687573748538,0
3425,1161,0,shortest,Customer_60,Customer_26,61,12,"[61, 57, 77, 12]","[429, 426, 145]",11.924250043770396,0.21680454625037082,0
3426,1161,1,detour_2,Customer_60,Customer_26,61,12,"[61, 16, 57, 77, 12]","[189, 184, 426, 145]",12.185621625818838,0.2232332017349049,0
3427,1161,2,detour_3,Customer_60,Customer_26,61,12,"[61, 57, 77, 64, 12]","[429, 426, 453, 141]",13.027805377091555,0.24321687573748538,0
3428,1162,0,shortest,Customer_60,Customer_50,61,42,"[61, 1, 26, 14, 46, 50, 55, 8, 42]","[11, 12, 165, 170, 384, 394, 103, 100]",24.849966612369958,0.4518175747703629,3
3429,1162,1,avoid_congestion,Customer_60,Customer_50,61,42,"[61, 57, 77, 12, 30, 53, 48, 42]","[429, 426, 145, 148, 300, 389, 373]",24.318967450202784,0.47294735462685455,1
3430,1162,2,detour_2,Customer_60,Customer_50,61,42,"[61, 1, 26, 14, 46, 50, 55, 4, 42]","[11, 12, 165, 170, 384, 394, 47, 44]",24.13914229382319,0.4533377735416776,3
3431,1162,3,detour_3,Customer_60,Customer_50,61,42,"[61, 57, 77, 12, 30, 3, 48, 42]","[429, 426, 145, 148, 33, 36, 373]",24.971267523757607,0.4688351513573406,2
