od_id,origin_customer_id,destination_customer_id,origin_customer_index,destination_customer_index,origin_node,destination_node,demand_veh_h,euclid_distance_km,origin_time_window_type,origin_has_start_constraint,origin_start_time_h,origin_deadline_h,origin_demand_class,origin_task_demand,destination_time_window_type,destination_has_start_constraint,destination_start_time_h,destination_deadline_h,destination_demand_class,destination_task_demand,origin_ready_time_h,origin_due_time_h,destination_ready_time_h,destination_due_time_h,same_physical_node,od_type
0,Customer_1,Customer_9,0,8,39,39,8.0,0.0,before_20,False,,21.0,large,5.082,before_20,False,,20.75,small,1.776,0.0,21.0,0.0,20.75,True,customer_to_customer
1,Customer_1,Customer_51,0,50,39,64,8.0,2.7363,before_20,False,,21.0,large,5.082,before_20,False,,19.5,small,1.604,0.0,21.0,0.0,19.5,False,customer_to_customer
2,Customer_1,Customer_20,0,19,39,12,8.0,3.4657,before_20,False,,21.0,large,5.082,business_hours,True,8.25,17.75,medium,3.662,0.0,21.0,8.25,17.75,False,customer_to_customer
3,Customer_1,Customer_26,0,25,39,12,8.0,3.4657,before_20,False,,21.0,large,5.082,before_20,False,,20.0,large,5.753,0.0,21.0,0.0,20.0,False,customer_to_customer
4,Customer_1,Customer_10,0,9,39,29,8.0,3.7841,before_20,False,,21.0,large,5.082,before_20,False,,20.5,medium,2.955,0.0,21.0,0.0,20.5,False,customer_to_customer
5,Customer_1,Customer_23,0,22,39,79,8.0,4.3071,before_20,False,,21.0,large,5.082,before_20,False,,20.25,large,7.501,0.0,21.0,0.0,20.25,False,customer_to_customer
6,Customer_1,Customer_5,0,4,39,19,8.0,4.8241,before_20,False,,21.0,large,5.082,business_hours,True,8.0,17.75,medium,4.662,0.0,21.0,8.0,17.75,False,customer_to_customer
7,Customer_1,Customer_34,0,33,39,19,8.0,4.8241,before_20,False,,21.0,large,5.082,before_12,False,,11.5,small,1.372,0.0,21.0,0.0,11.5,False,customer_to_customer
8,Customer_1,Customer_3,0,2,39,77,8.0,5.7537,before_20,False,,21.0,large,5.082,business_hours,True,7.75,18.0,small,1.255,0.0,21.0,7.75,18.0,False,customer_to_customer
9,Customer_1,Customer_33,0,32,39,77,8.0,5.7537,before_20,False,,21.0,large,5.082,afternoon_or_evening,True,12.75,21.75,medium,2.203,0.0,21.0,12.75,21.75,False,customer_to_customer
10,Customer_1,Customer_40,0,39,39,77,8.0,5.7537,before_20,False,,21.0,large,5.082,business_hours,True,7.75,18.0,large,5.785,0.0,21.0,7.75,18.0,False,customer_to_customer
11,Customer_1,Customer_14,0,13,39,6,8.0,7.0213,before_20,False,,21.0,large,5.082,all_day,False,,22.75,large,6.263,0.0,21.0,0.0,22.75,False,customer_to_customer
12,Customer_1,Customer_18,0,17,39,53,8.0,7.1933,before_20,False,,21.0,large,5.082,before_18,False,,17.25,small,0.834,0.0,21.0,0.0,17.25,False,customer_to_customer
13,Customer_1,Customer_41,0,40,39,53,8.0,7.1933,before_20,False,,21.0,large,5.082,business_hours,True,7.5,17.25,large,5.106,0.0,21.0,7.5,17.25,False,customer_to_customer
14,Customer_1,Customer_29,0,28,39,20,8.0,9.2251,before_20,False,,21.0,large,5.082,business_hours,True,8.75,18.25,medium,4.375,0.0,21.0,8.75,18.25,False,customer_to_customer
15,Customer_1,Customer_8,0,7,39,13,8.0,9.5253,before_20,False,,21.0,large,5.082,business_hours,True,7.5,19.0,medium,4.333,0.0,21.0,7.5,19.0,False,customer_to_customer
16,Customer_1,Customer_59,0,58,39,13,8.0,9.5253,before_20,False,,21.0,large,5.082,afternoon_or_evening,True,12.25,22.5,small,1.182,0.0,21.0,12.25,22.5,False,customer_to_customer
17,Customer_1,Customer_21,0,20,39,24,8.0,9.6232,before_20,False,,21.0,large,5.082,before_18,False,,17.5,medium,3.927,0.0,21.0,0.0,17.5,False,customer_to_customer
18,Customer_1,Customer_43,0,42,39,24,8.0,9.6232,before_20,False,,21.0,large,5.082,business_hours,True,7.5,17.75,large,7.914,0.0,21.0,7.5,17.75,False,customer_to_customer
19,Customer_1,Customer_52,0,51,39,0,8.0,10.1809,before_20,False,,21.0,large,5.082,before_12,False,,11.75,large,6.981,0.0,21.0,0.0,11.75,False,customer_to_customer
20,Customer_2,Customer_4,1,3,44,44,8.0,0.0,before_20,False,,19.5,medium,4.395,before_20,False,,20.0,medium,2.249,0.0,19.5,0.0,20.0,True,customer_to_customer
21,Customer_2,Customer_27,1,26,44,44,8.0,0.0,before_20,False,,19.5,medium,4.395,before_20,False,,20.75,large,6.914,0.0,19.5,0.0,20.75,True,customer_to_customer
22,Customer_2,Customer_46,1,45,44,5,8.0,3.91,before_20,False,,19.5,medium,4.395,before_12,False,,12.0,medium,3.084,0.0,19.5,0.0,12.0,False,customer_to_customer
23,Customer_2,Customer_8,1,7,44,13,8.0,4.1954,before_20,False,,19.5,medium,4.395,business_hours,True,7.5,19.0,medium,4.333,0.0,19.5,7.5,19.0,False,customer_to_customer
24,Customer_2,Customer_59,1,58,44,13,8.0,4.1954,before_20,False,,19.5,medium,4.395,afternoon_or_evening,True,12.25,22.5,small,1.182,0.0,19.5,12.25,22.5,False,customer_to_customer
25,Customer_2,Customer_16,1,15,44,18,8.0,4.8851,before_20,False,,19.5,medium,4.395,before_18,False,,17.25,large,6.366,0.0,19.5,0.0,17.25,False,customer_to_customer
26,Customer_2,Customer_30,1,29,44,31,8.0,5.0599,before_20,False,,19.5,medium,4.395,before_12,False,,13.0,medium,4.581,0.0,19.5,0.0,13.0,False,customer_to_customer
27,Customer_2,Customer_50,1,49,44,42,8.0,6.5663,before_20,False,,19.5,medium,4.395,all_day,False,,24.0,medium,4.123,0.0,19.5,0.0,24.0,False,customer_to_customer
28,Customer_2,Customer_18,1,17,44,53,8.0,6.9176,before_20,False,,19.5,medium,4.395,before_18,False,,17.25,small,0.834,0.0,19.5,0.0,17.25,False,customer_to_customer
29,Customer_2,Customer_41,1,40,44,53,8.0,6.9176,before_20,False,,19.5,medium,4.395,business_hours,True,7.5,17.25,large,5.106,0.0,19.5,7.5,17.25,False,customer_to_customer
30,Customer_2,Customer_57,1,56,44,17,8.0,7.7423,before_20,False,,19.5,medium,4.395,before_18,False,,17.25,medium,4.186,0.0,19.5,0.0,17.25,False,customer_to_customer
31,Customer_2,Customer_15,1,14,44,74,8.0,8.2576,before_20,False,,19.5,medium,4.395,business_hours,True,7.5,17.25,large,7.293,0.0,19.5,7.5,17.25,False,customer_to_customer
32,Customer_2,Customer_36,1,35,44,68,8.0,8.5354,before_20,False,,19.5,medium,4.395,all_day,False,,23.0,large,7.781,0.0,19.5,0.0,23.0,False,customer_to_customer
33,Customer_2,Customer_45,1,44,44,68,8.0,8.5354,before_20,False,,19.5,medium,4.395,before_20,False,,20.75,small,1.204,0.0,19.5,0.0,20.75,False,customer_to_customer
34,Customer_2,Customer_56,1,55,44,68,8.0,8.5354,before_20,False,,19.5,medium,4.395,before_18,False,,19.0,medium,2.573,0.0,19.5,0.0,19.0,False,customer_to_customer
35,Customer_2,Customer_48,1,47,44,27,8.0,9.4576,before_20,False,,19.5,medium,4.395,before_20,False,,19.25,medium,2.11,0.0,19.5,0.0,19.25,False,customer_to_customer
36,Customer_2,Customer_52,1,51,44,0,8.0,9.924,before_20,False,,19.5,medium,4.395,before_12,False,,11.75,large,6.981,0.0,19.5,0.0,11.75,False,customer_to_customer
37,Customer_2,Customer_22,1,21,44,65,8.0,11.7127,before_20,False,,19.5,medium,4.395,business_hours,True,8.5,17.25,medium,3.604,0.0,19.5,8.5,17.25,False,customer_to_customer
38,Customer_2,Customer_25,1,24,44,34,8.0,11.9856,before_20,False,,19.5,medium,4.395,before_18,False,,17.25,medium,4.457,0.0,19.5,0.0,17.25,False,customer_to_customer
39,Customer_2,Customer_21,1,20,44,24,8.0,12.2821,before_20,False,,19.5,medium,4.395,before_18,False,,17.5,medium,3.927,0.0,19.5,0.0,17.5,False,customer_to_customer
40,Customer_3,Customer_33,2,32,77,77,8.0,0.0,business_hours,True,7.75,18.0,small,1.255,afternoon_or_evening,True,12.75,21.75,medium,2.203,7.75,18.0,12.75,21.75,True,customer_to_customer
41,Customer_3,Customer_40,2,39,77,77,8.0,0.0,business_hours,True,7.75,18.0,small,1.255,business_hours,True,7.75,18.0,large,5.785,7.75,18.0,7.75,18.0,True,customer_to_customer
42,Customer_3,Customer_20,2,19,77,12,8.0,3.005,business_hours,True,7.75,18.0,small,1.255,business_hours,True,8.25,17.75,medium,3.662,7.75,18.0,8.25,17.75,False,customer_to_customer
43,Customer_3,Customer_26,2,25,77,12,8.0,3.005,business_hours,True,7.75,18.0,small,1.255,before_20,False,,20.0,large,5.753,7.75,18.0,0.0,20.0,False,customer_to_customer
44,Customer_3,Customer_51,2,50,77,64,8.0,3.1776,business_hours,True,7.75,18.0,small,1.255,before_20,False,,19.5,small,1.604,7.75,18.0,0.0,19.5,False,customer_to_customer
45,Customer_3,Customer_5,2,4,77,19,8.0,3.4891,business_hours,True,7.75,18.0,small,1.255,business_hours,True,8.0,17.75,medium,4.662,7.75,18.0,8.0,17.75,False,customer_to_customer
46,Customer_3,Customer_34,2,33,77,19,8.0,3.4891,business_hours,True,7.75,18.0,small,1.255,before_12,False,,11.5,small,1.372,7.75,18.0,0.0,11.5,False,customer_to_customer
47,Customer_3,Customer_19,2,18,77,57,8.0,5.6275,business_hours,True,7.75,18.0,small,1.255,all_day,False,,23.5,medium,3.112,7.75,18.0,0.0,23.5,False,customer_to_customer
48,Customer_3,Customer_1,2,0,77,39,8.0,5.7537,business_hours,True,7.75,18.0,small,1.255,before_20,False,,21.0,large,5.082,7.75,18.0,0.0,21.0,False,customer_to_customer
49,Customer_3,Customer_9,2,8,77,39,8.0,5.7537,business_hours,True,7.75,18.0,small,1.255,before_20,False,,20.75,small,1.776,7.75,18.0,0.0,20.75,False,customer_to_customer
50,Customer_3,Customer_39,2,38,77,66,8.0,7.0077,business_hours,True,7.75,18.0,small,1.255,business_hours,True,8.75,17.75,small,1.672,7.75,18.0,8.75,17.75,False,customer_to_customer
51,Customer_3,Customer_49,2,48,77,66,8.0,7.0077,business_hours,True,7.75,18.0,small,1.255,all_day,False,,22.75,medium,3.016,7.75,18.0,0.0,22.75,False,customer_to_customer
52,Customer_3,Customer_10,2,9,77,29,8.0,7.1662,business_hours,True,7.75,18.0,small,1.255,before_20,False,,20.5,medium,2.955,7.75,18.0,0.0,20.5,False,customer_to_customer
53,Customer_3,Customer_18,2,17,77,53,8.0,8.0207,business_hours,True,7.75,18.0,small,1.255,before_18,False,,17.25,small,0.834,7.75,18.0,0.0,17.25,False,customer_to_customer
54,Customer_3,Customer_41,2,40,77,53,8.0,8.0207,business_hours,True,7.75,18.0,small,1.255,business_hours,True,7.5,17.25,large,5.106,7.75,18.0,7.5,17.25,False,customer_to_customer
55,Customer_3,Customer_7,2,6,77,78,8.0,8.4668,business_hours,True,7.75,18.0,small,1.255,business_hours,True,8.75,17.5,medium,3.0,7.75,18.0,8.75,17.5,False,customer_to_customer
56,Customer_3,Customer_38,2,37,77,78,8.0,8.4668,business_hours,True,7.75,18.0,small,1.255,all_day,False,,23.25,medium,4.425,7.75,18.0,0.0,23.25,False,customer_to_customer
57,Customer_3,Customer_13,2,12,77,61,8.0,8.9092,business_hours,True,7.75,18.0,small,1.255,business_hours,True,8.0,19.0,large,7.817,7.75,18.0,8.0,19.0,False,customer_to_customer
58,Customer_3,Customer_60,2,59,77,61,8.0,8.9092,business_hours,True,7.75,18.0,small,1.255,all_day,False,,23.0,large,5.554,7.75,18.0,0.0,23.0,False,customer_to_customer
59,Customer_3,Customer_23,2,22,77,79,8.0,10.0098,business_hours,True,7.75,18.0,small,1.255,before_20,False,,20.25,large,7.501,7.75,18.0,0.0,20.25,False,customer_to_customer
60,Customer_4,Customer_2,3,1,44,44,8.0,0.0,before_20,False,,20.0,medium,2.249,before_20,False,,19.5,medium,4.395,0.0,20.0,0.0,19.5,True,customer_to_customer
61,Customer_4,Customer_27,3,26,44,44,8.0,0.0,before_20,False,,20.0,medium,2.249,before_20,False,,20.75,large,6.914,0.0,20.0,0.0,20.75,True,customer_to_customer
62,Customer_4,Customer_46,3,45,44,5,8.0,3.91,before_20,False,,20.0,medium,2.249,before_12,False,,12.0,medium,3.084,0.0,20.0,0.0,12.0,False,customer_to_customer
63,Customer_4,Customer_8,3,7,44,13,8.0,4.1954,before_20,False,,20.0,medium,2.249,business_hours,True,7.5,19.0,medium,4.333,0.0,20.0,7.5,19.0,False,customer_to_customer
64,Customer_4,Customer_59,3,58,44,13,8.0,4.1954,before_20,False,,20.0,medium,2.249,afternoon_or_evening,True,12.25,22.5,small,1.182,0.0,20.0,12.25,22.5,False,customer_to_customer
65,Customer_4,Customer_16,3,15,44,18,8.0,4.8851,before_20,False,,20.0,medium,2.249,before_18,False,,17.25,large,6.366,0.0,20.0,0.0,17.25,False,customer_to_customer
66,Customer_4,Customer_30,3,29,44,31,8.0,5.0599,before_20,False,,20.0,medium,2.249,before_12,False,,13.0,medium,4.581,0.0,20.0,0.0,13.0,False,customer_to_customer
67,Customer_4,Customer_50,3,49,44,42,8.0,6.5663,before_20,False,,20.0,medium,2.249,all_day,False,,24.0,medium,4.123,0.0,20.0,0.0,24.0,False,customer_to_customer
68,Customer_4,Customer_18,3,17,44,53,8.0,6.9176,before_20,False,,20.0,medium,2.249,before_18,False,,17.25,small,0.834,0.0,20.0,0.0,17.25,False,customer_to_customer
69,Customer_4,Customer_41,3,40,44,53,8.0,6.9176,before_20,False,,20.0,medium,2.249,business_hours,True,7.5,17.25,large,5.106,0.0,20.0,7.5,17.25,False,customer_to_customer
70,Customer_4,Customer_57,3,56,44,17,8.0,7.7423,before_20,False,,20.0,medium,2.249,before_18,False,,17.25,medium,4.186,0.0,20.0,0.0,17.25,False,customer_to_customer
71,Customer_4,Customer_15,3,14,44,74,8.0,8.2576,before_20,False,,20.0,medium,2.249,business_hours,True,7.5,17.25,large,7.293,0.0,20.0,7.5,17.25,False,customer_to_customer
72,Customer_4,Customer_36,3,35,44,68,8.0,8.5354,before_20,False,,20.0,medium,2.249,all_day,False,,23.0,large,7.781,0.0,20.0,0.0,23.0,False,customer_to_customer
73,Customer_4,Customer_45,3,44,44,68,8.0,8.5354,before_20,False,,20.0,medium,2.249,before_20,False,,20.75,small,1.204,0.0,20.0,0.0,20.75,False,customer_to_customer
74,Customer_4,Customer_56,3,55,44,68,8.0,8.5354,before_20,False,,20.0,medium,2.249,before_18,False,,19.0,medium,2.573,0.0,20.0,0.0,19.0,False,customer_to_customer
75,Customer_4,Customer_48,3,47,44,27,8.0,9.4576,before_20,False,,20.0,medium,2.249,before_20,False,,19.25,medium,2.11,0.0,20.0,0.0,19.25,False,customer_to_customer
76,Customer_4,Customer_52,3,51,44,0,8.0,9.924,before_20,False,,20.0,medium,2.249,before_12,False,,11.75,large,6.981,0.0,20.0,0.0,11.75,False,customer_to_customer
77,Customer_4,Customer_22,3,21,44,65,8.0,11.7127,before_20,False,,20.0,medium,2.249,business_hours,True,8.5,17.25,medium,3.604,0.0,20.0,8.5,17.25,False,customer_to_customer
78,Customer_4,Customer_25,3,24,44,34,8.0,11.9856,before_20,False,,20.0,medium,2.249,before_18,False,,17.25,medium,4.457,0.0,20.0,0.0,17.25,False,customer_to_customer
79,Customer_4,Customer_21,3,20,44,24,8.0,12.2821,before_20,False,,20.0,medium,2.249,before_18,False,,17.5,medium,3.927,0.0,20.0,0.0,17.5,False,customer_to_customer
80,Customer_5,Customer_34,4,33,19,19,8.0,0.0,business_hours,True,8.0,17.75,medium,4.662,before_12,False,,11.5,small,1.372,8.0,17.75,0.0,11.5,True,customer_to_customer
81,Customer_5,Customer_3,4,2,19,77,8.0,3.4891,business_hours,True,8.0,17.75,medium,4.662,business_hours,True,7.75,18.0,small,1.255,8.0,17.75,7.75,18.0,False,customer_to_customer
82,Customer_5,Customer_33,4,32,19,77,8.0,3.4891,business_hours,True,8.0,17.75,medium,4.662,afternoon_or_evening,True,12.75,21.75,medium,2.203,8.0,17.75,12.75,21.75,False,customer_to_customer
83,Customer_5,Customer_40,4,39,19,77,8.0,3.4891,business_hours,True,8.0,17.75,medium,4.662,business_hours,True,7.75,18.0,large,5.785,8.0,17.75,7.75,18.0,False,customer_to_customer
84,Customer_5,Customer_51,4,50,19,64,8.0,3.7916,business_hours,True,8.0,17.75,medium,4.662,before_20,False,,19.5,small,1.604,8.0,17.75,0.0,19.5,False,customer_to_customer
85,Customer_5,Customer_10,4,9,19,29,8.0,4.2684,business_hours,True,8.0,17.75,medium,4.662,before_20,False,,20.5,medium,2.955,8.0,17.75,0.0,20.5,False,customer_to_customer
86,Customer_5,Customer_20,4,19,19,12,8.0,4.45,business_hours,True,8.0,17.75,medium,4.662,business_hours,True,8.25,17.75,medium,3.662,8.0,17.75,8.25,17.75,False,customer_to_customer
87,Customer_5,Customer_26,4,25,19,12,8.0,4.45,business_hours,True,8.0,17.75,medium,4.662,before_20,False,,20.0,large,5.753,8.0,17.75,0.0,20.0,False,customer_to_customer
88,Customer_5,Customer_1,4,0,19,39,8.0,4.8241,business_hours,True,8.0,17.75,medium,4.662,before_20,False,,21.0,large,5.082,8.0,17.75,0.0,21.0,False,customer_to_customer
89,Customer_5,Customer_9,4,8,19,39,8.0,4.8241,business_hours,True,8.0,17.75,medium,4.662,before_20,False,,20.75,small,1.776,8.0,17.75,0.0,20.75,False,customer_to_customer
90,Customer_5,Customer_23,4,22,19,79,8.0,8.9059,business_hours,True,8.0,17.75,medium,4.662,before_20,False,,20.25,large,7.501,8.0,17.75,0.0,20.25,False,customer_to_customer
91,Customer_5,Customer_19,4,18,19,57,8.0,8.9273,business_hours,True,8.0,17.75,medium,4.662,all_day,False,,23.5,medium,3.112,8.0,17.75,0.0,23.5,False,customer_to_customer
92,Customer_5,Customer_18,4,17,19,53,8.0,10.099,business_hours,True,8.0,17.75,medium,4.662,before_18,False,,17.25,small,0.834,8.0,17.75,0.0,17.25,False,customer_to_customer
93,Customer_5,Customer_41,4,40,19,53,8.0,10.099,business_hours,True,8.0,17.75,medium,4.662,business_hours,True,7.5,17.25,large,5.106,8.0,17.75,7.5,17.25,False,customer_to_customer
94,Customer_5,Customer_7,4,6,19,78,8.0,10.3496,business_hours,True,8.0,17.75,medium,4.662,business_hours,True,8.75,17.5,medium,3.0,8.0,17.75,8.75,17.5,False,customer_to_customer
95,Customer_5,Customer_38,4,37,19,78,8.0,10.3496,business_hours,True,8.0,17.75,medium,4.662,all_day,False,,23.25,medium,4.425,8.0,17.75,0.0,23.25,False,customer_to_customer
96,Customer_5,Customer_39,4,38,19,66,8.0,10.4267,business_hours,True,8.0,17.75,medium,4.662,business_hours,True,8.75,17.75,small,1.672,8.0,17.75,8.75,17.75,False,customer_to_customer
97,Customer_5,Customer_49,4,48,19,66,8.0,10.4267,business_hours,True,8.0,17.75,medium,4.662,all_day,False,,22.75,medium,3.016,8.0,17.75,0.0,22.75,False,customer_to_customer
98,Customer_5,Customer_14,4,13,19,6,8.0,10.9336,business_hours,True,8.0,17.75,medium,4.662,all_day,False,,22.75,large,6.263,8.0,17.75,0.0,22.75,False,customer_to_customer
99,Customer_5,Customer_13,4,12,19,61,8.0,12.2144,business_hours,True,8.0,17.75,medium,4.662,business_hours,True,8.0,19.0,large,7.817,8.0,17.75,8.0,19.0,False,customer_to_customer
100,Customer_6,Customer_42,5,41,56,56,8.0,0.0,all_day,False,,23.75,medium,4.742,all_day,False,,22.75,medium,3.77,0.0,23.75,0.0,22.75,True,customer_to_customer
101,Customer_6,Customer_55,5,54,56,56,8.0,0.0,all_day,False,,23.75,medium,4.742,business_hours,True,7.75,17.75,small,1.087,0.0,23.75,7.75,17.75,True,customer_to_customer
102,Customer_6,Customer_7,5,6,56,78,8.0,6.9639,all_day,False,,23.75,medium,4.742,business_hours,True,8.75,17.5,medium,3.0,0.0,23.75,8.75,17.5,False,customer_to_customer
103,Customer_6,Customer_38,5,37,56,78,8.0,6.9639,all_day,False,,23.75,medium,4.742,all_day,False,,23.25,medium,4.425,0.0,23.75,0.0,23.25,False,customer_to_customer
104,Customer_6,Customer_17,5,16,56,40,8.0,8.5156,all_day,False,,23.75,medium,4.742,all_day,False,,23.75,medium,3.999,0.0,23.75,0.0,23.75,False,customer_to_customer
105,Customer_6,Customer_31,5,30,56,40,8.0,8.5156,all_day,False,,23.75,medium,4.742,before_20,False,,20.5,medium,3.168,0.0,23.75,0.0,20.5,False,customer_to_customer
106,Customer_6,Customer_13,5,12,56,61,8.0,9.4371,all_day,False,,23.75,medium,4.742,business_hours,True,8.0,19.0,large,7.817,0.0,23.75,8.0,19.0,False,customer_to_customer
107,Customer_6,Customer_60,5,59,56,61,8.0,9.4371,all_day,False,,23.75,medium,4.742,all_day,False,,23.0,large,5.554,0.0,23.75,0.0,23.0,False,customer_to_customer
108,Customer_6,Customer_19,5,18,56,57,8.0,10.9133,all_day,False,,23.75,medium,4.742,all_day,False,,23.5,medium,3.112,0.0,23.75,0.0,23.5,False,customer_to_customer
109,Customer_6,Customer_39,5,38,56,66,8.0,11.1579,all_day,False,,23.75,medium,4.742,business_hours,True,8.75,17.75,small,1.672,0.0,23.75,8.75,17.75,False,customer_to_customer
110,Customer_6,Customer_49,5,48,56,66,8.0,11.1579,all_day,False,,23.75,medium,4.742,all_day,False,,22.75,medium,3.016,0.0,23.75,0.0,22.75,False,customer_to_customer
111,Customer_6,Customer_22,5,21,56,65,8.0,15.1701,all_day,False,,23.75,medium,4.742,business_hours,True,8.5,17.25,medium,3.604,0.0,23.75,8.5,17.25,False,customer_to_customer
112,Customer_6,Customer_3,5,2,56,77,8.0,15.1735,all_day,False,,23.75,medium,4.742,business_hours,True,7.75,18.0,small,1.255,0.0,23.75,7.75,18.0,False,customer_to_customer
113,Customer_6,Customer_33,5,32,56,77,8.0,15.1735,all_day,False,,23.75,medium,4.742,afternoon_or_evening,True,12.75,21.75,medium,2.203,0.0,23.75,12.75,21.75,False,customer_to_customer
114,Customer_6,Customer_40,5,39,56,77,8.0,15.1735,all_day,False,,23.75,medium,4.742,business_hours,True,7.75,18.0,large,5.785,0.0,23.75,7.75,18.0,False,customer_to_customer
115,Customer_6,Customer_24,5,23,56,47,8.0,15.4531,all_day,False,,23.75,medium,4.742,before_20,False,,20.25,medium,3.852,0.0,23.75,0.0,20.25,False,customer_to_customer
116,Customer_6,Customer_25,5,24,56,34,8.0,16.2743,all_day,False,,23.75,medium,4.742,before_18,False,,17.25,medium,4.457,0.0,23.75,0.0,17.25,False,customer_to_customer
117,Customer_6,Customer_5,5,4,56,19,8.0,17.3078,all_day,False,,23.75,medium,4.742,business_hours,True,8.0,17.75,medium,4.662,0.0,23.75,8.0,17.75,False,customer_to_customer
118,Customer_6,Customer_34,5,33,56,19,8.0,17.3078,all_day,False,,23.75,medium,4.742,before_12,False,,11.5,small,1.372,0.0,23.75,0.0,11.5,False,customer_to_customer
119,Customer_6,Customer_20,5,19,56,12,8.0,17.8648,all_day,False,,23.75,medium,4.742,business_hours,True,8.25,17.75,medium,3.662,0.0,23.75,8.25,17.75,False,customer_to_customer
120,Customer_7,Customer_38,6,37,78,78,8.0,0.0,business_hours,True,8.75,17.5,medium,3.0,all_day,False,,23.25,medium,4.425,8.75,17.5,0.0,23.25,True,customer_to_customer
121,Customer_7,Customer_19,6,18,78,57,8.0,5.7775,business_hours,True,8.75,17.5,medium,3.0,all_day,False,,23.5,medium,3.112,8.75,17.5,0.0,23.5,False,customer_to_customer
122,Customer_7,Customer_13,6,12,78,61,8.0,6.6382,business_hours,True,8.75,17.5,medium,3.0,business_hours,True,8.0,19.0,large,7.817,8.75,17.5,8.0,19.0,False,customer_to_customer
123,Customer_7,Customer_60,6,59,78,61,8.0,6.6382,business_hours,True,8.75,17.5,medium,3.0,all_day,False,,23.0,large,5.554,8.75,17.5,0.0,23.0,False,customer_to_customer
124,Customer_7,Customer_6,6,5,78,56,8.0,6.9639,business_hours,True,8.75,17.5,medium,3.0,all_day,False,,23.75,medium,4.742,8.75,17.5,0.0,23.75,False,customer_to_customer
125,Customer_7,Customer_42,6,41,78,56,8.0,6.9639,business_hours,True,8.75,17.5,medium,3.0,all_day,False,,22.75,medium,3.77,8.75,17.5,0.0,22.75,False,customer_to_customer
126,Customer_7,Customer_55,6,54,78,56,8.0,6.9639,business_hours,True,8.75,17.5,medium,3.0,business_hours,True,7.75,17.75,small,1.087,8.75,17.5,7.75,17.75,False,customer_to_customer
127,Customer_7,Customer_39,6,38,78,66,8.0,6.9989,business_hours,True,8.75,17.5,medium,3.0,business_hours,True,8.75,17.75,small,1.672,8.75,17.5,8.75,17.75,False,customer_to_customer
128,Customer_7,Customer_49,6,48,78,66,8.0,6.9989,business_hours,True,8.75,17.5,medium,3.0,all_day,False,,22.75,medium,3.016,8.75,17.5,0.0,22.75,False,customer_to_customer
129,Customer_7,Customer_3,6,2,78,77,8.0,8.4668,business_hours,True,8.75,17.5,medium,3.0,business_hours,True,7.75,18.0,small,1.255,8.75,17.5,7.75,18.0,False,customer_to_customer
130,Customer_7,Customer_33,6,32,78,77,8.0,8.4668,business_hours,True,8.75,17.5,medium,3.0,afternoon_or_evening,True,12.75,21.75,medium,2.203,8.75,17.5,12.75,21.75,False,customer_to_customer
131,Customer_7,Customer_40,6,39,78,77,8.0,8.4668,business_hours,True,8.75,17.5,medium,3.0,business_hours,True,7.75,18.0,large,5.785,8.75,17.5,7.75,18.0,False,customer_to_customer
132,Customer_7,Customer_17,6,16,78,40,8.0,9.6547,business_hours,True,8.75,17.5,medium,3.0,all_day,False,,23.75,medium,3.999,8.75,17.5,0.0,23.75,False,customer_to_customer
133,Customer_7,Customer_31,6,30,78,40,8.0,9.6547,business_hours,True,8.75,17.5,medium,3.0,before_20,False,,20.5,medium,3.168,8.75,17.5,0.0,20.5,False,customer_to_customer
134,Customer_7,Customer_5,6,4,78,19,8.0,10.3496,business_hours,True,8.75,17.5,medium,3.0,business_hours,True,8.0,17.75,medium,4.662,8.75,17.5,8.0,17.75,False,customer_to_customer
135,Customer_7,Customer_34,6,33,78,19,8.0,10.3496,business_hours,True,8.75,17.5,medium,3.0,before_12,False,,11.5,small,1.372,8.75,17.5,0.0,11.5,False,customer_to_customer
136,Customer_7,Customer_20,6,19,78,12,8.0,11.3459,business_hours,True,8.75,17.5,medium,3.0,business_hours,True,8.25,17.75,medium,3.662,8.75,17.5,8.25,17.75,False,customer_to_customer
137,Customer_7,Customer_26,6,25,78,12,8.0,11.3459,business_hours,True,8.75,17.5,medium,3.0,before_20,False,,20.0,large,5.753,8.75,17.5,0.0,20.0,False,customer_to_customer
138,Customer_7,Customer_51,6,50,78,64,8.0,11.6425,business_hours,True,8.75,17.5,medium,3.0,before_20,False,,19.5,small,1.604,8.75,17.5,0.0,19.5,False,customer_to_customer
139,Customer_7,Customer_22,6,21,78,65,8.0,12.5571,business_hours,True,8.75,17.5,medium,3.0,business_hours,True,8.5,17.25,medium,3.604,8.75,17.5,8.5,17.25,False,customer_to_customer
140,Customer_8,Customer_59,7,58,13,13,8.0,0.0,business_hours,True,7.5,19.0,medium,4.333,afternoon_or_evening,True,12.25,22.5,small,1.182,7.5,19.0,12.25,22.5,True,customer_to_customer
141,Customer_8,Customer_2,7,1,13,44,8.0,4.1954,business_hours,True,7.5,19.0,medium,4.333,before_20,False,,19.5,medium,4.395,7.5,19.0,0.0,19.5,False,customer_to_customer
142,Customer_8,Customer_4,7,3,13,44,8.0,4.1954,business_hours,True,7.5,19.0,medium,4.333,before_20,False,,20.0,medium,2.249,7.5,19.0,0.0,20.0,False,customer_to_customer
143,Customer_8,Customer_27,7,26,13,44,8.0,4.1954,business_hours,True,7.5,19.0,medium,4.333,before_20,False,,20.75,large,6.914,7.5,19.0,0.0,20.75,False,customer_to_customer
144,Customer_8,Customer_18,7,17,13,53,8.0,4.9537,business_hours,True,7.5,19.0,medium,4.333,before_18,False,,17.25,small,0.834,7.5,19.0,0.0,17.25,False,customer_to_customer
145,Customer_8,Customer_41,7,40,13,53,8.0,4.9537,business_hours,True,7.5,19.0,medium,4.333,business_hours,True,7.5,17.25,large,5.106,7.5,19.0,7.5,17.25,False,customer_to_customer
146,Customer_8,Customer_52,7,51,13,0,8.0,6.4094,business_hours,True,7.5,19.0,medium,4.333,before_12,False,,11.75,large,6.981,7.5,19.0,0.0,11.75,False,customer_to_customer
147,Customer_8,Customer_46,7,45,13,5,8.0,7.1759,business_hours,True,7.5,19.0,medium,4.333,before_12,False,,12.0,medium,3.084,7.5,19.0,0.0,12.0,False,customer_to_customer
148,Customer_8,Customer_16,7,15,13,18,8.0,8.2831,business_hours,True,7.5,19.0,medium,4.333,before_18,False,,17.25,large,6.366,7.5,19.0,0.0,17.25,False,customer_to_customer
149,Customer_8,Customer_23,7,22,13,79,8.0,8.4169,business_hours,True,7.5,19.0,medium,4.333,before_20,False,,20.25,large,7.501,7.5,19.0,0.0,20.25,False,customer_to_customer
150,Customer_8,Customer_21,7,20,13,24,8.0,8.4669,business_hours,True,7.5,19.0,medium,4.333,before_18,False,,17.5,medium,3.927,7.5,19.0,0.0,17.5,False,customer_to_customer
151,Customer_8,Customer_43,7,42,13,24,8.0,8.4669,business_hours,True,7.5,19.0,medium,4.333,business_hours,True,7.5,17.75,large,7.914,7.5,19.0,7.5,17.75,False,customer_to_customer
152,Customer_8,Customer_30,7,29,13,31,8.0,8.4681,business_hours,True,7.5,19.0,medium,4.333,before_12,False,,13.0,medium,4.581,7.5,19.0,0.0,13.0,False,customer_to_customer
153,Customer_8,Customer_50,7,49,13,42,8.0,8.4787,business_hours,True,7.5,19.0,medium,4.333,all_day,False,,24.0,medium,4.123,7.5,19.0,0.0,24.0,False,customer_to_customer
154,Customer_8,Customer_1,7,0,13,39,8.0,9.5253,business_hours,True,7.5,19.0,medium,4.333,before_20,False,,21.0,large,5.082,7.5,19.0,0.0,21.0,False,customer_to_customer
155,Customer_8,Customer_9,7,8,13,39,8.0,9.5253,business_hours,True,7.5,19.0,medium,4.333,before_20,False,,20.75,small,1.776,7.5,19.0,0.0,20.75,False,customer_to_customer
156,Customer_8,Customer_20,7,19,13,12,8.0,9.6171,business_hours,True,7.5,19.0,medium,4.333,business_hours,True,8.25,17.75,medium,3.662,7.5,19.0,8.25,17.75,False,customer_to_customer
157,Customer_8,Customer_26,7,25,13,12,8.0,9.6171,business_hours,True,7.5,19.0,medium,4.333,before_20,False,,20.0,large,5.753,7.5,19.0,0.0,20.0,False,customer_to_customer
158,Customer_8,Customer_51,7,50,13,64,8.0,9.9948,business_hours,True,7.5,19.0,medium,4.333,before_20,False,,19.5,small,1.604,7.5,19.0,0.0,19.5,False,customer_to_customer
159,Customer_8,Customer_57,7,56,13,17,8.0,10.4172,business_hours,True,7.5,19.0,medium,4.333,before_18,False,,17.25,medium,4.186,7.5,19.0,0.0,17.25,False,customer_to_customer
160,Customer_9,Customer_1,8,0,39,39,8.0,0.0,before_20,False,,20.75,small,1.776,before_20,False,,21.0,large,5.082,0.0,20.75,0.0,21.0,True,customer_to_customer
161,Customer_9,Customer_51,8,50,39,64,8.0,2.7363,before_20,False,,20.75,small,1.776,before_20,False,,19.5,small,1.604,0.0,20.75,0.0,19.5,False,customer_to_customer
162,Customer_9,Customer_20,8,19,39,12,8.0,3.4657,before_20,False,,20.75,small,1.776,business_hours,True,8.25,17.75,medium,3.662,0.0,20.75,8.25,17.75,False,customer_to_customer
163,Customer_9,Customer_26,8,25,39,12,8.0,3.4657,before_20,False,,20.75,small,1.776,before_20,False,,20.0,large,5.753,0.0,20.75,0.0,20.0,False,customer_to_customer
164,Customer_9,Customer_10,8,9,39,29,8.0,3.7841,before_20,False,,20.75,small,1.776,before_20,False,,20.5,medium,2.955,0.0,20.75,0.0,20.5,False,customer_to_customer
165,Customer_9,Customer_23,8,22,39,79,8.0,4.3071,before_20,False,,20.75,small,1.776,before_20,False,,20.25,large,7.501,0.0,20.75,0.0,20.25,False,customer_to_customer
166,Customer_9,Customer_5,8,4,39,19,8.0,4.8241,before_20,False,,20.75,small,1.776,business_hours,True,8.0,17.75,medium,4.662,0.0,20.75,8.0,17.75,False,customer_to_customer
167,Customer_9,Customer_34,8,33,39,19,8.0,4.8241,before_20,False,,20.75,small,1.776,before_12,False,,11.5,small,1.372,0.0,20.75,0.0,11.5,False,customer_to_customer
168,Customer_9,Customer_3,8,2,39,77,8.0,5.7537,before_20,False,,20.75,small,1.776,business_hours,True,7.75,18.0,small,1.255,0.0,20.75,7.75,18.0,False,customer_to_customer
169,Customer_9,Customer_33,8,32,39,77,8.0,5.7537,before_20,False,,20.75,small,1.776,afternoon_or_evening,True,12.75,21.75,medium,2.203,0.0,20.75,12.75,21.75,False,customer_to_customer
170,Customer_9,Customer_40,8,39,39,77,8.0,5.7537,before_20,False,,20.75,small,1.776,business_hours,True,7.75,18.0,large,5.785,0.0,20.75,7.75,18.0,False,customer_to_customer
171,Customer_9,Customer_14,8,13,39,6,8.0,7.0213,before_20,False,,20.75,small,1.776,all_day,False,,22.75,large,6.263,0.0,20.75,0.0,22.75,False,customer_to_customer
172,Customer_9,Customer_18,8,17,39,53,8.0,7.1933,before_20,False,,20.75,small,1.776,before_18,False,,17.25,small,0.834,0.0,20.75,0.0,17.25,False,customer_to_customer
173,Customer_9,Customer_41,8,40,39,53,8.0,7.1933,before_20,False,,20.75,small,1.776,business_hours,True,7.5,17.25,large,5.106,0.0,20.75,7.5,17.25,False,customer_to_customer
174,Customer_9,Customer_29,8,28,39,20,8.0,9.2251,before_20,False,,20.75,small,1.776,business_hours,True,8.75,18.25,medium,4.375,0.0,20.75,8.75,18.25,False,customer_to_customer
175,Customer_9,Customer_8,8,7,39,13,8.0,9.5253,before_20,False,,20.75,small,1.776,business_hours,True,7.5,19.0,medium,4.333,0.0,20.75,7.5,19.0,False,customer_to_customer
176,Customer_9,Customer_59,8,58,39,13,8.0,9.5253,before_20,False,,20.75,small,1.776,afternoon_or_evening,True,12.25,22.5,small,1.182,0.0,20.75,12.25,22.5,False,customer_to_customer
177,Customer_9,Customer_21,8,20,39,24,8.0,9.6232,before_20,False,,20.75,small,1.776,before_18,False,,17.5,medium,3.927,0.0,20.75,0.0,17.5,False,customer_to_customer
178,Customer_9,Customer_43,8,42,39,24,8.0,9.6232,before_20,False,,20.75,small,1.776,business_hours,True,7.5,17.75,large,7.914,0.0,20.75,7.5,17.75,False,customer_to_customer
179,Customer_9,Customer_52,8,51,39,0,8.0,10.1809,before_20,False,,20.75,small,1.776,before_12,False,,11.75,large,6.981,0.0,20.75,0.0,11.75,False,customer_to_customer
180,Customer_10,Customer_1,9,0,29,39,8.0,3.7841,before_20,False,,20.5,medium,2.955,before_20,False,,21.0,large,5.082,0.0,20.5,0.0,21.0,False,customer_to_customer
181,Customer_10,Customer_9,9,8,29,39,8.0,3.7841,before_20,False,,20.5,medium,2.955,before_20,False,,20.75,small,1.776,0.0,20.5,0.0,20.75,False,customer_to_customer
182,Customer_10,Customer_5,9,4,29,19,8.0,4.2684,before_20,False,,20.5,medium,2.955,business_hours,True,8.0,17.75,medium,4.662,0.0,20.5,8.0,17.75,False,customer_to_customer
183,Customer_10,Customer_34,9,33,29,19,8.0,4.2684,before_20,False,,20.5,medium,2.955,before_12,False,,11.5,small,1.372,0.0,20.5,0.0,11.5,False,customer_to_customer
184,Customer_10,Customer_51,9,50,29,64,8.0,5.362,before_20,False,,20.5,medium,2.955,before_20,False,,19.5,small,1.604,0.0,20.5,0.0,19.5,False,customer_to_customer
185,Customer_10,Customer_23,9,22,29,79,8.0,6.0462,before_20,False,,20.5,medium,2.955,before_20,False,,20.25,large,7.501,0.0,20.5,0.0,20.25,False,customer_to_customer
186,Customer_10,Customer_20,9,19,29,12,8.0,6.2923,before_20,False,,20.5,medium,2.955,business_hours,True,8.25,17.75,medium,3.662,0.0,20.5,8.25,17.75,False,customer_to_customer
187,Customer_10,Customer_26,9,25,29,12,8.0,6.2923,before_20,False,,20.5,medium,2.955,before_20,False,,20.0,large,5.753,0.0,20.5,0.0,20.0,False,customer_to_customer
188,Customer_10,Customer_14,9,13,29,6,8.0,7.1213,before_20,False,,20.5,medium,2.955,all_day,False,,22.75,large,6.263,0.0,20.5,0.0,22.75,False,customer_to_customer
189,Customer_10,Customer_3,9,2,29,77,8.0,7.1662,before_20,False,,20.5,medium,2.955,business_hours,True,7.75,18.0,small,1.255,0.0,20.5,7.75,18.0,False,customer_to_customer
190,Customer_10,Customer_33,9,32,29,77,8.0,7.1662,before_20,False,,20.5,medium,2.955,afternoon_or_evening,True,12.75,21.75,medium,2.203,0.0,20.5,12.75,21.75,False,customer_to_customer
191,Customer_10,Customer_40,9,39,29,77,8.0,7.1662,before_20,False,,20.5,medium,2.955,business_hours,True,7.75,18.0,large,5.785,0.0,20.5,7.75,18.0,False,customer_to_customer
192,Customer_10,Customer_29,9,28,29,20,8.0,9.5645,before_20,False,,20.5,medium,2.955,business_hours,True,8.75,18.25,medium,4.375,0.0,20.5,8.75,18.25,False,customer_to_customer
193,Customer_10,Customer_18,9,17,29,53,8.0,10.9455,before_20,False,,20.5,medium,2.955,before_18,False,,17.25,small,0.834,0.0,20.5,0.0,17.25,False,customer_to_customer
194,Customer_10,Customer_41,9,40,29,53,8.0,10.9455,before_20,False,,20.5,medium,2.955,business_hours,True,7.5,17.25,large,5.106,0.0,20.5,7.5,17.25,False,customer_to_customer
195,Customer_10,Customer_21,9,20,29,24,8.0,11.2736,before_20,False,,20.5,medium,2.955,before_18,False,,17.5,medium,3.927,0.0,20.5,0.0,17.5,False,customer_to_customer
196,Customer_10,Customer_43,9,42,29,24,8.0,11.2736,before_20,False,,20.5,medium,2.955,business_hours,True,7.5,17.75,large,7.914,0.0,20.5,7.5,17.75,False,customer_to_customer
197,Customer_10,Customer_52,9,51,29,0,8.0,12.546,before_20,False,,20.5,medium,2.955,before_12,False,,11.75,large,6.981,0.0,20.5,0.0,11.75,False,customer_to_customer
198,Customer_10,Customer_19,9,18,29,57,8.0,12.7933,before_20,False,,20.5,medium,2.955,all_day,False,,23.5,medium,3.112,0.0,20.5,0.0,23.5,False,customer_to_customer
199,Customer_10,Customer_8,9,7,29,13,8.0,13.1206,before_20,False,,20.5,medium,2.955,business_hours,True,7.5,19.0,medium,4.333,0.0,20.5,7.5,19.0,False,customer_to_customer
200,Customer_11,Customer_44,10,43,10,46,8.0,2.9738,before_18,False,,18.0,small,1.544,all_day,False,,23.25,small,1.962,0.0,18.0,0.0,23.25,False,customer_to_customer
201,Customer_11,Customer_47,10,46,10,43,8.0,3.1191,before_18,False,,18.0,small,1.544,all_day,False,,23.75,small,0.746,0.0,18.0,0.0,23.75,False,customer_to_customer
202,Customer_11,Customer_28,10,27,10,38,8.0,3.96,before_18,False,,18.0,small,1.544,before_20,False,,20.75,medium,4.186,0.0,18.0,0.0,20.75,False,customer_to_customer
203,Customer_11,Customer_12,10,11,10,67,8.0,4.2571,before_18,False,,18.0,small,1.544,afternoon_or_evening,True,12.5,23.0,large,5.593,0.0,18.0,12.5,23.0,False,customer_to_customer
204,Customer_11,Customer_15,10,14,10,74,8.0,6.5578,before_18,False,,18.0,small,1.544,business_hours,True,7.5,17.25,large,7.293,0.0,18.0,7.5,17.25,False,customer_to_customer
205,Customer_11,Customer_25,10,24,10,34,8.0,6.8151,before_18,False,,18.0,small,1.544,before_18,False,,17.25,medium,4.457,0.0,18.0,0.0,17.25,False,customer_to_customer
206,Customer_11,Customer_57,10,56,10,17,8.0,7.3877,before_18,False,,18.0,small,1.544,before_18,False,,17.25,medium,4.186,0.0,18.0,0.0,17.25,False,customer_to_customer
207,Customer_11,Customer_24,10,23,10,47,8.0,7.5643,before_18,False,,18.0,small,1.544,before_20,False,,20.25,medium,3.852,0.0,18.0,0.0,20.25,False,customer_to_customer
208,Customer_11,Customer_35,10,34,10,73,8.0,8.2153,before_18,False,,18.0,small,1.544,afternoon_or_evening,True,12.0,23.25,large,5.08,0.0,18.0,12.0,23.25,False,customer_to_customer
209,Customer_11,Customer_58,10,57,10,73,8.0,8.2153,before_18,False,,18.0,small,1.544,before_20,False,,20.0,small,1.92,0.0,18.0,0.0,20.0,False,customer_to_customer
210,Customer_11,Customer_22,10,21,10,65,8.0,8.9195,before_18,False,,18.0,small,1.544,business_hours,True,8.5,17.25,medium,3.604,0.0,18.0,8.5,17.25,False,customer_to_customer
211,Customer_11,Customer_50,10,49,10,42,8.0,9.6123,before_18,False,,18.0,small,1.544,all_day,False,,24.0,medium,4.123,0.0,18.0,0.0,24.0,False,customer_to_customer
212,Customer_11,Customer_30,10,29,10,31,8.0,9.6247,before_18,False,,18.0,small,1.544,before_12,False,,13.0,medium,4.581,0.0,18.0,0.0,13.0,False,customer_to_customer
213,Customer_11,Customer_16,10,15,10,18,8.0,9.7999,before_18,False,,18.0,small,1.544,before_18,False,,17.25,large,6.366,0.0,18.0,0.0,17.25,False,customer_to_customer
214,Customer_11,Customer_48,10,47,10,27,8.0,10.9988,before_18,False,,18.0,small,1.544,before_20,False,,19.25,medium,2.11,0.0,18.0,0.0,19.25,False,customer_to_customer
215,Customer_11,Customer_53,10,52,10,15,8.0,11.4102,before_18,False,,18.0,small,1.544,business_hours,True,7.5,19.0,medium,2.769,0.0,18.0,7.5,19.0,False,customer_to_customer
216,Customer_11,Customer_37,10,36,10,75,8.0,11.719,before_18,False,,18.0,small,1.544,before_20,False,,20.0,small,1.664,0.0,18.0,0.0,20.0,False,customer_to_customer
217,Customer_11,Customer_54,10,53,10,75,8.0,11.719,before_18,False,,18.0,small,1.544,before_20,False,,19.5,small,1.304,0.0,18.0,0.0,19.5,False,customer_to_customer
218,Customer_11,Customer_17,10,16,10,40,8.0,12.6686,before_18,False,,18.0,small,1.544,all_day,False,,23.75,medium,3.999,0.0,18.0,0.0,23.75,False,customer_to_customer
219,Customer_11,Customer_31,10,30,10,40,8.0,12.6686,before_18,False,,18.0,small,1.544,before_20,False,,20.5,medium,3.168,0.0,18.0,0.0,20.5,False,customer_to_customer
220,Customer_12,Customer_47,11,46,67,43,8.0,1.2115,afternoon_or_evening,True,12.5,23.0,large,5.593,all_day,False,,23.75,small,0.746,12.5,23.0,0.0,23.75,False,customer_to_customer
221,Customer_12,Customer_28,11,27,67,38,8.0,3.2184,afternoon_or_evening,True,12.5,23.0,large,5.593,before_20,False,,20.75,medium,4.186,12.5,23.0,0.0,20.75,False,customer_to_customer
222,Customer_12,Customer_11,11,10,67,10,8.0,4.2571,afternoon_or_evening,True,12.5,23.0,large,5.593,before_18,False,,18.0,small,1.544,12.5,23.0,0.0,18.0,False,customer_to_customer
223,Customer_12,Customer_35,11,34,67,73,8.0,4.6593,afternoon_or_evening,True,12.5,23.0,large,5.593,afternoon_or_evening,True,12.0,23.25,large,5.08,12.5,23.0,12.0,23.25,False,customer_to_customer
224,Customer_12,Customer_58,11,57,67,73,8.0,4.6593,afternoon_or_evening,True,12.5,23.0,large,5.593,before_20,False,,20.0,small,1.92,12.5,23.0,0.0,20.0,False,customer_to_customer
225,Customer_12,Customer_44,11,43,67,46,8.0,5.0369,afternoon_or_evening,True,12.5,23.0,large,5.593,all_day,False,,23.25,small,1.962,12.5,23.0,0.0,23.25,False,customer_to_customer
226,Customer_12,Customer_37,11,36,67,75,8.0,8.0569,afternoon_or_evening,True,12.5,23.0,large,5.593,before_20,False,,20.0,small,1.664,12.5,23.0,0.0,20.0,False,customer_to_customer
227,Customer_12,Customer_54,11,53,67,75,8.0,8.0569,afternoon_or_evening,True,12.5,23.0,large,5.593,before_20,False,,19.5,small,1.304,12.5,23.0,0.0,19.5,False,customer_to_customer
228,Customer_12,Customer_53,11,52,67,15,8.0,8.6618,afternoon_or_evening,True,12.5,23.0,large,5.593,business_hours,True,7.5,19.0,medium,2.769,12.5,23.0,7.5,19.0,False,customer_to_customer
229,Customer_12,Customer_25,11,24,67,34,8.0,9.9209,afternoon_or_evening,True,12.5,23.0,large,5.593,before_18,False,,17.25,medium,4.457,12.5,23.0,0.0,17.25,False,customer_to_customer
230,Customer_12,Customer_24,11,23,67,47,8.0,10.4689,afternoon_or_evening,True,12.5,23.0,large,5.593,before_20,False,,20.25,medium,3.852,12.5,23.0,0.0,20.25,False,customer_to_customer
231,Customer_12,Customer_15,11,14,67,74,8.0,10.7899,afternoon_or_evening,True,12.5,23.0,large,5.593,business_hours,True,7.5,17.25,large,7.293,12.5,23.0,7.5,17.25,False,customer_to_customer
232,Customer_12,Customer_57,11,56,67,17,8.0,11.5542,afternoon_or_evening,True,12.5,23.0,large,5.593,before_18,False,,17.25,medium,4.186,12.5,23.0,0.0,17.25,False,customer_to_customer
233,Customer_12,Customer_22,11,21,67,65,8.0,11.9528,afternoon_or_evening,True,12.5,23.0,large,5.593,business_hours,True,8.5,17.25,medium,3.604,12.5,23.0,8.5,17.25,False,customer_to_customer
234,Customer_12,Customer_17,11,16,67,40,8.0,13.2577,afternoon_or_evening,True,12.5,23.0,large,5.593,all_day,False,,23.75,medium,3.999,12.5,23.0,0.0,23.75,False,customer_to_customer
235,Customer_12,Customer_31,11,30,67,40,8.0,13.2577,afternoon_or_evening,True,12.5,23.0,large,5.593,before_20,False,,20.5,medium,3.168,12.5,23.0,0.0,20.5,False,customer_to_customer
236,Customer_12,Customer_50,11,49,67,42,8.0,13.6758,afternoon_or_evening,True,12.5,23.0,large,5.593,all_day,False,,24.0,medium,4.123,12.5,23.0,0.0,24.0,False,customer_to_customer
237,Customer_12,Customer_30,11,29,67,31,8.0,13.8817,afternoon_or_evening,True,12.5,23.0,large,5.593,before_12,False,,13.0,medium,4.581,12.5,23.0,0.0,13.0,False,customer_to_customer
238,Customer_12,Customer_16,11,15,67,18,8.0,14.0567,afternoon_or_evening,True,12.5,23.0,large,5.593,before_18,False,,17.25,large,6.366,12.5,23.0,0.0,17.25,False,customer_to_customer
239,Customer_12,Customer_48,11,47,67,27,8.0,14.5382,afternoon_or_evening,True,12.5,23.0,large,5.593,before_20,False,,19.25,medium,2.11,12.5,23.0,0.0,19.25,False,customer_to_customer
240,Customer_13,Customer_60,12,59,61,61,8.0,0.0,business_hours,True,8.0,19.0,large,7.817,all_day,False,,23.0,large,5.554,8.0,19.0,0.0,23.0,True,customer_to_customer
241,Customer_13,Customer_39,12,38,61,66,8.0,2.1932,business_hours,True,8.0,19.0,large,7.817,business_hours,True,8.75,17.75,small,1.672,8.0,19.0,8.75,17.75,False,customer_to_customer
242,Customer_13,Customer_49,12,48,61,66,8.0,2.1932,business_hours,True,8.0,19.0,large,7.817,all_day,False,,22.75,medium,3.016,8.0,19.0,0.0,22.75,False,customer_to_customer
243,Customer_13,Customer_19,12,18,61,57,8.0,3.2917,business_hours,True,8.0,19.0,large,7.817,all_day,False,,23.5,medium,3.112,8.0,19.0,0.0,23.5,False,customer_to_customer
244,Customer_13,Customer_17,12,16,61,40,8.0,4.9952,business_hours,True,8.0,19.0,large,7.817,all_day,False,,23.75,medium,3.999,8.0,19.0,0.0,23.75,False,customer_to_customer
245,Customer_13,Customer_31,12,30,61,40,8.0,4.9952,business_hours,True,8.0,19.0,large,7.817,before_20,False,,20.5,medium,3.168,8.0,19.0,0.0,20.5,False,customer_to_customer
246,Customer_13,Customer_22,12,21,61,65,8.0,6.1309,business_hours,True,8.0,19.0,large,7.817,business_hours,True,8.5,17.25,medium,3.604,8.0,19.0,8.5,17.25,False,customer_to_customer
247,Customer_13,Customer_7,12,6,61,78,8.0,6.6382,business_hours,True,8.0,19.0,large,7.817,business_hours,True,8.75,17.5,medium,3.0,8.0,19.0,8.75,17.5,False,customer_to_customer
248,Customer_13,Customer_38,12,37,61,78,8.0,6.6382,business_hours,True,8.0,19.0,large,7.817,all_day,False,,23.25,medium,4.425,8.0,19.0,0.0,23.25,False,customer_to_customer
249,Customer_13,Customer_24,12,23,61,47,8.0,6.8822,business_hours,True,8.0,19.0,large,7.817,before_20,False,,20.25,medium,3.852,8.0,19.0,0.0,20.25,False,customer_to_customer
250,Customer_13,Customer_25,12,24,61,34,8.0,7.7537,business_hours,True,8.0,19.0,large,7.817,before_18,False,,17.25,medium,4.457,8.0,19.0,0.0,17.25,False,customer_to_customer
251,Customer_13,Customer_3,12,2,61,77,8.0,8.9092,business_hours,True,8.0,19.0,large,7.817,business_hours,True,7.75,18.0,small,1.255,8.0,19.0,7.75,18.0,False,customer_to_customer
252,Customer_13,Customer_33,12,32,61,77,8.0,8.9092,business_hours,True,8.0,19.0,large,7.817,afternoon_or_evening,True,12.75,21.75,medium,2.203,8.0,19.0,12.75,21.75,False,customer_to_customer
253,Customer_13,Customer_40,12,39,61,77,8.0,8.9092,business_hours,True,8.0,19.0,large,7.817,business_hours,True,7.75,18.0,large,5.785,8.0,19.0,7.75,18.0,False,customer_to_customer
254,Customer_13,Customer_6,12,5,61,56,8.0,9.4371,business_hours,True,8.0,19.0,large,7.817,all_day,False,,23.75,medium,4.742,8.0,19.0,0.0,23.75,False,customer_to_customer
255,Customer_13,Customer_42,12,41,61,56,8.0,9.4371,business_hours,True,8.0,19.0,large,7.817,all_day,False,,22.75,medium,3.77,8.0,19.0,0.0,22.75,False,customer_to_customer
256,Customer_13,Customer_55,12,54,61,56,8.0,9.4371,business_hours,True,8.0,19.0,large,7.817,business_hours,True,7.75,17.75,small,1.087,8.0,19.0,7.75,17.75,False,customer_to_customer
257,Customer_13,Customer_20,12,19,61,12,8.0,10.5702,business_hours,True,8.0,19.0,large,7.817,business_hours,True,8.25,17.75,medium,3.662,8.0,19.0,8.25,17.75,False,customer_to_customer
258,Customer_13,Customer_26,12,25,61,12,8.0,10.5702,business_hours,True,8.0,19.0,large,7.817,before_20,False,,20.0,large,5.753,8.0,19.0,0.0,20.0,False,customer_to_customer
259,Customer_13,Customer_50,12,49,61,42,8.0,10.7711,business_hours,True,8.0,19.0,large,7.817,all_day,False,,24.0,medium,4.123,8.0,19.0,0.0,24.0,False,customer_to_customer
260,Customer_14,Customer_29,13,28,6,20,8.0,2.4437,all_day,False,,22.75,large,6.263,business_hours,True,8.75,18.25,medium,4.375,0.0,22.75,8.75,18.25,False,customer_to_customer
261,Customer_14,Customer_23,13,22,6,79,8.0,3.3489,all_day,False,,22.75,large,6.263,before_20,False,,20.25,large,7.501,0.0,22.75,0.0,20.25,False,customer_to_customer
262,Customer_14,Customer_21,13,20,6,24,8.0,5.0031,all_day,False,,22.75,large,6.263,before_18,False,,17.5,medium,3.927,0.0,22.75,0.0,17.5,False,customer_to_customer
263,Customer_14,Customer_43,13,42,6,24,8.0,5.0031,all_day,False,,22.75,large,6.263,business_hours,True,7.5,17.75,large,7.914,0.0,22.75,7.5,17.75,False,customer_to_customer
264,Customer_14,Customer_1,13,0,6,39,8.0,7.0213,all_day,False,,22.75,large,6.263,before_20,False,,21.0,large,5.082,0.0,22.75,0.0,21.0,False,customer_to_customer
265,Customer_14,Customer_9,13,8,6,39,8.0,7.0213,all_day,False,,22.75,large,6.263,before_20,False,,20.75,small,1.776,0.0,22.75,0.0,20.75,False,customer_to_customer
266,Customer_14,Customer_10,13,9,6,29,8.0,7.1213,all_day,False,,22.75,large,6.263,before_20,False,,20.5,medium,2.955,0.0,22.75,0.0,20.5,False,customer_to_customer
267,Customer_14,Customer_52,13,51,6,0,8.0,7.1814,all_day,False,,22.75,large,6.263,before_12,False,,11.75,large,6.981,0.0,22.75,0.0,11.75,False,customer_to_customer
268,Customer_14,Customer_51,13,50,6,64,8.0,9.7484,all_day,False,,22.75,large,6.263,before_20,False,,19.5,small,1.604,0.0,22.75,0.0,19.5,False,customer_to_customer
269,Customer_14,Customer_20,13,19,6,12,8.0,10.3931,all_day,False,,22.75,large,6.263,business_hours,True,8.25,17.75,medium,3.662,0.0,22.75,8.25,17.75,False,customer_to_customer
270,Customer_14,Customer_26,13,25,6,12,8.0,10.3931,all_day,False,,22.75,large,6.263,before_20,False,,20.0,large,5.753,0.0,22.75,0.0,20.0,False,customer_to_customer
271,Customer_14,Customer_5,13,4,6,19,8.0,10.9336,all_day,False,,22.75,large,6.263,business_hours,True,8.0,17.75,medium,4.662,0.0,22.75,8.0,17.75,False,customer_to_customer
272,Customer_14,Customer_34,13,33,6,19,8.0,10.9336,all_day,False,,22.75,large,6.263,before_12,False,,11.5,small,1.372,0.0,22.75,0.0,11.5,False,customer_to_customer
273,Customer_14,Customer_8,13,7,6,13,8.0,11.0831,all_day,False,,22.75,large,6.263,business_hours,True,7.5,19.0,medium,4.333,0.0,22.75,7.5,19.0,False,customer_to_customer
274,Customer_14,Customer_59,13,58,6,13,8.0,11.0831,all_day,False,,22.75,large,6.263,afternoon_or_evening,True,12.25,22.5,small,1.182,0.0,22.75,12.25,22.5,False,customer_to_customer
275,Customer_14,Customer_18,13,17,6,53,8.0,11.8693,all_day,False,,22.75,large,6.263,before_18,False,,17.25,small,0.834,0.0,22.75,0.0,17.25,False,customer_to_customer
276,Customer_14,Customer_41,13,40,6,53,8.0,11.8693,all_day,False,,22.75,large,6.263,business_hours,True,7.5,17.25,large,5.106,0.0,22.75,7.5,17.25,False,customer_to_customer
277,Customer_14,Customer_3,13,2,6,77,8.0,12.7371,all_day,False,,22.75,large,6.263,business_hours,True,7.75,18.0,small,1.255,0.0,22.75,7.75,18.0,False,customer_to_customer
278,Customer_14,Customer_33,13,32,6,77,8.0,12.7371,all_day,False,,22.75,large,6.263,afternoon_or_evening,True,12.75,21.75,medium,2.203,0.0,22.75,12.75,21.75,False,customer_to_customer
279,Customer_14,Customer_40,13,39,6,77,8.0,12.7371,all_day,False,,22.75,large,6.263,business_hours,True,7.75,18.0,large,5.785,0.0,22.75,7.75,18.0,False,customer_to_customer
280,Customer_15,Customer_57,14,56,74,17,8.0,2.8779,business_hours,True,7.5,17.25,large,7.293,before_18,False,,17.25,medium,4.186,7.5,17.25,0.0,17.25,False,customer_to_customer
281,Customer_15,Customer_30,14,29,74,31,8.0,3.2857,business_hours,True,7.5,17.25,large,7.293,before_12,False,,13.0,medium,4.581,7.5,17.25,0.0,13.0,False,customer_to_customer
282,Customer_15,Customer_16,14,15,74,18,8.0,3.4708,business_hours,True,7.5,17.25,large,7.293,before_18,False,,17.25,large,6.366,7.5,17.25,0.0,17.25,False,customer_to_customer
283,Customer_15,Customer_50,14,49,74,42,8.0,4.9896,business_hours,True,7.5,17.25,large,7.293,all_day,False,,24.0,medium,4.123,7.5,17.25,0.0,24.0,False,customer_to_customer
284,Customer_15,Customer_48,14,47,74,27,8.0,6.4036,business_hours,True,7.5,17.25,large,7.293,before_20,False,,19.25,medium,2.11,7.5,17.25,0.0,19.25,False,customer_to_customer
285,Customer_15,Customer_11,14,10,74,10,8.0,6.5578,business_hours,True,7.5,17.25,large,7.293,before_18,False,,18.0,small,1.544,7.5,17.25,0.0,18.0,False,customer_to_customer
286,Customer_15,Customer_25,14,24,74,34,8.0,6.9194,business_hours,True,7.5,17.25,large,7.293,before_18,False,,17.25,medium,4.457,7.5,17.25,0.0,17.25,False,customer_to_customer
287,Customer_15,Customer_24,14,23,74,47,8.0,7.7216,business_hours,True,7.5,17.25,large,7.293,before_20,False,,20.25,medium,3.852,7.5,17.25,0.0,20.25,False,customer_to_customer
288,Customer_15,Customer_44,14,43,74,46,8.0,7.7256,business_hours,True,7.5,17.25,large,7.293,all_day,False,,23.25,small,1.962,7.5,17.25,0.0,23.25,False,customer_to_customer
289,Customer_15,Customer_22,14,21,74,65,8.0,8.1654,business_hours,True,7.5,17.25,large,7.293,business_hours,True,8.5,17.25,medium,3.604,7.5,17.25,8.5,17.25,False,customer_to_customer
290,Customer_15,Customer_2,14,1,74,44,8.0,8.2576,business_hours,True,7.5,17.25,large,7.293,before_20,False,,19.5,medium,4.395,7.5,17.25,0.0,19.5,False,customer_to_customer
291,Customer_15,Customer_4,14,3,74,44,8.0,8.2576,business_hours,True,7.5,17.25,large,7.293,before_20,False,,20.0,medium,2.249,7.5,17.25,0.0,20.0,False,customer_to_customer
292,Customer_15,Customer_27,14,26,74,44,8.0,8.2576,business_hours,True,7.5,17.25,large,7.293,before_20,False,,20.75,large,6.914,7.5,17.25,0.0,20.75,False,customer_to_customer
293,Customer_15,Customer_28,14,27,74,38,8.0,9.4486,business_hours,True,7.5,17.25,large,7.293,before_20,False,,20.75,medium,4.186,7.5,17.25,0.0,20.75,False,customer_to_customer
294,Customer_15,Customer_46,14,45,74,5,8.0,9.533,business_hours,True,7.5,17.25,large,7.293,before_12,False,,12.0,medium,3.084,7.5,17.25,0.0,12.0,False,customer_to_customer
295,Customer_15,Customer_47,14,46,74,43,8.0,9.6092,business_hours,True,7.5,17.25,large,7.293,all_day,False,,23.75,small,0.746,7.5,17.25,0.0,23.75,False,customer_to_customer
296,Customer_15,Customer_36,14,35,74,68,8.0,9.9026,business_hours,True,7.5,17.25,large,7.293,all_day,False,,23.0,large,7.781,7.5,17.25,0.0,23.0,False,customer_to_customer
297,Customer_15,Customer_45,14,44,74,68,8.0,9.9026,business_hours,True,7.5,17.25,large,7.293,before_20,False,,20.75,small,1.204,7.5,17.25,0.0,20.75,False,customer_to_customer
298,Customer_15,Customer_56,14,55,74,68,8.0,9.9026,business_hours,True,7.5,17.25,large,7.293,before_18,False,,19.0,medium,2.573,7.5,17.25,0.0,19.0,False,customer_to_customer
299,Customer_15,Customer_12,14,11,74,67,8.0,10.7899,business_hours,True,7.5,17.25,large,7.293,afternoon_or_evening,True,12.5,23.0,large,5.593,7.5,17.25,12.5,23.0,False,customer_to_customer
300,Customer_16,Customer_30,15,29,18,31,8.0,0.1852,before_18,False,,17.25,large,6.366,before_12,False,,13.0,medium,4.581,0.0,17.25,0.0,13.0,False,customer_to_customer
301,Customer_16,Customer_57,15,56,18,17,8.0,3.1783,before_18,False,,17.25,large,6.366,before_18,False,,17.25,medium,4.186,0.0,17.25,0.0,17.25,False,customer_to_customer
302,Customer_16,Customer_50,15,49,18,42,8.0,3.3608,before_18,False,,17.25,large,6.366,all_day,False,,24.0,medium,4.123,0.0,17.25,0.0,24.0,False,customer_to_customer
303,Customer_16,Customer_15,15,14,18,74,8.0,3.4708,before_18,False,,17.25,large,6.366,business_hours,True,7.5,17.25,large,7.293,0.0,17.25,7.5,17.25,False,customer_to_customer
304,Customer_16,Customer_2,15,1,18,44,8.0,4.8851,before_18,False,,17.25,large,6.366,before_20,False,,19.5,medium,4.395,0.0,17.25,0.0,19.5,False,customer_to_customer
305,Customer_16,Customer_4,15,3,18,44,8.0,4.8851,before_18,False,,17.25,large,6.366,before_20,False,,20.0,medium,2.249,0.0,17.25,0.0,20.0,False,customer_to_customer
306,Customer_16,Customer_27,15,26,18,44,8.0,4.8851,before_18,False,,17.25,large,6.366,before_20,False,,20.75,large,6.914,0.0,17.25,0.0,20.75,False,customer_to_customer
307,Customer_16,Customer_46,15,45,18,5,8.0,6.9557,before_18,False,,17.25,large,6.366,before_12,False,,12.0,medium,3.084,0.0,17.25,0.0,12.0,False,customer_to_customer
308,Customer_16,Customer_48,15,47,18,27,8.0,7.2668,before_18,False,,17.25,large,6.366,before_20,False,,19.25,medium,2.11,0.0,17.25,0.0,19.25,False,customer_to_customer
309,Customer_16,Customer_25,15,24,18,34,8.0,7.9295,before_18,False,,17.25,large,6.366,before_18,False,,17.25,medium,4.457,0.0,17.25,0.0,17.25,False,customer_to_customer
310,Customer_16,Customer_18,15,17,18,53,8.0,8.2067,before_18,False,,17.25,large,6.366,before_18,False,,17.25,small,0.834,0.0,17.25,0.0,17.25,False,customer_to_customer
311,Customer_16,Customer_41,15,40,18,53,8.0,8.2067,before_18,False,,17.25,large,6.366,business_hours,True,7.5,17.25,large,5.106,0.0,17.25,7.5,17.25,False,customer_to_customer
312,Customer_16,Customer_8,15,7,18,13,8.0,8.2831,before_18,False,,17.25,large,6.366,business_hours,True,7.5,19.0,medium,4.333,0.0,17.25,7.5,19.0,False,customer_to_customer
313,Customer_16,Customer_59,15,58,18,13,8.0,8.2831,before_18,False,,17.25,large,6.366,afternoon_or_evening,True,12.25,22.5,small,1.182,0.0,17.25,12.25,22.5,False,customer_to_customer
314,Customer_16,Customer_22,15,21,18,65,8.0,8.3311,before_18,False,,17.25,large,6.366,business_hours,True,8.5,17.25,medium,3.604,0.0,17.25,8.5,17.25,False,customer_to_customer
315,Customer_16,Customer_24,15,23,18,47,8.0,8.5125,before_18,False,,17.25,large,6.366,before_20,False,,20.25,medium,3.852,0.0,17.25,0.0,20.25,False,customer_to_customer
316,Customer_16,Customer_36,15,35,18,68,8.0,9.0406,before_18,False,,17.25,large,6.366,all_day,False,,23.0,large,7.781,0.0,17.25,0.0,23.0,False,customer_to_customer
317,Customer_16,Customer_45,15,44,18,68,8.0,9.0406,before_18,False,,17.25,large,6.366,before_20,False,,20.75,small,1.204,0.0,17.25,0.0,20.75,False,customer_to_customer
318,Customer_16,Customer_56,15,55,18,68,8.0,9.0406,before_18,False,,17.25,large,6.366,before_18,False,,19.0,medium,2.573,0.0,17.25,0.0,19.0,False,customer_to_customer
319,Customer_16,Customer_11,15,10,18,10,8.0,9.7999,before_18,False,,17.25,large,6.366,before_18,False,,18.0,small,1.544,0.0,17.25,0.0,18.0,False,customer_to_customer
320,Customer_17,Customer_31,16,30,40,40,8.0,0.0,all_day,False,,23.75,medium,3.999,before_20,False,,20.5,medium,3.168,0.0,23.75,0.0,20.5,True,customer_to_customer
321,Customer_17,Customer_13,16,12,40,61,8.0,4.9952,all_day,False,,23.75,medium,3.999,business_hours,True,8.0,19.0,large,7.817,0.0,23.75,8.0,19.0,False,customer_to_customer
322,Customer_17,Customer_60,16,59,40,61,8.0,4.9952,all_day,False,,23.75,medium,3.999,all_day,False,,23.0,large,5.554,0.0,23.75,0.0,23.0,False,customer_to_customer
323,Customer_17,Customer_39,16,38,40,66,8.0,7.0805,all_day,False,,23.75,medium,3.999,business_hours,True,8.75,17.75,small,1.672,0.0,23.75,8.75,17.75,False,customer_to_customer
324,Customer_17,Customer_49,16,48,40,66,8.0,7.0805,all_day,False,,23.75,medium,3.999,all_day,False,,22.75,medium,3.016,0.0,23.75,0.0,22.75,False,customer_to_customer
325,Customer_17,Customer_24,16,23,40,47,8.0,7.6267,all_day,False,,23.75,medium,3.999,before_20,False,,20.25,medium,3.852,0.0,23.75,0.0,20.25,False,customer_to_customer
326,Customer_17,Customer_22,16,21,40,65,8.0,7.8764,all_day,False,,23.75,medium,3.999,business_hours,True,8.5,17.25,medium,3.604,0.0,23.75,8.5,17.25,False,customer_to_customer
327,Customer_17,Customer_19,16,18,40,57,8.0,8.2671,all_day,False,,23.75,medium,3.999,all_day,False,,23.5,medium,3.112,0.0,23.75,0.0,23.5,False,customer_to_customer
328,Customer_17,Customer_25,16,24,40,34,8.0,8.3315,all_day,False,,23.75,medium,3.999,before_18,False,,17.25,medium,4.457,0.0,23.75,0.0,17.25,False,customer_to_customer
329,Customer_17,Customer_6,16,5,40,56,8.0,8.5156,all_day,False,,23.75,medium,3.999,all_day,False,,23.75,medium,4.742,0.0,23.75,0.0,23.75,False,customer_to_customer
330,Customer_17,Customer_42,16,41,40,56,8.0,8.5156,all_day,False,,23.75,medium,3.999,all_day,False,,22.75,medium,3.77,0.0,23.75,0.0,22.75,False,customer_to_customer
331,Customer_17,Customer_55,16,54,40,56,8.0,8.5156,all_day,False,,23.75,medium,3.999,business_hours,True,7.75,17.75,small,1.087,0.0,23.75,7.75,17.75,False,customer_to_customer
332,Customer_17,Customer_7,16,6,40,78,8.0,9.6547,all_day,False,,23.75,medium,3.999,business_hours,True,8.75,17.5,medium,3.0,0.0,23.75,8.75,17.5,False,customer_to_customer
333,Customer_17,Customer_38,16,37,40,78,8.0,9.6547,all_day,False,,23.75,medium,3.999,all_day,False,,23.25,medium,4.425,0.0,23.75,0.0,23.25,False,customer_to_customer
334,Customer_17,Customer_44,16,43,40,46,8.0,9.6975,all_day,False,,23.75,medium,3.999,all_day,False,,23.25,small,1.962,0.0,23.75,0.0,23.25,False,customer_to_customer
335,Customer_17,Customer_11,16,10,40,10,8.0,12.6686,all_day,False,,23.75,medium,3.999,before_18,False,,18.0,small,1.544,0.0,23.75,0.0,18.0,False,customer_to_customer
336,Customer_17,Customer_57,16,56,40,17,8.0,13.1101,all_day,False,,23.75,medium,3.999,before_18,False,,17.25,medium,4.186,0.0,23.75,0.0,17.25,False,customer_to_customer
337,Customer_17,Customer_50,16,49,40,42,8.0,13.1327,all_day,False,,23.75,medium,3.999,all_day,False,,24.0,medium,4.123,0.0,23.75,0.0,24.0,False,customer_to_customer
338,Customer_17,Customer_12,16,11,40,67,8.0,13.2577,all_day,False,,23.75,medium,3.999,afternoon_or_evening,True,12.5,23.0,large,5.593,0.0,23.75,12.5,23.0,False,customer_to_customer
339,Customer_17,Customer_47,16,46,40,43,8.0,13.3094,all_day,False,,23.75,medium,3.999,all_day,False,,23.75,small,0.746,0.0,23.75,0.0,23.75,False,customer_to_customer
340,Customer_18,Customer_41,17,40,53,53,8.0,0.0,before_18,False,,17.25,small,0.834,business_hours,True,7.5,17.25,large,5.106,0.0,17.25,7.5,17.25,True,customer_to_customer
341,Customer_18,Customer_8,17,7,53,13,8.0,4.9537,before_18,False,,17.25,small,0.834,business_hours,True,7.5,19.0,medium,4.333,0.0,17.25,7.5,19.0,False,customer_to_customer
342,Customer_18,Customer_59,17,58,53,13,8.0,4.9537,before_18,False,,17.25,small,0.834,afternoon_or_evening,True,12.25,22.5,small,1.182,0.0,17.25,12.25,22.5,False,customer_to_customer
343,Customer_18,Customer_20,17,19,53,12,8.0,5.6575,before_18,False,,17.25,small,0.834,business_hours,True,8.25,17.75,medium,3.662,0.0,17.25,8.25,17.75,False,customer_to_customer
344,Customer_18,Customer_26,17,25,53,12,8.0,5.6575,before_18,False,,17.25,small,0.834,before_20,False,,20.0,large,5.753,0.0,17.25,0.0,20.0,False,customer_to_customer
345,Customer_18,Customer_51,17,50,53,64,8.0,6.347,before_18,False,,17.25,small,0.834,before_20,False,,19.5,small,1.604,0.0,17.25,0.0,19.5,False,customer_to_customer
346,Customer_18,Customer_50,17,49,53,42,8.0,6.3919,before_18,False,,17.25,small,0.834,all_day,False,,24.0,medium,4.123,0.0,17.25,0.0,24.0,False,customer_to_customer
347,Customer_18,Customer_2,17,1,53,44,8.0,6.9176,before_18,False,,17.25,small,0.834,before_20,False,,19.5,medium,4.395,0.0,17.25,0.0,19.5,False,customer_to_customer
348,Customer_18,Customer_4,17,3,53,44,8.0,6.9176,before_18,False,,17.25,small,0.834,before_20,False,,20.0,medium,2.249,0.0,17.25,0.0,20.0,False,customer_to_customer
349,Customer_18,Customer_27,17,26,53,44,8.0,6.9176,before_18,False,,17.25,small,0.834,before_20,False,,20.75,large,6.914,0.0,17.25,0.0,20.75,False,customer_to_customer
350,Customer_18,Customer_1,17,0,53,39,8.0,7.1933,before_18,False,,17.25,small,0.834,before_20,False,,21.0,large,5.082,0.0,17.25,0.0,21.0,False,customer_to_customer
351,Customer_18,Customer_9,17,8,53,39,8.0,7.1933,before_18,False,,17.25,small,0.834,before_20,False,,20.75,small,1.776,0.0,17.25,0.0,20.75,False,customer_to_customer
352,Customer_18,Customer_3,17,2,53,77,8.0,8.0207,before_18,False,,17.25,small,0.834,business_hours,True,7.75,18.0,small,1.255,0.0,17.25,7.75,18.0,False,customer_to_customer
353,Customer_18,Customer_33,17,32,53,77,8.0,8.0207,before_18,False,,17.25,small,0.834,afternoon_or_evening,True,12.75,21.75,medium,2.203,0.0,17.25,12.75,21.75,False,customer_to_customer
354,Customer_18,Customer_40,17,39,53,77,8.0,8.0207,before_18,False,,17.25,small,0.834,business_hours,True,7.75,18.0,large,5.785,0.0,17.25,7.75,18.0,False,customer_to_customer
355,Customer_18,Customer_16,17,15,53,18,8.0,8.2067,before_18,False,,17.25,small,0.834,before_18,False,,17.25,large,6.366,0.0,17.25,0.0,17.25,False,customer_to_customer
356,Customer_18,Customer_30,17,29,53,31,8.0,8.354,before_18,False,,17.25,small,0.834,before_12,False,,13.0,medium,4.581,0.0,17.25,0.0,13.0,False,customer_to_customer
357,Customer_18,Customer_23,17,22,53,79,8.0,8.5552,before_18,False,,17.25,small,0.834,before_20,False,,20.25,large,7.501,0.0,17.25,0.0,20.25,False,customer_to_customer
358,Customer_18,Customer_57,17,56,53,17,8.0,8.7757,before_18,False,,17.25,small,0.834,before_18,False,,17.25,medium,4.186,0.0,17.25,0.0,17.25,False,customer_to_customer
359,Customer_18,Customer_22,17,21,53,65,8.0,8.9337,before_18,False,,17.25,small,0.834,business_hours,True,8.5,17.25,medium,3.604,0.0,17.25,8.5,17.25,False,customer_to_customer
360,Customer_19,Customer_39,18,38,57,66,8.0,1.7623,all_day,False,,23.5,medium,3.112,business_hours,True,8.75,17.75,small,1.672,0.0,23.5,8.75,17.75,False,customer_to_customer
361,Customer_19,Customer_49,18,48,57,66,8.0,1.7623,all_day,False,,23.5,medium,3.112,all_day,False,,22.75,medium,3.016,0.0,23.5,0.0,22.75,False,customer_to_customer
362,Customer_19,Customer_13,18,12,57,61,8.0,3.2917,all_day,False,,23.5,medium,3.112,business_hours,True,8.0,19.0,large,7.817,0.0,23.5,8.0,19.0,False,customer_to_customer
363,Customer_19,Customer_60,18,59,57,61,8.0,3.2917,all_day,False,,23.5,medium,3.112,all_day,False,,23.0,large,5.554,0.0,23.5,0.0,23.0,False,customer_to_customer
364,Customer_19,Customer_3,18,2,57,77,8.0,5.6275,all_day,False,,23.5,medium,3.112,business_hours,True,7.75,18.0,small,1.255,0.0,23.5,7.75,18.0,False,customer_to_customer
365,Customer_19,Customer_33,18,32,57,77,8.0,5.6275,all_day,False,,23.5,medium,3.112,afternoon_or_evening,True,12.75,21.75,medium,2.203,0.0,23.5,12.75,21.75,False,customer_to_customer
366,Customer_19,Customer_40,18,39,57,77,8.0,5.6275,all_day,False,,23.5,medium,3.112,business_hours,True,7.75,18.0,large,5.785,0.0,23.5,7.75,18.0,False,customer_to_customer
367,Customer_19,Customer_7,18,6,57,78,8.0,5.7775,all_day,False,,23.5,medium,3.112,business_hours,True,8.75,17.5,medium,3.0,0.0,23.5,8.75,17.5,False,customer_to_customer
368,Customer_19,Customer_38,18,37,57,78,8.0,5.7775,all_day,False,,23.5,medium,3.112,all_day,False,,23.25,medium,4.425,0.0,23.5,0.0,23.25,False,customer_to_customer
369,Customer_19,Customer_22,18,21,57,65,8.0,7.3785,all_day,False,,23.5,medium,3.112,business_hours,True,8.5,17.25,medium,3.604,0.0,23.5,8.5,17.25,False,customer_to_customer
370,Customer_19,Customer_20,18,19,57,12,8.0,7.5184,all_day,False,,23.5,medium,3.112,business_hours,True,8.25,17.75,medium,3.662,0.0,23.5,8.25,17.75,False,customer_to_customer
371,Customer_19,Customer_26,18,25,57,12,8.0,7.5184,all_day,False,,23.5,medium,3.112,before_20,False,,20.0,large,5.753,0.0,23.5,0.0,20.0,False,customer_to_customer
372,Customer_19,Customer_51,18,50,57,64,8.0,8.1868,all_day,False,,23.5,medium,3.112,before_20,False,,19.5,small,1.604,0.0,23.5,0.0,19.5,False,customer_to_customer
373,Customer_19,Customer_17,18,16,57,40,8.0,8.2671,all_day,False,,23.5,medium,3.112,all_day,False,,23.75,medium,3.999,0.0,23.5,0.0,23.75,False,customer_to_customer
374,Customer_19,Customer_31,18,30,57,40,8.0,8.2671,all_day,False,,23.5,medium,3.112,before_20,False,,20.5,medium,3.168,0.0,23.5,0.0,20.5,False,customer_to_customer
375,Customer_19,Customer_24,18,23,57,47,8.0,8.5838,all_day,False,,23.5,medium,3.112,before_20,False,,20.25,medium,3.852,0.0,23.5,0.0,20.25,False,customer_to_customer
376,Customer_19,Customer_5,18,4,57,19,8.0,8.9273,all_day,False,,23.5,medium,3.112,business_hours,True,8.0,17.75,medium,4.662,0.0,23.5,8.0,17.75,False,customer_to_customer
377,Customer_19,Customer_34,18,33,57,19,8.0,8.9273,all_day,False,,23.5,medium,3.112,before_12,False,,11.5,small,1.372,0.0,23.5,0.0,11.5,False,customer_to_customer
378,Customer_19,Customer_25,18,24,57,34,8.0,9.3924,all_day,False,,23.5,medium,3.112,before_18,False,,17.25,medium,4.457,0.0,23.5,0.0,17.25,False,customer_to_customer
379,Customer_19,Customer_18,18,17,57,53,8.0,9.5525,all_day,False,,23.5,medium,3.112,before_18,False,,17.25,small,0.834,0.0,23.5,0.0,17.25,False,customer_to_customer
380,Customer_20,Customer_26,19,25,12,12,8.0,0.0,business_hours,True,8.25,17.75,medium,3.662,before_20,False,,20.0,large,5.753,8.25,17.75,0.0,20.0,True,customer_to_customer
381,Customer_20,Customer_51,19,50,12,64,8.0,0.931,business_hours,True,8.25,17.75,medium,3.662,before_20,False,,19.5,small,1.604,8.25,17.75,0.0,19.5,False,customer_to_customer
382,Customer_20,Customer_3,19,2,12,77,8.0,3.005,business_hours,True,8.25,17.75,medium,3.662,business_hours,True,7.75,18.0,small,1.255,8.25,17.75,7.75,18.0,False,customer_to_customer
383,Customer_20,Customer_33,19,32,12,77,8.0,3.005,business_hours,True,8.25,17.75,medium,3.662,afternoon_or_evening,True,12.75,21.75,medium,2.203,8.25,17.75,12.75,21.75,False,customer_to_customer
384,Customer_20,Customer_40,19,39,12,77,8.0,3.005,business_hours,True,8.25,17.75,medium,3.662,business_hours,True,7.75,18.0,large,5.785,8.25,17.75,7.75,18.0,False,customer_to_customer
385,Customer_20,Customer_1,19,0,12,39,8.0,3.4657,business_hours,True,8.25,17.75,medium,3.662,before_20,False,,21.0,large,5.082,8.25,17.75,0.0,21.0,False,customer_to_customer
386,Customer_20,Customer_9,19,8,12,39,8.0,3.4657,business_hours,True,8.25,17.75,medium,3.662,before_20,False,,20.75,small,1.776,8.25,17.75,0.0,20.75,False,customer_to_customer
387,Customer_20,Customer_5,19,4,12,19,8.0,4.45,business_hours,True,8.25,17.75,medium,3.662,business_hours,True,8.0,17.75,medium,4.662,8.25,17.75,8.0,17.75,False,customer_to_customer
388,Customer_20,Customer_34,19,33,12,19,8.0,4.45,business_hours,True,8.25,17.75,medium,3.662,before_12,False,,11.5,small,1.372,8.25,17.75,0.0,11.5,False,customer_to_customer
389,Customer_20,Customer_18,19,17,12,53,8.0,5.6575,business_hours,True,8.25,17.75,medium,3.662,before_18,False,,17.25,small,0.834,8.25,17.75,0.0,17.25,False,customer_to_customer
390,Customer_20,Customer_41,19,40,12,53,8.0,5.6575,business_hours,True,8.25,17.75,medium,3.662,business_hours,True,7.5,17.25,large,5.106,8.25,17.75,7.5,17.25,False,customer_to_customer
391,Customer_20,Customer_10,19,9,12,29,8.0,6.2923,business_hours,True,8.25,17.75,medium,3.662,before_20,False,,20.5,medium,2.955,8.25,17.75,0.0,20.5,False,customer_to_customer
392,Customer_20,Customer_23,19,22,12,79,8.0,7.3788,business_hours,True,8.25,17.75,medium,3.662,before_20,False,,20.25,large,7.501,8.25,17.75,0.0,20.25,False,customer_to_customer
393,Customer_20,Customer_19,19,18,12,57,8.0,7.5184,business_hours,True,8.25,17.75,medium,3.662,all_day,False,,23.5,medium,3.112,8.25,17.75,0.0,23.5,False,customer_to_customer
394,Customer_20,Customer_39,19,38,12,66,8.0,8.4308,business_hours,True,8.25,17.75,medium,3.662,business_hours,True,8.75,17.75,small,1.672,8.25,17.75,8.75,17.75,False,customer_to_customer
395,Customer_20,Customer_49,19,48,12,66,8.0,8.4308,business_hours,True,8.25,17.75,medium,3.662,all_day,False,,22.75,medium,3.016,8.25,17.75,0.0,22.75,False,customer_to_customer
396,Customer_20,Customer_8,19,7,12,13,8.0,9.6171,business_hours,True,8.25,17.75,medium,3.662,business_hours,True,7.5,19.0,medium,4.333,8.25,17.75,7.5,19.0,False,customer_to_customer
397,Customer_20,Customer_59,19,58,12,13,8.0,9.6171,business_hours,True,8.25,17.75,medium,3.662,afternoon_or_evening,True,12.25,22.5,small,1.182,8.25,17.75,12.25,22.5,False,customer_to_customer
398,Customer_20,Customer_14,19,13,12,6,8.0,10.3931,business_hours,True,8.25,17.75,medium,3.662,all_day,False,,22.75,large,6.263,8.25,17.75,0.0,22.75,False,customer_to_customer
399,Customer_20,Customer_13,19,12,12,61,8.0,10.5702,business_hours,True,8.25,17.75,medium,3.662,business_hours,True,8.0,19.0,large,7.817,8.25,17.75,8.0,19.0,False,customer_to_customer
400,Customer_21,Customer_43,20,42,24,24,8.0,0.0,before_18,False,,17.5,medium,3.927,business_hours,True,7.5,17.75,large,7.914,0.0,17.5,7.5,17.75,True,customer_to_customer
401,Customer_21,Customer_52,20,51,24,0,8.0,2.5942,before_18,False,,17.5,medium,3.927,before_12,False,,11.75,large,6.981,0.0,17.5,0.0,11.75,False,customer_to_customer
402,Customer_21,Customer_29,20,28,24,20,8.0,3.7151,before_18,False,,17.5,medium,3.927,business_hours,True,8.75,18.25,medium,4.375,0.0,17.5,8.75,18.25,False,customer_to_customer
403,Customer_21,Customer_14,20,13,24,6,8.0,5.0031,before_18,False,,17.5,medium,3.927,all_day,False,,22.75,large,6.263,0.0,17.5,0.0,22.75,False,customer_to_customer
404,Customer_21,Customer_23,20,22,24,79,8.0,5.4237,before_18,False,,17.5,medium,3.927,before_20,False,,20.25,large,7.501,0.0,17.5,0.0,20.25,False,customer_to_customer
405,Customer_21,Customer_8,20,7,24,13,8.0,8.4669,before_18,False,,17.5,medium,3.927,business_hours,True,7.5,19.0,medium,4.333,0.0,17.5,7.5,19.0,False,customer_to_customer
406,Customer_21,Customer_59,20,58,24,13,8.0,8.4669,before_18,False,,17.5,medium,3.927,afternoon_or_evening,True,12.25,22.5,small,1.182,0.0,17.5,12.25,22.5,False,customer_to_customer
407,Customer_21,Customer_1,20,0,24,39,8.0,9.6232,before_18,False,,17.5,medium,3.927,before_20,False,,21.0,large,5.082,0.0,17.5,0.0,21.0,False,customer_to_customer
408,Customer_21,Customer_9,20,8,24,39,8.0,9.6232,before_18,False,,17.5,medium,3.927,before_20,False,,20.75,small,1.776,0.0,17.5,0.0,20.75,False,customer_to_customer
409,Customer_21,Customer_10,20,9,24,29,8.0,11.2736,before_18,False,,17.5,medium,3.927,before_20,False,,20.5,medium,2.955,0.0,17.5,0.0,20.5,False,customer_to_customer
410,Customer_21,Customer_18,20,17,24,53,8.0,11.3008,before_18,False,,17.5,medium,3.927,before_18,False,,17.25,small,0.834,0.0,17.5,0.0,17.25,False,customer_to_customer
411,Customer_21,Customer_41,20,40,24,53,8.0,11.3008,before_18,False,,17.5,medium,3.927,business_hours,True,7.5,17.25,large,5.106,0.0,17.5,7.5,17.25,False,customer_to_customer
412,Customer_21,Customer_51,20,50,24,64,8.0,11.953,before_18,False,,17.5,medium,3.927,before_20,False,,19.5,small,1.604,0.0,17.5,0.0,19.5,False,customer_to_customer
413,Customer_21,Customer_20,20,19,24,12,8.0,12.2708,before_18,False,,17.5,medium,3.927,business_hours,True,8.25,17.75,medium,3.662,0.0,17.5,8.25,17.75,False,customer_to_customer
414,Customer_21,Customer_26,20,25,24,12,8.0,12.2708,before_18,False,,17.5,medium,3.927,before_20,False,,20.0,large,5.753,0.0,17.5,0.0,20.0,False,customer_to_customer
415,Customer_21,Customer_2,20,1,24,44,8.0,12.2821,before_18,False,,17.5,medium,3.927,before_20,False,,19.5,medium,4.395,0.0,17.5,0.0,19.5,False,customer_to_customer
416,Customer_21,Customer_4,20,3,24,44,8.0,12.2821,before_18,False,,17.5,medium,3.927,before_20,False,,20.0,medium,2.249,0.0,17.5,0.0,20.0,False,customer_to_customer
417,Customer_21,Customer_27,20,26,24,44,8.0,12.2821,before_18,False,,17.5,medium,3.927,before_20,False,,20.75,large,6.914,0.0,17.5,0.0,20.75,False,customer_to_customer
418,Customer_21,Customer_46,20,45,24,5,8.0,13.7861,before_18,False,,17.5,medium,3.927,before_12,False,,12.0,medium,3.084,0.0,17.5,0.0,12.0,False,customer_to_customer
419,Customer_21,Customer_5,20,4,24,19,8.0,14.3228,before_18,False,,17.5,medium,3.927,business_hours,True,8.0,17.75,medium,4.662,0.0,17.5,8.0,17.75,False,customer_to_customer
420,Customer_22,Customer_24,21,23,65,47,8.0,1.4936,business_hours,True,8.5,17.25,medium,3.604,before_20,False,,20.25,medium,3.852,8.5,17.25,0.0,20.25,False,customer_to_customer
421,Customer_22,Customer_25,21,24,65,34,8.0,2.1074,business_hours,True,8.5,17.25,medium,3.604,before_18,False,,17.25,medium,4.457,8.5,17.25,0.0,17.25,False,customer_to_customer
422,Customer_22,Customer_50,21,49,65,42,8.0,5.2571,business_hours,True,8.5,17.25,medium,3.604,all_day,False,,24.0,medium,4.123,8.5,17.25,0.0,24.0,False,customer_to_customer
423,Customer_22,Customer_57,21,56,65,17,8.0,5.5838,business_hours,True,8.5,17.25,medium,3.604,before_18,False,,17.25,medium,4.186,8.5,17.25,0.0,17.25,False,customer_to_customer
424,Customer_22,Customer_39,21,38,65,66,8.0,5.7183,business_hours,True,8.5,17.25,medium,3.604,business_hours,True,8.75,17.75,small,1.672,8.5,17.25,8.75,17.75,False,customer_to_customer
425,Customer_22,Customer_49,21,48,65,66,8.0,5.7183,business_hours,True,8.5,17.25,medium,3.604,all_day,False,,22.75,medium,3.016,8.5,17.25,0.0,22.75,False,customer_to_customer
426,Customer_22,Customer_13,21,12,65,61,8.0,6.1309,business_hours,True,8.5,17.25,medium,3.604,business_hours,True,8.0,19.0,large,7.817,8.5,17.25,8.0,19.0,False,customer_to_customer
427,Customer_22,Customer_60,21,59,65,61,8.0,6.1309,business_hours,True,8.5,17.25,medium,3.604,all_day,False,,23.0,large,5.554,8.5,17.25,0.0,23.0,False,customer_to_customer
428,Customer_22,Customer_44,21,43,65,46,8.0,6.9166,business_hours,True,8.5,17.25,medium,3.604,all_day,False,,23.25,small,1.962,8.5,17.25,0.0,23.25,False,customer_to_customer
429,Customer_22,Customer_19,21,18,65,57,8.0,7.3785,business_hours,True,8.5,17.25,medium,3.604,all_day,False,,23.5,medium,3.112,8.5,17.25,0.0,23.5,False,customer_to_customer
430,Customer_22,Customer_17,21,16,65,40,8.0,7.8764,business_hours,True,8.5,17.25,medium,3.604,all_day,False,,23.75,medium,3.999,8.5,17.25,0.0,23.75,False,customer_to_customer
431,Customer_22,Customer_31,21,30,65,40,8.0,7.8764,business_hours,True,8.5,17.25,medium,3.604,before_20,False,,20.5,medium,3.168,8.5,17.25,0.0,20.5,False,customer_to_customer
432,Customer_22,Customer_15,21,14,65,74,8.0,8.1654,business_hours,True,8.5,17.25,medium,3.604,business_hours,True,7.5,17.25,large,7.293,8.5,17.25,7.5,17.25,False,customer_to_customer
433,Customer_22,Customer_30,21,29,65,31,8.0,8.2913,business_hours,True,8.5,17.25,medium,3.604,before_12,False,,13.0,medium,4.581,8.5,17.25,0.0,13.0,False,customer_to_customer
434,Customer_22,Customer_16,21,15,65,18,8.0,8.3311,business_hours,True,8.5,17.25,medium,3.604,before_18,False,,17.25,large,6.366,8.5,17.25,0.0,17.25,False,customer_to_customer
435,Customer_22,Customer_11,21,10,65,10,8.0,8.9195,business_hours,True,8.5,17.25,medium,3.604,before_18,False,,18.0,small,1.544,8.5,17.25,0.0,18.0,False,customer_to_customer
436,Customer_22,Customer_18,21,17,65,53,8.0,8.9337,business_hours,True,8.5,17.25,medium,3.604,before_18,False,,17.25,small,0.834,8.5,17.25,0.0,17.25,False,customer_to_customer
437,Customer_22,Customer_41,21,40,65,53,8.0,8.9337,business_hours,True,8.5,17.25,medium,3.604,business_hours,True,7.5,17.25,large,5.106,8.5,17.25,7.5,17.25,False,customer_to_customer
438,Customer_22,Customer_3,21,2,65,77,8.0,11.2481,business_hours,True,8.5,17.25,medium,3.604,business_hours,True,7.75,18.0,small,1.255,8.5,17.25,7.75,18.0,False,customer_to_customer
439,Customer_22,Customer_33,21,32,65,77,8.0,11.2481,business_hours,True,8.5,17.25,medium,3.604,afternoon_or_evening,True,12.75,21.75,medium,2.203,8.5,17.25,12.75,21.75,False,customer_to_customer
440,Customer_23,Customer_14,22,13,79,6,8.0,3.3489,before_20,False,,20.25,large,7.501,all_day,False,,22.75,large,6.263,0.0,20.25,0.0,22.75,False,customer_to_customer
441,Customer_23,Customer_1,22,0,79,39,8.0,4.3071,before_20,False,,20.25,large,7.501,before_20,False,,21.0,large,5.082,0.0,20.25,0.0,21.0,False,customer_to_customer
442,Customer_23,Customer_9,22,8,79,39,8.0,4.3071,before_20,False,,20.25,large,7.501,before_20,False,,20.75,small,1.776,0.0,20.25,0.0,20.75,False,customer_to_customer
443,Customer_23,Customer_29,22,28,79,20,8.0,5.1216,before_20,False,,20.25,large,7.501,business_hours,True,8.75,18.25,medium,4.375,0.0,20.25,8.75,18.25,False,customer_to_customer
444,Customer_23,Customer_21,22,20,79,24,8.0,5.4237,before_20,False,,20.25,large,7.501,before_18,False,,17.5,medium,3.927,0.0,20.25,0.0,17.5,False,customer_to_customer
445,Customer_23,Customer_43,22,42,79,24,8.0,5.4237,before_20,False,,20.25,large,7.501,business_hours,True,7.5,17.75,large,7.914,0.0,20.25,7.5,17.75,False,customer_to_customer
446,Customer_23,Customer_10,22,9,79,29,8.0,6.0462,before_20,False,,20.25,large,7.501,before_20,False,,20.5,medium,2.955,0.0,20.25,0.0,20.5,False,customer_to_customer
447,Customer_23,Customer_52,22,51,79,0,8.0,6.5011,before_20,False,,20.25,large,7.501,before_12,False,,11.75,large,6.981,0.0,20.25,0.0,11.75,False,customer_to_customer
448,Customer_23,Customer_51,22,50,79,64,8.0,6.8708,before_20,False,,20.25,large,7.501,before_20,False,,19.5,small,1.604,0.0,20.25,0.0,19.5,False,customer_to_customer
449,Customer_23,Customer_20,22,19,79,12,8.0,7.3788,before_20,False,,20.25,large,7.501,business_hours,True,8.25,17.75,medium,3.662,0.0,20.25,8.25,17.75,False,customer_to_customer
450,Customer_23,Customer_26,22,25,79,12,8.0,7.3788,before_20,False,,20.25,large,7.501,before_20,False,,20.0,large,5.753,0.0,20.25,0.0,20.0,False,customer_to_customer
451,Customer_23,Customer_8,22,7,79,13,8.0,8.4169,before_20,False,,20.25,large,7.501,business_hours,True,7.5,19.0,medium,4.333,0.0,20.25,7.5,19.0,False,customer_to_customer
452,Customer_23,Customer_59,22,58,79,13,8.0,8.4169,before_20,False,,20.25,large,7.501,afternoon_or_evening,True,12.25,22.5,small,1.182,0.0,20.25,12.25,22.5,False,customer_to_customer
453,Customer_23,Customer_18,22,17,79,53,8.0,8.5552,before_20,False,,20.25,large,7.501,before_18,False,,17.25,small,0.834,0.0,20.25,0.0,17.25,False,customer_to_customer
454,Customer_23,Customer_41,22,40,79,53,8.0,8.5552,before_20,False,,20.25,large,7.501,business_hours,True,7.5,17.25,large,5.106,0.0,20.25,7.5,17.25,False,customer_to_customer
455,Customer_23,Customer_5,22,4,79,19,8.0,8.9059,before_20,False,,20.25,large,7.501,business_hours,True,8.0,17.75,medium,4.662,0.0,20.25,8.0,17.75,False,customer_to_customer
456,Customer_23,Customer_34,22,33,79,19,8.0,8.9059,before_20,False,,20.25,large,7.501,before_12,False,,11.5,small,1.372,0.0,20.25,0.0,11.5,False,customer_to_customer
457,Customer_23,Customer_3,22,2,79,77,8.0,10.0098,before_20,False,,20.25,large,7.501,business_hours,True,7.75,18.0,small,1.255,0.0,20.25,7.75,18.0,False,customer_to_customer
458,Customer_23,Customer_33,22,32,79,77,8.0,10.0098,before_20,False,,20.25,large,7.501,afternoon_or_evening,True,12.75,21.75,medium,2.203,0.0,20.25,12.75,21.75,False,customer_to_customer
459,Customer_23,Customer_40,22,39,79,77,8.0,10.0098,before_20,False,,20.25,large,7.501,business_hours,True,7.75,18.0,large,5.785,0.0,20.25,7.75,18.0,False,customer_to_customer
460,Customer_24,Customer_25,23,24,47,34,8.0,0.8719,before_20,False,,20.25,medium,3.852,before_18,False,,17.25,medium,4.457,0.0,20.25,0.0,17.25,False,customer_to_customer
461,Customer_24,Customer_22,23,21,47,65,8.0,1.4936,before_20,False,,20.25,medium,3.852,business_hours,True,8.5,17.25,medium,3.604,0.0,20.25,8.5,17.25,False,customer_to_customer
462,Customer_24,Customer_44,23,43,47,46,8.0,5.4359,before_20,False,,20.25,medium,3.852,all_day,False,,23.25,small,1.962,0.0,20.25,0.0,23.25,False,customer_to_customer
463,Customer_24,Customer_57,23,56,47,17,8.0,5.4835,before_20,False,,20.25,medium,3.852,before_18,False,,17.25,medium,4.186,0.0,20.25,0.0,17.25,False,customer_to_customer
464,Customer_24,Customer_50,23,49,47,42,8.0,5.7951,before_20,False,,20.25,medium,3.852,all_day,False,,24.0,medium,4.123,0.0,20.25,0.0,24.0,False,customer_to_customer
465,Customer_24,Customer_39,23,38,47,66,8.0,6.8607,before_20,False,,20.25,medium,3.852,business_hours,True,8.75,17.75,small,1.672,0.0,20.25,8.75,17.75,False,customer_to_customer
466,Customer_24,Customer_49,23,48,47,66,8.0,6.8607,before_20,False,,20.25,medium,3.852,all_day,False,,22.75,medium,3.016,0.0,20.25,0.0,22.75,False,customer_to_customer
467,Customer_24,Customer_13,23,12,47,61,8.0,6.8822,before_20,False,,20.25,medium,3.852,business_hours,True,8.0,19.0,large,7.817,0.0,20.25,8.0,19.0,False,customer_to_customer
468,Customer_24,Customer_60,23,59,47,61,8.0,6.8822,before_20,False,,20.25,medium,3.852,all_day,False,,23.0,large,5.554,0.0,20.25,0.0,23.0,False,customer_to_customer
469,Customer_24,Customer_11,23,10,47,10,8.0,7.5643,before_20,False,,20.25,medium,3.852,before_18,False,,18.0,small,1.544,0.0,20.25,0.0,18.0,False,customer_to_customer
470,Customer_24,Customer_17,23,16,47,40,8.0,7.6267,before_20,False,,20.25,medium,3.852,all_day,False,,23.75,medium,3.999,0.0,20.25,0.0,23.75,False,customer_to_customer
471,Customer_24,Customer_31,23,30,47,40,8.0,7.6267,before_20,False,,20.25,medium,3.852,before_20,False,,20.5,medium,3.168,0.0,20.25,0.0,20.5,False,customer_to_customer
472,Customer_24,Customer_15,23,14,47,74,8.0,7.7216,before_20,False,,20.25,medium,3.852,business_hours,True,7.5,17.25,large,7.293,0.0,20.25,7.5,17.25,False,customer_to_customer
473,Customer_24,Customer_30,23,29,47,31,8.0,8.4415,before_20,False,,20.25,medium,3.852,before_12,False,,13.0,medium,4.581,0.0,20.25,0.0,13.0,False,customer_to_customer
474,Customer_24,Customer_16,23,15,47,18,8.0,8.5125,before_20,False,,20.25,medium,3.852,before_18,False,,17.25,large,6.366,0.0,20.25,0.0,17.25,False,customer_to_customer
475,Customer_24,Customer_19,23,18,47,57,8.0,8.5838,before_20,False,,20.25,medium,3.852,all_day,False,,23.5,medium,3.112,0.0,20.25,0.0,23.5,False,customer_to_customer
476,Customer_24,Customer_47,23,46,47,43,8.0,9.8199,before_20,False,,20.25,medium,3.852,all_day,False,,23.75,small,0.746,0.0,20.25,0.0,23.75,False,customer_to_customer
477,Customer_24,Customer_18,23,17,47,53,8.0,10.2374,before_20,False,,20.25,medium,3.852,before_18,False,,17.25,small,0.834,0.0,20.25,0.0,17.25,False,customer_to_customer
478,Customer_24,Customer_41,23,40,47,53,8.0,10.2374,before_20,False,,20.25,medium,3.852,business_hours,True,7.5,17.25,large,5.106,0.0,20.25,7.5,17.25,False,customer_to_customer
479,Customer_24,Customer_12,23,11,47,67,8.0,10.4689,before_20,False,,20.25,medium,3.852,afternoon_or_evening,True,12.5,23.0,large,5.593,0.0,20.25,12.5,23.0,False,customer_to_customer
480,Customer_25,Customer_24,24,23,34,47,8.0,0.8719,before_18,False,,17.25,medium,4.457,before_20,False,,20.25,medium,3.852,0.0,17.25,0.0,20.25,False,customer_to_customer
481,Customer_25,Customer_22,24,21,34,65,8.0,2.1074,before_18,False,,17.25,medium,4.457,business_hours,True,8.5,17.25,medium,3.604,0.0,17.25,8.5,17.25,False,customer_to_customer
482,Customer_25,Customer_57,24,56,34,17,8.0,4.8236,before_18,False,,17.25,medium,4.457,before_18,False,,17.25,medium,4.186,0.0,17.25,0.0,17.25,False,customer_to_customer
483,Customer_25,Customer_44,24,43,34,46,8.0,4.8915,before_18,False,,17.25,medium,4.457,all_day,False,,23.25,small,1.962,0.0,17.25,0.0,23.25,False,customer_to_customer
484,Customer_25,Customer_50,24,49,34,42,8.0,5.4406,before_18,False,,17.25,medium,4.457,all_day,False,,24.0,medium,4.123,0.0,17.25,0.0,24.0,False,customer_to_customer
485,Customer_25,Customer_11,24,10,34,10,8.0,6.8151,before_18,False,,17.25,medium,4.457,before_18,False,,18.0,small,1.544,0.0,17.25,0.0,18.0,False,customer_to_customer
486,Customer_25,Customer_15,24,14,34,74,8.0,6.9194,before_18,False,,17.25,medium,4.457,business_hours,True,7.5,17.25,large,7.293,0.0,17.25,7.5,17.25,False,customer_to_customer
487,Customer_25,Customer_39,24,38,34,66,8.0,7.6845,before_18,False,,17.25,medium,4.457,business_hours,True,8.75,17.75,small,1.672,0.0,17.25,8.75,17.75,False,customer_to_customer
488,Customer_25,Customer_49,24,48,34,66,8.0,7.6845,before_18,False,,17.25,medium,4.457,all_day,False,,22.75,medium,3.016,0.0,17.25,0.0,22.75,False,customer_to_customer
489,Customer_25,Customer_13,24,12,34,61,8.0,7.7537,before_18,False,,17.25,medium,4.457,business_hours,True,8.0,19.0,large,7.817,0.0,17.25,8.0,19.0,False,customer_to_customer
490,Customer_25,Customer_60,24,59,34,61,8.0,7.7537,before_18,False,,17.25,medium,4.457,all_day,False,,23.0,large,5.554,0.0,17.25,0.0,23.0,False,customer_to_customer
491,Customer_25,Customer_30,24,29,34,31,8.0,7.8453,before_18,False,,17.25,medium,4.457,before_12,False,,13.0,medium,4.581,0.0,17.25,0.0,13.0,False,customer_to_customer
492,Customer_25,Customer_16,24,15,34,18,8.0,7.9295,before_18,False,,17.25,medium,4.457,before_18,False,,17.25,large,6.366,0.0,17.25,0.0,17.25,False,customer_to_customer
493,Customer_25,Customer_17,24,16,34,40,8.0,8.3315,before_18,False,,17.25,medium,4.457,all_day,False,,23.75,medium,3.999,0.0,17.25,0.0,23.75,False,customer_to_customer
494,Customer_25,Customer_31,24,30,34,40,8.0,8.3315,before_18,False,,17.25,medium,4.457,before_20,False,,20.5,medium,3.168,0.0,17.25,0.0,20.5,False,customer_to_customer
495,Customer_25,Customer_47,24,46,34,43,8.0,9.2058,before_18,False,,17.25,medium,4.457,all_day,False,,23.75,small,0.746,0.0,17.25,0.0,23.75,False,customer_to_customer
496,Customer_25,Customer_19,24,18,34,57,8.0,9.3924,before_18,False,,17.25,medium,4.457,all_day,False,,23.5,medium,3.112,0.0,17.25,0.0,23.5,False,customer_to_customer
497,Customer_25,Customer_12,24,11,34,67,8.0,9.9209,before_18,False,,17.25,medium,4.457,afternoon_or_evening,True,12.5,23.0,large,5.593,0.0,17.25,12.5,23.0,False,customer_to_customer
498,Customer_25,Customer_18,24,17,34,53,8.0,10.3757,before_18,False,,17.25,medium,4.457,before_18,False,,17.25,small,0.834,0.0,17.25,0.0,17.25,False,customer_to_customer
499,Customer_25,Customer_41,24,40,34,53,8.0,10.3757,before_18,False,,17.25,medium,4.457,business_hours,True,7.5,17.25,large,5.106,0.0,17.25,7.5,17.25,False,customer_to_customer
500,Customer_26,Customer_20,25,19,12,12,8.0,0.0,before_20,False,,20.0,large,5.753,business_hours,True,8.25,17.75,medium,3.662,0.0,20.0,8.25,17.75,True,customer_to_customer
501,Customer_26,Customer_51,25,50,12,64,8.0,0.931,before_20,False,,20.0,large,5.753,before_20,False,,19.5,small,1.604,0.0,20.0,0.0,19.5,False,customer_to_customer
502,Customer_26,Customer_3,25,2,12,77,8.0,3.005,before_20,False,,20.0,large,5.753,business_hours,True,7.75,18.0,small,1.255,0.0,20.0,7.75,18.0,False,customer_to_customer
503,Customer_26,Customer_33,25,32,12,77,8.0,3.005,before_20,False,,20.0,large,5.753,afternoon_or_evening,True,12.75,21.75,medium,2.203,0.0,20.0,12.75,21.75,False,customer_to_customer
504,Customer_26,Customer_40,25,39,12,77,8.0,3.005,before_20,False,,20.0,large,5.753,business_hours,True,7.75,18.0,large,5.785,0.0,20.0,7.75,18.0,False,customer_to_customer
505,Customer_26,Customer_1,25,0,12,39,8.0,3.4657,before_20,False,,20.0,large,5.753,before_20,False,,21.0,large,5.082,0.0,20.0,0.0,21.0,False,customer_to_customer
506,Customer_26,Customer_9,25,8,12,39,8.0,3.4657,before_20,False,,20.0,large,5.753,before_20,False,,20.75,small,1.776,0.0,20.0,0.0,20.75,False,customer_to_customer
507,Customer_26,Customer_5,25,4,12,19,8.0,4.45,before_20,False,,20.0,large,5.753,business_hours,True,8.0,17.75,medium,4.662,0.0,20.0,8.0,17.75,False,customer_to_customer
508,Customer_26,Customer_34,25,33,12,19,8.0,4.45,before_20,False,,20.0,large,5.753,before_12,False,,11.5,small,1.372,0.0,20.0,0.0,11.5,False,customer_to_customer
509,Customer_26,Customer_18,25,17,12,53,8.0,5.6575,before_20,False,,20.0,large,5.753,before_18,False,,17.25,small,0.834,0.0,20.0,0.0,17.25,False,customer_to_customer
510,Customer_26,Customer_41,25,40,12,53,8.0,5.6575,before_20,False,,20.0,large,5.753,business_hours,True,7.5,17.25,large,5.106,0.0,20.0,7.5,17.25,False,customer_to_customer
511,Customer_26,Customer_10,25,9,12,29,8.0,6.2923,before_20,False,,20.0,large,5.753,before_20,False,,20.5,medium,2.955,0.0,20.0,0.0,20.5,False,customer_to_customer
512,Customer_26,Customer_23,25,22,12,79,8.0,7.3788,before_20,False,,20.0,large,5.753,before_20,False,,20.25,large,7.501,0.0,20.0,0.0,20.25,False,customer_to_customer
513,Customer_26,Customer_19,25,18,12,57,8.0,7.5184,before_20,False,,20.0,large,5.753,all_day,False,,23.5,medium,3.112,0.0,20.0,0.0,23.5,False,customer_to_customer
514,Customer_26,Customer_39,25,38,12,66,8.0,8.4308,before_20,False,,20.0,large,5.753,business_hours,True,8.75,17.75,small,1.672,0.0,20.0,8.75,17.75,False,customer_to_customer
515,Customer_26,Customer_49,25,48,12,66,8.0,8.4308,before_20,False,,20.0,large,5.753,all_day,False,,22.75,medium,3.016,0.0,20.0,0.0,22.75,False,customer_to_customer
516,Customer_26,Customer_8,25,7,12,13,8.0,9.6171,before_20,False,,20.0,large,5.753,business_hours,True,7.5,19.0,medium,4.333,0.0,20.0,7.5,19.0,False,customer_to_customer
517,Customer_26,Customer_59,25,58,12,13,8.0,9.6171,before_20,False,,20.0,large,5.753,afternoon_or_evening,True,12.25,22.5,small,1.182,0.0,20.0,12.25,22.5,False,customer_to_customer
518,Customer_26,Customer_14,25,13,12,6,8.0,10.3931,before_20,False,,20.0,large,5.753,all_day,False,,22.75,large,6.263,0.0,20.0,0.0,22.75,False,customer_to_customer
519,Customer_26,Customer_13,25,12,12,61,8.0,10.5702,before_20,False,,20.0,large,5.753,business_hours,True,8.0,19.0,large,7.817,0.0,20.0,8.0,19.0,False,customer_to_customer
520,Customer_27,Customer_2,26,1,44,44,8.0,0.0,before_20,False,,20.75,large,6.914,before_20,False,,19.5,medium,4.395,0.0,20.75,0.0,19.5,True,customer_to_customer
521,Customer_27,Customer_4,26,3,44,44,8.0,0.0,before_20,False,,20.75,large,6.914,before_20,False,,20.0,medium,2.249,0.0,20.75,0.0,20.0,True,customer_to_customer
522,Customer_27,Customer_46,26,45,44,5,8.0,3.91,before_20,False,,20.75,large,6.914,before_12,False,,12.0,medium,3.084,0.0,20.75,0.0,12.0,False,customer_to_customer
523,Customer_27,Customer_8,26,7,44,13,8.0,4.1954,before_20,False,,20.75,large,6.914,business_hours,True,7.5,19.0,medium,4.333,0.0,20.75,7.5,19.0,False,customer_to_customer
524,Customer_27,Customer_59,26,58,44,13,8.0,4.1954,before_20,False,,20.75,large,6.914,afternoon_or_evening,True,12.25,22.5,small,1.182,0.0,20.75,12.25,22.5,False,customer_to_customer
525,Customer_27,Customer_16,26,15,44,18,8.0,4.8851,before_20,False,,20.75,large,6.914,before_18,False,,17.25,large,6.366,0.0,20.75,0.0,17.25,False,customer_to_customer
526,Customer_27,Customer_30,26,29,44,31,8.0,5.0599,before_20,False,,20.75,large,6.914,before_12,False,,13.0,medium,4.581,0.0,20.75,0.0,13.0,False,customer_to_customer
527,Customer_27,Customer_50,26,49,44,42,8.0,6.5663,before_20,False,,20.75,large,6.914,all_day,False,,24.0,medium,4.123,0.0,20.75,0.0,24.0,False,customer_to_customer
528,Customer_27,Customer_18,26,17,44,53,8.0,6.9176,before_20,False,,20.75,large,6.914,before_18,False,,17.25,small,0.834,0.0,20.75,0.0,17.25,False,customer_to_customer
529,Customer_27,Customer_41,26,40,44,53,8.0,6.9176,before_20,False,,20.75,large,6.914,business_hours,True,7.5,17.25,large,5.106,0.0,20.75,7.5,17.25,False,customer_to_customer
530,Customer_27,Customer_57,26,56,44,17,8.0,7.7423,before_20,False,,20.75,large,6.914,before_18,False,,17.25,medium,4.186,0.0,20.75,0.0,17.25,False,customer_to_customer
531,Customer_27,Customer_15,26,14,44,74,8.0,8.2576,before_20,False,,20.75,large,6.914,business_hours,True,7.5,17.25,large,7.293,0.0,20.75,7.5,17.25,False,customer_to_customer
532,Customer_27,Customer_36,26,35,44,68,8.0,8.5354,before_20,False,,20.75,large,6.914,all_day,False,,23.0,large,7.781,0.0,20.75,0.0,23.0,False,customer_to_customer
533,Customer_27,Customer_45,26,44,44,68,8.0,8.5354,before_20,False,,20.75,large,6.914,before_20,False,,20.75,small,1.204,0.0,20.75,0.0,20.75,False,customer_to_customer
534,Customer_27,Customer_56,26,55,44,68,8.0,8.5354,before_20,False,,20.75,large,6.914,before_18,False,,19.0,medium,2.573,0.0,20.75,0.0,19.0,False,customer_to_customer
535,Customer_27,Customer_48,26,47,44,27,8.0,9.4576,before_20,False,,20.75,large,6.914,before_20,False,,19.25,medium,2.11,0.0,20.75,0.0,19.25,False,customer_to_customer
536,Customer_27,Customer_52,26,51,44,0,8.0,9.924,before_20,False,,20.75,large,6.914,before_12,False,,11.75,large,6.981,0.0,20.75,0.0,11.75,False,customer_to_customer
537,Customer_27,Customer_22,26,21,44,65,8.0,11.7127,before_20,False,,20.75,large,6.914,business_hours,True,8.5,17.25,medium,3.604,0.0,20.75,8.5,17.25,False,customer_to_customer
538,Customer_27,Customer_25,26,24,44,34,8.0,11.9856,before_20,False,,20.75,large,6.914,before_18,False,,17.25,medium,4.457,0.0,20.75,0.0,17.25,False,customer_to_customer
539,Customer_27,Customer_21,26,20,44,24,8.0,12.2821,before_20,False,,20.75,large,6.914,before_18,False,,17.5,medium,3.927,0.0,20.75,0.0,17.5,False,customer_to_customer
540,Customer_28,Customer_47,27,46,38,43,8.0,2.5145,before_20,False,,20.75,medium,4.186,all_day,False,,23.75,small,0.746,0.0,20.75,0.0,23.75,False,customer_to_customer
541,Customer_28,Customer_12,27,11,38,67,8.0,3.2184,before_20,False,,20.75,medium,4.186,afternoon_or_evening,True,12.5,23.0,large,5.593,0.0,20.75,12.5,23.0,False,customer_to_customer
542,Customer_28,Customer_11,27,10,38,10,8.0,3.96,before_20,False,,20.75,medium,4.186,before_18,False,,18.0,small,1.544,0.0,20.75,0.0,18.0,False,customer_to_customer
543,Customer_28,Customer_35,27,34,38,73,8.0,4.7776,before_20,False,,20.75,medium,4.186,afternoon_or_evening,True,12.0,23.25,large,5.08,0.0,20.75,12.0,23.25,False,customer_to_customer
544,Customer_28,Customer_58,27,57,38,73,8.0,4.7776,before_20,False,,20.75,medium,4.186,before_20,False,,20.0,small,1.92,0.0,20.75,0.0,20.0,False,customer_to_customer
545,Customer_28,Customer_44,27,43,38,46,8.0,6.3549,before_20,False,,20.75,medium,4.186,all_day,False,,23.25,small,1.962,0.0,20.75,0.0,23.25,False,customer_to_customer
546,Customer_28,Customer_53,27,52,38,15,8.0,7.4725,before_20,False,,20.75,medium,4.186,business_hours,True,7.5,19.0,medium,2.769,0.0,20.75,7.5,19.0,False,customer_to_customer
547,Customer_28,Customer_37,27,36,38,75,8.0,8.1499,before_20,False,,20.75,medium,4.186,before_20,False,,20.0,small,1.664,0.0,20.75,0.0,20.0,False,customer_to_customer
548,Customer_28,Customer_54,27,53,38,75,8.0,8.1499,before_20,False,,20.75,medium,4.186,before_20,False,,19.5,small,1.304,0.0,20.75,0.0,19.5,False,customer_to_customer
549,Customer_28,Customer_15,27,14,38,74,8.0,9.4486,before_20,False,,20.75,medium,4.186,business_hours,True,7.5,17.25,large,7.293,0.0,20.75,7.5,17.25,False,customer_to_customer
550,Customer_28,Customer_25,27,24,38,34,8.0,10.7484,before_20,False,,20.75,medium,4.186,before_18,False,,17.25,medium,4.457,0.0,20.75,0.0,17.25,False,customer_to_customer
551,Customer_28,Customer_57,27,56,38,17,8.0,10.9713,before_20,False,,20.75,medium,4.186,before_18,False,,17.25,medium,4.186,0.0,20.75,0.0,17.25,False,customer_to_customer
552,Customer_28,Customer_24,27,23,38,47,8.0,11.4681,before_20,False,,20.75,medium,4.186,before_20,False,,20.25,medium,3.852,0.0,20.75,0.0,20.25,False,customer_to_customer
553,Customer_28,Customer_48,27,47,38,27,8.0,11.9826,before_20,False,,20.75,medium,4.186,before_20,False,,19.25,medium,2.11,0.0,20.75,0.0,19.25,False,customer_to_customer
554,Customer_28,Customer_30,27,29,38,31,8.0,12.7214,before_20,False,,20.75,medium,4.186,before_12,False,,13.0,medium,4.581,0.0,20.75,0.0,13.0,False,customer_to_customer
555,Customer_28,Customer_22,27,21,38,65,8.0,12.8557,before_20,False,,20.75,medium,4.186,business_hours,True,8.5,17.25,medium,3.604,0.0,20.75,8.5,17.25,False,customer_to_customer
556,Customer_28,Customer_16,27,15,38,18,8.0,12.9055,before_20,False,,20.75,medium,4.186,before_18,False,,17.25,large,6.366,0.0,20.75,0.0,17.25,False,customer_to_customer
557,Customer_28,Customer_50,27,49,38,42,8.0,13.3039,before_20,False,,20.75,medium,4.186,all_day,False,,24.0,medium,4.123,0.0,20.75,0.0,24.0,False,customer_to_customer
558,Customer_28,Customer_17,27,16,38,40,8.0,15.6974,before_20,False,,20.75,medium,4.186,all_day,False,,23.75,medium,3.999,0.0,20.75,0.0,23.75,False,customer_to_customer
559,Customer_28,Customer_31,27,30,38,40,8.0,15.6974,before_20,False,,20.75,medium,4.186,before_20,False,,20.5,medium,3.168,0.0,20.75,0.0,20.5,False,customer_to_customer
560,Customer_29,Customer_14,28,13,20,6,8.0,2.4437,business_hours,True,8.75,18.25,medium,4.375,all_day,False,,22.75,large,6.263,8.75,18.25,0.0,22.75,False,customer_to_customer
561,Customer_29,Customer_21,28,20,20,24,8.0,3.7151,business_hours,True,8.75,18.25,medium,4.375,before_18,False,,17.5,medium,3.927,8.75,18.25,0.0,17.5,False,customer_to_customer
562,Customer_29,Customer_43,28,42,20,24,8.0,3.7151,business_hours,True,8.75,18.25,medium,4.375,business_hours,True,7.5,17.75,large,7.914,8.75,18.25,7.5,17.75,False,customer_to_customer
563,Customer_29,Customer_23,28,22,20,79,8.0,5.1216,business_hours,True,8.75,18.25,medium,4.375,before_20,False,,20.25,large,7.501,8.75,18.25,0.0,20.25,False,customer_to_customer
564,Customer_29,Customer_52,28,51,20,0,8.0,6.2737,business_hours,True,8.75,18.25,medium,4.375,before_12,False,,11.75,large,6.981,8.75,18.25,0.0,11.75,False,customer_to_customer
565,Customer_29,Customer_1,28,0,20,39,8.0,9.2251,business_hours,True,8.75,18.25,medium,4.375,before_20,False,,21.0,large,5.082,8.75,18.25,0.0,21.0,False,customer_to_customer
566,Customer_29,Customer_9,28,8,20,39,8.0,9.2251,business_hours,True,8.75,18.25,medium,4.375,before_20,False,,20.75,small,1.776,8.75,18.25,0.0,20.75,False,customer_to_customer
567,Customer_29,Customer_10,28,9,20,29,8.0,9.5645,business_hours,True,8.75,18.25,medium,4.375,before_20,False,,20.5,medium,2.955,8.75,18.25,0.0,20.5,False,customer_to_customer
568,Customer_29,Customer_8,28,7,20,13,8.0,11.4287,business_hours,True,8.75,18.25,medium,4.375,business_hours,True,7.5,19.0,medium,4.333,8.75,18.25,7.5,19.0,False,customer_to_customer
569,Customer_29,Customer_59,28,58,20,13,8.0,11.4287,business_hours,True,8.75,18.25,medium,4.375,afternoon_or_evening,True,12.25,22.5,small,1.182,8.75,18.25,12.25,22.5,False,customer_to_customer
570,Customer_29,Customer_51,28,50,20,64,8.0,11.9066,business_hours,True,8.75,18.25,medium,4.375,before_20,False,,19.5,small,1.604,8.75,18.25,0.0,19.5,False,customer_to_customer
571,Customer_29,Customer_20,28,19,20,12,8.0,12.4739,business_hours,True,8.75,18.25,medium,4.375,business_hours,True,8.25,17.75,medium,3.662,8.75,18.25,8.25,17.75,False,customer_to_customer
572,Customer_29,Customer_26,28,25,20,12,8.0,12.4739,business_hours,True,8.75,18.25,medium,4.375,before_20,False,,20.0,large,5.753,8.75,18.25,0.0,20.0,False,customer_to_customer
573,Customer_29,Customer_18,28,17,20,53,8.0,13.1441,business_hours,True,8.75,18.25,medium,4.375,before_18,False,,17.25,small,0.834,8.75,18.25,0.0,17.25,False,customer_to_customer
574,Customer_29,Customer_41,28,40,20,53,8.0,13.1441,business_hours,True,8.75,18.25,medium,4.375,business_hours,True,7.5,17.25,large,5.106,8.75,18.25,7.5,17.25,False,customer_to_customer
575,Customer_29,Customer_5,28,4,20,19,8.0,13.34,business_hours,True,8.75,18.25,medium,4.375,business_hours,True,8.0,17.75,medium,4.662,8.75,18.25,8.0,17.75,False,customer_to_customer
576,Customer_29,Customer_34,28,33,20,19,8.0,13.34,business_hours,True,8.75,18.25,medium,4.375,before_12,False,,11.5,small,1.372,8.75,18.25,0.0,11.5,False,customer_to_customer
577,Customer_29,Customer_3,28,2,20,77,8.0,14.9778,business_hours,True,8.75,18.25,medium,4.375,business_hours,True,7.75,18.0,small,1.255,8.75,18.25,7.75,18.0,False,customer_to_customer
578,Customer_29,Customer_33,28,32,20,77,8.0,14.9778,business_hours,True,8.75,18.25,medium,4.375,afternoon_or_evening,True,12.75,21.75,medium,2.203,8.75,18.25,12.75,21.75,False,customer_to_customer
579,Customer_29,Customer_40,28,39,20,77,8.0,14.9778,business_hours,True,8.75,18.25,medium,4.375,business_hours,True,7.75,18.0,large,5.785,8.75,18.25,7.75,18.0,False,customer_to_customer
580,Customer_30,Customer_16,29,15,31,18,8.0,0.1852,before_12,False,,13.0,medium,4.581,before_18,False,,17.25,large,6.366,0.0,13.0,0.0,17.25,False,customer_to_customer
581,Customer_30,Customer_57,29,56,31,17,8.0,3.07,before_12,False,,13.0,medium,4.581,before_18,False,,17.25,medium,4.186,0.0,13.0,0.0,17.25,False,customer_to_customer
582,Customer_30,Customer_15,29,14,31,74,8.0,3.2857,before_12,False,,13.0,medium,4.581,business_hours,True,7.5,17.25,large,7.293,0.0,13.0,7.5,17.25,False,customer_to_customer
583,Customer_30,Customer_50,29,49,31,42,8.0,3.3839,before_12,False,,13.0,medium,4.581,all_day,False,,24.0,medium,4.123,0.0,13.0,0.0,24.0,False,customer_to_customer
584,Customer_30,Customer_2,29,1,31,44,8.0,5.0599,before_12,False,,13.0,medium,4.581,before_20,False,,19.5,medium,4.395,0.0,13.0,0.0,19.5,False,customer_to_customer
585,Customer_30,Customer_4,29,3,31,44,8.0,5.0599,before_12,False,,13.0,medium,4.581,before_20,False,,20.0,medium,2.249,0.0,13.0,0.0,20.0,False,customer_to_customer
586,Customer_30,Customer_27,29,26,31,44,8.0,5.0599,before_12,False,,13.0,medium,4.581,before_20,False,,20.75,large,6.914,0.0,13.0,0.0,20.75,False,customer_to_customer
587,Customer_30,Customer_46,29,45,31,5,8.0,7.0695,before_12,False,,13.0,medium,4.581,before_12,False,,12.0,medium,3.084,0.0,13.0,0.0,12.0,False,customer_to_customer
588,Customer_30,Customer_48,29,47,31,27,8.0,7.1761,before_12,False,,13.0,medium,4.581,before_20,False,,19.25,medium,2.11,0.0,13.0,0.0,19.25,False,customer_to_customer
589,Customer_30,Customer_25,29,24,31,34,8.0,7.8453,before_12,False,,13.0,medium,4.581,before_18,False,,17.25,medium,4.457,0.0,13.0,0.0,17.25,False,customer_to_customer
590,Customer_30,Customer_22,29,21,31,65,8.0,8.2913,before_12,False,,13.0,medium,4.581,business_hours,True,8.5,17.25,medium,3.604,0.0,13.0,8.5,17.25,False,customer_to_customer
591,Customer_30,Customer_18,29,17,31,53,8.0,8.354,before_12,False,,13.0,medium,4.581,before_18,False,,17.25,small,0.834,0.0,13.0,0.0,17.25,False,customer_to_customer
592,Customer_30,Customer_41,29,40,31,53,8.0,8.354,before_12,False,,13.0,medium,4.581,business_hours,True,7.5,17.25,large,5.106,0.0,13.0,7.5,17.25,False,customer_to_customer
593,Customer_30,Customer_24,29,23,31,47,8.0,8.4415,before_12,False,,13.0,medium,4.581,before_20,False,,20.25,medium,3.852,0.0,13.0,0.0,20.25,False,customer_to_customer
594,Customer_30,Customer_8,29,7,31,13,8.0,8.4681,before_12,False,,13.0,medium,4.581,business_hours,True,7.5,19.0,medium,4.333,0.0,13.0,7.5,19.0,False,customer_to_customer
595,Customer_30,Customer_59,29,58,31,13,8.0,8.4681,before_12,False,,13.0,medium,4.581,afternoon_or_evening,True,12.25,22.5,small,1.182,0.0,13.0,12.25,22.5,False,customer_to_customer
596,Customer_30,Customer_36,29,35,31,68,8.0,9.0494,before_12,False,,13.0,medium,4.581,all_day,False,,23.0,large,7.781,0.0,13.0,0.0,23.0,False,customer_to_customer
597,Customer_30,Customer_45,29,44,31,68,8.0,9.0494,before_12,False,,13.0,medium,4.581,before_20,False,,20.75,small,1.204,0.0,13.0,0.0,20.75,False,customer_to_customer
598,Customer_30,Customer_56,29,55,31,68,8.0,9.0494,before_12,False,,13.0,medium,4.581,before_18,False,,19.0,medium,2.573,0.0,13.0,0.0,19.0,False,customer_to_customer
599,Customer_30,Customer_11,29,10,31,10,8.0,9.6247,before_12,False,,13.0,medium,4.581,before_18,False,,18.0,small,1.544,0.0,13.0,0.0,18.0,False,customer_to_customer
600,Customer_31,Customer_17,30,16,40,40,8.0,0.0,before_20,False,,20.5,medium,3.168,all_day,False,,23.75,medium,3.999,0.0,20.5,0.0,23.75,True,customer_to_customer
601,Customer_31,Customer_13,30,12,40,61,8.0,4.9952,before_20,False,,20.5,medium,3.168,business_hours,True,8.0,19.0,large,7.817,0.0,20.5,8.0,19.0,False,customer_to_customer
602,Customer_31,Customer_60,30,59,40,61,8.0,4.9952,before_20,False,,20.5,medium,3.168,all_day,False,,23.0,large,5.554,0.0,20.5,0.0,23.0,False,customer_to_customer
603,Customer_31,Customer_39,30,38,40,66,8.0,7.0805,before_20,False,,20.5,medium,3.168,business_hours,True,8.75,17.75,small,1.672,0.0,20.5,8.75,17.75,False,customer_to_customer
604,Customer_31,Customer_49,30,48,40,66,8.0,7.0805,before_20,False,,20.5,medium,3.168,all_day,False,,22.75,medium,3.016,0.0,20.5,0.0,22.75,False,customer_to_customer
605,Customer_31,Customer_24,30,23,40,47,8.0,7.6267,before_20,False,,20.5,medium,3.168,before_20,False,,20.25,medium,3.852,0.0,20.5,0.0,20.25,False,customer_to_customer
606,Customer_31,Customer_22,30,21,40,65,8.0,7.8764,before_20,False,,20.5,medium,3.168,business_hours,True,8.5,17.25,medium,3.604,0.0,20.5,8.5,17.25,False,customer_to_customer
607,Customer_31,Customer_19,30,18,40,57,8.0,8.2671,before_20,False,,20.5,medium,3.168,all_day,False,,23.5,medium,3.112,0.0,20.5,0.0,23.5,False,customer_to_customer
608,Customer_31,Customer_25,30,24,40,34,8.0,8.3315,before_20,False,,20.5,medium,3.168,before_18,False,,17.25,medium,4.457,0.0,20.5,0.0,17.25,False,customer_to_customer
609,Customer_31,Customer_6,30,5,40,56,8.0,8.5156,before_20,False,,20.5,medium,3.168,all_day,False,,23.75,medium,4.742,0.0,20.5,0.0,23.75,False,customer_to_customer
610,Customer_31,Customer_42,30,41,40,56,8.0,8.5156,before_20,False,,20.5,medium,3.168,all_day,False,,22.75,medium,3.77,0.0,20.5,0.0,22.75,False,customer_to_customer
611,Customer_31,Customer_55,30,54,40,56,8.0,8.5156,before_20,False,,20.5,medium,3.168,business_hours,True,7.75,17.75,small,1.087,0.0,20.5,7.75,17.75,False,customer_to_customer
612,Customer_31,Customer_7,30,6,40,78,8.0,9.6547,before_20,False,,20.5,medium,3.168,business_hours,True,8.75,17.5,medium,3.0,0.0,20.5,8.75,17.5,False,customer_to_customer
613,Customer_31,Customer_38,30,37,40,78,8.0,9.6547,before_20,False,,20.5,medium,3.168,all_day,False,,23.25,medium,4.425,0.0,20.5,0.0,23.25,False,customer_to_customer
614,Customer_31,Customer_44,30,43,40,46,8.0,9.6975,before_20,False,,20.5,medium,3.168,all_day,False,,23.25,small,1.962,0.0,20.5,0.0,23.25,False,customer_to_customer
615,Customer_31,Customer_11,30,10,40,10,8.0,12.6686,before_20,False,,20.5,medium,3.168,before_18,False,,18.0,small,1.544,0.0,20.5,0.0,18.0,False,customer_to_customer
616,Customer_31,Customer_57,30,56,40,17,8.0,13.1101,before_20,False,,20.5,medium,3.168,before_18,False,,17.25,medium,4.186,0.0,20.5,0.0,17.25,False,customer_to_customer
617,Customer_31,Customer_50,30,49,40,42,8.0,13.1327,before_20,False,,20.5,medium,3.168,all_day,False,,24.0,medium,4.123,0.0,20.5,0.0,24.0,False,customer_to_customer
618,Customer_31,Customer_12,30,11,40,67,8.0,13.2577,before_20,False,,20.5,medium,3.168,afternoon_or_evening,True,12.5,23.0,large,5.593,0.0,20.5,12.5,23.0,False,customer_to_customer
619,Customer_31,Customer_47,30,46,40,43,8.0,13.3094,before_20,False,,20.5,medium,3.168,all_day,False,,23.75,small,0.746,0.0,20.5,0.0,23.75,False,customer_to_customer
620,Customer_32,Customer_53,31,52,36,15,8.0,14.402,before_18,False,,17.25,small,1.462,business_hours,True,7.5,19.0,medium,2.769,0.0,17.25,7.5,19.0,False,customer_to_customer
621,Customer_32,Customer_48,31,47,36,27,8.0,16.2799,before_18,False,,17.25,small,1.462,before_20,False,,19.25,medium,2.11,0.0,17.25,0.0,19.25,False,customer_to_customer
622,Customer_32,Customer_28,31,27,36,38,8.0,17.1553,before_18,False,,17.25,small,1.462,before_20,False,,20.75,medium,4.186,0.0,17.25,0.0,20.75,False,customer_to_customer
623,Customer_32,Customer_37,31,36,36,75,8.0,17.6445,before_18,False,,17.25,small,1.462,before_20,False,,20.0,small,1.664,0.0,17.25,0.0,20.0,False,customer_to_customer
624,Customer_32,Customer_54,31,53,36,75,8.0,17.6445,before_18,False,,17.25,small,1.462,before_20,False,,19.5,small,1.304,0.0,17.25,0.0,19.5,False,customer_to_customer
625,Customer_32,Customer_35,31,34,36,73,8.0,17.7003,before_18,False,,17.25,small,1.462,afternoon_or_evening,True,12.0,23.25,large,5.08,0.0,17.25,12.0,23.25,False,customer_to_customer
626,Customer_32,Customer_58,31,57,36,73,8.0,17.7003,before_18,False,,17.25,small,1.462,before_20,False,,20.0,small,1.92,0.0,17.25,0.0,20.0,False,customer_to_customer
627,Customer_33,Customer_3,32,2,77,77,8.0,0.0,afternoon_or_evening,True,12.75,21.75,medium,2.203,business_hours,True,7.75,18.0,small,1.255,12.75,21.75,7.75,18.0,True,customer_to_customer
628,Customer_33,Customer_40,32,39,77,77,8.0,0.0,afternoon_or_evening,True,12.75,21.75,medium,2.203,business_hours,True,7.75,18.0,large,5.785,12.75,21.75,7.75,18.0,True,customer_to_customer
629,Customer_33,Customer_20,32,19,77,12,8.0,3.005,afternoon_or_evening,True,12.75,21.75,medium,2.203,business_hours,True,8.25,17.75,medium,3.662,12.75,21.75,8.25,17.75,False,customer_to_customer
630,Customer_33,Customer_26,32,25,77,12,8.0,3.005,afternoon_or_evening,True,12.75,21.75,medium,2.203,before_20,False,,20.0,large,5.753,12.75,21.75,0.0,20.0,False,customer_to_customer
631,Customer_33,Customer_51,32,50,77,64,8.0,3.1776,afternoon_or_evening,True,12.75,21.75,medium,2.203,before_20,False,,19.5,small,1.604,12.75,21.75,0.0,19.5,False,customer_to_customer
632,Customer_33,Customer_5,32,4,77,19,8.0,3.4891,afternoon_or_evening,True,12.75,21.75,medium,2.203,business_hours,True,8.0,17.75,medium,4.662,12.75,21.75,8.0,17.75,False,customer_to_customer
633,Customer_33,Customer_34,32,33,77,19,8.0,3.4891,afternoon_or_evening,True,12.75,21.75,medium,2.203,before_12,False,,11.5,small,1.372,12.75,21.75,0.0,11.5,False,customer_to_customer
634,Customer_33,Customer_19,32,18,77,57,8.0,5.6275,afternoon_or_evening,True,12.75,21.75,medium,2.203,all_day,False,,23.5,medium,3.112,12.75,21.75,0.0,23.5,False,customer_to_customer
635,Customer_33,Customer_1,32,0,77,39,8.0,5.7537,afternoon_or_evening,True,12.75,21.75,medium,2.203,before_20,False,,21.0,large,5.082,12.75,21.75,0.0,21.0,False,customer_to_customer
636,Customer_33,Customer_9,32,8,77,39,8.0,5.7537,afternoon_or_evening,True,12.75,21.75,medium,2.203,before_20,False,,20.75,small,1.776,12.75,21.75,0.0,20.75,False,customer_to_customer
637,Customer_33,Customer_39,32,38,77,66,8.0,7.0077,afternoon_or_evening,True,12.75,21.75,medium,2.203,business_hours,True,8.75,17.75,small,1.672,12.75,21.75,8.75,17.75,False,customer_to_customer
638,Customer_33,Customer_49,32,48,77,66,8.0,7.0077,afternoon_or_evening,True,12.75,21.75,medium,2.203,all_day,False,,22.75,medium,3.016,12.75,21.75,0.0,22.75,False,customer_to_customer
639,Customer_33,Customer_10,32,9,77,29,8.0,7.1662,afternoon_or_evening,True,12.75,21.75,medium,2.203,before_20,False,,20.5,medium,2.955,12.75,21.75,0.0,20.5,False,customer_to_customer
640,Customer_33,Customer_18,32,17,77,53,8.0,8.0207,afternoon_or_evening,True,12.75,21.75,medium,2.203,before_18,False,,17.25,small,0.834,12.75,21.75,0.0,17.25,False,customer_to_customer
641,Customer_33,Customer_41,32,40,77,53,8.0,8.0207,afternoon_or_evening,True,12.75,21.75,medium,2.203,business_hours,True,7.5,17.25,large,5.106,12.75,21.75,7.5,17.25,False,customer_to_customer
642,Customer_33,Customer_7,32,6,77,78,8.0,8.4668,afternoon_or_evening,True,12.75,21.75,medium,2.203,business_hours,True,8.75,17.5,medium,3.0,12.75,21.75,8.75,17.5,False,customer_to_customer
643,Customer_33,Customer_38,32,37,77,78,8.0,8.4668,afternoon_or_evening,True,12.75,21.75,medium,2.203,all_day,False,,23.25,medium,4.425,12.75,21.75,0.0,23.25,False,customer_to_customer
644,Customer_33,Customer_13,32,12,77,61,8.0,8.9092,afternoon_or_evening,True,12.75,21.75,medium,2.203,business_hours,True,8.0,19.0,large,7.817,12.75,21.75,8.0,19.0,False,customer_to_customer
645,Customer_33,Customer_60,32,59,77,61,8.0,8.9092,afternoon_or_evening,True,12.75,21.75,medium,2.203,all_day,False,,23.0,large,5.554,12.75,21.75,0.0,23.0,False,customer_to_customer
646,Customer_33,Customer_23,32,22,77,79,8.0,10.0098,afternoon_or_evening,True,12.75,21.75,medium,2.203,before_20,False,,20.25,large,7.501,12.75,21.75,0.0,20.25,False,customer_to_customer
647,Customer_34,Customer_5,33,4,19,19,8.0,0.0,before_12,False,,11.5,small,1.372,business_hours,True,8.0,17.75,medium,4.662,0.0,11.5,8.0,17.75,True,customer_to_customer
648,Customer_34,Customer_3,33,2,19,77,8.0,3.4891,before_12,False,,11.5,small,1.372,business_hours,True,7.75,18.0,small,1.255,0.0,11.5,7.75,18.0,False,customer_to_customer
649,Customer_34,Customer_33,33,32,19,77,8.0,3.4891,before_12,False,,11.5,small,1.372,afternoon_or_evening,True,12.75,21.75,medium,2.203,0.0,11.5,12.75,21.75,False,customer_to_customer
650,Customer_34,Customer_40,33,39,19,77,8.0,3.4891,before_12,False,,11.5,small,1.372,business_hours,True,7.75,18.0,large,5.785,0.0,11.5,7.75,18.0,False,customer_to_customer
651,Customer_34,Customer_51,33,50,19,64,8.0,3.7916,before_12,False,,11.5,small,1.372,before_20,False,,19.5,small,1.604,0.0,11.5,0.0,19.5,False,customer_to_customer
652,Customer_34,Customer_10,33,9,19,29,8.0,4.2684,before_12,False,,11.5,small,1.372,before_20,False,,20.5,medium,2.955,0.0,11.5,0.0,20.5,False,customer_to_customer
653,Customer_34,Customer_20,33,19,19,12,8.0,4.45,before_12,False,,11.5,small,1.372,business_hours,True,8.25,17.75,medium,3.662,0.0,11.5,8.25,17.75,False,customer_to_customer
654,Customer_34,Customer_26,33,25,19,12,8.0,4.45,before_12,False,,11.5,small,1.372,before_20,False,,20.0,large,5.753,0.0,11.5,0.0,20.0,False,customer_to_customer
655,Customer_34,Customer_1,33,0,19,39,8.0,4.8241,before_12,False,,11.5,small,1.372,before_20,False,,21.0,large,5.082,0.0,11.5,0.0,21.0,False,customer_to_customer
656,Customer_34,Customer_9,33,8,19,39,8.0,4.8241,before_12,False,,11.5,small,1.372,before_20,False,,20.75,small,1.776,0.0,11.5,0.0,20.75,False,customer_to_customer
657,Customer_34,Customer_23,33,22,19,79,8.0,8.9059,before_12,False,,11.5,small,1.372,before_20,False,,20.25,large,7.501,0.0,11.5,0.0,20.25,False,customer_to_customer
658,Customer_34,Customer_19,33,18,19,57,8.0,8.9273,before_12,False,,11.5,small,1.372,all_day,False,,23.5,medium,3.112,0.0,11.5,0.0,23.5,False,customer_to_customer
659,Customer_34,Customer_18,33,17,19,53,8.0,10.099,before_12,False,,11.5,small,1.372,before_18,False,,17.25,small,0.834,0.0,11.5,0.0,17.25,False,customer_to_customer
660,Customer_34,Customer_41,33,40,19,53,8.0,10.099,before_12,False,,11.5,small,1.372,business_hours,True,7.5,17.25,large,5.106,0.0,11.5,7.5,17.25,False,customer_to_customer
661,Customer_34,Customer_7,33,6,19,78,8.0,10.3496,before_12,False,,11.5,small,1.372,business_hours,True,8.75,17.5,medium,3.0,0.0,11.5,8.75,17.5,False,customer_to_customer
662,Customer_34,Customer_38,33,37,19,78,8.0,10.3496,before_12,False,,11.5,small,1.372,all_day,False,,23.25,medium,4.425,0.0,11.5,0.0,23.25,False,customer_to_customer
663,Customer_34,Customer_39,33,38,19,66,8.0,10.4267,before_12,False,,11.5,small,1.372,business_hours,True,8.75,17.75,small,1.672,0.0,11.5,8.75,17.75,False,customer_to_customer
664,Customer_34,Customer_49,33,48,19,66,8.0,10.4267,before_12,False,,11.5,small,1.372,all_day,False,,22.75,medium,3.016,0.0,11.5,0.0,22.75,False,customer_to_customer
665,Customer_34,Customer_14,33,13,19,6,8.0,10.9336,before_12,False,,11.5,small,1.372,all_day,False,,22.75,large,6.263,0.0,11.5,0.0,22.75,False,customer_to_customer
666,Customer_34,Customer_13,33,12,19,61,8.0,12.2144,before_12,False,,11.5,small,1.372,business_hours,True,8.0,19.0,large,7.817,0.0,11.5,8.0,19.0,False,customer_to_customer
667,Customer_35,Customer_58,34,57,73,73,8.0,0.0,afternoon_or_evening,True,12.0,23.25,large,5.08,before_20,False,,20.0,small,1.92,12.0,23.25,0.0,20.0,True,customer_to_customer
668,Customer_35,Customer_37,34,36,73,75,8.0,3.5067,afternoon_or_evening,True,12.0,23.25,large,5.08,before_20,False,,20.0,small,1.664,12.0,23.25,0.0,20.0,False,customer_to_customer
669,Customer_35,Customer_54,34,53,73,75,8.0,3.5067,afternoon_or_evening,True,12.0,23.25,large,5.08,before_20,False,,19.5,small,1.304,12.0,23.25,0.0,19.5,False,customer_to_customer
670,Customer_35,Customer_53,34,52,73,15,8.0,4.2938,afternoon_or_evening,True,12.0,23.25,large,5.08,business_hours,True,7.5,19.0,medium,2.769,12.0,23.25,7.5,19.0,False,customer_to_customer
671,Customer_35,Customer_12,34,11,73,67,8.0,4.6593,afternoon_or_evening,True,12.0,23.25,large,5.08,afternoon_or_evening,True,12.5,23.0,large,5.593,12.0,23.25,12.5,23.0,False,customer_to_customer
672,Customer_35,Customer_28,34,27,73,38,8.0,4.7776,afternoon_or_evening,True,12.0,23.25,large,5.08,before_20,False,,20.75,medium,4.186,12.0,23.25,0.0,20.75,False,customer_to_customer
673,Customer_35,Customer_47,34,46,73,43,8.0,5.3227,afternoon_or_evening,True,12.0,23.25,large,5.08,all_day,False,,23.75,small,0.746,12.0,23.25,0.0,23.75,False,customer_to_customer
674,Customer_35,Customer_11,34,10,73,10,8.0,8.2153,afternoon_or_evening,True,12.0,23.25,large,5.08,before_18,False,,18.0,small,1.544,12.0,23.25,0.0,18.0,False,customer_to_customer
675,Customer_35,Customer_44,34,43,73,46,8.0,9.6616,afternoon_or_evening,True,12.0,23.25,large,5.08,all_day,False,,23.25,small,1.962,12.0,23.25,0.0,23.25,False,customer_to_customer
676,Customer_35,Customer_15,34,14,73,74,8.0,14.2094,afternoon_or_evening,True,12.0,23.25,large,5.08,business_hours,True,7.5,17.25,large,7.293,12.0,23.25,7.5,17.25,False,customer_to_customer
677,Customer_35,Customer_25,34,24,73,34,8.0,14.5121,afternoon_or_evening,True,12.0,23.25,large,5.08,before_18,False,,17.25,medium,4.457,12.0,23.25,0.0,17.25,False,customer_to_customer
678,Customer_35,Customer_24,34,23,73,47,8.0,15.0962,afternoon_or_evening,True,12.0,23.25,large,5.08,before_20,False,,20.25,medium,3.852,12.0,23.25,0.0,20.25,False,customer_to_customer
679,Customer_35,Customer_57,34,56,73,17,8.0,15.5537,afternoon_or_evening,True,12.0,23.25,large,5.08,before_18,False,,17.25,medium,4.186,12.0,23.25,0.0,17.25,False,customer_to_customer
680,Customer_35,Customer_48,34,47,73,27,8.0,16.4055,afternoon_or_evening,True,12.0,23.25,large,5.08,before_20,False,,19.25,medium,2.11,12.0,23.25,0.0,19.25,False,customer_to_customer
681,Customer_35,Customer_22,34,21,73,65,8.0,16.5713,afternoon_or_evening,True,12.0,23.25,large,5.08,business_hours,True,8.5,17.25,medium,3.604,12.0,23.25,8.5,17.25,False,customer_to_customer
682,Customer_35,Customer_30,34,29,73,31,8.0,17.47,afternoon_or_evening,True,12.0,23.25,large,5.08,before_12,False,,13.0,medium,4.581,12.0,23.25,0.0,13.0,False,customer_to_customer
683,Customer_35,Customer_17,34,16,73,40,8.0,17.5372,afternoon_or_evening,True,12.0,23.25,large,5.08,all_day,False,,23.75,medium,3.999,12.0,23.25,0.0,23.75,False,customer_to_customer
684,Customer_35,Customer_31,34,30,73,40,8.0,17.5372,afternoon_or_evening,True,12.0,23.25,large,5.08,before_20,False,,20.5,medium,3.168,12.0,23.25,0.0,20.5,False,customer_to_customer
685,Customer_35,Customer_16,34,15,73,18,8.0,17.6533,afternoon_or_evening,True,12.0,23.25,large,5.08,before_18,False,,17.25,large,6.366,12.0,23.25,0.0,17.25,False,customer_to_customer
686,Customer_35,Customer_32,34,31,73,36,8.0,17.7003,afternoon_or_evening,True,12.0,23.25,large,5.08,before_18,False,,17.25,small,1.462,12.0,23.25,0.0,17.25,False,customer_to_customer
687,Customer_36,Customer_45,35,44,68,68,8.0,0.0,all_day,False,,23.0,large,7.781,before_20,False,,20.75,small,1.204,0.0,23.0,0.0,20.75,True,customer_to_customer
688,Customer_36,Customer_56,35,55,68,68,8.0,0.0,all_day,False,,23.0,large,7.781,before_18,False,,19.0,medium,2.573,0.0,23.0,0.0,19.0,True,customer_to_customer
689,Customer_36,Customer_48,35,47,68,27,8.0,4.8233,all_day,False,,23.0,large,7.781,before_20,False,,19.25,medium,2.11,0.0,23.0,0.0,19.25,False,customer_to_customer
690,Customer_36,Customer_46,35,45,68,5,8.0,5.2273,all_day,False,,23.0,large,7.781,before_12,False,,12.0,medium,3.084,0.0,23.0,0.0,12.0,False,customer_to_customer
691,Customer_36,Customer_2,35,1,68,44,8.0,8.5354,all_day,False,,23.0,large,7.781,before_20,False,,19.5,medium,4.395,0.0,23.0,0.0,19.5,False,customer_to_customer
692,Customer_36,Customer_4,35,3,68,44,8.0,8.5354,all_day,False,,23.0,large,7.781,before_20,False,,20.0,medium,2.249,0.0,23.0,0.0,20.0,False,customer_to_customer
693,Customer_36,Customer_27,35,26,68,44,8.0,8.5354,all_day,False,,23.0,large,7.781,before_20,False,,20.75,large,6.914,0.0,23.0,0.0,20.75,False,customer_to_customer
694,Customer_36,Customer_16,35,15,68,18,8.0,9.0406,all_day,False,,23.0,large,7.781,before_18,False,,17.25,large,6.366,0.0,23.0,0.0,17.25,False,customer_to_customer
695,Customer_36,Customer_30,35,29,68,31,8.0,9.0494,all_day,False,,23.0,large,7.781,before_12,False,,13.0,medium,4.581,0.0,23.0,0.0,13.0,False,customer_to_customer
696,Customer_36,Customer_15,35,14,68,74,8.0,9.9026,all_day,False,,23.0,large,7.781,business_hours,True,7.5,17.25,large,7.293,0.0,23.0,7.5,17.25,False,customer_to_customer
697,Customer_36,Customer_57,35,56,68,17,8.0,11.7853,all_day,False,,23.0,large,7.781,before_18,False,,17.25,medium,4.186,0.0,23.0,0.0,17.25,False,customer_to_customer
698,Customer_36,Customer_8,35,7,68,13,8.0,12.3194,all_day,False,,23.0,large,7.781,business_hours,True,7.5,19.0,medium,4.333,0.0,23.0,7.5,19.0,False,customer_to_customer
699,Customer_36,Customer_59,35,58,68,13,8.0,12.3194,all_day,False,,23.0,large,7.781,afternoon_or_evening,True,12.25,22.5,small,1.182,0.0,23.0,12.25,22.5,False,customer_to_customer
700,Customer_36,Customer_50,35,49,68,42,8.0,12.3791,all_day,False,,23.0,large,7.781,all_day,False,,24.0,medium,4.123,0.0,23.0,0.0,24.0,False,customer_to_customer
701,Customer_36,Customer_18,35,17,68,53,8.0,15.3382,all_day,False,,23.0,large,7.781,before_18,False,,17.25,small,0.834,0.0,23.0,0.0,17.25,False,customer_to_customer
702,Customer_36,Customer_41,35,40,68,53,8.0,15.3382,all_day,False,,23.0,large,7.781,business_hours,True,7.5,17.25,large,5.106,0.0,23.0,7.5,17.25,False,customer_to_customer
703,Customer_36,Customer_11,35,10,68,10,8.0,15.518,all_day,False,,23.0,large,7.781,before_18,False,,18.0,small,1.544,0.0,23.0,0.0,18.0,False,customer_to_customer
704,Customer_36,Customer_52,35,51,68,0,8.0,16.2467,all_day,False,,23.0,large,7.781,before_12,False,,11.75,large,6.981,0.0,23.0,0.0,11.75,False,customer_to_customer
705,Customer_36,Customer_25,35,24,68,34,8.0,16.5529,all_day,False,,23.0,large,7.781,before_18,False,,17.25,medium,4.457,0.0,23.0,0.0,17.25,False,customer_to_customer
706,Customer_36,Customer_28,35,27,68,38,8.0,16.7916,all_day,False,,23.0,large,7.781,before_20,False,,20.75,medium,4.186,0.0,23.0,0.0,20.75,False,customer_to_customer
707,Customer_37,Customer_54,36,53,75,75,8.0,0.0,before_20,False,,20.0,small,1.664,before_20,False,,19.5,small,1.304,0.0,20.0,0.0,19.5,True,customer_to_customer
708,Customer_37,Customer_53,36,52,75,15,8.0,3.2696,before_20,False,,20.0,small,1.664,business_hours,True,7.5,19.0,medium,2.769,0.0,20.0,7.5,19.0,False,customer_to_customer
709,Customer_37,Customer_35,36,34,75,73,8.0,3.5067,before_20,False,,20.0,small,1.664,afternoon_or_evening,True,12.0,23.25,large,5.08,0.0,20.0,12.0,23.25,False,customer_to_customer
710,Customer_37,Customer_58,36,57,75,73,8.0,3.5067,before_20,False,,20.0,small,1.664,before_20,False,,20.0,small,1.92,0.0,20.0,0.0,20.0,False,customer_to_customer
711,Customer_37,Customer_12,36,11,75,67,8.0,8.0569,before_20,False,,20.0,small,1.664,afternoon_or_evening,True,12.5,23.0,large,5.593,0.0,20.0,12.5,23.0,False,customer_to_customer
712,Customer_37,Customer_28,36,27,75,38,8.0,8.1499,before_20,False,,20.0,small,1.664,before_20,False,,20.75,medium,4.186,0.0,20.0,0.0,20.75,False,customer_to_customer
713,Customer_37,Customer_47,36,46,75,43,8.0,8.8125,before_20,False,,20.0,small,1.664,all_day,False,,23.75,small,0.746,0.0,20.0,0.0,23.75,False,customer_to_customer
714,Customer_37,Customer_11,36,10,75,10,8.0,11.719,before_20,False,,20.0,small,1.664,before_18,False,,18.0,small,1.544,0.0,20.0,0.0,18.0,False,customer_to_customer
715,Customer_37,Customer_44,36,43,75,46,8.0,13.0927,before_20,False,,20.0,small,1.664,all_day,False,,23.25,small,1.962,0.0,20.0,0.0,23.25,False,customer_to_customer
716,Customer_37,Customer_15,36,14,75,74,8.0,17.5927,before_20,False,,20.0,small,1.664,business_hours,True,7.5,17.25,large,7.293,0.0,20.0,7.5,17.25,False,customer_to_customer
717,Customer_37,Customer_32,36,31,75,36,8.0,17.6445,before_20,False,,20.0,small,1.664,before_18,False,,17.25,small,1.462,0.0,20.0,0.0,17.25,False,customer_to_customer
718,Customer_37,Customer_25,36,24,75,34,8.0,17.9682,before_20,False,,20.0,small,1.664,before_18,False,,17.25,medium,4.457,0.0,20.0,0.0,17.25,False,customer_to_customer
719,Customer_38,Customer_7,37,6,78,78,8.0,0.0,all_day,False,,23.25,medium,4.425,business_hours,True,8.75,17.5,medium,3.0,0.0,23.25,8.75,17.5,True,customer_to_customer
720,Customer_38,Customer_19,37,18,78,57,8.0,5.7775,all_day,False,,23.25,medium,4.425,all_day,False,,23.5,medium,3.112,0.0,23.25,0.0,23.5,False,customer_to_customer
721,Customer_38,Customer_13,37,12,78,61,8.0,6.6382,all_day,False,,23.25,medium,4.425,business_hours,True,8.0,19.0,large,7.817,0.0,23.25,8.0,19.0,False,customer_to_customer
722,Customer_38,Customer_60,37,59,78,61,8.0,6.6382,all_day,False,,23.25,medium,4.425,all_day,False,,23.0,large,5.554,0.0,23.25,0.0,23.0,False,customer_to_customer
723,Customer_38,Customer_6,37,5,78,56,8.0,6.9639,all_day,False,,23.25,medium,4.425,all_day,False,,23.75,medium,4.742,0.0,23.25,0.0,23.75,False,customer_to_customer
724,Customer_38,Customer_42,37,41,78,56,8.0,6.9639,all_day,False,,23.25,medium,4.425,all_day,False,,22.75,medium,3.77,0.0,23.25,0.0,22.75,False,customer_to_customer
725,Customer_38,Customer_55,37,54,78,56,8.0,6.9639,all_day,False,,23.25,medium,4.425,business_hours,True,7.75,17.75,small,1.087,0.0,23.25,7.75,17.75,False,customer_to_customer
726,Customer_38,Customer_39,37,38,78,66,8.0,6.9989,all_day,False,,23.25,medium,4.425,business_hours,True,8.75,17.75,small,1.672,0.0,23.25,8.75,17.75,False,customer_to_customer
727,Customer_38,Customer_49,37,48,78,66,8.0,6.9989,all_day,False,,23.25,medium,4.425,all_day,False,,22.75,medium,3.016,0.0,23.25,0.0,22.75,False,customer_to_customer
728,Customer_38,Customer_3,37,2,78,77,8.0,8.4668,all_day,False,,23.25,medium,4.425,business_hours,True,7.75,18.0,small,1.255,0.0,23.25,7.75,18.0,False,customer_to_customer
729,Customer_38,Customer_33,37,32,78,77,8.0,8.4668,all_day,False,,23.25,medium,4.425,afternoon_or_evening,True,12.75,21.75,medium,2.203,0.0,23.25,12.75,21.75,False,customer_to_customer
730,Customer_38,Customer_40,37,39,78,77,8.0,8.4668,all_day,False,,23.25,medium,4.425,business_hours,True,7.75,18.0,large,5.785,0.0,23.25,7.75,18.0,False,customer_to_customer
731,Customer_38,Customer_17,37,16,78,40,8.0,9.6547,all_day,False,,23.25,medium,4.425,all_day,False,,23.75,medium,3.999,0.0,23.25,0.0,23.75,False,customer_to_customer
732,Customer_38,Customer_31,37,30,78,40,8.0,9.6547,all_day,False,,23.25,medium,4.425,before_20,False,,20.5,medium,3.168,0.0,23.25,0.0,20.5,False,customer_to_customer
733,Customer_38,Customer_5,37,4,78,19,8.0,10.3496,all_day,False,,23.25,medium,4.425,business_hours,True,8.0,17.75,medium,4.662,0.0,23.25,8.0,17.75,False,customer_to_customer
734,Customer_38,Customer_34,37,33,78,19,8.0,10.3496,all_day,False,,23.25,medium,4.425,before_12,False,,11.5,small,1.372,0.0,23.25,0.0,11.5,False,customer_to_customer
735,Customer_38,Customer_20,37,19,78,12,8.0,11.3459,all_day,False,,23.25,medium,4.425,business_hours,True,8.25,17.75,medium,3.662,0.0,23.25,8.25,17.75,False,customer_to_customer
736,Customer_38,Customer_26,37,25,78,12,8.0,11.3459,all_day,False,,23.25,medium,4.425,before_20,False,,20.0,large,5.753,0.0,23.25,0.0,20.0,False,customer_to_customer
737,Customer_38,Customer_51,37,50,78,64,8.0,11.6425,all_day,False,,23.25,medium,4.425,before_20,False,,19.5,small,1.604,0.0,23.25,0.0,19.5,False,customer_to_customer
738,Customer_38,Customer_22,37,21,78,65,8.0,12.5571,all_day,False,,23.25,medium,4.425,business_hours,True,8.5,17.25,medium,3.604,0.0,23.25,8.5,17.25,False,customer_to_customer
739,Customer_39,Customer_49,38,48,66,66,8.0,0.0,business_hours,True,8.75,17.75,small,1.672,all_day,False,,22.75,medium,3.016,8.75,17.75,0.0,22.75,True,customer_to_customer
740,Customer_39,Customer_19,38,18,66,57,8.0,1.7623,business_hours,True,8.75,17.75,small,1.672,all_day,False,,23.5,medium,3.112,8.75,17.75,0.0,23.5,False,customer_to_customer
741,Customer_39,Customer_13,38,12,66,61,8.0,2.1932,business_hours,True,8.75,17.75,small,1.672,business_hours,True,8.0,19.0,large,7.817,8.75,17.75,8.0,19.0,False,customer_to_customer
742,Customer_39,Customer_60,38,59,66,61,8.0,2.1932,business_hours,True,8.75,17.75,small,1.672,all_day,False,,23.0,large,5.554,8.75,17.75,0.0,23.0,False,customer_to_customer
743,Customer_39,Customer_22,38,21,66,65,8.0,5.7183,business_hours,True,8.75,17.75,small,1.672,business_hours,True,8.5,17.25,medium,3.604,8.75,17.75,8.5,17.25,False,customer_to_customer
744,Customer_39,Customer_24,38,23,66,47,8.0,6.8607,business_hours,True,8.75,17.75,small,1.672,before_20,False,,20.25,medium,3.852,8.75,17.75,0.0,20.25,False,customer_to_customer
745,Customer_39,Customer_7,38,6,66,78,8.0,6.9989,business_hours,True,8.75,17.75,small,1.672,business_hours,True,8.75,17.5,medium,3.0,8.75,17.75,8.75,17.5,False,customer_to_customer
746,Customer_39,Customer_38,38,37,66,78,8.0,6.9989,business_hours,True,8.75,17.75,small,1.672,all_day,False,,23.25,medium,4.425,8.75,17.75,0.0,23.25,False,customer_to_customer
747,Customer_39,Customer_3,38,2,66,77,8.0,7.0077,business_hours,True,8.75,17.75,small,1.672,business_hours,True,7.75,18.0,small,1.255,8.75,17.75,7.75,18.0,False,customer_to_customer
748,Customer_39,Customer_33,38,32,66,77,8.0,7.0077,business_hours,True,8.75,17.75,small,1.672,afternoon_or_evening,True,12.75,21.75,medium,2.203,8.75,17.75,12.75,21.75,False,customer_to_customer
749,Customer_39,Customer_40,38,39,66,77,8.0,7.0077,business_hours,True,8.75,17.75,small,1.672,business_hours,True,7.75,18.0,large,5.785,8.75,17.75,7.75,18.0,False,customer_to_customer
750,Customer_39,Customer_17,38,16,66,40,8.0,7.0805,business_hours,True,8.75,17.75,small,1.672,all_day,False,,23.75,medium,3.999,8.75,17.75,0.0,23.75,False,customer_to_customer
751,Customer_39,Customer_31,38,30,66,40,8.0,7.0805,business_hours,True,8.75,17.75,small,1.672,before_20,False,,20.5,medium,3.168,8.75,17.75,0.0,20.5,False,customer_to_customer
752,Customer_39,Customer_25,38,24,66,34,8.0,7.6845,business_hours,True,8.75,17.75,small,1.672,before_18,False,,17.25,medium,4.457,8.75,17.75,0.0,17.25,False,customer_to_customer
753,Customer_39,Customer_20,38,19,66,12,8.0,8.4308,business_hours,True,8.75,17.75,small,1.672,business_hours,True,8.25,17.75,medium,3.662,8.75,17.75,8.25,17.75,False,customer_to_customer
754,Customer_39,Customer_26,38,25,66,12,8.0,8.4308,business_hours,True,8.75,17.75,small,1.672,before_20,False,,20.0,large,5.753,8.75,17.75,0.0,20.0,False,customer_to_customer
755,Customer_39,Customer_51,38,50,66,64,8.0,9.2031,business_hours,True,8.75,17.75,small,1.672,before_20,False,,19.5,small,1.604,8.75,17.75,0.0,19.5,False,customer_to_customer
756,Customer_39,Customer_18,38,17,66,53,8.0,9.3862,business_hours,True,8.75,17.75,small,1.672,before_18,False,,17.25,small,0.834,8.75,17.75,0.0,17.25,False,customer_to_customer
757,Customer_39,Customer_41,38,40,66,53,8.0,9.3862,business_hours,True,8.75,17.75,small,1.672,business_hours,True,7.5,17.25,large,5.106,8.75,17.75,7.5,17.25,False,customer_to_customer
758,Customer_39,Customer_50,38,49,66,42,8.0,9.5566,business_hours,True,8.75,17.75,small,1.672,all_day,False,,24.0,medium,4.123,8.75,17.75,0.0,24.0,False,customer_to_customer
759,Customer_40,Customer_3,39,2,77,77,8.0,0.0,business_hours,True,7.75,18.0,large,5.785,business_hours,True,7.75,18.0,small,1.255,7.75,18.0,7.75,18.0,True,customer_to_customer
760,Customer_40,Customer_33,39,32,77,77,8.0,0.0,business_hours,True,7.75,18.0,large,5.785,afternoon_or_evening,True,12.75,21.75,medium,2.203,7.75,18.0,12.75,21.75,True,customer_to_customer
761,Customer_40,Customer_20,39,19,77,12,8.0,3.005,business_hours,True,7.75,18.0,large,5.785,business_hours,True,8.25,17.75,medium,3.662,7.75,18.0,8.25,17.75,False,customer_to_customer
762,Customer_40,Customer_26,39,25,77,12,8.0,3.005,business_hours,True,7.75,18.0,large,5.785,before_20,False,,20.0,large,5.753,7.75,18.0,0.0,20.0,False,customer_to_customer
763,Customer_40,Customer_51,39,50,77,64,8.0,3.1776,business_hours,True,7.75,18.0,large,5.785,before_20,False,,19.5,small,1.604,7.75,18.0,0.0,19.5,False,customer_to_customer
764,Customer_40,Customer_5,39,4,77,19,8.0,3.4891,business_hours,True,7.75,18.0,large,5.785,business_hours,True,8.0,17.75,medium,4.662,7.75,18.0,8.0,17.75,False,customer_to_customer
765,Customer_40,Customer_34,39,33,77,19,8.0,3.4891,business_hours,True,7.75,18.0,large,5.785,before_12,False,,11.5,small,1.372,7.75,18.0,0.0,11.5,False,customer_to_customer
766,Customer_40,Customer_19,39,18,77,57,8.0,5.6275,business_hours,True,7.75,18.0,large,5.785,all_day,False,,23.5,medium,3.112,7.75,18.0,0.0,23.5,False,customer_to_customer
767,Customer_40,Customer_1,39,0,77,39,8.0,5.7537,business_hours,True,7.75,18.0,large,5.785,before_20,False,,21.0,large,5.082,7.75,18.0,0.0,21.0,False,customer_to_customer
768,Customer_40,Customer_9,39,8,77,39,8.0,5.7537,business_hours,True,7.75,18.0,large,5.785,before_20,False,,20.75,small,1.776,7.75,18.0,0.0,20.75,False,customer_to_customer
769,Customer_40,Customer_39,39,38,77,66,8.0,7.0077,business_hours,True,7.75,18.0,large,5.785,business_hours,True,8.75,17.75,small,1.672,7.75,18.0,8.75,17.75,False,customer_to_customer
770,Customer_40,Customer_49,39,48,77,66,8.0,7.0077,business_hours,True,7.75,18.0,large,5.785,all_day,False,,22.75,medium,3.016,7.75,18.0,0.0,22.75,False,customer_to_customer
771,Customer_40,Customer_10,39,9,77,29,8.0,7.1662,business_hours,True,7.75,18.0,large,5.785,before_20,False,,20.5,medium,2.955,7.75,18.0,0.0,20.5,False,customer_to_customer
772,Customer_40,Customer_18,39,17,77,53,8.0,8.0207,business_hours,True,7.75,18.0,large,5.785,before_18,False,,17.25,small,0.834,7.75,18.0,0.0,17.25,False,customer_to_customer
773,Customer_40,Customer_41,39,40,77,53,8.0,8.0207,business_hours,True,7.75,18.0,large,5.785,business_hours,True,7.5,17.25,large,5.106,7.75,18.0,7.5,17.25,False,customer_to_customer
774,Customer_40,Customer_7,39,6,77,78,8.0,8.4668,business_hours,True,7.75,18.0,large,5.785,business_hours,True,8.75,17.5,medium,3.0,7.75,18.0,8.75,17.5,False,customer_to_customer
775,Customer_40,Customer_38,39,37,77,78,8.0,8.4668,business_hours,True,7.75,18.0,large,5.785,all_day,False,,23.25,medium,4.425,7.75,18.0,0.0,23.25,False,customer_to_customer
776,Customer_40,Customer_13,39,12,77,61,8.0,8.9092,business_hours,True,7.75,18.0,large,5.785,business_hours,True,8.0,19.0,large,7.817,7.75,18.0,8.0,19.0,False,customer_to_customer
777,Customer_40,Customer_60,39,59,77,61,8.0,8.9092,business_hours,True,7.75,18.0,large,5.785,all_day,False,,23.0,large,5.554,7.75,18.0,0.0,23.0,False,customer_to_customer
778,Customer_40,Customer_23,39,22,77,79,8.0,10.0098,business_hours,True,7.75,18.0,large,5.785,before_20,False,,20.25,large,7.501,7.75,18.0,0.0,20.25,False,customer_to_customer
779,Customer_41,Customer_18,40,17,53,53,8.0,0.0,business_hours,True,7.5,17.25,large,5.106,before_18,False,,17.25,small,0.834,7.5,17.25,0.0,17.25,True,customer_to_customer
780,Customer_41,Customer_8,40,7,53,13,8.0,4.9537,business_hours,True,7.5,17.25,large,5.106,business_hours,True,7.5,19.0,medium,4.333,7.5,17.25,7.5,19.0,False,customer_to_customer
781,Customer_41,Customer_59,40,58,53,13,8.0,4.9537,business_hours,True,7.5,17.25,large,5.106,afternoon_or_evening,True,12.25,22.5,small,1.182,7.5,17.25,12.25,22.5,False,customer_to_customer
782,Customer_41,Customer_20,40,19,53,12,8.0,5.6575,business_hours,True,7.5,17.25,large,5.106,business_hours,True,8.25,17.75,medium,3.662,7.5,17.25,8.25,17.75,False,customer_to_customer
783,Customer_41,Customer_26,40,25,53,12,8.0,5.6575,business_hours,True,7.5,17.25,large,5.106,before_20,False,,20.0,large,5.753,7.5,17.25,0.0,20.0,False,customer_to_customer
784,Customer_41,Customer_51,40,50,53,64,8.0,6.347,business_hours,True,7.5,17.25,large,5.106,before_20,False,,19.5,small,1.604,7.5,17.25,0.0,19.5,False,customer_to_customer
785,Customer_41,Customer_50,40,49,53,42,8.0,6.3919,business_hours,True,7.5,17.25,large,5.106,all_day,False,,24.0,medium,4.123,7.5,17.25,0.0,24.0,False,customer_to_customer
786,Customer_41,Customer_2,40,1,53,44,8.0,6.9176,business_hours,True,7.5,17.25,large,5.106,before_20,False,,19.5,medium,4.395,7.5,17.25,0.0,19.5,False,customer_to_customer
787,Customer_41,Customer_4,40,3,53,44,8.0,6.9176,business_hours,True,7.5,17.25,large,5.106,before_20,False,,20.0,medium,2.249,7.5,17.25,0.0,20.0,False,customer_to_customer
788,Customer_41,Customer_27,40,26,53,44,8.0,6.9176,business_hours,True,7.5,17.25,large,5.106,before_20,False,,20.75,large,6.914,7.5,17.25,0.0,20.75,False,customer_to_customer
789,Customer_41,Customer_1,40,0,53,39,8.0,7.1933,business_hours,True,7.5,17.25,large,5.106,before_20,False,,21.0,large,5.082,7.5,17.25,0.0,21.0,False,customer_to_customer
790,Customer_41,Customer_9,40,8,53,39,8.0,7.1933,business_hours,True,7.5,17.25,large,5.106,before_20,False,,20.75,small,1.776,7.5,17.25,0.0,20.75,False,customer_to_customer
791,Customer_41,Customer_3,40,2,53,77,8.0,8.0207,business_hours,True,7.5,17.25,large,5.106,business_hours,True,7.75,18.0,small,1.255,7.5,17.25,7.75,18.0,False,customer_to_customer
792,Customer_41,Customer_33,40,32,53,77,8.0,8.0207,business_hours,True,7.5,17.25,large,5.106,afternoon_or_evening,True,12.75,21.75,medium,2.203,7.5,17.25,12.75,21.75,False,customer_to_customer
793,Customer_41,Customer_40,40,39,53,77,8.0,8.0207,business_hours,True,7.5,17.25,large,5.106,business_hours,True,7.75,18.0,large,5.785,7.5,17.25,7.75,18.0,False,customer_to_customer
794,Customer_41,Customer_16,40,15,53,18,8.0,8.2067,business_hours,True,7.5,17.25,large,5.106,before_18,False,,17.25,large,6.366,7.5,17.25,0.0,17.25,False,customer_to_customer
795,Customer_41,Customer_30,40,29,53,31,8.0,8.354,business_hours,True,7.5,17.25,large,5.106,before_12,False,,13.0,medium,4.581,7.5,17.25,0.0,13.0,False,customer_to_customer
796,Customer_41,Customer_23,40,22,53,79,8.0,8.5552,business_hours,True,7.5,17.25,large,5.106,before_20,False,,20.25,large,7.501,7.5,17.25,0.0,20.25,False,customer_to_customer
797,Customer_41,Customer_57,40,56,53,17,8.0,8.7757,business_hours,True,7.5,17.25,large,5.106,before_18,False,,17.25,medium,4.186,7.5,17.25,0.0,17.25,False,customer_to_customer
798,Customer_41,Customer_22,40,21,53,65,8.0,8.9337,business_hours,True,7.5,17.25,large,5.106,business_hours,True,8.5,17.25,medium,3.604,7.5,17.25,8.5,17.25,False,customer_to_customer
799,Customer_42,Customer_6,41,5,56,56,8.0,0.0,all_day,False,,22.75,medium,3.77,all_day,False,,23.75,medium,4.742,0.0,22.75,0.0,23.75,True,customer_to_customer
800,Customer_42,Customer_55,41,54,56,56,8.0,0.0,all_day,False,,22.75,medium,3.77,business_hours,True,7.75,17.75,small,1.087,0.0,22.75,7.75,17.75,True,customer_to_customer
801,Customer_42,Customer_7,41,6,56,78,8.0,6.9639,all_day,False,,22.75,medium,3.77,business_hours,True,8.75,17.5,medium,3.0,0.0,22.75,8.75,17.5,False,customer_to_customer
802,Customer_42,Customer_38,41,37,56,78,8.0,6.9639,all_day,False,,22.75,medium,3.77,all_day,False,,23.25,medium,4.425,0.0,22.75,0.0,23.25,False,customer_to_customer
803,Customer_42,Customer_17,41,16,56,40,8.0,8.5156,all_day,False,,22.75,medium,3.77,all_day,False,,23.75,medium,3.999,0.0,22.75,0.0,23.75,False,customer_to_customer
804,Customer_42,Customer_31,41,30,56,40,8.0,8.5156,all_day,False,,22.75,medium,3.77,before_20,False,,20.5,medium,3.168,0.0,22.75,0.0,20.5,False,customer_to_customer
805,Customer_42,Customer_13,41,12,56,61,8.0,9.4371,all_day,False,,22.75,medium,3.77,business_hours,True,8.0,19.0,large,7.817,0.0,22.75,8.0,19.0,False,customer_to_customer
806,Customer_42,Customer_60,41,59,56,61,8.0,9.4371,all_day,False,,22.75,medium,3.77,all_day,False,,23.0,large,5.554,0.0,22.75,0.0,23.0,False,customer_to_customer
807,Customer_42,Customer_19,41,18,56,57,8.0,10.9133,all_day,False,,22.75,medium,3.77,all_day,False,,23.5,medium,3.112,0.0,22.75,0.0,23.5,False,customer_to_customer
808,Customer_42,Customer_39,41,38,56,66,8.0,11.1579,all_day,False,,22.75,medium,3.77,business_hours,True,8.75,17.75,small,1.672,0.0,22.75,8.75,17.75,False,customer_to_customer
809,Customer_42,Customer_49,41,48,56,66,8.0,11.1579,all_day,False,,22.75,medium,3.77,all_day,False,,22.75,medium,3.016,0.0,22.75,0.0,22.75,False,customer_to_customer
810,Customer_42,Customer_22,41,21,56,65,8.0,15.1701,all_day,False,,22.75,medium,3.77,business_hours,True,8.5,17.25,medium,3.604,0.0,22.75,8.5,17.25,False,customer_to_customer
811,Customer_42,Customer_3,41,2,56,77,8.0,15.1735,all_day,False,,22.75,medium,3.77,business_hours,True,7.75,18.0,small,1.255,0.0,22.75,7.75,18.0,False,customer_to_customer
812,Customer_42,Customer_33,41,32,56,77,8.0,15.1735,all_day,False,,22.75,medium,3.77,afternoon_or_evening,True,12.75,21.75,medium,2.203,0.0,22.75,12.75,21.75,False,customer_to_customer
813,Customer_42,Customer_40,41,39,56,77,8.0,15.1735,all_day,False,,22.75,medium,3.77,business_hours,True,7.75,18.0,large,5.785,0.0,22.75,7.75,18.0,False,customer_to_customer
814,Customer_42,Customer_24,41,23,56,47,8.0,15.4531,all_day,False,,22.75,medium,3.77,before_20,False,,20.25,medium,3.852,0.0,22.75,0.0,20.25,False,customer_to_customer
815,Customer_42,Customer_25,41,24,56,34,8.0,16.2743,all_day,False,,22.75,medium,3.77,before_18,False,,17.25,medium,4.457,0.0,22.75,0.0,17.25,False,customer_to_customer
816,Customer_42,Customer_5,41,4,56,19,8.0,17.3078,all_day,False,,22.75,medium,3.77,business_hours,True,8.0,17.75,medium,4.662,0.0,22.75,8.0,17.75,False,customer_to_customer
817,Customer_42,Customer_34,41,33,56,19,8.0,17.3078,all_day,False,,22.75,medium,3.77,before_12,False,,11.5,small,1.372,0.0,22.75,0.0,11.5,False,customer_to_customer
818,Customer_42,Customer_20,41,19,56,12,8.0,17.8648,all_day,False,,22.75,medium,3.77,business_hours,True,8.25,17.75,medium,3.662,0.0,22.75,8.25,17.75,False,customer_to_customer
819,Customer_43,Customer_21,42,20,24,24,8.0,0.0,business_hours,True,7.5,17.75,large,7.914,before_18,False,,17.5,medium,3.927,7.5,17.75,0.0,17.5,True,customer_to_customer
820,Customer_43,Customer_52,42,51,24,0,8.0,2.5942,business_hours,True,7.5,17.75,large,7.914,before_12,False,,11.75,large,6.981,7.5,17.75,0.0,11.75,False,customer_to_customer
821,Customer_43,Customer_29,42,28,24,20,8.0,3.7151,business_hours,True,7.5,17.75,large,7.914,business_hours,True,8.75,18.25,medium,4.375,7.5,17.75,8.75,18.25,False,customer_to_customer
822,Customer_43,Customer_14,42,13,24,6,8.0,5.0031,business_hours,True,7.5,17.75,large,7.914,all_day,False,,22.75,large,6.263,7.5,17.75,0.0,22.75,False,customer_to_customer
823,Customer_43,Customer_23,42,22,24,79,8.0,5.4237,business_hours,True,7.5,17.75,large,7.914,before_20,False,,20.25,large,7.501,7.5,17.75,0.0,20.25,False,customer_to_customer
824,Customer_43,Customer_8,42,7,24,13,8.0,8.4669,business_hours,True,7.5,17.75,large,7.914,business_hours,True,7.5,19.0,medium,4.333,7.5,17.75,7.5,19.0,False,customer_to_customer
825,Customer_43,Customer_59,42,58,24,13,8.0,8.4669,business_hours,True,7.5,17.75,large,7.914,afternoon_or_evening,True,12.25,22.5,small,1.182,7.5,17.75,12.25,22.5,False,customer_to_customer
826,Customer_43,Customer_1,42,0,24,39,8.0,9.6232,business_hours,True,7.5,17.75,large,7.914,before_20,False,,21.0,large,5.082,7.5,17.75,0.0,21.0,False,customer_to_customer
827,Customer_43,Customer_9,42,8,24,39,8.0,9.6232,business_hours,True,7.5,17.75,large,7.914,before_20,False,,20.75,small,1.776,7.5,17.75,0.0,20.75,False,customer_to_customer
828,Customer_43,Customer_10,42,9,24,29,8.0,11.2736,business_hours,True,7.5,17.75,large,7.914,before_20,False,,20.5,medium,2.955,7.5,17.75,0.0,20.5,False,customer_to_customer
829,Customer_43,Customer_18,42,17,24,53,8.0,11.3008,business_hours,True,7.5,17.75,large,7.914,before_18,False,,17.25,small,0.834,7.5,17.75,0.0,17.25,False,customer_to_customer
830,Customer_43,Customer_41,42,40,24,53,8.0,11.3008,business_hours,True,7.5,17.75,large,7.914,business_hours,True,7.5,17.25,large,5.106,7.5,17.75,7.5,17.25,False,customer_to_customer
831,Customer_43,Customer_51,42,50,24,64,8.0,11.953,business_hours,True,7.5,17.75,large,7.914,before_20,False,,19.5,small,1.604,7.5,17.75,0.0,19.5,False,customer_to_customer
832,Customer_43,Customer_20,42,19,24,12,8.0,12.2708,business_hours,True,7.5,17.75,large,7.914,business_hours,True,8.25,17.75,medium,3.662,7.5,17.75,8.25,17.75,False,customer_to_customer
833,Customer_43,Customer_26,42,25,24,12,8.0,12.2708,business_hours,True,7.5,17.75,large,7.914,before_20,False,,20.0,large,5.753,7.5,17.75,0.0,20.0,False,customer_to_customer
834,Customer_43,Customer_2,42,1,24,44,8.0,12.2821,business_hours,True,7.5,17.75,large,7.914,before_20,False,,19.5,medium,4.395,7.5,17.75,0.0,19.5,False,customer_to_customer
835,Customer_43,Customer_4,42,3,24,44,8.0,12.2821,business_hours,True,7.5,17.75,large,7.914,before_20,False,,20.0,medium,2.249,7.5,17.75,0.0,20.0,False,customer_to_customer
836,Customer_43,Customer_27,42,26,24,44,8.0,12.2821,business_hours,True,7.5,17.75,large,7.914,before_20,False,,20.75,large,6.914,7.5,17.75,0.0,20.75,False,customer_to_customer
837,Customer_43,Customer_46,42,45,24,5,8.0,13.7861,business_hours,True,7.5,17.75,large,7.914,before_12,False,,12.0,medium,3.084,7.5,17.75,0.0,12.0,False,customer_to_customer
838,Customer_43,Customer_5,42,4,24,19,8.0,14.3228,business_hours,True,7.5,17.75,large,7.914,business_hours,True,8.0,17.75,medium,4.662,7.5,17.75,8.0,17.75,False,customer_to_customer
839,Customer_44,Customer_11,43,10,46,10,8.0,2.9738,all_day,False,,23.25,small,1.962,before_18,False,,18.0,small,1.544,0.0,23.25,0.0,18.0,False,customer_to_customer
840,Customer_44,Customer_47,43,46,46,43,8.0,4.4178,all_day,False,,23.25,small,1.962,all_day,False,,23.75,small,0.746,0.0,23.25,0.0,23.75,False,customer_to_customer
841,Customer_44,Customer_25,43,24,46,34,8.0,4.8915,all_day,False,,23.25,small,1.962,before_18,False,,17.25,medium,4.457,0.0,23.25,0.0,17.25,False,customer_to_customer
842,Customer_44,Customer_12,43,11,46,67,8.0,5.0369,all_day,False,,23.25,small,1.962,afternoon_or_evening,True,12.5,23.0,large,5.593,0.0,23.25,12.5,23.0,False,customer_to_customer
843,Customer_44,Customer_24,43,23,46,47,8.0,5.4359,all_day,False,,23.25,small,1.962,before_20,False,,20.25,medium,3.852,0.0,23.25,0.0,20.25,False,customer_to_customer
844,Customer_44,Customer_28,43,27,46,38,8.0,6.3549,all_day,False,,23.25,small,1.962,before_20,False,,20.75,medium,4.186,0.0,23.25,0.0,20.75,False,customer_to_customer
845,Customer_44,Customer_22,43,21,46,65,8.0,6.9166,all_day,False,,23.25,small,1.962,business_hours,True,8.5,17.25,medium,3.604,0.0,23.25,8.5,17.25,False,customer_to_customer
846,Customer_44,Customer_57,43,56,46,17,8.0,7.4064,all_day,False,,23.25,small,1.962,before_18,False,,17.25,medium,4.186,0.0,23.25,0.0,17.25,False,customer_to_customer
847,Customer_44,Customer_15,43,14,46,74,8.0,7.7256,all_day,False,,23.25,small,1.962,business_hours,True,7.5,17.25,large,7.293,0.0,23.25,7.5,17.25,False,customer_to_customer
848,Customer_44,Customer_50,43,49,46,42,8.0,9.1843,all_day,False,,23.25,small,1.962,all_day,False,,24.0,medium,4.123,0.0,23.25,0.0,24.0,False,customer_to_customer
849,Customer_44,Customer_35,43,34,46,73,8.0,9.6616,all_day,False,,23.25,small,1.962,afternoon_or_evening,True,12.0,23.25,large,5.08,0.0,23.25,12.0,23.25,False,customer_to_customer
850,Customer_44,Customer_58,43,57,46,73,8.0,9.6616,all_day,False,,23.25,small,1.962,before_20,False,,20.0,small,1.92,0.0,23.25,0.0,20.0,False,customer_to_customer
851,Customer_44,Customer_17,43,16,46,40,8.0,9.6975,all_day,False,,23.25,small,1.962,all_day,False,,23.75,medium,3.999,0.0,23.25,0.0,23.75,False,customer_to_customer
852,Customer_44,Customer_31,43,30,46,40,8.0,9.6975,all_day,False,,23.25,small,1.962,before_20,False,,20.5,medium,3.168,0.0,23.25,0.0,20.5,False,customer_to_customer
853,Customer_44,Customer_30,43,29,46,31,8.0,10.2252,all_day,False,,23.25,small,1.962,before_12,False,,13.0,medium,4.581,0.0,23.25,0.0,13.0,False,customer_to_customer
854,Customer_44,Customer_16,43,15,46,18,8.0,10.3757,all_day,False,,23.25,small,1.962,before_18,False,,17.25,large,6.366,0.0,23.25,0.0,17.25,False,customer_to_customer
855,Customer_44,Customer_13,43,12,46,61,8.0,11.3627,all_day,False,,23.25,small,1.962,business_hours,True,8.0,19.0,large,7.817,0.0,23.25,8.0,19.0,False,customer_to_customer
856,Customer_44,Customer_60,43,59,46,61,8.0,11.3627,all_day,False,,23.25,small,1.962,all_day,False,,23.0,large,5.554,0.0,23.25,0.0,23.0,False,customer_to_customer
857,Customer_44,Customer_39,43,38,46,66,8.0,11.9515,all_day,False,,23.25,small,1.962,business_hours,True,8.75,17.75,small,1.672,0.0,23.25,8.75,17.75,False,customer_to_customer
858,Customer_44,Customer_49,43,48,46,66,8.0,11.9515,all_day,False,,23.25,small,1.962,all_day,False,,22.75,medium,3.016,0.0,23.25,0.0,22.75,False,customer_to_customer
859,Customer_45,Customer_36,44,35,68,68,8.0,0.0,before_20,False,,20.75,small,1.204,all_day,False,,23.0,large,7.781,0.0,20.75,0.0,23.0,True,customer_to_customer
860,Customer_45,Customer_56,44,55,68,68,8.0,0.0,before_20,False,,20.75,small,1.204,before_18,False,,19.0,medium,2.573,0.0,20.75,0.0,19.0,True,customer_to_customer
861,Customer_45,Customer_48,44,47,68,27,8.0,4.8233,before_20,False,,20.75,small,1.204,before_20,False,,19.25,medium,2.11,0.0,20.75,0.0,19.25,False,customer_to_customer
862,Customer_45,Customer_46,44,45,68,5,8.0,5.2273,before_20,False,,20.75,small,1.204,before_12,False,,12.0,medium,3.084,0.0,20.75,0.0,12.0,False,customer_to_customer
863,Customer_45,Customer_2,44,1,68,44,8.0,8.5354,before_20,False,,20.75,small,1.204,before_20,False,,19.5,medium,4.395,0.0,20.75,0.0,19.5,False,customer_to_customer
864,Customer_45,Customer_4,44,3,68,44,8.0,8.5354,before_20,False,,20.75,small,1.204,before_20,False,,20.0,medium,2.249,0.0,20.75,0.0,20.0,False,customer_to_customer
865,Customer_45,Customer_27,44,26,68,44,8.0,8.5354,before_20,False,,20.75,small,1.204,before_20,False,,20.75,large,6.914,0.0,20.75,0.0,20.75,False,customer_to_customer
866,Customer_45,Customer_16,44,15,68,18,8.0,9.0406,before_20,False,,20.75,small,1.204,before_18,False,,17.25,large,6.366,0.0,20.75,0.0,17.25,False,customer_to_customer
867,Customer_45,Customer_30,44,29,68,31,8.0,9.0494,before_20,False,,20.75,small,1.204,before_12,False,,13.0,medium,4.581,0.0,20.75,0.0,13.0,False,customer_to_customer
868,Customer_45,Customer_15,44,14,68,74,8.0,9.9026,before_20,False,,20.75,small,1.204,business_hours,True,7.5,17.25,large,7.293,0.0,20.75,7.5,17.25,False,customer_to_customer
869,Customer_45,Customer_57,44,56,68,17,8.0,11.7853,before_20,False,,20.75,small,1.204,before_18,False,,17.25,medium,4.186,0.0,20.75,0.0,17.25,False,customer_to_customer
870,Customer_45,Customer_8,44,7,68,13,8.0,12.3194,before_20,False,,20.75,small,1.204,business_hours,True,7.5,19.0,medium,4.333,0.0,20.75,7.5,19.0,False,customer_to_customer
871,Customer_45,Customer_59,44,58,68,13,8.0,12.3194,before_20,False,,20.75,small,1.204,afternoon_or_evening,True,12.25,22.5,small,1.182,0.0,20.75,12.25,22.5,False,customer_to_customer
872,Customer_45,Customer_50,44,49,68,42,8.0,12.3791,before_20,False,,20.75,small,1.204,all_day,False,,24.0,medium,4.123,0.0,20.75,0.0,24.0,False,customer_to_customer
873,Customer_45,Customer_18,44,17,68,53,8.0,15.3382,before_20,False,,20.75,small,1.204,before_18,False,,17.25,small,0.834,0.0,20.75,0.0,17.25,False,customer_to_customer
874,Customer_45,Customer_41,44,40,68,53,8.0,15.3382,before_20,False,,20.75,small,1.204,business_hours,True,7.5,17.25,large,5.106,0.0,20.75,7.5,17.25,False,customer_to_customer
875,Customer_45,Customer_11,44,10,68,10,8.0,15.518,before_20,False,,20.75,small,1.204,before_18,False,,18.0,small,1.544,0.0,20.75,0.0,18.0,False,customer_to_customer
876,Customer_45,Customer_52,44,51,68,0,8.0,16.2467,before_20,False,,20.75,small,1.204,before_12,False,,11.75,large,6.981,0.0,20.75,0.0,11.75,False,customer_to_customer
877,Customer_45,Customer_25,44,24,68,34,8.0,16.5529,before_20,False,,20.75,small,1.204,before_18,False,,17.25,medium,4.457,0.0,20.75,0.0,17.25,False,customer_to_customer
878,Customer_45,Customer_28,44,27,68,38,8.0,16.7916,before_20,False,,20.75,small,1.204,before_20,False,,20.75,medium,4.186,0.0,20.75,0.0,20.75,False,customer_to_customer
879,Customer_46,Customer_2,45,1,5,44,8.0,3.91,before_12,False,,12.0,medium,3.084,before_20,False,,19.5,medium,4.395,0.0,12.0,0.0,19.5,False,customer_to_customer
880,Customer_46,Customer_4,45,3,5,44,8.0,3.91,before_12,False,,12.0,medium,3.084,before_20,False,,20.0,medium,2.249,0.0,12.0,0.0,20.0,False,customer_to_customer
881,Customer_46,Customer_27,45,26,5,44,8.0,3.91,before_12,False,,12.0,medium,3.084,before_20,False,,20.75,large,6.914,0.0,12.0,0.0,20.75,False,customer_to_customer
882,Customer_46,Customer_36,45,35,5,68,8.0,5.2273,before_12,False,,12.0,medium,3.084,all_day,False,,23.0,large,7.781,0.0,12.0,0.0,23.0,False,customer_to_customer
883,Customer_46,Customer_45,45,44,5,68,8.0,5.2273,before_12,False,,12.0,medium,3.084,before_20,False,,20.75,small,1.204,0.0,12.0,0.0,20.75,False,customer_to_customer
884,Customer_46,Customer_56,45,55,5,68,8.0,5.2273,before_12,False,,12.0,medium,3.084,before_18,False,,19.0,medium,2.573,0.0,12.0,0.0,19.0,False,customer_to_customer
885,Customer_46,Customer_16,45,15,5,18,8.0,6.9557,before_12,False,,12.0,medium,3.084,before_18,False,,17.25,large,6.366,0.0,12.0,0.0,17.25,False,customer_to_customer
886,Customer_46,Customer_30,45,29,5,31,8.0,7.0695,before_12,False,,12.0,medium,3.084,before_12,False,,13.0,medium,4.581,0.0,12.0,0.0,13.0,False,customer_to_customer
887,Customer_46,Customer_8,45,7,5,13,8.0,7.1759,before_12,False,,12.0,medium,3.084,business_hours,True,7.5,19.0,medium,4.333,0.0,12.0,7.5,19.0,False,customer_to_customer
888,Customer_46,Customer_59,45,58,5,13,8.0,7.1759,before_12,False,,12.0,medium,3.084,afternoon_or_evening,True,12.25,22.5,small,1.182,0.0,12.0,12.25,22.5,False,customer_to_customer
889,Customer_46,Customer_48,45,47,5,27,8.0,7.8862,before_12,False,,12.0,medium,3.084,before_20,False,,19.25,medium,2.11,0.0,12.0,0.0,19.25,False,customer_to_customer
890,Customer_46,Customer_15,45,14,5,74,8.0,9.533,before_12,False,,12.0,medium,3.084,business_hours,True,7.5,17.25,large,7.293,0.0,12.0,7.5,17.25,False,customer_to_customer
891,Customer_46,Customer_50,45,49,5,42,8.0,9.691,before_12,False,,12.0,medium,3.084,all_day,False,,24.0,medium,4.123,0.0,12.0,0.0,24.0,False,customer_to_customer
892,Customer_46,Customer_57,45,56,5,17,8.0,10.134,before_12,False,,12.0,medium,3.084,before_18,False,,17.25,medium,4.186,0.0,12.0,0.0,17.25,False,customer_to_customer
893,Customer_46,Customer_18,45,17,5,53,8.0,10.7875,before_12,False,,12.0,medium,3.084,before_18,False,,17.25,small,0.834,0.0,12.0,0.0,17.25,False,customer_to_customer
894,Customer_46,Customer_41,45,40,5,53,8.0,10.7875,before_12,False,,12.0,medium,3.084,business_hours,True,7.5,17.25,large,5.106,0.0,12.0,7.5,17.25,False,customer_to_customer
895,Customer_46,Customer_52,45,51,5,0,8.0,11.2096,before_12,False,,12.0,medium,3.084,before_12,False,,11.75,large,6.981,0.0,12.0,0.0,11.75,False,customer_to_customer
896,Customer_46,Customer_21,45,20,5,24,8.0,13.7861,before_12,False,,12.0,medium,3.084,before_18,False,,17.5,medium,3.927,0.0,12.0,0.0,17.5,False,customer_to_customer
897,Customer_46,Customer_43,45,42,5,24,8.0,13.7861,before_12,False,,12.0,medium,3.084,business_hours,True,7.5,17.75,large,7.914,0.0,12.0,7.5,17.75,False,customer_to_customer
898,Customer_46,Customer_25,45,24,5,34,8.0,14.8325,before_12,False,,12.0,medium,3.084,before_18,False,,17.25,medium,4.457,0.0,12.0,0.0,17.25,False,customer_to_customer
899,Customer_47,Customer_12,46,11,43,67,8.0,1.2115,all_day,False,,23.75,small,0.746,afternoon_or_evening,True,12.5,23.0,large,5.593,0.0,23.75,12.5,23.0,False,customer_to_customer
900,Customer_47,Customer_28,46,27,43,38,8.0,2.5145,all_day,False,,23.75,small,0.746,before_20,False,,20.75,medium,4.186,0.0,23.75,0.0,20.75,False,customer_to_customer
901,Customer_47,Customer_11,46,10,43,10,8.0,3.1191,all_day,False,,23.75,small,0.746,before_18,False,,18.0,small,1.544,0.0,23.75,0.0,18.0,False,customer_to_customer
902,Customer_47,Customer_44,46,43,43,46,8.0,4.4178,all_day,False,,23.75,small,0.746,all_day,False,,23.25,small,1.962,0.0,23.75,0.0,23.25,False,customer_to_customer
903,Customer_47,Customer_35,46,34,43,73,8.0,5.3227,all_day,False,,23.75,small,0.746,afternoon_or_evening,True,12.0,23.25,large,5.08,0.0,23.75,12.0,23.25,False,customer_to_customer
904,Customer_47,Customer_58,46,57,43,73,8.0,5.3227,all_day,False,,23.75,small,0.746,before_20,False,,20.0,small,1.92,0.0,23.75,0.0,20.0,False,customer_to_customer
905,Customer_47,Customer_37,46,36,43,75,8.0,8.8125,all_day,False,,23.75,small,0.746,before_20,False,,20.0,small,1.664,0.0,23.75,0.0,20.0,False,customer_to_customer
906,Customer_47,Customer_54,46,53,43,75,8.0,8.8125,all_day,False,,23.75,small,0.746,before_20,False,,19.5,small,1.304,0.0,23.75,0.0,19.5,False,customer_to_customer
907,Customer_47,Customer_53,46,52,43,15,8.0,9.0142,all_day,False,,23.75,small,0.746,business_hours,True,7.5,19.0,medium,2.769,0.0,23.75,7.5,19.0,False,customer_to_customer
908,Customer_47,Customer_25,46,24,43,34,8.0,9.2058,all_day,False,,23.75,small,0.746,before_18,False,,17.25,medium,4.457,0.0,23.75,0.0,17.25,False,customer_to_customer
909,Customer_47,Customer_15,46,14,43,74,8.0,9.6092,all_day,False,,23.75,small,0.746,business_hours,True,7.5,17.25,large,7.293,0.0,23.75,7.5,17.25,False,customer_to_customer
910,Customer_47,Customer_24,46,23,43,47,8.0,9.8199,all_day,False,,23.75,small,0.746,before_20,False,,20.25,medium,3.852,0.0,23.75,0.0,20.25,False,customer_to_customer
911,Customer_47,Customer_57,46,56,43,17,8.0,10.4837,all_day,False,,23.75,small,0.746,before_18,False,,17.25,medium,4.186,0.0,23.75,0.0,17.25,False,customer_to_customer
912,Customer_47,Customer_22,46,21,43,65,8.0,11.2814,all_day,False,,23.75,small,0.746,business_hours,True,8.5,17.25,medium,3.604,0.0,23.75,8.5,17.25,False,customer_to_customer
913,Customer_47,Customer_50,46,49,43,42,8.0,12.6586,all_day,False,,23.75,small,0.746,all_day,False,,24.0,medium,4.123,0.0,23.75,0.0,24.0,False,customer_to_customer
914,Customer_47,Customer_30,46,29,43,31,8.0,12.7308,all_day,False,,23.75,small,0.746,before_12,False,,13.0,medium,4.581,0.0,23.75,0.0,13.0,False,customer_to_customer
915,Customer_47,Customer_16,46,15,43,18,8.0,12.9075,all_day,False,,23.75,small,0.746,before_18,False,,17.25,large,6.366,0.0,23.75,0.0,17.25,False,customer_to_customer
916,Customer_47,Customer_17,46,16,43,40,8.0,13.3094,all_day,False,,23.75,small,0.746,all_day,False,,23.75,medium,3.999,0.0,23.75,0.0,23.75,False,customer_to_customer
917,Customer_47,Customer_31,46,30,43,40,8.0,13.3094,all_day,False,,23.75,small,0.746,before_20,False,,20.5,medium,3.168,0.0,23.75,0.0,20.5,False,customer_to_customer
918,Customer_47,Customer_48,46,47,43,27,8.0,13.3542,all_day,False,,23.75,small,0.746,before_20,False,,19.25,medium,2.11,0.0,23.75,0.0,19.25,False,customer_to_customer
919,Customer_48,Customer_36,47,35,27,68,8.0,4.8233,before_20,False,,19.25,medium,2.11,all_day,False,,23.0,large,7.781,0.0,19.25,0.0,23.0,False,customer_to_customer
920,Customer_48,Customer_45,47,44,27,68,8.0,4.8233,before_20,False,,19.25,medium,2.11,before_20,False,,20.75,small,1.204,0.0,19.25,0.0,20.75,False,customer_to_customer
921,Customer_48,Customer_56,47,55,27,68,8.0,4.8233,before_20,False,,19.25,medium,2.11,before_18,False,,19.0,medium,2.573,0.0,19.25,0.0,19.0,False,customer_to_customer
922,Customer_48,Customer_15,47,14,27,74,8.0,6.4036,before_20,False,,19.25,medium,2.11,business_hours,True,7.5,17.25,large,7.293,0.0,19.25,7.5,17.25,False,customer_to_customer
923,Customer_48,Customer_30,47,29,27,31,8.0,7.1761,before_20,False,,19.25,medium,2.11,before_12,False,,13.0,medium,4.581,0.0,19.25,0.0,13.0,False,customer_to_customer
924,Customer_48,Customer_16,47,15,27,18,8.0,7.2668,before_20,False,,19.25,medium,2.11,before_18,False,,17.25,large,6.366,0.0,19.25,0.0,17.25,False,customer_to_customer
925,Customer_48,Customer_46,47,45,27,5,8.0,7.8862,before_20,False,,19.25,medium,2.11,before_12,False,,12.0,medium,3.084,0.0,19.25,0.0,12.0,False,customer_to_customer
926,Customer_48,Customer_57,47,56,27,17,8.0,8.9914,before_20,False,,19.25,medium,2.11,before_18,False,,17.25,medium,4.186,0.0,19.25,0.0,17.25,False,customer_to_customer
927,Customer_48,Customer_2,47,1,27,44,8.0,9.4576,before_20,False,,19.25,medium,2.11,before_20,False,,19.5,medium,4.395,0.0,19.25,0.0,19.5,False,customer_to_customer
928,Customer_48,Customer_4,47,3,27,44,8.0,9.4576,before_20,False,,19.25,medium,2.11,before_20,False,,20.0,medium,2.249,0.0,19.25,0.0,20.0,False,customer_to_customer
929,Customer_48,Customer_27,47,26,27,44,8.0,9.4576,before_20,False,,19.25,medium,2.11,before_20,False,,20.75,large,6.914,0.0,19.25,0.0,20.75,False,customer_to_customer
930,Customer_48,Customer_50,47,49,27,42,8.0,10.4205,before_20,False,,19.25,medium,2.11,all_day,False,,24.0,medium,4.123,0.0,19.25,0.0,24.0,False,customer_to_customer
931,Customer_48,Customer_11,47,10,27,10,8.0,10.9988,before_20,False,,19.25,medium,2.11,before_18,False,,18.0,small,1.544,0.0,19.25,0.0,18.0,False,customer_to_customer
932,Customer_48,Customer_28,47,27,27,38,8.0,11.9826,before_20,False,,19.25,medium,2.11,before_20,False,,20.75,medium,4.186,0.0,19.25,0.0,20.75,False,customer_to_customer
933,Customer_48,Customer_44,47,43,27,46,8.0,13.2107,before_20,False,,19.25,medium,2.11,all_day,False,,23.25,small,1.962,0.0,19.25,0.0,23.25,False,customer_to_customer
934,Customer_48,Customer_25,47,24,27,34,8.0,13.3178,before_20,False,,19.25,medium,2.11,before_18,False,,17.25,medium,4.457,0.0,19.25,0.0,17.25,False,customer_to_customer
935,Customer_48,Customer_47,47,46,27,43,8.0,13.3542,before_20,False,,19.25,medium,2.11,all_day,False,,23.75,small,0.746,0.0,19.25,0.0,23.75,False,customer_to_customer
936,Customer_48,Customer_8,47,7,27,13,8.0,13.6528,before_20,False,,19.25,medium,2.11,business_hours,True,7.5,19.0,medium,4.333,0.0,19.25,7.5,19.0,False,customer_to_customer
937,Customer_48,Customer_59,47,58,27,13,8.0,13.6528,before_20,False,,19.25,medium,2.11,afternoon_or_evening,True,12.25,22.5,small,1.182,0.0,19.25,12.25,22.5,False,customer_to_customer
938,Customer_48,Customer_24,47,23,27,47,8.0,14.1251,before_20,False,,19.25,medium,2.11,before_20,False,,20.25,medium,3.852,0.0,19.25,0.0,20.25,False,customer_to_customer
939,Customer_49,Customer_39,48,38,66,66,8.0,0.0,all_day,False,,22.75,medium,3.016,business_hours,True,8.75,17.75,small,1.672,0.0,22.75,8.75,17.75,True,customer_to_customer
940,Customer_49,Customer_19,48,18,66,57,8.0,1.7623,all_day,False,,22.75,medium,3.016,all_day,False,,23.5,medium,3.112,0.0,22.75,0.0,23.5,False,customer_to_customer
941,Customer_49,Customer_13,48,12,66,61,8.0,2.1932,all_day,False,,22.75,medium,3.016,business_hours,True,8.0,19.0,large,7.817,0.0,22.75,8.0,19.0,False,customer_to_customer
942,Customer_49,Customer_60,48,59,66,61,8.0,2.1932,all_day,False,,22.75,medium,3.016,all_day,False,,23.0,large,5.554,0.0,22.75,0.0,23.0,False,customer_to_customer
943,Customer_49,Customer_22,48,21,66,65,8.0,5.7183,all_day,False,,22.75,medium,3.016,business_hours,True,8.5,17.25,medium,3.604,0.0,22.75,8.5,17.25,False,customer_to_customer
944,Customer_49,Customer_24,48,23,66,47,8.0,6.8607,all_day,False,,22.75,medium,3.016,before_20,False,,20.25,medium,3.852,0.0,22.75,0.0,20.25,False,customer_to_customer
945,Customer_49,Customer_7,48,6,66,78,8.0,6.9989,all_day,False,,22.75,medium,3.016,business_hours,True,8.75,17.5,medium,3.0,0.0,22.75,8.75,17.5,False,customer_to_customer
946,Customer_49,Customer_38,48,37,66,78,8.0,6.9989,all_day,False,,22.75,medium,3.016,all_day,False,,23.25,medium,4.425,0.0,22.75,0.0,23.25,False,customer_to_customer
947,Customer_49,Customer_3,48,2,66,77,8.0,7.0077,all_day,False,,22.75,medium,3.016,business_hours,True,7.75,18.0,small,1.255,0.0,22.75,7.75,18.0,False,customer_to_customer
948,Customer_49,Customer_33,48,32,66,77,8.0,7.0077,all_day,False,,22.75,medium,3.016,afternoon_or_evening,True,12.75,21.75,medium,2.203,0.0,22.75,12.75,21.75,False,customer_to_customer
949,Customer_49,Customer_40,48,39,66,77,8.0,7.0077,all_day,False,,22.75,medium,3.016,business_hours,True,7.75,18.0,large,5.785,0.0,22.75,7.75,18.0,False,customer_to_customer
950,Customer_49,Customer_17,48,16,66,40,8.0,7.0805,all_day,False,,22.75,medium,3.016,all_day,False,,23.75,medium,3.999,0.0,22.75,0.0,23.75,False,customer_to_customer
951,Customer_49,Customer_31,48,30,66,40,8.0,7.0805,all_day,False,,22.75,medium,3.016,before_20,False,,20.5,medium,3.168,0.0,22.75,0.0,20.5,False,customer_to_customer
952,Customer_49,Customer_25,48,24,66,34,8.0,7.6845,all_day,False,,22.75,medium,3.016,before_18,False,,17.25,medium,4.457,0.0,22.75,0.0,17.25,False,customer_to_customer
953,Customer_49,Customer_20,48,19,66,12,8.0,8.4308,all_day,False,,22.75,medium,3.016,business_hours,True,8.25,17.75,medium,3.662,0.0,22.75,8.25,17.75,False,customer_to_customer
954,Customer_49,Customer_26,48,25,66,12,8.0,8.4308,all_day,False,,22.75,medium,3.016,before_20,False,,20.0,large,5.753,0.0,22.75,0.0,20.0,False,customer_to_customer
955,Customer_49,Customer_51,48,50,66,64,8.0,9.2031,all_day,False,,22.75,medium,3.016,before_20,False,,19.5,small,1.604,0.0,22.75,0.0,19.5,False,customer_to_customer
956,Customer_49,Customer_18,48,17,66,53,8.0,9.3862,all_day,False,,22.75,medium,3.016,before_18,False,,17.25,small,0.834,0.0,22.75,0.0,17.25,False,customer_to_customer
957,Customer_49,Customer_41,48,40,66,53,8.0,9.3862,all_day,False,,22.75,medium,3.016,business_hours,True,7.5,17.25,large,5.106,0.0,22.75,7.5,17.25,False,customer_to_customer
958,Customer_49,Customer_50,48,49,66,42,8.0,9.5566,all_day,False,,22.75,medium,3.016,all_day,False,,24.0,medium,4.123,0.0,22.75,0.0,24.0,False,customer_to_customer
959,Customer_50,Customer_57,49,56,42,17,8.0,2.3898,all_day,False,,24.0,medium,4.123,before_18,False,,17.25,medium,4.186,0.0,24.0,0.0,17.25,False,customer_to_customer
960,Customer_50,Customer_16,49,15,42,18,8.0,3.3608,all_day,False,,24.0,medium,4.123,before_18,False,,17.25,large,6.366,0.0,24.0,0.0,17.25,False,customer_to_customer
961,Customer_50,Customer_30,49,29,42,31,8.0,3.3839,all_day,False,,24.0,medium,4.123,before_12,False,,13.0,medium,4.581,0.0,24.0,0.0,13.0,False,customer_to_customer
962,Customer_50,Customer_15,49,14,42,74,8.0,4.9896,all_day,False,,24.0,medium,4.123,business_hours,True,7.5,17.25,large,7.293,0.0,24.0,7.5,17.25,False,customer_to_customer
963,Customer_50,Customer_22,49,21,42,65,8.0,5.2571,all_day,False,,24.0,medium,4.123,business_hours,True,8.5,17.25,medium,3.604,0.0,24.0,8.5,17.25,False,customer_to_customer
964,Customer_50,Customer_25,49,24,42,34,8.0,5.4406,all_day,False,,24.0,medium,4.123,before_18,False,,17.25,medium,4.457,0.0,24.0,0.0,17.25,False,customer_to_customer
965,Customer_50,Customer_24,49,23,42,47,8.0,5.7951,all_day,False,,24.0,medium,4.123,before_20,False,,20.25,medium,3.852,0.0,24.0,0.0,20.25,False,customer_to_customer
966,Customer_50,Customer_18,49,17,42,53,8.0,6.3919,all_day,False,,24.0,medium,4.123,before_18,False,,17.25,small,0.834,0.0,24.0,0.0,17.25,False,customer_to_customer
967,Customer_50,Customer_41,49,40,42,53,8.0,6.3919,all_day,False,,24.0,medium,4.123,business_hours,True,7.5,17.25,large,5.106,0.0,24.0,7.5,17.25,False,customer_to_customer
968,Customer_50,Customer_2,49,1,42,44,8.0,6.5663,all_day,False,,24.0,medium,4.123,before_20,False,,19.5,medium,4.395,0.0,24.0,0.0,19.5,False,customer_to_customer
969,Customer_50,Customer_4,49,3,42,44,8.0,6.5663,all_day,False,,24.0,medium,4.123,before_20,False,,20.0,medium,2.249,0.0,24.0,0.0,20.0,False,customer_to_customer
970,Customer_50,Customer_27,49,26,42,44,8.0,6.5663,all_day,False,,24.0,medium,4.123,before_20,False,,20.75,large,6.914,0.0,24.0,0.0,20.75,False,customer_to_customer
971,Customer_50,Customer_8,49,7,42,13,8.0,8.4787,all_day,False,,24.0,medium,4.123,business_hours,True,7.5,19.0,medium,4.333,0.0,24.0,7.5,19.0,False,customer_to_customer
972,Customer_50,Customer_59,49,58,42,13,8.0,8.4787,all_day,False,,24.0,medium,4.123,afternoon_or_evening,True,12.25,22.5,small,1.182,0.0,24.0,12.25,22.5,False,customer_to_customer
973,Customer_50,Customer_44,49,43,42,46,8.0,9.1843,all_day,False,,24.0,medium,4.123,all_day,False,,23.25,small,1.962,0.0,24.0,0.0,23.25,False,customer_to_customer
974,Customer_50,Customer_39,49,38,42,66,8.0,9.5566,all_day,False,,24.0,medium,4.123,business_hours,True,8.75,17.75,small,1.672,0.0,24.0,8.75,17.75,False,customer_to_customer
975,Customer_50,Customer_49,49,48,42,66,8.0,9.5566,all_day,False,,24.0,medium,4.123,all_day,False,,22.75,medium,3.016,0.0,24.0,0.0,22.75,False,customer_to_customer
976,Customer_50,Customer_11,49,10,42,10,8.0,9.6123,all_day,False,,24.0,medium,4.123,before_18,False,,18.0,small,1.544,0.0,24.0,0.0,18.0,False,customer_to_customer
977,Customer_50,Customer_46,49,45,42,5,8.0,9.691,all_day,False,,24.0,medium,4.123,before_12,False,,12.0,medium,3.084,0.0,24.0,0.0,12.0,False,customer_to_customer
978,Customer_50,Customer_48,49,47,42,27,8.0,10.4205,all_day,False,,24.0,medium,4.123,before_20,False,,19.25,medium,2.11,0.0,24.0,0.0,19.25,False,customer_to_customer
979,Customer_51,Customer_20,50,19,64,12,8.0,0.931,before_20,False,,19.5,small,1.604,business_hours,True,8.25,17.75,medium,3.662,0.0,19.5,8.25,17.75,False,customer_to_customer
980,Customer_51,Customer_26,50,25,64,12,8.0,0.931,before_20,False,,19.5,small,1.604,before_20,False,,20.0,large,5.753,0.0,19.5,0.0,20.0,False,customer_to_customer
981,Customer_51,Customer_1,50,0,64,39,8.0,2.7363,before_20,False,,19.5,small,1.604,before_20,False,,21.0,large,5.082,0.0,19.5,0.0,21.0,False,customer_to_customer
982,Customer_51,Customer_9,50,8,64,39,8.0,2.7363,before_20,False,,19.5,small,1.604,before_20,False,,20.75,small,1.776,0.0,19.5,0.0,20.75,False,customer_to_customer
983,Customer_51,Customer_3,50,2,64,77,8.0,3.1776,before_20,False,,19.5,small,1.604,business_hours,True,7.75,18.0,small,1.255,0.0,19.5,7.75,18.0,False,customer_to_customer
984,Customer_51,Customer_33,50,32,64,77,8.0,3.1776,before_20,False,,19.5,small,1.604,afternoon_or_evening,True,12.75,21.75,medium,2.203,0.0,19.5,12.75,21.75,False,customer_to_customer
985,Customer_51,Customer_40,50,39,64,77,8.0,3.1776,before_20,False,,19.5,small,1.604,business_hours,True,7.75,18.0,large,5.785,0.0,19.5,7.75,18.0,False,customer_to_customer
986,Customer_51,Customer_5,50,4,64,19,8.0,3.7916,before_20,False,,19.5,small,1.604,business_hours,True,8.0,17.75,medium,4.662,0.0,19.5,8.0,17.75,False,customer_to_customer
987,Customer_51,Customer_34,50,33,64,19,8.0,3.7916,before_20,False,,19.5,small,1.604,before_12,False,,11.5,small,1.372,0.0,19.5,0.0,11.5,False,customer_to_customer
988,Customer_51,Customer_10,50,9,64,29,8.0,5.362,before_20,False,,19.5,small,1.604,before_20,False,,20.5,medium,2.955,0.0,19.5,0.0,20.5,False,customer_to_customer
989,Customer_51,Customer_18,50,17,64,53,8.0,6.347,before_20,False,,19.5,small,1.604,before_18,False,,17.25,small,0.834,0.0,19.5,0.0,17.25,False,customer_to_customer
990,Customer_51,Customer_41,50,40,64,53,8.0,6.347,before_20,False,,19.5,small,1.604,business_hours,True,7.5,17.25,large,5.106,0.0,19.5,7.5,17.25,False,customer_to_customer
991,Customer_51,Customer_23,50,22,64,79,8.0,6.8708,before_20,False,,19.5,small,1.604,before_20,False,,20.25,large,7.501,0.0,19.5,0.0,20.25,False,customer_to_customer
992,Customer_51,Customer_19,50,18,64,57,8.0,8.1868,before_20,False,,19.5,small,1.604,all_day,False,,23.5,medium,3.112,0.0,19.5,0.0,23.5,False,customer_to_customer
993,Customer_51,Customer_39,50,38,64,66,8.0,9.2031,before_20,False,,19.5,small,1.604,business_hours,True,8.75,17.75,small,1.672,0.0,19.5,8.75,17.75,False,customer_to_customer
994,Customer_51,Customer_49,50,48,64,66,8.0,9.2031,before_20,False,,19.5,small,1.604,all_day,False,,22.75,medium,3.016,0.0,19.5,0.0,22.75,False,customer_to_customer
995,Customer_51,Customer_14,50,13,64,6,8.0,9.7484,before_20,False,,19.5,small,1.604,all_day,False,,22.75,large,6.263,0.0,19.5,0.0,22.75,False,customer_to_customer
996,Customer_51,Customer_8,50,7,64,13,8.0,9.9948,before_20,False,,19.5,small,1.604,business_hours,True,7.5,19.0,medium,4.333,0.0,19.5,7.5,19.0,False,customer_to_customer
997,Customer_51,Customer_59,50,58,64,13,8.0,9.9948,before_20,False,,19.5,small,1.604,afternoon_or_evening,True,12.25,22.5,small,1.182,0.0,19.5,12.25,22.5,False,customer_to_customer
998,Customer_51,Customer_13,50,12,64,61,8.0,11.3127,before_20,False,,19.5,small,1.604,business_hours,True,8.0,19.0,large,7.817,0.0,19.5,8.0,19.0,False,customer_to_customer
999,Customer_52,Customer_21,51,20,0,24,8.0,2.5942,before_12,False,,11.75,large,6.981,before_18,False,,17.5,medium,3.927,0.0,11.75,0.0,17.5,False,customer_to_customer
1000,Customer_52,Customer_43,51,42,0,24,8.0,2.5942,before_12,False,,11.75,large,6.981,business_hours,True,7.5,17.75,large,7.914,0.0,11.75,7.5,17.75,False,customer_to_customer
1001,Customer_52,Customer_29,51,28,0,20,8.0,6.2737,before_12,False,,11.75,large,6.981,business_hours,True,8.75,18.25,medium,4.375,0.0,11.75,8.75,18.25,False,customer_to_customer
1002,Customer_52,Customer_8,51,7,0,13,8.0,6.4094,before_12,False,,11.75,large,6.981,business_hours,True,7.5,19.0,medium,4.333,0.0,11.75,7.5,19.0,False,customer_to_customer
1003,Customer_52,Customer_59,51,58,0,13,8.0,6.4094,before_12,False,,11.75,large,6.981,afternoon_or_evening,True,12.25,22.5,small,1.182,0.0,11.75,12.25,22.5,False,customer_to_customer
1004,Customer_52,Customer_23,51,22,0,79,8.0,6.5011,before_12,False,,11.75,large,6.981,before_20,False,,20.25,large,7.501,0.0,11.75,0.0,20.25,False,customer_to_customer
1005,Customer_52,Customer_14,51,13,0,6,8.0,7.1814,before_12,False,,11.75,large,6.981,all_day,False,,22.75,large,6.263,0.0,11.75,0.0,22.75,False,customer_to_customer
1006,Customer_52,Customer_2,51,1,0,44,8.0,9.924,before_12,False,,11.75,large,6.981,before_20,False,,19.5,medium,4.395,0.0,11.75,0.0,19.5,False,customer_to_customer
1007,Customer_52,Customer_4,51,3,0,44,8.0,9.924,before_12,False,,11.75,large,6.981,before_20,False,,20.0,medium,2.249,0.0,11.75,0.0,20.0,False,customer_to_customer
1008,Customer_52,Customer_27,51,26,0,44,8.0,9.924,before_12,False,,11.75,large,6.981,before_20,False,,20.75,large,6.914,0.0,11.75,0.0,20.75,False,customer_to_customer
1009,Customer_52,Customer_18,51,17,0,53,8.0,10.0723,before_12,False,,11.75,large,6.981,before_18,False,,17.25,small,0.834,0.0,11.75,0.0,17.25,False,customer_to_customer
1010,Customer_52,Customer_41,51,40,0,53,8.0,10.0723,before_12,False,,11.75,large,6.981,business_hours,True,7.5,17.25,large,5.106,0.0,11.75,7.5,17.25,False,customer_to_customer
1011,Customer_52,Customer_1,51,0,0,39,8.0,10.1809,before_12,False,,11.75,large,6.981,before_20,False,,21.0,large,5.082,0.0,11.75,0.0,21.0,False,customer_to_customer
1012,Customer_52,Customer_9,51,8,0,39,8.0,10.1809,before_12,False,,11.75,large,6.981,before_20,False,,20.75,small,1.776,0.0,11.75,0.0,20.75,False,customer_to_customer
1013,Customer_52,Customer_46,51,45,0,5,8.0,11.2096,before_12,False,,11.75,large,6.981,before_12,False,,12.0,medium,3.084,0.0,11.75,0.0,12.0,False,customer_to_customer
1014,Customer_52,Customer_51,51,50,0,64,8.0,12.1106,before_12,False,,11.75,large,6.981,before_20,False,,19.5,small,1.604,0.0,11.75,0.0,19.5,False,customer_to_customer
1015,Customer_52,Customer_20,51,19,0,12,8.0,12.2353,before_12,False,,11.75,large,6.981,business_hours,True,8.25,17.75,medium,3.662,0.0,11.75,8.25,17.75,False,customer_to_customer
1016,Customer_52,Customer_26,51,25,0,12,8.0,12.2353,before_12,False,,11.75,large,6.981,before_20,False,,20.0,large,5.753,0.0,11.75,0.0,20.0,False,customer_to_customer
1017,Customer_52,Customer_10,51,9,0,29,8.0,12.546,before_12,False,,11.75,large,6.981,before_20,False,,20.5,medium,2.955,0.0,11.75,0.0,20.5,False,customer_to_customer
1018,Customer_52,Customer_16,51,15,0,18,8.0,14.5513,before_12,False,,11.75,large,6.981,before_18,False,,17.25,large,6.366,0.0,11.75,0.0,17.25,False,customer_to_customer
1019,Customer_53,Customer_37,52,36,15,75,8.0,3.2696,business_hours,True,7.5,19.0,medium,2.769,before_20,False,,20.0,small,1.664,7.5,19.0,0.0,20.0,False,customer_to_customer
1020,Customer_53,Customer_54,52,53,15,75,8.0,3.2696,business_hours,True,7.5,19.0,medium,2.769,before_20,False,,19.5,small,1.304,7.5,19.0,0.0,19.5,False,customer_to_customer
1021,Customer_53,Customer_35,52,34,15,73,8.0,4.2938,business_hours,True,7.5,19.0,medium,2.769,afternoon_or_evening,True,12.0,23.25,large,5.08,7.5,19.0,12.0,23.25,False,customer_to_customer
1022,Customer_53,Customer_58,52,57,15,73,8.0,4.2938,business_hours,True,7.5,19.0,medium,2.769,before_20,False,,20.0,small,1.92,7.5,19.0,0.0,20.0,False,customer_to_customer
1023,Customer_53,Customer_28,52,27,15,38,8.0,7.4725,business_hours,True,7.5,19.0,medium,2.769,before_20,False,,20.75,medium,4.186,7.5,19.0,0.0,20.75,False,customer_to_customer
1024,Customer_53,Customer_12,52,11,15,67,8.0,8.6618,business_hours,True,7.5,19.0,medium,2.769,afternoon_or_evening,True,12.5,23.0,large,5.593,7.5,19.0,12.5,23.0,False,customer_to_customer
1025,Customer_53,Customer_47,52,46,15,43,8.0,9.0142,business_hours,True,7.5,19.0,medium,2.769,all_day,False,,23.75,small,0.746,7.5,19.0,0.0,23.75,False,customer_to_customer
1026,Customer_53,Customer_11,52,10,15,10,8.0,11.4102,business_hours,True,7.5,19.0,medium,2.769,before_18,False,,18.0,small,1.544,7.5,19.0,0.0,18.0,False,customer_to_customer
1027,Customer_53,Customer_44,52,43,15,46,8.0,13.4264,business_hours,True,7.5,19.0,medium,2.769,all_day,False,,23.25,small,1.962,7.5,19.0,0.0,23.25,False,customer_to_customer
1028,Customer_53,Customer_32,52,31,15,36,8.0,14.402,business_hours,True,7.5,19.0,medium,2.769,before_18,False,,17.25,small,1.462,7.5,19.0,0.0,17.25,False,customer_to_customer
1029,Customer_53,Customer_15,52,14,15,74,8.0,16.4733,business_hours,True,7.5,19.0,medium,2.769,business_hours,True,7.5,17.25,large,7.293,7.5,19.0,7.5,17.25,False,customer_to_customer
1030,Customer_53,Customer_48,52,47,15,27,8.0,17.1023,business_hours,True,7.5,19.0,medium,2.769,before_20,False,,19.25,medium,2.11,7.5,19.0,0.0,19.25,False,customer_to_customer
1031,Customer_54,Customer_37,53,36,75,75,8.0,0.0,before_20,False,,19.5,small,1.304,before_20,False,,20.0,small,1.664,0.0,19.5,0.0,20.0,True,customer_to_customer
1032,Customer_54,Customer_53,53,52,75,15,8.0,3.2696,before_20,False,,19.5,small,1.304,business_hours,True,7.5,19.0,medium,2.769,0.0,19.5,7.5,19.0,False,customer_to_customer
1033,Customer_54,Customer_35,53,34,75,73,8.0,3.5067,before_20,False,,19.5,small,1.304,afternoon_or_evening,True,12.0,23.25,large,5.08,0.0,19.5,12.0,23.25,False,customer_to_customer
1034,Customer_54,Customer_58,53,57,75,73,8.0,3.5067,before_20,False,,19.5,small,1.304,before_20,False,,20.0,small,1.92,0.0,19.5,0.0,20.0,False,customer_to_customer
1035,Customer_54,Customer_12,53,11,75,67,8.0,8.0569,before_20,False,,19.5,small,1.304,afternoon_or_evening,True,12.5,23.0,large,5.593,0.0,19.5,12.5,23.0,False,customer_to_customer
1036,Customer_54,Customer_28,53,27,75,38,8.0,8.1499,before_20,False,,19.5,small,1.304,before_20,False,,20.75,medium,4.186,0.0,19.5,0.0,20.75,False,customer_to_customer
1037,Customer_54,Customer_47,53,46,75,43,8.0,8.8125,before_20,False,,19.5,small,1.304,all_day,False,,23.75,small,0.746,0.0,19.5,0.0,23.75,False,customer_to_customer
1038,Customer_54,Customer_11,53,10,75,10,8.0,11.719,before_20,False,,19.5,small,1.304,before_18,False,,18.0,small,1.544,0.0,19.5,0.0,18.0,False,customer_to_customer
1039,Customer_54,Customer_44,53,43,75,46,8.0,13.0927,before_20,False,,19.5,small,1.304,all_day,False,,23.25,small,1.962,0.0,19.5,0.0,23.25,False,customer_to_customer
1040,Customer_54,Customer_15,53,14,75,74,8.0,17.5927,before_20,False,,19.5,small,1.304,business_hours,True,7.5,17.25,large,7.293,0.0,19.5,7.5,17.25,False,customer_to_customer
1041,Customer_54,Customer_32,53,31,75,36,8.0,17.6445,before_20,False,,19.5,small,1.304,before_18,False,,17.25,small,1.462,0.0,19.5,0.0,17.25,False,customer_to_customer
1042,Customer_54,Customer_25,53,24,75,34,8.0,17.9682,before_20,False,,19.5,small,1.304,before_18,False,,17.25,medium,4.457,0.0,19.5,0.0,17.25,False,customer_to_customer
1043,Customer_55,Customer_6,54,5,56,56,8.0,0.0,business_hours,True,7.75,17.75,small,1.087,all_day,False,,23.75,medium,4.742,7.75,17.75,0.0,23.75,True,customer_to_customer
1044,Customer_55,Customer_42,54,41,56,56,8.0,0.0,business_hours,True,7.75,17.75,small,1.087,all_day,False,,22.75,medium,3.77,7.75,17.75,0.0,22.75,True,customer_to_customer
1045,Customer_55,Customer_7,54,6,56,78,8.0,6.9639,business_hours,True,7.75,17.75,small,1.087,business_hours,True,8.75,17.5,medium,3.0,7.75,17.75,8.75,17.5,False,customer_to_customer
1046,Customer_55,Customer_38,54,37,56,78,8.0,6.9639,business_hours,True,7.75,17.75,small,1.087,all_day,False,,23.25,medium,4.425,7.75,17.75,0.0,23.25,False,customer_to_customer
1047,Customer_55,Customer_17,54,16,56,40,8.0,8.5156,business_hours,True,7.75,17.75,small,1.087,all_day,False,,23.75,medium,3.999,7.75,17.75,0.0,23.75,False,customer_to_customer
1048,Customer_55,Customer_31,54,30,56,40,8.0,8.5156,business_hours,True,7.75,17.75,small,1.087,before_20,False,,20.5,medium,3.168,7.75,17.75,0.0,20.5,False,customer_to_customer
1049,Customer_55,Customer_13,54,12,56,61,8.0,9.4371,business_hours,True,7.75,17.75,small,1.087,business_hours,True,8.0,19.0,large,7.817,7.75,17.75,8.0,19.0,False,customer_to_customer
1050,Customer_55,Customer_60,54,59,56,61,8.0,9.4371,business_hours,True,7.75,17.75,small,1.087,all_day,False,,23.0,large,5.554,7.75,17.75,0.0,23.0,False,customer_to_customer
1051,Customer_55,Customer_19,54,18,56,57,8.0,10.9133,business_hours,True,7.75,17.75,small,1.087,all_day,False,,23.5,medium,3.112,7.75,17.75,0.0,23.5,False,customer_to_customer
1052,Customer_55,Customer_39,54,38,56,66,8.0,11.1579,business_hours,True,7.75,17.75,small,1.087,business_hours,True,8.75,17.75,small,1.672,7.75,17.75,8.75,17.75,False,customer_to_customer
1053,Customer_55,Customer_49,54,48,56,66,8.0,11.1579,business_hours,True,7.75,17.75,small,1.087,all_day,False,,22.75,medium,3.016,7.75,17.75,0.0,22.75,False,customer_to_customer
1054,Customer_55,Customer_22,54,21,56,65,8.0,15.1701,business_hours,True,7.75,17.75,small,1.087,business_hours,True,8.5,17.25,medium,3.604,7.75,17.75,8.5,17.25,False,customer_to_customer
1055,Customer_55,Customer_3,54,2,56,77,8.0,15.1735,business_hours,True,7.75,17.75,small,1.087,business_hours,True,7.75,18.0,small,1.255,7.75,17.75,7.75,18.0,False,customer_to_customer
1056,Customer_55,Customer_33,54,32,56,77,8.0,15.1735,business_hours,True,7.75,17.75,small,1.087,afternoon_or_evening,True,12.75,21.75,medium,2.203,7.75,17.75,12.75,21.75,False,customer_to_customer
1057,Customer_55,Customer_40,54,39,56,77,8.0,15.1735,business_hours,True,7.75,17.75,small,1.087,business_hours,True,7.75,18.0,large,5.785,7.75,17.75,7.75,18.0,False,customer_to_customer
1058,Customer_55,Customer_24,54,23,56,47,8.0,15.4531,business_hours,True,7.75,17.75,small,1.087,before_20,False,,20.25,medium,3.852,7.75,17.75,0.0,20.25,False,customer_to_customer
1059,Customer_55,Customer_25,54,24,56,34,8.0,16.2743,business_hours,True,7.75,17.75,small,1.087,before_18,False,,17.25,medium,4.457,7.75,17.75,0.0,17.25,False,customer_to_customer
1060,Customer_55,Customer_5,54,4,56,19,8.0,17.3078,business_hours,True,7.75,17.75,small,1.087,business_hours,True,8.0,17.75,medium,4.662,7.75,17.75,8.0,17.75,False,customer_to_customer
1061,Customer_55,Customer_34,54,33,56,19,8.0,17.3078,business_hours,True,7.75,17.75,small,1.087,before_12,False,,11.5,small,1.372,7.75,17.75,0.0,11.5,False,customer_to_customer
1062,Customer_55,Customer_20,54,19,56,12,8.0,17.8648,business_hours,True,7.75,17.75,small,1.087,business_hours,True,8.25,17.75,medium,3.662,7.75,17.75,8.25,17.75,False,customer_to_customer
1063,Customer_56,Customer_36,55,35,68,68,8.0,0.0,before_18,False,,19.0,medium,2.573,all_day,False,,23.0,large,7.781,0.0,19.0,0.0,23.0,True,customer_to_customer
1064,Customer_56,Customer_45,55,44,68,68,8.0,0.0,before_18,False,,19.0,medium,2.573,before_20,False,,20.75,small,1.204,0.0,19.0,0.0,20.75,True,customer_to_customer
1065,Customer_56,Customer_48,55,47,68,27,8.0,4.8233,before_18,False,,19.0,medium,2.573,before_20,False,,19.25,medium,2.11,0.0,19.0,0.0,19.25,False,customer_to_customer
1066,Customer_56,Customer_46,55,45,68,5,8.0,5.2273,before_18,False,,19.0,medium,2.573,before_12,False,,12.0,medium,3.084,0.0,19.0,0.0,12.0,False,customer_to_customer
1067,Customer_56,Customer_2,55,1,68,44,8.0,8.5354,before_18,False,,19.0,medium,2.573,before_20,False,,19.5,medium,4.395,0.0,19.0,0.0,19.5,False,customer_to_customer
1068,Customer_56,Customer_4,55,3,68,44,8.0,8.5354,before_18,False,,19.0,medium,2.573,before_20,False,,20.0,medium,2.249,0.0,19.0,0.0,20.0,False,customer_to_customer
1069,Customer_56,Customer_27,55,26,68,44,8.0,8.5354,before_18,False,,19.0,medium,2.573,before_20,False,,20.75,large,6.914,0.0,19.0,0.0,20.75,False,customer_to_customer
1070,Customer_56,Customer_16,55,15,68,18,8.0,9.0406,before_18,False,,19.0,medium,2.573,before_18,False,,17.25,large,6.366,0.0,19.0,0.0,17.25,False,customer_to_customer
1071,Customer_56,Customer_30,55,29,68,31,8.0,9.0494,before_18,False,,19.0,medium,2.573,before_12,False,,13.0,medium,4.581,0.0,19.0,0.0,13.0,False,customer_to_customer
1072,Customer_56,Customer_15,55,14,68,74,8.0,9.9026,before_18,False,,19.0,medium,2.573,business_hours,True,7.5,17.25,large,7.293,0.0,19.0,7.5,17.25,False,customer_to_customer
1073,Customer_56,Customer_57,55,56,68,17,8.0,11.7853,before_18,False,,19.0,medium,2.573,before_18,False,,17.25,medium,4.186,0.0,19.0,0.0,17.25,False,customer_to_customer
1074,Customer_56,Customer_8,55,7,68,13,8.0,12.3194,before_18,False,,19.0,medium,2.573,business_hours,True,7.5,19.0,medium,4.333,0.0,19.0,7.5,19.0,False,customer_to_customer
1075,Customer_56,Customer_59,55,58,68,13,8.0,12.3194,before_18,False,,19.0,medium,2.573,afternoon_or_evening,True,12.25,22.5,small,1.182,0.0,19.0,12.25,22.5,False,customer_to_customer
1076,Customer_56,Customer_50,55,49,68,42,8.0,12.3791,before_18,False,,19.0,medium,2.573,all_day,False,,24.0,medium,4.123,0.0,19.0,0.0,24.0,False,customer_to_customer
1077,Customer_56,Customer_18,55,17,68,53,8.0,15.3382,before_18,False,,19.0,medium,2.573,before_18,False,,17.25,small,0.834,0.0,19.0,0.0,17.25,False,customer_to_customer
1078,Customer_56,Customer_41,55,40,68,53,8.0,15.3382,before_18,False,,19.0,medium,2.573,business_hours,True,7.5,17.25,large,5.106,0.0,19.0,7.5,17.25,False,customer_to_customer
1079,Customer_56,Customer_11,55,10,68,10,8.0,15.518,before_18,False,,19.0,medium,2.573,before_18,False,,18.0,small,1.544,0.0,19.0,0.0,18.0,False,customer_to_customer
1080,Customer_56,Customer_52,55,51,68,0,8.0,16.2467,before_18,False,,19.0,medium,2.573,before_12,False,,11.75,large,6.981,0.0,19.0,0.0,11.75,False,customer_to_customer
1081,Customer_56,Customer_25,55,24,68,34,8.0,16.5529,before_18,False,,19.0,medium,2.573,before_18,False,,17.25,medium,4.457,0.0,19.0,0.0,17.25,False,customer_to_customer
1082,Customer_56,Customer_28,55,27,68,38,8.0,16.7916,before_18,False,,19.0,medium,2.573,before_20,False,,20.75,medium,4.186,0.0,19.0,0.0,20.75,False,customer_to_customer
1083,Customer_57,Customer_50,56,49,17,42,8.0,2.3898,before_18,False,,17.25,medium,4.186,all_day,False,,24.0,medium,4.123,0.0,17.25,0.0,24.0,False,customer_to_customer
1084,Customer_57,Customer_15,56,14,17,74,8.0,2.8779,before_18,False,,17.25,medium,4.186,business_hours,True,7.5,17.25,large,7.293,0.0,17.25,7.5,17.25,False,customer_to_customer
1085,Customer_57,Customer_30,56,29,17,31,8.0,3.07,before_18,False,,17.25,medium,4.186,before_12,False,,13.0,medium,4.581,0.0,17.25,0.0,13.0,False,customer_to_customer
1086,Customer_57,Customer_16,56,15,17,18,8.0,3.1783,before_18,False,,17.25,medium,4.186,before_18,False,,17.25,large,6.366,0.0,17.25,0.0,17.25,False,customer_to_customer
1087,Customer_57,Customer_25,56,24,17,34,8.0,4.8236,before_18,False,,17.25,medium,4.186,before_18,False,,17.25,medium,4.457,0.0,17.25,0.0,17.25,False,customer_to_customer
1088,Customer_57,Customer_24,56,23,17,47,8.0,5.4835,before_18,False,,17.25,medium,4.186,before_20,False,,20.25,medium,3.852,0.0,17.25,0.0,20.25,False,customer_to_customer
1089,Customer_57,Customer_22,56,21,17,65,8.0,5.5838,before_18,False,,17.25,medium,4.186,business_hours,True,8.5,17.25,medium,3.604,0.0,17.25,8.5,17.25,False,customer_to_customer
1090,Customer_57,Customer_11,56,10,17,10,8.0,7.3877,before_18,False,,17.25,medium,4.186,before_18,False,,18.0,small,1.544,0.0,17.25,0.0,18.0,False,customer_to_customer
1091,Customer_57,Customer_44,56,43,17,46,8.0,7.4064,before_18,False,,17.25,medium,4.186,all_day,False,,23.25,small,1.962,0.0,17.25,0.0,23.25,False,customer_to_customer
1092,Customer_57,Customer_2,56,1,17,44,8.0,7.7423,before_18,False,,17.25,medium,4.186,before_20,False,,19.5,medium,4.395,0.0,17.25,0.0,19.5,False,customer_to_customer
1093,Customer_57,Customer_4,56,3,17,44,8.0,7.7423,before_18,False,,17.25,medium,4.186,before_20,False,,20.0,medium,2.249,0.0,17.25,0.0,20.0,False,customer_to_customer
1094,Customer_57,Customer_27,56,26,17,44,8.0,7.7423,before_18,False,,17.25,medium,4.186,before_20,False,,20.75,large,6.914,0.0,17.25,0.0,20.75,False,customer_to_customer
1095,Customer_57,Customer_18,56,17,17,53,8.0,8.7757,before_18,False,,17.25,medium,4.186,before_18,False,,17.25,small,0.834,0.0,17.25,0.0,17.25,False,customer_to_customer
1096,Customer_57,Customer_41,56,40,17,53,8.0,8.7757,before_18,False,,17.25,medium,4.186,business_hours,True,7.5,17.25,large,5.106,0.0,17.25,7.5,17.25,False,customer_to_customer
1097,Customer_57,Customer_48,56,47,17,27,8.0,8.9914,before_18,False,,17.25,medium,4.186,before_20,False,,19.25,medium,2.11,0.0,17.25,0.0,19.25,False,customer_to_customer
1098,Customer_57,Customer_46,56,45,17,5,8.0,10.134,before_18,False,,17.25,medium,4.186,before_12,False,,12.0,medium,3.084,0.0,17.25,0.0,12.0,False,customer_to_customer
1099,Customer_57,Customer_8,56,7,17,13,8.0,10.4172,before_18,False,,17.25,medium,4.186,business_hours,True,7.5,19.0,medium,4.333,0.0,17.25,7.5,19.0,False,customer_to_customer
1100,Customer_57,Customer_59,56,58,17,13,8.0,10.4172,before_18,False,,17.25,medium,4.186,afternoon_or_evening,True,12.25,22.5,small,1.182,0.0,17.25,12.25,22.5,False,customer_to_customer
1101,Customer_57,Customer_47,56,46,17,43,8.0,10.4837,before_18,False,,17.25,medium,4.186,all_day,False,,23.75,small,0.746,0.0,17.25,0.0,23.75,False,customer_to_customer
1102,Customer_57,Customer_39,56,38,17,66,8.0,10.816,before_18,False,,17.25,medium,4.186,business_hours,True,8.75,17.75,small,1.672,0.0,17.25,8.75,17.75,False,customer_to_customer
1103,Customer_58,Customer_35,57,34,73,73,8.0,0.0,before_20,False,,20.0,small,1.92,afternoon_or_evening,True,12.0,23.25,large,5.08,0.0,20.0,12.0,23.25,True,customer_to_customer
1104,Customer_58,Customer_37,57,36,73,75,8.0,3.5067,before_20,False,,20.0,small,1.92,before_20,False,,20.0,small,1.664,0.0,20.0,0.0,20.0,False,customer_to_customer
1105,Customer_58,Customer_54,57,53,73,75,8.0,3.5067,before_20,False,,20.0,small,1.92,before_20,False,,19.5,small,1.304,0.0,20.0,0.0,19.5,False,customer_to_customer
1106,Customer_58,Customer_53,57,52,73,15,8.0,4.2938,before_20,False,,20.0,small,1.92,business_hours,True,7.5,19.0,medium,2.769,0.0,20.0,7.5,19.0,False,customer_to_customer
1107,Customer_58,Customer_12,57,11,73,67,8.0,4.6593,before_20,False,,20.0,small,1.92,afternoon_or_evening,True,12.5,23.0,large,5.593,0.0,20.0,12.5,23.0,False,customer_to_customer
1108,Customer_58,Customer_28,57,27,73,38,8.0,4.7776,before_20,False,,20.0,small,1.92,before_20,False,,20.75,medium,4.186,0.0,20.0,0.0,20.75,False,customer_to_customer
1109,Customer_58,Customer_47,57,46,73,43,8.0,5.3227,before_20,False,,20.0,small,1.92,all_day,False,,23.75,small,0.746,0.0,20.0,0.0,23.75,False,customer_to_customer
1110,Customer_58,Customer_11,57,10,73,10,8.0,8.2153,before_20,False,,20.0,small,1.92,before_18,False,,18.0,small,1.544,0.0,20.0,0.0,18.0,False,customer_to_customer
1111,Customer_58,Customer_44,57,43,73,46,8.0,9.6616,before_20,False,,20.0,small,1.92,all_day,False,,23.25,small,1.962,0.0,20.0,0.0,23.25,False,customer_to_customer
1112,Customer_58,Customer_15,57,14,73,74,8.0,14.2094,before_20,False,,20.0,small,1.92,business_hours,True,7.5,17.25,large,7.293,0.0,20.0,7.5,17.25,False,customer_to_customer
1113,Customer_58,Customer_25,57,24,73,34,8.0,14.5121,before_20,False,,20.0,small,1.92,before_18,False,,17.25,medium,4.457,0.0,20.0,0.0,17.25,False,customer_to_customer
1114,Customer_58,Customer_24,57,23,73,47,8.0,15.0962,before_20,False,,20.0,small,1.92,before_20,False,,20.25,medium,3.852,0.0,20.0,0.0,20.25,False,customer_to_customer
1115,Customer_58,Customer_57,57,56,73,17,8.0,15.5537,before_20,False,,20.0,small,1.92,before_18,False,,17.25,medium,4.186,0.0,20.0,0.0,17.25,False,customer_to_customer
1116,Customer_58,Customer_48,57,47,73,27,8.0,16.4055,before_20,False,,20.0,small,1.92,before_20,False,,19.25,medium,2.11,0.0,20.0,0.0,19.25,False,customer_to_customer
1117,Customer_58,Customer_22,57,21,73,65,8.0,16.5713,before_20,False,,20.0,small,1.92,business_hours,True,8.5,17.25,medium,3.604,0.0,20.0,8.5,17.25,False,customer_to_customer
1118,Customer_58,Customer_30,57,29,73,31,8.0,17.47,before_20,False,,20.0,small,1.92,before_12,False,,13.0,medium,4.581,0.0,20.0,0.0,13.0,False,customer_to_customer
1119,Customer_58,Customer_17,57,16,73,40,8.0,17.5372,before_20,False,,20.0,small,1.92,all_day,False,,23.75,medium,3.999,0.0,20.0,0.0,23.75,False,customer_to_customer
1120,Customer_58,Customer_31,57,30,73,40,8.0,17.5372,before_20,False,,20.0,small,1.92,before_20,False,,20.5,medium,3.168,0.0,20.0,0.0,20.5,False,customer_to_customer
1121,Customer_58,Customer_16,57,15,73,18,8.0,17.6533,before_20,False,,20.0,small,1.92,before_18,False,,17.25,large,6.366,0.0,20.0,0.0,17.25,False,customer_to_customer
1122,Customer_58,Customer_32,57,31,73,36,8.0,17.7003,before_20,False,,20.0,small,1.92,before_18,False,,17.25,small,1.462,0.0,20.0,0.0,17.25,False,customer_to_customer
1123,Customer_59,Customer_8,58,7,13,13,8.0,0.0,afternoon_or_evening,True,12.25,22.5,small,1.182,business_hours,True,7.5,19.0,medium,4.333,12.25,22.5,7.5,19.0,True,customer_to_customer
1124,Customer_59,Customer_2,58,1,13,44,8.0,4.1954,afternoon_or_evening,True,12.25,22.5,small,1.182,before_20,False,,19.5,medium,4.395,12.25,22.5,0.0,19.5,False,customer_to_customer
1125,Customer_59,Customer_4,58,3,13,44,8.0,4.1954,afternoon_or_evening,True,12.25,22.5,small,1.182,before_20,False,,20.0,medium,2.249,12.25,22.5,0.0,20.0,False,customer_to_customer
1126,Customer_59,Customer_27,58,26,13,44,8.0,4.1954,afternoon_or_evening,True,12.25,22.5,small,1.182,before_20,False,,20.75,large,6.914,12.25,22.5,0.0,20.75,False,customer_to_customer
1127,Customer_59,Customer_18,58,17,13,53,8.0,4.9537,afternoon_or_evening,True,12.25,22.5,small,1.182,before_18,False,,17.25,small,0.834,12.25,22.5,0.0,17.25,False,customer_to_customer
1128,Customer_59,Customer_41,58,40,13,53,8.0,4.9537,afternoon_or_evening,True,12.25,22.5,small,1.182,business_hours,True,7.5,17.25,large,5.106,12.25,22.5,7.5,17.25,False,customer_to_customer
1129,Customer_59,Customer_52,58,51,13,0,8.0,6.4094,afternoon_or_evening,True,12.25,22.5,small,1.182,before_12,False,,11.75,large,6.981,12.25,22.5,0.0,11.75,False,customer_to_customer
1130,Customer_59,Customer_46,58,45,13,5,8.0,7.1759,afternoon_or_evening,True,12.25,22.5,small,1.182,before_12,False,,12.0,medium,3.084,12.25,22.5,0.0,12.0,False,customer_to_customer
1131,Customer_59,Customer_16,58,15,13,18,8.0,8.2831,afternoon_or_evening,True,12.25,22.5,small,1.182,before_18,False,,17.25,large,6.366,12.25,22.5,0.0,17.25,False,customer_to_customer
1132,Customer_59,Customer_23,58,22,13,79,8.0,8.4169,afternoon_or_evening,True,12.25,22.5,small,1.182,before_20,False,,20.25,large,7.501,12.25,22.5,0.0,20.25,False,customer_to_customer
1133,Customer_59,Customer_21,58,20,13,24,8.0,8.4669,afternoon_or_evening,True,12.25,22.5,small,1.182,before_18,False,,17.5,medium,3.927,12.25,22.5,0.0,17.5,False,customer_to_customer
1134,Customer_59,Customer_43,58,42,13,24,8.0,8.4669,afternoon_or_evening,True,12.25,22.5,small,1.182,business_hours,True,7.5,17.75,large,7.914,12.25,22.5,7.5,17.75,False,customer_to_customer
1135,Customer_59,Customer_30,58,29,13,31,8.0,8.4681,afternoon_or_evening,True,12.25,22.5,small,1.182,before_12,False,,13.0,medium,4.581,12.25,22.5,0.0,13.0,False,customer_to_customer
1136,Customer_59,Customer_50,58,49,13,42,8.0,8.4787,afternoon_or_evening,True,12.25,22.5,small,1.182,all_day,False,,24.0,medium,4.123,12.25,22.5,0.0,24.0,False,customer_to_customer
1137,Customer_59,Customer_1,58,0,13,39,8.0,9.5253,afternoon_or_evening,True,12.25,22.5,small,1.182,before_20,False,,21.0,large,5.082,12.25,22.5,0.0,21.0,False,customer_to_customer
1138,Customer_59,Customer_9,58,8,13,39,8.0,9.5253,afternoon_or_evening,True,12.25,22.5,small,1.182,before_20,False,,20.75,small,1.776,12.25,22.5,0.0,20.75,False,customer_to_customer
1139,Customer_59,Customer_20,58,19,13,12,8.0,9.6171,afternoon_or_evening,True,12.25,22.5,small,1.182,business_hours,True,8.25,17.75,medium,3.662,12.25,22.5,8.25,17.75,False,customer_to_customer
1140,Customer_59,Customer_26,58,25,13,12,8.0,9.6171,afternoon_or_evening,True,12.25,22.5,small,1.182,before_20,False,,20.0,large,5.753,12.25,22.5,0.0,20.0,False,customer_to_customer
1141,Customer_59,Customer_51,58,50,13,64,8.0,9.9948,afternoon_or_evening,True,12.25,22.5,small,1.182,before_20,False,,19.5,small,1.604,12.25,22.5,0.0,19.5,False,customer_to_customer
1142,Customer_59,Customer_57,58,56,13,17,8.0,10.4172,afternoon_or_evening,True,12.25,22.5,small,1.182,before_18,False,,17.25,medium,4.186,12.25,22.5,0.0,17.25,False,customer_to_customer
1143,Customer_60,Customer_13,59,12,61,61,8.0,0.0,all_day,False,,23.0,large,5.554,business_hours,True,8.0,19.0,large,7.817,0.0,23.0,8.0,19.0,True,customer_to_customer
1144,Customer_60,Customer_39,59,38,61,66,8.0,2.1932,all_day,False,,23.0,large,5.554,business_hours,True,8.75,17.75,small,1.672,0.0,23.0,8.75,17.75,False,customer_to_customer
1145,Customer_60,Customer_49,59,48,61,66,8.0,2.1932,all_day,False,,23.0,large,5.554,all_day,False,,22.75,medium,3.016,0.0,23.0,0.0,22.75,False,customer_to_customer
1146,Customer_60,Customer_19,59,18,61,57,8.0,3.2917,all_day,False,,23.0,large,5.554,all_day,False,,23.5,medium,3.112,0.0,23.0,0.0,23.5,False,customer_to_customer
1147,Customer_60,Customer_17,59,16,61,40,8.0,4.9952,all_day,False,,23.0,large,5.554,all_day,False,,23.75,medium,3.999,0.0,23.0,0.0,23.75,False,customer_to_customer
1148,Customer_60,Customer_31,59,30,61,40,8.0,4.9952,all_day,False,,23.0,large,5.554,before_20,False,,20.5,medium,3.168,0.0,23.0,0.0,20.5,False,customer_to_customer
1149,Customer_60,Customer_22,59,21,61,65,8.0,6.1309,all_day,False,,23.0,large,5.554,business_hours,True,8.5,17.25,medium,3.604,0.0,23.0,8.5,17.25,False,customer_to_customer
1150,Customer_60,Customer_7,59,6,61,78,8.0,6.6382,all_day,False,,23.0,large,5.554,business_hours,True,8.75,17.5,medium,3.0,0.0,23.0,8.75,17.5,False,customer_to_customer
1151,Customer_60,Customer_38,59,37,61,78,8.0,6.6382,all_day,False,,23.0,large,5.554,all_day,False,,23.25,medium,4.425,0.0,23.0,0.0,23.25,False,customer_to_customer
1152,Customer_60,Customer_24,59,23,61,47,8.0,6.8822,all_day,False,,23.0,large,5.554,before_20,False,,20.25,medium,3.852,0.0,23.0,0.0,20.25,False,customer_to_customer
1153,Customer_60,Customer_25,59,24,61,34,8.0,7.7537,all_day,False,,23.0,large,5.554,before_18,False,,17.25,medium,4.457,0.0,23.0,0.0,17.25,False,customer_to_customer
1154,Customer_60,Customer_3,59,2,61,77,8.0,8.9092,all_day,False,,23.0,large,5.554,business_hours,True,7.75,18.0,small,1.255,0.0,23.0,7.75,18.0,False,customer_to_customer
1155,Customer_60,Customer_33,59,32,61,77,8.0,8.9092,all_day,False,,23.0,large,5.554,afternoon_or_evening,True,12.75,21.75,medium,2.203,0.0,23.0,12.75,21.75,False,customer_to_customer
1156,Customer_60,Customer_40,59,39,61,77,8.0,8.9092,all_day,False,,23.0,large,5.554,business_hours,True,7.75,18.0,large,5.785,0.0,23.0,7.75,18.0,False,customer_to_customer
1157,Customer_60,Customer_6,59,5,61,56,8.0,9.4371,all_day,False,,23.0,large,5.554,all_day,False,,23.75,medium,4.742,0.0,23.0,0.0,23.75,False,customer_to_customer
1158,Customer_60,Customer_42,59,41,61,56,8.0,9.4371,all_day,False,,23.0,large,5.554,all_day,False,,22.75,medium,3.77,0.0,23.0,0.0,22.75,False,customer_to_customer
1159,Customer_60,Customer_55,59,54,61,56,8.0,9.4371,all_day,False,,23.0,large,5.554,business_hours,True,7.75,17.75,small,1.087,0.0,23.0,7.75,17.75,False,customer_to_customer
1160,Customer_60,Customer_20,59,19,61,12,8.0,10.5702,all_day,False,,23.0,large,5.554,business_hours,True,8.25,17.75,medium,3.662,0.0,23.0,8.25,17.75,False,customer_to_customer
1161,Customer_60,Customer_26,59,25,61,12,8.0,10.5702,all_day,False,,23.0,large,5.554,before_20,False,,20.0,large,5.753,0.0,23.0,0.0,20.0,False,customer_to_customer
1162,Customer_60,Customer_50,59,49,61,42,8.0,10.7711,all_day,False,,23.0,large,5.554,all_day,False,,24.0,medium,4.123,0.0,23.0,0.0,24.0,False,customer_to_customer
