path_id,od_id,arc_id,value
0,0,16,1.0
1,0,12,1.0
1,0,109,1.0
2,0,14,1.0
2,0,113,1.0
3,1,12,1.0
4,1,16,1.0
4,1,108,1.0
5,1,14,1.0
5,1,263,1.0
6,2,14,1.0
7,2,16,1.0
7,2,112,1.0
8,2,12,1.0
8,2,262,1.0
9,3,14,1.0
10,3,16,1.0
10,3,112,1.0
11,3,12,1.0
11,3,262,1.0
12,4,14,1.0
13,4,16,1.0
13,4,112,1.0
14,4,12,1.0
14,4,262,1.0
15,5,12,1.0
15,5,165,1.0
16,5,16,1.0
16,5,108,1.0
16,5,165,1.0
17,5,14,1.0
17,5,163,1.0
18,6,22,1.0
19,6,10,1.0
19,6,446,1.0
20,6,10,1.0
20,6,429,1.0
20,6,430,1.0
21,7,22,1.0
22,7,10,1.0
22,7,446,1.0
23,7,10,1.0
23,7,429,1.0
23,7,430,1.0
24,8,12,1.0
24,8,266,1.0
25,8,14,1.0
25,8,329,1.0
26,8,16,1.0
26,8,110,1.0
27,9,10,1.0
27,9,429,1.0
28,9,10,1.0
28,9,189,1.0
28,9,184,1.0
29,9,22,1.0
29,9,431,1.0
30,10,10,1.0
30,10,189,1.0
31,10,10,1.0
31,10,429,1.0
31,10,185,1.0
32,10,22,1.0
32,10,187,1.0
33,11,10,1.0
33,11,189,1.0
34,11,10,1.0
34,11,429,1.0
34,11,185,1.0
35,11,22,1.0
35,11,187,1.0
36,12,12,1.0
36,12,165,1.0
36,12,170,1.0
37,12,16,1.0
37,12,108,1.0
37,12,165,1.0
37,12,170,1.0
38,12,14,1.0
38,12,163,1.0
38,12,170,1.0
39,13,12,1.0
39,13,165,1.0
39,13,170,1.0
40,13,16,1.0
40,13,108,1.0
40,13,165,1.0
40,13,170,1.0
41,13,14,1.0
41,13,163,1.0
41,13,170,1.0
42,14,12,1.0
42,14,165,1.0
42,14,172,1.0
43,14,12,1.0
43,14,165,1.0
43,14,170,1.0
43,14,325,1.0
44,14,16,1.0
44,14,108,1.0
44,14,165,1.0
44,14,172,1.0
45,15,12,1.0
45,15,165,1.0
45,15,172,1.0
46,15,12,1.0
46,15,165,1.0
46,15,170,1.0
46,15,325,1.0
47,15,16,1.0
47,15,108,1.0
47,15,165,1.0
47,15,172,1.0
48,16,12,1.0
48,16,165,1.0
48,16,170,1.0
48,16,384,1.0
48,16,394,1.0
48,16,47,1.0
49,16,16,1.0
49,16,108,1.0
49,16,165,1.0
49,16,170,1.0
49,16,384,1.0
49,16,394,1.0
49,16,47,1.0
50,16,12,1.0
50,16,165,1.0
50,16,170,1.0
50,16,384,1.0
50,16,394,1.0
50,16,199,1.0
50,16,51,1.0
51,17,12,1.0
51,17,165,1.0
51,17,170,1.0
51,17,384,1.0
51,17,394,1.0
51,17,199,1.0
52,17,12,1.0
52,17,165,1.0
52,17,170,1.0
52,17,384,1.0
52,17,394,1.0
52,17,47,1.0
52,17,50,1.0
53,17,12,1.0
53,17,165,1.0
53,17,170,1.0
53,17,384,1.0
53,17,396,1.0
53,17,205,1.0
54,18,12,1.0
54,18,165,1.0
54,18,170,1.0
54,18,384,1.0
54,18,394,1.0
54,18,199,1.0
55,18,12,1.0
55,18,165,1.0
55,18,170,1.0
55,18,384,1.0
55,18,394,1.0
55,18,47,1.0
55,18,50,1.0
56,18,12,1.0
56,18,165,1.0
56,18,170,1.0
56,18,384,1.0
56,18,396,1.0
56,18,205,1.0
57,19,12,1.0
57,19,165,1.0
57,19,170,1.0
57,19,384,1.0
57,19,394,1.0
57,19,199,1.0
58,19,12,1.0
58,19,165,1.0
58,19,170,1.0
58,19,384,1.0
58,19,394,1.0
58,19,47,1.0
58,19,50,1.0
59,19,12,1.0
59,19,165,1.0
59,19,170,1.0
59,19,384,1.0
59,19,396,1.0
59,19,205,1.0
60,20,414,1.0
61,20,416,1.0
61,20,460,1.0
62,20,418,1.0
62,20,438,1.0
63,21,414,1.0
64,21,416,1.0
64,21,460,1.0
65,21,418,1.0
65,21,438,1.0
66,22,414,1.0
67,22,416,1.0
67,22,460,1.0
68,22,418,1.0
68,22,438,1.0
69,23,416,1.0
70,23,414,1.0
70,23,461,1.0
71,23,103,1.0
71,23,94,1.0
72,24,199,1.0
73,24,47,1.0
73,24,50,1.0
74,24,414,1.0
74,24,205,1.0
75,25,199,1.0
76,25,47,1.0
76,25,50,1.0
77,25,414,1.0
77,25,205,1.0
78,26,199,1.0
79,26,47,1.0
79,26,50,1.0
80,26,414,1.0
80,26,205,1.0
81,27,103,1.0
82,27,416,1.0
82,27,95,1.0
83,27,414,1.0
83,27,107,1.0
84,28,103,1.0
85,28,416,1.0
85,28,95,1.0
86,28,414,1.0
86,28,107,1.0
87,29,103,1.0
88,29,416,1.0
88,29,95,1.0
89,29,414,1.0
89,29,107,1.0
90,30,47,1.0
91,30,199,1.0
91,30,51,1.0
92,30,414,1.0
92,30,205,1.0
92,30,51,1.0
93,31,103,1.0
93,31,92,1.0
94,31,414,1.0
94,31,309,1.0
95,31,103,1.0
95,31,98,1.0
95,31,206,1.0
96,32,103,1.0
96,32,92,1.0
97,32,414,1.0
97,32,309,1.0
98,32,103,1.0
98,32,98,1.0
98,32,206,1.0
99,33,317,1.0
100,33,395,1.0
100,33,319,1.0
101,33,395,1.0
101,33,121,1.0
101,33,118,1.0
102,34,395,1.0
102,34,121,1.0
103,34,317,1.0
103,34,119,1.0
104,34,395,1.0
104,34,319,1.0
104,34,119,1.0
105,35,395,1.0
105,35,385,1.0
105,35,171,1.0
105,35,168,1.0
106,35,395,1.0
106,35,385,1.0
106,35,171,1.0
106,35,162,1.0
106,35,329,1.0
107,35,395,1.0
107,35,121,1.0
107,35,124,1.0
107,35,171,1.0
107,35,168,1.0
108,36,418,1.0
108,36,283,1.0
109,36,418,1.0
109,36,271,1.0
109,36,272,1.0
110,36,414,1.0
110,36,285,1.0
111,36,414,1.0
111,36,439,1.0
111,36,283,1.0
112,37,418,1.0
112,37,442,1.0
113,37,418,1.0
113,37,271,1.0
113,37,274,1.0
114,37,416,1.0
114,37,459,1.0
115,37,414,1.0
115,37,461,1.0
115,37,459,1.0
116,38,395,1.0
116,38,385,1.0
117,38,395,1.0
117,38,121,1.0
117,38,124,1.0
118,38,414,1.0
118,38,397,1.0
118,38,385,1.0
119,39,395,1.0
119,39,385,1.0
120,39,395,1.0
120,39,121,1.0
120,39,124,1.0
121,39,414,1.0
121,39,397,1.0
121,39,385,1.0
124,42,461,1.0
125,42,107,1.0
125,42,94,1.0
126,42,415,1.0
126,42,416,1.0
127,43,415,1.0
128,43,461,1.0
128,43,417,1.0
129,43,439,1.0
129,43,419,1.0
130,44,107,1.0
131,44,461,1.0
131,44,95,1.0
132,44,415,1.0
132,44,103,1.0
133,45,107,1.0
134,45,461,1.0
134,45,95,1.0
135,45,415,1.0
135,45,103,1.0
136,46,107,1.0
137,46,461,1.0
137,46,95,1.0
138,46,415,1.0
138,46,103,1.0
139,47,205,1.0
140,47,461,1.0
140,47,197,1.0
141,47,461,1.0
141,47,49,1.0
141,47,50,1.0
142,48,205,1.0
143,48,461,1.0
143,48,197,1.0
144,48,461,1.0
144,48,49,1.0
144,48,50,1.0
145,49,205,1.0
146,49,461,1.0
146,49,197,1.0
147,49,461,1.0
147,49,49,1.0
147,49,50,1.0
148,50,309,1.0
149,50,461,1.0
149,50,307,1.0
150,50,461,1.0
150,50,209,1.0
150,50,206,1.0
151,51,309,1.0
152,51,461,1.0
152,51,307,1.0
153,51,461,1.0
153,51,209,1.0
153,51,206,1.0
154,52,205,1.0
154,52,51,1.0
155,52,461,1.0
155,52,49,1.0
156,52,415,1.0
156,52,47,1.0
157,53,285,1.0
158,53,439,1.0
158,53,283,1.0
159,53,461,1.0
159,53,287,1.0
160,54,461,1.0
160,54,459,1.0
161,54,439,1.0
161,54,271,1.0
161,54,274,1.0
162,54,439,1.0
162,54,442,1.0
163,54,309,1.0
163,54,310,1.0
164,55,415,1.0
164,55,317,1.0
165,55,397,1.0
165,55,121,1.0
165,55,118,1.0
166,55,397,1.0
166,55,319,1.0
167,55,415,1.0
167,55,395,1.0
167,55,319,1.0
168,56,279,1.0
169,56,439,1.0
169,56,271,1.0
170,56,285,1.0
170,56,273,1.0
171,57,397,1.0
171,57,121,1.0
172,57,415,1.0
172,57,395,1.0
172,57,121,1.0
173,57,415,1.0
173,57,317,1.0
173,57,119,1.0
174,58,397,1.0
174,58,385,1.0
174,58,171,1.0
174,58,168,1.0
175,58,415,1.0
175,58,395,1.0
175,58,385,1.0
175,58,171,1.0
175,58,168,1.0
176,58,397,1.0
176,58,385,1.0
176,58,171,1.0
176,58,162,1.0
176,58,329,1.0
177,59,205,1.0
177,59,51,1.0
177,59,52,1.0
178,59,309,1.0
178,59,207,1.0
178,59,212,1.0
179,59,461,1.0
179,59,49,1.0
179,59,52,1.0
181,61,422,1.0
182,61,420,1.0
182,61,451,1.0
183,61,420,1.0
183,61,191,1.0
183,61,192,1.0
184,62,422,1.0
185,62,420,1.0
185,62,451,1.0
186,62,420,1.0
186,62,191,1.0
186,62,192,1.0
187,63,422,1.0
188,63,420,1.0
188,63,451,1.0
189,63,420,1.0
189,63,191,1.0
189,63,192,1.0
190,64,420,1.0
190,64,191,1.0
191,64,420,1.0
191,64,435,1.0
191,64,185,1.0
192,64,422,1.0
192,64,193,1.0
193,65,420,1.0
193,65,191,1.0
194,65,420,1.0
194,65,435,1.0
194,65,185,1.0
195,65,422,1.0
195,65,193,1.0
196,66,420,1.0
196,66,435,1.0
197,66,420,1.0
197,66,191,1.0
197,66,184,1.0
198,66,422,1.0
198,66,433,1.0
199,67,367,1.0
199,67,19,1.0
200,67,367,1.0
200,67,117,1.0
200,67,17,1.0
201,67,367,1.0
201,67,269,1.0
201,67,13,1.0
202,68,420,1.0
202,68,191,1.0
202,68,186,1.0
203,68,420,1.0
203,68,435,1.0
203,68,430,1.0
204,68,420,1.0
204,68,191,1.0
204,68,184,1.0
204,68,430,1.0
205,69,420,1.0
205,69,191,1.0
205,69,186,1.0
206,69,420,1.0
206,69,435,1.0
206,69,430,1.0
207,69,420,1.0
207,69,191,1.0
207,69,184,1.0
207,69,430,1.0
208,70,367,1.0
208,70,117,1.0
209,70,367,1.0
209,70,19,1.0
209,70,16,1.0
210,70,367,1.0
210,70,269,1.0
210,70,109,1.0
211,71,424,1.0
212,71,345,1.0
212,71,348,1.0
213,71,367,1.0
213,71,368,1.0
214,72,367,1.0
214,72,269,1.0
215,72,367,1.0
215,72,19,1.0
215,72,12,1.0
216,72,367,1.0
216,72,117,1.0
216,72,108,1.0
217,73,367,1.0
217,73,117,1.0
217,73,112,1.0
218,73,367,1.0
218,73,19,1.0
218,73,14,1.0
219,73,367,1.0
219,73,19,1.0
219,73,16,1.0
219,73,112,1.0
220,74,367,1.0
220,74,117,1.0
220,74,112,1.0
221,74,367,1.0
221,74,19,1.0
221,74,14,1.0
222,74,367,1.0
222,74,19,1.0
222,74,16,1.0
222,74,112,1.0
223,75,367,1.0
223,75,117,1.0
223,75,112,1.0
224,75,367,1.0
224,75,19,1.0
224,75,14,1.0
225,75,367,1.0
225,75,19,1.0
225,75,16,1.0
225,75,112,1.0
226,76,367,1.0
226,76,269,1.0
226,76,165,1.0
227,76,367,1.0
227,76,19,1.0
227,76,12,1.0
227,76,165,1.0
228,76,367,1.0
228,76,117,1.0
228,76,108,1.0
228,76,165,1.0
229,77,367,1.0
229,77,117,1.0
229,77,110,1.0
230,77,367,1.0
230,77,269,1.0
230,77,266,1.0
231,77,367,1.0
231,77,19,1.0
231,77,12,1.0
231,77,266,1.0
232,78,420,1.0
232,78,435,1.0
232,78,426,1.0
232,78,221,1.0
233,78,420,1.0
233,78,191,1.0
233,78,184,1.0
233,78,426,1.0
233,78,221,1.0
234,78,422,1.0
234,78,433,1.0
234,78,426,1.0
234,78,221,1.0
235,79,86,1.0
236,79,82,1.0
236,79,241,1.0
237,79,61,1.0
237,79,56,1.0
238,80,61,1.0
239,80,86,1.0
239,80,57,1.0
240,80,82,1.0
240,80,59,1.0
241,81,84,1.0
241,81,382,1.0
242,81,88,1.0
242,81,152,1.0
243,81,82,1.0
243,81,159,1.0
243,81,152,1.0
244,82,86,1.0
244,82,238,1.0
245,82,61,1.0
245,82,54,1.0
246,82,86,1.0
246,82,57,1.0
246,82,54,1.0
247,83,86,1.0
247,83,238,1.0
247,83,311,1.0
248,83,86,1.0
248,83,238,1.0
248,83,215,1.0
248,83,206,1.0
249,83,61,1.0
249,83,54,1.0
249,83,311,1.0
250,84,86,1.0
250,84,238,1.0
250,84,311,1.0
251,84,86,1.0
251,84,238,1.0
251,84,215,1.0
251,84,206,1.0
252,84,61,1.0
252,84,54,1.0
252,84,311,1.0
253,85,84,1.0
253,85,382,1.0
253,85,409,1.0
253,85,389,1.0
254,85,88,1.0
254,85,152,1.0
254,85,409,1.0
254,85,389,1.0
255,85,82,1.0
255,85,159,1.0
255,85,152,1.0
255,85,409,1.0
255,85,389,1.0
256,86,86,1.0
256,86,238,1.0
256,86,311,1.0
256,86,93,1.0
257,86,86,1.0
257,86,238,1.0
257,86,458,1.0
257,86,95,1.0
258,86,86,1.0
258,86,238,1.0
258,86,215,1.0
258,86,99,1.0
259,87,86,1.0
259,87,238,1.0
259,87,311,1.0
259,87,93,1.0
260,87,86,1.0
260,87,238,1.0
260,87,458,1.0
260,87,95,1.0
261,87,86,1.0
261,87,238,1.0
261,87,215,1.0
261,87,99,1.0
262,88,86,1.0
262,88,238,1.0
262,88,311,1.0
262,88,93,1.0
263,88,86,1.0
263,88,238,1.0
263,88,458,1.0
263,88,95,1.0
264,88,86,1.0
264,88,238,1.0
264,88,215,1.0
264,88,99,1.0
265,89,84,1.0
265,89,382,1.0
265,89,409,1.0
266,89,88,1.0
266,89,152,1.0
266,89,409,1.0
267,89,82,1.0
267,89,159,1.0
267,89,152,1.0
267,89,409,1.0
268,90,86,1.0
268,90,238,1.0
268,90,458,1.0
269,90,61,1.0
269,90,54,1.0
269,90,458,1.0
270,90,86,1.0
270,90,57,1.0
270,90,54,1.0
270,90,458,1.0
271,91,86,1.0
271,91,238,1.0
271,91,311,1.0
271,91,203,1.0
272,91,86,1.0
272,91,238,1.0
272,91,215,1.0
272,91,201,1.0
273,91,86,1.0
273,91,238,1.0
273,91,215,1.0
273,91,206,1.0
273,91,203,1.0
274,92,86,1.0
274,92,238,1.0
274,92,311,1.0
274,92,203,1.0
275,92,86,1.0
275,92,238,1.0
275,92,215,1.0
275,92,201,1.0
276,92,86,1.0
276,92,238,1.0
276,92,215,1.0
276,92,206,1.0
276,92,203,1.0
277,93,86,1.0
277,93,238,1.0
277,93,311,1.0
277,93,203,1.0
278,93,86,1.0
278,93,238,1.0
278,93,215,1.0
278,93,201,1.0
279,93,86,1.0
279,93,238,1.0
279,93,215,1.0
279,93,206,1.0
279,93,203,1.0
280,94,86,1.0
280,94,238,1.0
280,94,458,1.0
280,94,49,1.0
281,94,84,1.0
281,94,382,1.0
281,94,409,1.0
281,94,389,1.0
281,94,53,1.0
282,94,86,1.0
282,94,238,1.0
282,94,311,1.0
282,94,203,1.0
282,94,51,1.0
283,94,86,1.0
283,94,238,1.0
283,94,215,1.0
283,94,201,1.0
283,94,51,1.0
284,95,88,1.0
284,95,156,1.0
285,95,82,1.0
285,95,159,1.0
285,95,156,1.0
286,95,84,1.0
286,95,155,1.0
286,95,156,1.0
287,96,88,1.0
287,96,156,1.0
288,96,82,1.0
288,96,159,1.0
288,96,156,1.0
289,96,84,1.0
289,96,155,1.0
289,96,156,1.0
290,97,88,1.0
290,97,156,1.0
291,97,82,1.0
291,97,159,1.0
291,97,156,1.0
292,97,84,1.0
292,97,155,1.0
292,97,156,1.0
293,98,88,1.0
293,98,156,1.0
294,98,82,1.0
294,98,159,1.0
294,98,156,1.0
295,98,84,1.0
295,98,155,1.0
295,98,156,1.0
296,99,56,1.0
297,99,60,1.0
297,99,86,1.0
298,99,58,1.0
298,99,241,1.0
299,100,60,1.0
300,100,56,1.0
300,100,87,1.0
301,100,58,1.0
301,100,83,1.0
302,101,54,1.0
303,101,56,1.0
303,101,238,1.0
304,101,60,1.0
304,101,86,1.0
304,101,238,1.0
305,102,62,1.0
306,102,56,1.0
306,102,244,1.0
307,102,64,1.0
307,102,134,1.0
308,103,54,1.0
308,103,311,1.0
309,103,54,1.0
309,103,215,1.0
309,103,206,1.0
310,103,56,1.0
310,103,238,1.0
310,103,311,1.0
311,104,54,1.0
311,104,311,1.0
312,104,54,1.0
312,104,215,1.0
312,104,206,1.0
313,104,56,1.0
313,104,238,1.0
313,104,311,1.0
314,105,64,1.0
315,105,62,1.0
315,105,135,1.0
316,105,56,1.0
316,105,244,1.0
316,105,135,1.0
317,106,54,1.0
317,106,275,1.0
318,106,56,1.0
318,106,238,1.0
318,106,275,1.0
319,106,62,1.0
319,106,277,1.0
320,107,60,1.0
320,107,84,1.0
320,107,382,1.0
321,107,60,1.0
321,107,88,1.0
321,107,152,1.0
322,107,56,1.0
322,107,87,1.0
322,107,84,1.0
322,107,382,1.0
323,108,54,1.0
323,108,458,1.0
324,108,56,1.0
324,108,238,1.0
324,108,458,1.0
325,108,54,1.0
325,108,311,1.0
325,108,306,1.0
326,109,54,1.0
326,109,311,1.0
326,109,93,1.0
327,109,54,1.0
327,109,458,1.0
327,109,95,1.0
328,109,54,1.0
328,109,215,1.0
328,109,99,1.0
329,110,54,1.0
329,110,311,1.0
329,110,93,1.0
330,110,54,1.0
330,110,458,1.0
330,110,95,1.0
331,110,54,1.0
331,110,215,1.0
331,110,99,1.0
332,111,54,1.0
332,111,311,1.0
332,111,93,1.0
333,111,54,1.0
333,111,458,1.0
333,111,95,1.0
334,111,54,1.0
334,111,215,1.0
334,111,99,1.0
335,112,54,1.0
335,112,215,1.0
335,112,212,1.0
336,112,60,1.0
336,112,84,1.0
336,112,382,1.0
336,112,409,1.0
336,112,389,1.0
337,112,54,1.0
337,112,311,1.0
337,112,207,1.0
337,112,212,1.0
338,112,56,1.0
338,112,238,1.0
338,112,215,1.0
338,112,212,1.0
339,113,54,1.0
339,113,458,1.0
339,113,460,1.0
340,113,54,1.0
340,113,275,1.0
340,113,270,1.0
340,113,438,1.0
341,113,54,1.0
341,113,443,1.0
341,113,438,1.0
342,113,56,1.0
342,113,238,1.0
342,113,458,1.0
342,113,460,1.0
343,114,54,1.0
343,114,458,1.0
343,114,460,1.0
344,114,54,1.0
344,114,275,1.0
344,114,270,1.0
344,114,438,1.0
345,114,54,1.0
345,114,443,1.0
345,114,438,1.0
346,114,56,1.0
346,114,238,1.0
346,114,458,1.0
346,114,460,1.0
347,115,54,1.0
347,115,458,1.0
347,115,460,1.0
348,115,54,1.0
348,115,275,1.0
348,115,270,1.0
348,115,438,1.0
349,115,54,1.0
349,115,443,1.0
349,115,438,1.0
350,115,56,1.0
350,115,238,1.0
350,115,458,1.0
350,115,460,1.0
351,116,54,1.0
351,116,443,1.0
351,116,283,1.0
352,116,54,1.0
352,116,275,1.0
352,116,272,1.0
353,116,56,1.0
353,116,238,1.0
353,116,443,1.0
353,116,283,1.0
354,117,54,1.0
354,117,311,1.0
354,117,203,1.0
355,117,54,1.0
355,117,215,1.0
355,117,201,1.0
356,117,54,1.0
356,117,215,1.0
356,117,206,1.0
356,117,203,1.0
357,118,54,1.0
357,118,311,1.0
357,118,203,1.0
358,118,54,1.0
358,118,215,1.0
358,118,201,1.0
359,118,54,1.0
359,118,215,1.0
359,118,206,1.0
359,118,203,1.0
360,119,134,1.0
361,119,136,1.0
361,119,400,1.0
362,119,138,1.0
362,119,276,1.0
363,120,138,1.0
364,120,134,1.0
364,120,277,1.0
365,120,136,1.0
365,120,281,1.0
366,121,65,1.0
367,121,134,1.0
367,121,63,1.0
368,121,134,1.0
368,121,245,1.0
368,121,57,1.0
369,122,65,1.0
369,122,56,1.0
370,122,134,1.0
370,122,245,1.0
371,122,134,1.0
371,122,63,1.0
371,122,56,1.0
372,123,138,1.0
372,123,274,1.0
373,123,134,1.0
373,123,277,1.0
373,123,274,1.0
374,123,65,1.0
374,123,54,1.0
375,124,138,1.0
375,124,272,1.0
376,124,134,1.0
376,124,277,1.0
376,124,272,1.0
377,124,138,1.0
377,124,270,1.0
377,124,283,1.0
378,125,65,1.0
378,125,60,1.0
379,125,65,1.0
379,125,56,1.0
379,125,87,1.0
380,125,134,1.0
380,125,245,1.0
380,125,87,1.0
381,126,138,1.0
381,126,274,1.0
381,126,311,1.0
382,126,138,1.0
382,126,274,1.0
382,126,215,1.0
382,126,206,1.0
383,126,134,1.0
383,126,277,1.0
383,126,274,1.0
383,126,311,1.0
384,127,138,1.0
384,127,274,1.0
384,127,311,1.0
385,127,138,1.0
385,127,274,1.0
385,127,215,1.0
385,127,206,1.0
386,127,134,1.0
386,127,277,1.0
386,127,274,1.0
386,127,311,1.0
387,128,138,1.0
387,128,270,1.0
387,128,440,1.0
388,128,138,1.0
388,128,278,1.0
388,128,461,1.0
389,128,138,1.0
389,128,274,1.0
389,128,458,1.0
390,129,138,1.0
390,129,278,1.0
391,129,138,1.0
391,129,270,1.0
391,129,438,1.0
392,129,134,1.0
392,129,277,1.0
392,129,278,1.0
393,130,138,1.0
393,130,278,1.0
394,130,138,1.0
394,130,270,1.0
394,130,438,1.0
395,130,134,1.0
395,130,277,1.0
395,130,278,1.0
396,131,138,1.0
396,131,278,1.0
397,131,138,1.0
397,131,270,1.0
397,131,438,1.0
398,131,134,1.0
398,131,277,1.0
398,131,278,1.0
399,132,138,1.0
399,132,270,1.0
399,132,105,1.0
400,132,134,1.0
400,132,277,1.0
400,132,270,1.0
400,132,105,1.0
401,132,138,1.0
401,132,270,1.0
401,132,440,1.0
401,132,95,1.0
402,133,138,1.0
402,133,270,1.0
402,133,105,1.0
403,133,134,1.0
403,133,277,1.0
403,133,270,1.0
403,133,105,1.0
404,133,138,1.0
404,133,270,1.0
404,133,440,1.0
404,133,95,1.0
405,134,138,1.0
405,134,270,1.0
405,134,105,1.0
406,134,134,1.0
406,134,277,1.0
406,134,270,1.0
406,134,105,1.0
407,134,138,1.0
407,134,270,1.0
407,134,440,1.0
407,134,95,1.0
408,135,138,1.0
408,135,272,1.0
408,135,290,1.0
408,135,392,1.0
409,135,134,1.0
409,135,277,1.0
409,135,272,1.0
409,135,290,1.0
409,135,392,1.0
410,135,138,1.0
410,135,270,1.0
410,135,283,1.0
410,135,290,1.0
410,135,392,1.0
411,136,138,1.0
411,136,272,1.0
411,136,290,1.0
411,136,392,1.0
412,136,134,1.0
412,136,277,1.0
412,136,272,1.0
412,136,290,1.0
412,136,392,1.0
413,136,138,1.0
413,136,270,1.0
413,136,283,1.0
413,136,290,1.0
413,136,392,1.0
414,137,138,1.0
414,137,270,1.0
414,137,419,1.0
415,137,138,1.0
415,137,278,1.0
415,137,415,1.0
416,137,134,1.0
416,137,277,1.0
416,137,270,1.0
416,137,419,1.0
417,138,138,1.0
417,138,278,1.0
417,138,205,1.0
418,138,138,1.0
418,138,270,1.0
418,138,438,1.0
418,138,205,1.0
419,138,138,1.0
419,138,270,1.0
419,138,105,1.0
419,138,96,1.0
420,139,409,1.0
421,139,445,1.0
421,139,407,1.0
422,139,305,1.0
422,139,300,1.0
423,140,403,1.0
424,140,153,1.0
424,140,156,1.0
425,140,383,1.0
425,140,155,1.0
425,140,156,1.0
426,141,403,1.0
427,141,153,1.0
427,141,156,1.0
428,141,383,1.0
428,141,155,1.0
428,141,156,1.0
429,142,403,1.0
430,142,153,1.0
430,142,156,1.0
431,142,383,1.0
431,142,155,1.0
431,142,156,1.0
432,143,403,1.0
433,143,153,1.0
433,143,156,1.0
434,143,383,1.0
434,143,155,1.0
434,143,156,1.0
435,144,383,1.0
435,144,85,1.0
436,144,153,1.0
436,144,89,1.0
437,144,153,1.0
437,144,158,1.0
437,144,83,1.0
438,145,41,1.0
439,145,409,1.0
439,145,35,1.0
440,145,305,1.0
440,145,33,1.0
441,146,409,1.0
441,146,389,1.0
442,146,41,1.0
442,146,36,1.0
443,146,409,1.0
443,146,35,1.0
443,146,36,1.0
444,147,403,1.0
444,147,1,1.0
445,147,153,1.0
445,147,156,1.0
445,147,1,1.0
446,147,403,1.0
446,147,251,1.0
446,147,3,1.0
447,148,403,1.0
447,148,1,1.0
448,148,153,1.0
448,148,156,1.0
448,148,1,1.0
449,148,403,1.0
449,148,251,1.0
449,148,3,1.0
450,149,383,1.0
450,149,85,1.0
450,149,86,1.0
451,149,153,1.0
451,149,89,1.0
451,149,86,1.0
452,149,153,1.0
452,149,158,1.0
452,149,241,1.0
453,150,409,1.0
453,150,389,1.0
453,150,213,1.0
453,150,206,1.0
454,150,41,1.0
454,150,36,1.0
454,150,213,1.0
454,150,206,1.0
455,150,409,1.0
455,150,389,1.0
455,150,373,1.0
455,150,211,1.0
455,150,206,1.0
456,151,409,1.0
456,151,389,1.0
456,151,213,1.0
456,151,206,1.0
457,151,41,1.0
457,151,36,1.0
457,151,213,1.0
457,151,206,1.0
458,151,409,1.0
458,151,389,1.0
458,151,373,1.0
458,151,211,1.0
458,151,206,1.0
459,152,305,1.0
459,152,302,1.0
459,152,359,1.0
460,152,305,1.0
460,152,149,1.0
460,152,146,1.0
461,152,445,1.0
461,152,151,1.0
461,152,146,1.0
462,153,305,1.0
462,153,302,1.0
463,153,305,1.0
463,153,149,1.0
463,153,140,1.0
464,153,445,1.0
464,153,151,1.0
464,153,140,1.0
465,154,305,1.0
465,154,302,1.0
466,154,305,1.0
466,154,149,1.0
466,154,140,1.0
467,154,445,1.0
467,154,151,1.0
467,154,140,1.0
468,155,305,1.0
468,155,302,1.0
469,155,305,1.0
469,155,149,1.0
469,155,140,1.0
470,155,445,1.0
470,155,151,1.0
470,155,140,1.0
471,156,305,1.0
471,156,302,1.0
472,156,305,1.0
472,156,149,1.0
472,156,140,1.0
473,156,445,1.0
473,156,151,1.0
473,156,140,1.0
474,157,383,1.0
474,157,85,1.0
474,157,61,1.0
475,157,153,1.0
475,157,89,1.0
475,157,61,1.0
476,157,383,1.0
476,157,85,1.0
476,157,86,1.0
476,157,57,1.0
477,158,409,1.0
477,158,389,1.0
477,158,373,1.0
477,158,101,1.0
478,158,409,1.0
478,158,389,1.0
478,158,213,1.0
478,158,99,1.0
479,158,409,1.0
479,158,389,1.0
479,158,213,1.0
479,158,206,1.0
479,158,93,1.0
480,159,328,1.0
481,159,326,1.0
481,159,387,1.0
482,159,267,1.0
482,159,262,1.0
483,160,328,1.0
484,160,326,1.0
484,160,387,1.0
485,160,267,1.0
485,160,262,1.0
486,161,328,1.0
487,161,326,1.0
487,161,387,1.0
488,161,267,1.0
488,161,262,1.0
489,162,169,1.0
490,162,328,1.0
490,162,163,1.0
491,162,267,1.0
491,162,165,1.0
492,163,267,1.0
493,163,328,1.0
493,163,263,1.0
494,163,111,1.0
494,163,108,1.0
495,164,111,1.0
496,164,328,1.0
496,164,113,1.0
497,164,267,1.0
497,164,109,1.0
498,165,169,1.0
498,165,170,1.0
498,165,384,1.0
498,165,394,1.0
498,165,47,1.0
499,165,169,1.0
499,165,170,1.0
499,165,384,1.0
499,165,394,1.0
499,165,199,1.0
499,165,51,1.0
500,165,328,1.0
500,165,163,1.0
500,165,170,1.0
500,165,384,1.0
500,165,394,1.0
500,165,47,1.0
501,166,169,1.0
501,166,170,1.0
501,166,384,1.0
501,166,394,1.0
501,166,199,1.0
502,166,169,1.0
502,166,170,1.0
502,166,384,1.0
502,166,394,1.0
502,166,47,1.0
502,166,50,1.0
503,166,169,1.0
503,166,170,1.0
503,166,384,1.0
503,166,396,1.0
503,166,205,1.0
504,167,169,1.0
504,167,170,1.0
504,167,384,1.0
504,167,394,1.0
504,167,199,1.0
505,167,169,1.0
505,167,170,1.0
505,167,384,1.0
505,167,394,1.0
505,167,47,1.0
505,167,50,1.0
506,167,169,1.0
506,167,170,1.0
506,167,384,1.0
506,167,396,1.0
506,167,205,1.0
507,168,169,1.0
507,168,170,1.0
507,168,384,1.0
507,168,394,1.0
507,168,199,1.0
508,168,169,1.0
508,168,170,1.0
508,168,384,1.0
508,168,394,1.0
508,168,47,1.0
508,168,50,1.0
509,168,169,1.0
509,168,170,1.0
509,168,384,1.0
509,168,396,1.0
509,168,205,1.0
510,169,169,1.0
510,169,170,1.0
511,169,328,1.0
511,169,163,1.0
511,169,170,1.0
512,169,267,1.0
512,169,165,1.0
512,169,170,1.0
513,170,169,1.0
513,170,170,1.0
514,170,328,1.0
514,170,163,1.0
514,170,170,1.0
515,170,267,1.0
515,170,165,1.0
515,170,170,1.0
516,171,267,1.0
516,171,13,1.0
517,171,328,1.0
517,171,15,1.0
518,171,111,1.0
518,171,17,1.0
519,172,169,1.0
519,172,170,1.0
519,172,384,1.0
519,172,394,1.0
520,172,328,1.0
520,172,163,1.0
520,172,170,1.0
520,172,384,1.0
520,172,394,1.0
521,172,169,1.0
521,172,170,1.0
521,172,125,1.0
521,172,120,1.0
521,172,394,1.0
522,173,169,1.0
522,173,172,1.0
523,173,169,1.0
523,173,170,1.0
523,173,325,1.0
524,173,328,1.0
524,173,163,1.0
524,173,172,1.0
525,174,169,1.0
525,174,172,1.0
526,174,169,1.0
526,174,170,1.0
526,174,325,1.0
527,174,328,1.0
527,174,163,1.0
527,174,172,1.0
528,175,169,1.0
528,175,170,1.0
528,175,384,1.0
528,175,394,1.0
528,175,103,1.0
529,175,328,1.0
529,175,163,1.0
529,175,170,1.0
529,175,384,1.0
529,175,394,1.0
529,175,103,1.0
530,175,169,1.0
530,175,170,1.0
530,175,384,1.0
530,175,396,1.0
530,175,107,1.0
531,176,169,1.0
531,176,170,1.0
531,176,384,1.0
531,176,394,1.0
531,176,103,1.0
532,176,328,1.0
532,176,163,1.0
532,176,170,1.0
532,176,384,1.0
532,176,394,1.0
532,176,103,1.0
533,176,169,1.0
533,176,170,1.0
533,176,384,1.0
533,176,396,1.0
533,176,107,1.0
534,177,169,1.0
534,177,170,1.0
534,177,384,1.0
534,177,394,1.0
534,177,103,1.0
535,177,328,1.0
535,177,163,1.0
535,177,170,1.0
535,177,384,1.0
535,177,394,1.0
535,177,103,1.0
536,177,169,1.0
536,177,170,1.0
536,177,384,1.0
536,177,396,1.0
536,177,107,1.0
537,178,169,1.0
537,178,170,1.0
537,178,125,1.0
538,178,169,1.0
538,178,172,1.0
538,178,127,1.0
539,178,328,1.0
539,178,163,1.0
539,178,170,1.0
539,178,125,1.0
540,179,181,1.0
541,179,462,1.0
541,179,177,1.0
542,179,462,1.0
542,179,261,1.0
542,179,179,1.0
543,180,181,1.0
544,180,462,1.0
544,180,177,1.0
545,180,462,1.0
545,180,261,1.0
545,180,179,1.0
546,181,455,1.0
547,181,357,1.0
547,181,352,1.0
548,181,357,1.0
548,181,350,1.0
548,181,374,1.0
549,182,455,1.0
550,182,357,1.0
550,182,352,1.0
551,182,357,1.0
551,182,350,1.0
551,182,374,1.0
552,183,357,1.0
553,183,455,1.0
553,183,353,1.0
554,183,455,1.0
554,183,375,1.0
554,183,351,1.0
555,184,357,1.0
556,184,455,1.0
556,184,353,1.0
557,184,455,1.0
557,184,375,1.0
557,184,351,1.0
558,185,455,1.0
558,185,375,1.0
559,185,357,1.0
559,185,350,1.0
560,185,357,1.0
560,185,352,1.0
560,185,375,1.0
561,186,455,1.0
561,186,375,1.0
562,186,357,1.0
562,186,350,1.0
563,186,357,1.0
563,186,352,1.0
563,186,375,1.0
564,187,357,1.0
564,187,129,1.0
565,187,455,1.0
565,187,133,1.0
566,187,455,1.0
566,187,375,1.0
566,187,131,1.0
567,188,455,1.0
567,188,323,1.0
568,188,455,1.0
568,188,375,1.0
568,188,321,1.0
569,188,357,1.0
569,188,350,1.0
569,188,321,1.0
570,189,455,1.0
570,189,323,1.0
571,189,455,1.0
571,189,375,1.0
571,189,321,1.0
572,189,357,1.0
572,189,350,1.0
572,189,321,1.0
573,190,181,1.0
573,190,174,1.0
574,190,181,1.0
574,190,178,1.0
574,190,256,1.0
575,190,462,1.0
575,190,177,1.0
575,190,174,1.0
576,191,357,1.0
576,191,313,1.0
577,191,357,1.0
577,191,354,1.0
577,191,315,1.0
578,191,357,1.0
578,191,129,1.0
578,191,118,1.0
579,192,455,1.0
579,192,323,1.0
579,192,324,1.0
580,192,455,1.0
580,192,375,1.0
580,192,376,1.0
581,192,455,1.0
581,192,375,1.0
581,192,321,1.0
581,192,324,1.0
582,193,455,1.0
582,193,323,1.0
582,193,324,1.0
583,193,455,1.0
583,193,375,1.0
583,193,376,1.0
584,193,455,1.0
584,193,375,1.0
584,193,321,1.0
584,193,324,1.0
585,194,455,1.0
585,194,323,1.0
585,194,173,1.0
586,194,455,1.0
586,194,323,1.0
586,194,324,1.0
586,194,171,1.0
587,194,455,1.0
587,194,375,1.0
587,194,376,1.0
587,194,171,1.0
588,195,357,1.0
588,195,313,1.0
588,195,316,1.0
589,195,357,1.0
589,195,129,1.0
589,195,120,1.0
589,195,394,1.0
590,195,357,1.0
590,195,354,1.0
590,195,315,1.0
590,195,316,1.0
591,196,357,1.0
591,196,313,1.0
591,196,289,1.0
592,196,357,1.0
592,196,354,1.0
592,196,315,1.0
592,196,289,1.0
593,196,357,1.0
593,196,129,1.0
593,196,118,1.0
593,196,289,1.0
594,197,357,1.0
594,197,313,1.0
594,197,316,1.0
594,197,414,1.0
595,197,357,1.0
595,197,129,1.0
595,197,120,1.0
595,197,396,1.0
596,197,455,1.0
596,197,133,1.0
596,197,120,1.0
596,197,396,1.0
597,198,357,1.0
597,198,313,1.0
597,198,316,1.0
597,198,414,1.0
598,198,357,1.0
598,198,129,1.0
598,198,120,1.0
598,198,396,1.0
599,198,455,1.0
599,198,133,1.0
599,198,120,1.0
599,198,396,1.0
603,202,1,1.0
604,202,251,1.0
604,202,3,1.0
605,202,29,1.0
605,202,5,1.0
606,203,1,1.0
607,203,251,1.0
607,203,3,1.0
608,203,29,1.0
608,203,5,1.0
609,204,251,1.0
610,204,1,1.0
610,204,2,1.0
611,204,29,1.0
611,204,26,1.0
612,205,402,1.0
613,205,157,1.0
613,205,152,1.0
614,205,157,1.0
614,205,154,1.0
614,205,382,1.0
615,206,402,1.0
615,206,409,1.0
616,206,157,1.0
616,206,152,1.0
616,206,409,1.0
617,206,402,1.0
617,206,445,1.0
617,206,407,1.0
618,207,404,1.0
618,207,363,1.0
619,207,404,1.0
619,207,77,1.0
619,207,80,1.0
620,207,402,1.0
620,207,305,1.0
620,207,302,1.0
620,207,359,1.0
621,208,157,1.0
621,208,89,1.0
622,208,157,1.0
622,208,158,1.0
622,208,83,1.0
623,208,157,1.0
623,208,154,1.0
623,208,85,1.0
624,209,402,1.0
624,209,41,1.0
625,209,402,1.0
625,209,409,1.0
625,209,35,1.0
626,209,157,1.0
626,209,152,1.0
626,209,41,1.0
627,210,404,1.0
627,210,363,1.0
627,210,358,1.0
628,210,402,1.0
628,210,305,1.0
628,210,302,1.0
629,210,404,1.0
629,210,363,1.0
629,210,360,1.0
629,210,410,1.0
630,211,404,1.0
630,211,363,1.0
630,211,358,1.0
631,211,402,1.0
631,211,305,1.0
631,211,302,1.0
632,211,404,1.0
632,211,363,1.0
632,211,360,1.0
632,211,410,1.0
633,212,404,1.0
633,212,363,1.0
633,212,358,1.0
634,212,402,1.0
634,212,305,1.0
634,212,302,1.0
635,212,404,1.0
635,212,363,1.0
635,212,360,1.0
635,212,410,1.0
636,213,404,1.0
636,213,363,1.0
636,213,358,1.0
637,213,402,1.0
637,213,305,1.0
637,213,302,1.0
638,213,404,1.0
638,213,363,1.0
638,213,360,1.0
638,213,410,1.0
639,214,402,1.0
639,214,409,1.0
639,214,389,1.0
640,214,402,1.0
640,214,41,1.0
640,214,36,1.0
641,214,157,1.0
641,214,152,1.0
641,214,409,1.0
641,214,389,1.0
642,215,157,1.0
642,215,89,1.0
642,215,86,1.0
643,215,157,1.0
643,215,158,1.0
643,215,241,1.0
644,215,157,1.0
644,215,158,1.0
644,215,83,1.0
644,215,86,1.0
645,216,157,1.0
645,216,89,1.0
645,216,61,1.0
646,216,157,1.0
646,216,89,1.0
646,216,86,1.0
646,216,57,1.0
647,216,157,1.0
647,216,158,1.0
647,216,59,1.0
648,217,402,1.0
648,217,409,1.0
648,217,389,1.0
648,217,213,1.0
648,217,206,1.0
649,217,402,1.0
649,217,41,1.0
649,217,36,1.0
649,217,213,1.0
649,217,206,1.0
650,217,402,1.0
650,217,409,1.0
650,217,389,1.0
650,217,373,1.0
650,217,211,1.0
650,217,206,1.0
651,218,402,1.0
651,218,409,1.0
651,218,389,1.0
651,218,213,1.0
651,218,206,1.0
652,218,402,1.0
652,218,41,1.0
652,218,36,1.0
652,218,213,1.0
652,218,206,1.0
653,218,402,1.0
653,218,409,1.0
653,218,389,1.0
653,218,373,1.0
653,218,211,1.0
653,218,206,1.0
657,222,1,1.0
658,222,251,1.0
658,222,3,1.0
659,222,29,1.0
659,222,5,1.0
660,223,1,1.0
661,223,251,1.0
661,223,3,1.0
662,223,29,1.0
662,223,5,1.0
663,224,251,1.0
664,224,1,1.0
664,224,2,1.0
665,224,29,1.0
665,224,26,1.0
666,225,402,1.0
667,225,157,1.0
667,225,152,1.0
668,225,157,1.0
668,225,154,1.0
668,225,382,1.0
669,226,402,1.0
669,226,409,1.0
670,226,157,1.0
670,226,152,1.0
670,226,409,1.0
671,226,402,1.0
671,226,445,1.0
671,226,407,1.0
672,227,404,1.0
672,227,363,1.0
673,227,404,1.0
673,227,77,1.0
673,227,80,1.0
674,227,402,1.0
674,227,305,1.0
674,227,302,1.0
674,227,359,1.0
675,228,157,1.0
675,228,89,1.0
676,228,157,1.0
676,228,158,1.0
676,228,83,1.0
677,228,157,1.0
677,228,154,1.0
677,228,85,1.0
678,229,402,1.0
678,229,41,1.0
679,229,402,1.0
679,229,409,1.0
679,229,35,1.0
680,229,157,1.0
680,229,152,1.0
680,229,41,1.0
681,230,404,1.0
681,230,363,1.0
681,230,358,1.0
682,230,402,1.0
682,230,305,1.0
682,230,302,1.0
683,230,404,1.0
683,230,363,1.0
683,230,360,1.0
683,230,410,1.0
684,231,404,1.0
684,231,363,1.0
684,231,358,1.0
685,231,402,1.0
685,231,305,1.0
685,231,302,1.0
686,231,404,1.0
686,231,363,1.0
686,231,360,1.0
686,231,410,1.0
687,232,404,1.0
687,232,363,1.0
687,232,358,1.0
688,232,402,1.0
688,232,305,1.0
688,232,302,1.0
689,232,404,1.0
689,232,363,1.0
689,232,360,1.0
689,232,410,1.0
690,233,404,1.0
690,233,363,1.0
690,233,358,1.0
691,233,402,1.0
691,233,305,1.0
691,233,302,1.0
692,233,404,1.0
692,233,363,1.0
692,233,360,1.0
692,233,410,1.0
693,234,402,1.0
693,234,409,1.0
693,234,389,1.0
694,234,402,1.0
694,234,41,1.0
694,234,36,1.0
695,234,157,1.0
695,234,152,1.0
695,234,409,1.0
695,234,389,1.0
696,235,157,1.0
696,235,89,1.0
696,235,86,1.0
697,235,157,1.0
697,235,158,1.0
697,235,241,1.0
698,235,157,1.0
698,235,158,1.0
698,235,83,1.0
698,235,86,1.0
699,236,157,1.0
699,236,89,1.0
699,236,61,1.0
700,236,157,1.0
700,236,89,1.0
700,236,86,1.0
700,236,57,1.0
701,236,157,1.0
701,236,158,1.0
701,236,59,1.0
702,237,402,1.0
702,237,409,1.0
702,237,389,1.0
702,237,213,1.0
702,237,206,1.0
703,237,402,1.0
703,237,41,1.0
703,237,36,1.0
703,237,213,1.0
703,237,206,1.0
704,237,402,1.0
704,237,409,1.0
704,237,389,1.0
704,237,373,1.0
704,237,211,1.0
704,237,206,1.0
705,238,402,1.0
705,238,409,1.0
705,238,389,1.0
705,238,213,1.0
705,238,206,1.0
706,238,402,1.0
706,238,41,1.0
706,238,36,1.0
706,238,213,1.0
706,238,206,1.0
707,238,402,1.0
707,238,409,1.0
707,238,389,1.0
707,238,373,1.0
707,238,211,1.0
707,238,206,1.0
708,239,175,1.0
709,239,257,1.0
709,239,179,1.0
710,239,330,1.0
710,239,183,1.0
711,240,175,1.0
712,240,257,1.0
712,240,179,1.0
713,240,330,1.0
713,240,183,1.0
714,241,336,1.0
715,241,334,1.0
715,241,340,1.0
716,241,330,1.0
716,241,437,1.0
717,242,336,1.0
718,242,334,1.0
718,242,340,1.0
719,242,330,1.0
719,242,437,1.0
720,243,175,1.0
720,243,180,1.0
721,243,257,1.0
721,243,179,1.0
721,243,180,1.0
722,243,175,1.0
722,243,176,1.0
722,243,463,1.0
723,244,175,1.0
723,244,180,1.0
723,244,357,1.0
724,244,332,1.0
724,244,390,1.0
724,244,355,1.0
725,244,257,1.0
725,244,179,1.0
725,244,180,1.0
725,244,357,1.0
726,245,175,1.0
726,245,180,1.0
726,245,357,1.0
727,245,332,1.0
727,245,390,1.0
727,245,355,1.0
728,245,257,1.0
728,245,179,1.0
728,245,180,1.0
728,245,357,1.0
729,246,334,1.0
730,246,330,1.0
730,246,339,1.0
731,246,336,1.0
731,246,341,1.0
732,247,334,1.0
733,247,330,1.0
733,247,339,1.0
734,247,336,1.0
734,247,341,1.0
735,248,175,1.0
735,248,180,1.0
735,248,455,1.0
735,248,375,1.0
736,248,175,1.0
736,248,180,1.0
736,248,357,1.0
736,248,350,1.0
737,248,332,1.0
737,248,390,1.0
737,248,379,1.0
738,249,175,1.0
738,249,180,1.0
738,249,455,1.0
738,249,375,1.0
739,249,175,1.0
739,249,180,1.0
739,249,357,1.0
739,249,350,1.0
740,249,332,1.0
740,249,390,1.0
740,249,379,1.0
741,250,175,1.0
741,250,180,1.0
741,250,455,1.0
742,250,257,1.0
742,250,179,1.0
742,250,180,1.0
742,250,455,1.0
743,250,175,1.0
743,250,176,1.0
743,250,457,1.0
744,251,175,1.0
744,251,180,1.0
744,251,455,1.0
745,251,257,1.0
745,251,179,1.0
745,251,180,1.0
745,251,455,1.0
746,251,175,1.0
746,251,176,1.0
746,251,457,1.0
747,252,332,1.0
747,252,390,1.0
747,252,315,1.0
748,252,257,1.0
748,252,254,1.0
748,252,390,1.0
748,252,315,1.0
749,252,332,1.0
749,252,291,1.0
749,252,288,1.0
750,253,332,1.0
750,253,291,1.0
751,253,257,1.0
751,253,254,1.0
751,253,291,1.0
752,253,332,1.0
752,253,390,1.0
752,253,315,1.0
752,253,289,1.0
753,254,332,1.0
753,254,390,1.0
753,254,123,1.0
754,254,332,1.0
754,254,390,1.0
754,254,315,1.0
754,254,119,1.0
755,254,257,1.0
755,254,254,1.0
755,254,390,1.0
755,254,123,1.0
756,255,332,1.0
756,255,291,1.0
756,255,273,1.0
757,255,257,1.0
757,255,254,1.0
757,255,291,1.0
757,255,273,1.0
758,255,332,1.0
758,255,291,1.0
758,255,282,1.0
758,255,271,1.0
759,256,175,1.0
759,256,180,1.0
759,256,455,1.0
759,256,323,1.0
760,256,332,1.0
760,256,390,1.0
760,256,123,1.0
760,256,126,1.0
761,256,175,1.0
761,256,180,1.0
761,256,455,1.0
761,256,375,1.0
761,256,321,1.0
762,257,175,1.0
762,257,180,1.0
762,257,455,1.0
762,257,323,1.0
763,257,332,1.0
763,257,390,1.0
763,257,123,1.0
763,257,126,1.0
764,257,175,1.0
764,257,180,1.0
764,257,455,1.0
764,257,375,1.0
764,257,321,1.0
765,258,332,1.0
765,258,390,1.0
765,258,123,1.0
765,258,124,1.0
766,258,332,1.0
766,258,390,1.0
766,258,315,1.0
766,258,119,1.0
766,258,124,1.0
767,258,175,1.0
767,258,180,1.0
767,258,455,1.0
767,258,323,1.0
767,258,324,1.0
770,261,51,1.0
771,261,97,1.0
771,261,43,1.0
772,261,194,1.0
772,261,45,1.0
773,262,97,1.0
774,262,51,1.0
774,262,42,1.0
775,262,196,1.0
775,262,95,1.0
776,263,97,1.0
777,263,51,1.0
777,263,42,1.0
778,263,196,1.0
778,263,95,1.0
779,264,97,1.0
780,264,51,1.0
780,264,42,1.0
781,264,196,1.0
781,264,95,1.0
782,265,196,1.0
783,265,51,1.0
783,265,48,1.0
784,265,97,1.0
784,265,94,1.0
785,266,198,1.0
786,266,51,1.0
786,266,46,1.0
787,266,204,1.0
787,266,415,1.0
788,267,204,1.0
789,267,196,1.0
789,267,460,1.0
790,267,51,1.0
790,267,48,1.0
790,267,460,1.0
791,268,204,1.0
792,268,196,1.0
792,268,460,1.0
793,268,51,1.0
793,268,48,1.0
793,268,460,1.0
794,269,204,1.0
795,269,196,1.0
795,269,460,1.0
796,269,51,1.0
796,269,48,1.0
796,269,460,1.0
797,270,202,1.0
798,270,200,1.0
798,270,206,1.0
799,270,97,1.0
799,270,92,1.0
800,271,202,1.0
801,271,200,1.0
801,271,206,1.0
802,271,97,1.0
802,271,92,1.0
803,272,51,1.0
803,272,52,1.0
804,272,194,1.0
804,272,372,1.0
805,272,51,1.0
805,272,44,1.0
805,272,372,1.0
806,273,198,1.0
806,273,395,1.0
806,273,385,1.0
806,273,171,1.0
806,273,168,1.0
807,273,51,1.0
807,273,46,1.0
807,273,395,1.0
807,273,385,1.0
807,273,171,1.0
807,273,168,1.0
808,273,204,1.0
808,273,397,1.0
808,273,385,1.0
808,273,171,1.0
808,273,168,1.0
809,274,198,1.0
809,274,395,1.0
809,274,385,1.0
809,274,171,1.0
809,274,162,1.0
810,274,51,1.0
810,274,46,1.0
810,274,395,1.0
810,274,385,1.0
810,274,171,1.0
810,274,162,1.0
811,274,204,1.0
811,274,397,1.0
811,274,385,1.0
811,274,171,1.0
811,274,162,1.0
812,275,198,1.0
812,275,395,1.0
812,275,385,1.0
812,275,171,1.0
812,275,162,1.0
813,275,51,1.0
813,275,46,1.0
813,275,395,1.0
813,275,385,1.0
813,275,171,1.0
813,275,162,1.0
814,275,204,1.0
814,275,397,1.0
814,275,385,1.0
814,275,171,1.0
814,275,162,1.0
815,276,198,1.0
815,276,395,1.0
815,276,385,1.0
815,276,171,1.0
815,276,162,1.0
816,276,51,1.0
816,276,46,1.0
816,276,395,1.0
816,276,385,1.0
816,276,171,1.0
816,276,162,1.0
817,276,204,1.0
817,276,397,1.0
817,276,385,1.0
817,276,171,1.0
817,276,162,1.0
818,277,202,1.0
818,277,310,1.0
819,277,200,1.0
819,277,214,1.0
820,277,202,1.0
820,277,207,1.0
820,277,214,1.0
821,278,198,1.0
821,278,395,1.0
821,278,385,1.0
821,278,171,1.0
822,278,51,1.0
822,278,46,1.0
822,278,395,1.0
822,278,385,1.0
822,278,171,1.0
823,278,204,1.0
823,278,397,1.0
823,278,385,1.0
823,278,171,1.0
824,279,460,1.0
825,279,95,1.0
825,279,106,1.0
826,279,417,1.0
826,279,414,1.0
827,280,460,1.0
828,280,95,1.0
828,280,106,1.0
829,280,417,1.0
829,280,414,1.0
830,281,460,1.0
831,281,95,1.0
831,281,106,1.0
832,281,417,1.0
832,281,414,1.0
833,282,95,1.0
834,282,460,1.0
834,282,107,1.0
835,282,307,1.0
835,282,93,1.0
836,283,95,1.0
837,283,460,1.0
837,283,107,1.0
838,283,307,1.0
838,283,93,1.0
839,284,95,1.0
840,284,460,1.0
840,284,107,1.0
841,284,307,1.0
841,284,93,1.0
842,285,307,1.0
843,285,209,1.0
843,285,206,1.0
844,285,95,1.0
844,285,92,1.0
845,286,307,1.0
846,286,209,1.0
846,286,206,1.0
847,286,95,1.0
847,286,92,1.0
848,287,417,1.0
849,287,460,1.0
849,287,415,1.0
850,287,95,1.0
850,287,102,1.0
851,288,197,1.0
852,288,49,1.0
852,288,50,1.0
853,288,95,1.0
853,288,96,1.0
854,289,197,1.0
855,289,49,1.0
855,289,50,1.0
856,289,95,1.0
856,289,96,1.0
857,290,197,1.0
858,290,49,1.0
858,290,50,1.0
859,290,95,1.0
859,290,96,1.0
860,291,49,1.0
861,291,197,1.0
861,291,51,1.0
862,291,95,1.0
862,291,43,1.0
863,292,459,1.0
864,292,307,1.0
864,292,310,1.0
865,292,441,1.0
865,292,442,1.0
866,293,287,1.0
867,293,441,1.0
867,293,283,1.0
868,293,460,1.0
868,293,285,1.0
869,294,49,1.0
869,294,52,1.0
870,294,209,1.0
870,294,212,1.0
871,294,307,1.0
871,294,207,1.0
871,294,212,1.0
872,295,417,1.0
872,295,317,1.0
873,295,287,1.0
873,295,288,1.0
874,295,460,1.0
874,295,415,1.0
874,295,317,1.0
875,295,95,1.0
875,295,102,1.0
875,295,317,1.0
876,296,441,1.0
876,296,271,1.0
877,296,460,1.0
877,296,279,1.0
878,296,459,1.0
878,296,275,1.0
879,297,460,1.0
879,297,397,1.0
879,297,385,1.0
879,297,171,1.0
879,297,168,1.0
880,297,417,1.0
880,297,395,1.0
880,297,385,1.0
880,297,171,1.0
880,297,168,1.0
881,297,460,1.0
881,297,415,1.0
881,297,395,1.0
881,297,385,1.0
881,297,171,1.0
881,297,168,1.0
882,298,459,1.0
882,298,239,1.0
882,298,87,1.0
883,298,459,1.0
883,298,55,1.0
883,298,60,1.0
884,298,459,1.0
884,298,55,1.0
884,298,56,1.0
884,298,87,1.0
888,302,359,1.0
889,302,411,1.0
889,302,361,1.0
890,302,141,1.0
890,302,146,1.0
891,303,219,1.0
892,303,411,1.0
892,303,217,1.0
893,303,452,1.0
893,303,221,1.0
894,304,303,1.0
894,304,300,1.0
895,304,141,1.0
895,304,148,1.0
895,304,300,1.0
896,304,141,1.0
896,304,150,1.0
896,304,407,1.0
897,305,303,1.0
897,305,33,1.0
898,305,141,1.0
898,305,148,1.0
898,305,33,1.0
899,305,411,1.0
899,305,143,1.0
899,305,148,1.0
899,305,33,1.0
900,306,452,1.0
900,306,427,1.0
901,306,411,1.0
901,306,412,1.0
901,306,427,1.0
902,306,141,1.0
902,306,144,1.0
902,306,427,1.0
903,307,452,1.0
903,307,427,1.0
903,307,185,1.0
904,307,411,1.0
904,307,412,1.0
904,307,427,1.0
904,307,185,1.0
905,307,141,1.0
905,307,144,1.0
905,307,427,1.0
905,307,185,1.0
906,308,452,1.0
906,308,427,1.0
906,308,185,1.0
907,308,411,1.0
907,308,412,1.0
907,308,427,1.0
907,308,185,1.0
908,308,141,1.0
908,308,144,1.0
908,308,427,1.0
908,308,185,1.0
909,309,303,1.0
909,309,304,1.0
910,309,141,1.0
910,309,148,1.0
910,309,304,1.0
911,309,141,1.0
911,309,150,1.0
911,309,444,1.0
912,310,452,1.0
912,310,427,1.0
912,310,430,1.0
913,310,452,1.0
913,310,427,1.0
913,310,185,1.0
913,310,186,1.0
914,310,411,1.0
914,310,412,1.0
914,310,427,1.0
914,310,430,1.0
915,311,452,1.0
915,311,427,1.0
915,311,430,1.0
916,311,452,1.0
916,311,427,1.0
916,311,185,1.0
916,311,186,1.0
917,311,411,1.0
917,311,412,1.0
917,311,427,1.0
917,311,430,1.0
918,312,359,1.0
918,312,362,1.0
918,312,405,1.0
919,312,303,1.0
919,312,304,1.0
919,312,403,1.0
920,312,411,1.0
920,312,361,1.0
920,312,362,1.0
920,312,405,1.0
921,313,359,1.0
921,313,362,1.0
921,313,405,1.0
922,313,303,1.0
922,313,304,1.0
922,313,403,1.0
923,313,411,1.0
923,313,361,1.0
923,313,362,1.0
923,313,405,1.0
924,314,359,1.0
924,314,362,1.0
924,314,405,1.0
925,314,303,1.0
925,314,304,1.0
925,314,403,1.0
926,314,411,1.0
926,314,361,1.0
926,314,362,1.0
926,314,405,1.0
927,315,359,1.0
927,315,362,1.0
927,315,405,1.0
928,315,303,1.0
928,315,304,1.0
928,315,403,1.0
929,315,411,1.0
929,315,361,1.0
929,315,362,1.0
929,315,405,1.0
930,316,303,1.0
930,316,33,1.0
930,316,36,1.0
931,316,303,1.0
931,316,300,1.0
931,316,389,1.0
932,316,141,1.0
932,316,148,1.0
932,316,33,1.0
932,316,36,1.0
933,317,359,1.0
933,317,81,1.0
933,317,78,1.0
934,317,359,1.0
934,317,362,1.0
934,317,77,1.0
934,317,78,1.0
935,317,359,1.0
935,317,362,1.0
935,317,225,1.0
935,317,226,1.0
936,318,359,1.0
936,318,362,1.0
936,318,405,1.0
936,318,1,1.0
937,318,303,1.0
937,318,304,1.0
937,318,403,1.0
937,318,1,1.0
938,318,411,1.0
938,318,361,1.0
938,318,362,1.0
938,318,405,1.0
938,318,1,1.0
940,320,350,1.0
941,320,352,1.0
941,320,375,1.0
942,320,129,1.0
942,320,130,1.0
943,321,350,1.0
944,321,352,1.0
944,321,375,1.0
945,321,129,1.0
945,321,130,1.0
946,322,352,1.0
947,322,350,1.0
947,322,374,1.0
948,322,129,1.0
948,322,132,1.0
949,323,352,1.0
950,323,350,1.0
950,323,374,1.0
951,323,129,1.0
951,323,132,1.0
952,324,129,1.0
953,324,350,1.0
953,324,131,1.0
954,324,354,1.0
954,324,123,1.0
955,325,313,1.0
956,325,354,1.0
956,325,315,1.0
957,325,129,1.0
957,325,118,1.0
958,326,356,1.0
959,326,352,1.0
959,326,454,1.0
960,326,350,1.0
960,326,374,1.0
960,326,454,1.0
961,327,350,1.0
961,327,321,1.0
962,327,352,1.0
962,327,323,1.0
963,327,129,1.0
963,327,126,1.0
964,328,350,1.0
964,328,321,1.0
965,328,352,1.0
965,328,323,1.0
966,328,129,1.0
966,328,126,1.0
967,329,350,1.0
967,329,376,1.0
968,329,129,1.0
968,329,124,1.0
969,329,350,1.0
969,329,321,1.0
969,329,324,1.0
970,330,350,1.0
970,330,376,1.0
971,330,129,1.0
971,330,124,1.0
972,330,350,1.0
972,330,321,1.0
972,330,324,1.0
973,331,356,1.0
973,331,181,1.0
974,331,356,1.0
974,331,462,1.0
974,331,177,1.0
975,331,352,1.0
975,331,454,1.0
975,331,181,1.0
976,332,356,1.0
976,332,181,1.0
977,332,356,1.0
977,332,462,1.0
977,332,177,1.0
978,332,352,1.0
978,332,454,1.0
978,332,181,1.0
979,333,313,1.0
979,333,316,1.0
980,333,129,1.0
980,333,120,1.0
980,333,394,1.0
981,333,354,1.0
981,333,315,1.0
981,333,316,1.0
982,334,313,1.0
982,334,289,1.0
983,334,354,1.0
983,334,315,1.0
983,334,289,1.0
984,334,129,1.0
984,334,118,1.0
984,334,289,1.0
985,335,356,1.0
985,335,181,1.0
985,335,174,1.0
986,335,354,1.0
986,335,391,1.0
986,335,333,1.0
987,335,356,1.0
987,335,181,1.0
987,335,178,1.0
987,335,256,1.0
988,336,313,1.0
988,336,316,1.0
988,336,414,1.0
989,336,129,1.0
989,336,120,1.0
989,336,396,1.0
990,336,313,1.0
990,336,318,1.0
990,336,396,1.0
991,337,313,1.0
991,337,316,1.0
991,337,414,1.0
992,337,129,1.0
992,337,120,1.0
992,337,396,1.0
993,337,313,1.0
993,337,318,1.0
993,337,396,1.0
994,338,313,1.0
994,338,316,1.0
994,338,414,1.0
995,338,129,1.0
995,338,120,1.0
995,338,396,1.0
996,338,313,1.0
996,338,318,1.0
996,338,396,1.0
997,339,185,1.0
998,339,430,1.0
998,339,187,1.0
999,339,428,1.0
999,339,189,1.0
1000,340,185,1.0
1001,340,430,1.0
1001,340,187,1.0
1002,340,428,1.0
1002,340,189,1.0
1003,341,430,1.0
1004,341,185,1.0
1004,341,186,1.0
1005,341,428,1.0
1005,341,446,1.0
1006,342,430,1.0
1007,342,185,1.0
1007,342,186,1.0
1008,342,428,1.0
1008,342,446,1.0
1009,343,428,1.0
1009,343,11,1.0
1010,343,185,1.0
1010,343,188,1.0
1010,343,11,1.0
1011,343,430,1.0
1011,343,23,1.0
1012,344,428,1.0
1012,344,11,1.0
1012,344,16,1.0
1013,344,185,1.0
1013,344,188,1.0
1013,344,11,1.0
1013,344,16,1.0
1014,344,430,1.0
1014,344,23,1.0
1014,344,16,1.0
1015,345,428,1.0
1015,345,11,1.0
1015,345,12,1.0
1016,345,185,1.0
1016,345,188,1.0
1016,345,11,1.0
1016,345,12,1.0
1017,345,430,1.0
1017,345,23,1.0
1017,345,12,1.0
1018,346,426,1.0
1018,346,145,1.0
1018,346,148,1.0
1018,346,33,1.0
1019,346,426,1.0
1019,346,453,1.0
1019,346,303,1.0
1019,346,33,1.0
1020,346,426,1.0
1020,346,453,1.0
1020,346,141,1.0
1020,346,148,1.0
1020,346,33,1.0
1021,347,426,1.0
1021,347,453,1.0
1022,347,426,1.0
1022,347,413,1.0
1022,347,410,1.0
1023,347,426,1.0
1023,347,145,1.0
1023,347,140,1.0
1024,348,426,1.0
1024,348,453,1.0
1025,348,426,1.0
1025,348,413,1.0
1025,348,410,1.0
1026,348,426,1.0
1026,348,145,1.0
1026,348,140,1.0
1027,349,426,1.0
1027,349,453,1.0
1028,349,426,1.0
1028,349,413,1.0
1028,349,410,1.0
1029,349,426,1.0
1029,349,145,1.0
1029,349,140,1.0
1030,350,426,1.0
1030,350,453,1.0
1031,350,426,1.0
1031,350,413,1.0
1031,350,410,1.0
1032,350,426,1.0
1032,350,145,1.0
1032,350,140,1.0
1033,351,428,1.0
1033,351,11,1.0
1033,351,14,1.0
1034,351,185,1.0
1034,351,188,1.0
1034,351,11,1.0
1034,351,14,1.0
1035,351,430,1.0
1035,351,23,1.0
1035,351,14,1.0
1036,352,428,1.0
1036,352,11,1.0
1036,352,14,1.0
1037,352,185,1.0
1037,352,188,1.0
1037,352,11,1.0
1037,352,14,1.0
1038,352,430,1.0
1038,352,23,1.0
1038,352,14,1.0
1039,353,428,1.0
1039,353,11,1.0
1039,353,14,1.0
1040,353,185,1.0
1040,353,188,1.0
1040,353,11,1.0
1040,353,14,1.0
1041,353,430,1.0
1041,353,23,1.0
1041,353,14,1.0
1042,354,426,1.0
1042,354,221,1.0
1043,354,426,1.0
1043,354,413,1.0
1043,354,217,1.0
1044,354,426,1.0
1044,354,453,1.0
1044,354,219,1.0
1045,355,432,1.0
1046,355,434,1.0
1046,355,451,1.0
1047,355,185,1.0
1047,355,192,1.0
1048,356,432,1.0
1049,356,434,1.0
1049,356,451,1.0
1050,356,185,1.0
1050,356,192,1.0
1051,357,432,1.0
1052,357,434,1.0
1052,357,451,1.0
1053,357,185,1.0
1053,357,192,1.0
1054,358,428,1.0
1054,358,11,1.0
1054,358,12,1.0
1054,358,266,1.0
1055,358,428,1.0
1055,358,11,1.0
1055,358,14,1.0
1055,358,329,1.0
1056,358,185,1.0
1056,358,188,1.0
1056,358,11,1.0
1056,358,12,1.0
1056,358,266,1.0
1057,359,425,1.0
1058,359,349,1.0
1058,359,344,1.0
1059,359,369,1.0
1059,359,366,1.0
1060,360,425,1.0
1061,360,349,1.0
1061,360,344,1.0
1062,360,369,1.0
1062,360,366,1.0
1063,361,369,1.0
1063,361,19,1.0
1064,361,349,1.0
1064,361,21,1.0
1065,361,349,1.0
1065,361,346,1.0
1065,361,19,1.0
1066,362,237,1.0
1066,362,230,1.0
1067,362,237,1.0
1067,362,228,1.0
1067,362,323,1.0
1068,362,237,1.0
1068,362,234,1.0
1068,362,325,1.0
1069,363,237,1.0
1069,363,230,1.0
1070,363,237,1.0
1070,363,228,1.0
1070,363,323,1.0
1071,363,237,1.0
1071,363,234,1.0
1071,363,325,1.0
1072,364,369,1.0
1072,364,117,1.0
1073,364,369,1.0
1073,364,19,1.0
1073,364,16,1.0
1074,364,349,1.0
1074,364,346,1.0
1074,364,117,1.0
1075,365,237,1.0
1075,365,228,1.0
1076,365,237,1.0
1076,365,232,1.0
1076,365,374,1.0
1077,365,237,1.0
1077,365,230,1.0
1077,365,322,1.0
1078,366,237,1.0
1078,366,228,1.0
1079,366,237,1.0
1079,366,232,1.0
1079,366,374,1.0
1080,366,237,1.0
1080,366,230,1.0
1080,366,322,1.0
1081,367,237,1.0
1081,367,234,1.0
1082,367,237,1.0
1082,367,230,1.0
1082,367,324,1.0
1083,367,237,1.0
1083,367,232,1.0
1083,367,376,1.0
1084,368,237,1.0
1084,368,234,1.0
1085,368,237,1.0
1085,368,230,1.0
1085,368,324,1.0
1086,368,237,1.0
1086,368,232,1.0
1086,368,376,1.0
1087,369,237,1.0
1087,369,234,1.0
1087,369,171,1.0
1088,369,237,1.0
1088,369,230,1.0
1088,369,173,1.0
1089,369,369,1.0
1089,369,269,1.0
1089,369,165,1.0
1090,370,369,1.0
1090,370,269,1.0
1091,370,369,1.0
1091,370,19,1.0
1091,370,12,1.0
1092,370,369,1.0
1092,370,117,1.0
1092,370,108,1.0
1093,371,237,1.0
1093,371,232,1.0
1094,371,237,1.0
1094,371,228,1.0
1094,371,375,1.0
1095,371,237,1.0
1095,371,230,1.0
1095,371,320,1.0
1096,372,237,1.0
1096,372,232,1.0
1097,372,237,1.0
1097,372,228,1.0
1097,372,375,1.0
1098,372,237,1.0
1098,372,230,1.0
1098,372,320,1.0
1099,373,369,1.0
1099,373,117,1.0
1099,373,112,1.0
1100,373,369,1.0
1100,373,19,1.0
1100,373,14,1.0
1101,373,369,1.0
1101,373,19,1.0
1101,373,16,1.0
1101,373,112,1.0
1102,374,369,1.0
1102,374,117,1.0
1102,374,112,1.0
1103,374,369,1.0
1103,374,19,1.0
1103,374,14,1.0
1104,374,369,1.0
1104,374,19,1.0
1104,374,16,1.0
1104,374,112,1.0
1105,375,369,1.0
1105,375,117,1.0
1105,375,112,1.0
1106,375,369,1.0
1106,375,19,1.0
1106,375,14,1.0
1107,375,369,1.0
1107,375,19,1.0
1107,375,16,1.0
1107,375,112,1.0
1108,376,237,1.0
1108,376,228,1.0
1108,376,454,1.0
1109,376,237,1.0
1109,376,232,1.0
1109,376,374,1.0
1109,376,454,1.0
1110,376,237,1.0
1110,376,228,1.0
1110,376,353,1.0
1110,376,356,1.0
1111,377,369,1.0
1111,377,117,1.0
1111,377,110,1.0
1112,377,369,1.0
1112,377,269,1.0
1112,377,266,1.0
1113,377,369,1.0
1113,377,19,1.0
1113,377,12,1.0
1113,377,266,1.0
1114,378,237,1.0
1114,378,230,1.0
1114,378,127,1.0
1115,378,237,1.0
1115,378,232,1.0
1115,378,131,1.0
1116,378,237,1.0
1116,378,228,1.0
1116,378,133,1.0
1120,382,1,1.0
1121,382,251,1.0
1121,382,3,1.0
1122,382,29,1.0
1122,382,5,1.0
1123,383,1,1.0
1124,383,251,1.0
1124,383,3,1.0
1125,383,29,1.0
1125,383,5,1.0
1126,384,251,1.0
1127,384,1,1.0
1127,384,2,1.0
1128,384,29,1.0
1128,384,26,1.0
1129,385,402,1.0
1130,385,157,1.0
1130,385,152,1.0
1131,385,157,1.0
1131,385,154,1.0
1131,385,382,1.0
1132,386,402,1.0
1132,386,409,1.0
1133,386,157,1.0
1133,386,152,1.0
1133,386,409,1.0
1134,386,402,1.0
1134,386,445,1.0
1134,386,407,1.0
1135,387,404,1.0
1135,387,363,1.0
1136,387,404,1.0
1136,387,77,1.0
1136,387,80,1.0
1137,387,402,1.0
1137,387,305,1.0
1137,387,302,1.0
1137,387,359,1.0
1138,388,157,1.0
1138,388,89,1.0
1139,388,157,1.0
1139,388,158,1.0
1139,388,83,1.0
1140,388,157,1.0
1140,388,154,1.0
1140,388,85,1.0
1141,389,402,1.0
1141,389,41,1.0
1142,389,402,1.0
1142,389,409,1.0
1142,389,35,1.0
1143,389,157,1.0
1143,389,152,1.0
1143,389,41,1.0
1144,390,404,1.0
1144,390,363,1.0
1144,390,358,1.0
1145,390,402,1.0
1145,390,305,1.0
1145,390,302,1.0
1146,390,404,1.0
1146,390,363,1.0
1146,390,360,1.0
1146,390,410,1.0
1147,391,404,1.0
1147,391,363,1.0
1147,391,358,1.0
1148,391,402,1.0
1148,391,305,1.0
1148,391,302,1.0
1149,391,404,1.0
1149,391,363,1.0
1149,391,360,1.0
1149,391,410,1.0
1150,392,404,1.0
1150,392,363,1.0
1150,392,358,1.0
1151,392,402,1.0
1151,392,305,1.0
1151,392,302,1.0
1152,392,404,1.0
1152,392,363,1.0
1152,392,360,1.0
1152,392,410,1.0
1153,393,404,1.0
1153,393,363,1.0
1153,393,358,1.0
1154,393,402,1.0
1154,393,305,1.0
1154,393,302,1.0
1155,393,404,1.0
1155,393,363,1.0
1155,393,360,1.0
1155,393,410,1.0
1156,394,402,1.0
1156,394,409,1.0
1156,394,389,1.0
1157,394,402,1.0
1157,394,41,1.0
1157,394,36,1.0
1158,394,157,1.0
1158,394,152,1.0
1158,394,409,1.0
1158,394,389,1.0
1159,395,157,1.0
1159,395,89,1.0
1159,395,86,1.0
1160,395,157,1.0
1160,395,158,1.0
1160,395,241,1.0
1161,395,157,1.0
1161,395,158,1.0
1161,395,83,1.0
1161,395,86,1.0
1162,396,157,1.0
1162,396,89,1.0
1162,396,61,1.0
1163,396,157,1.0
1163,396,89,1.0
1163,396,86,1.0
1163,396,57,1.0
1164,396,157,1.0
1164,396,158,1.0
1164,396,59,1.0
1165,397,402,1.0
1165,397,409,1.0
1165,397,389,1.0
1165,397,213,1.0
1165,397,206,1.0
1166,397,402,1.0
1166,397,41,1.0
1166,397,36,1.0
1166,397,213,1.0
1166,397,206,1.0
1167,397,402,1.0
1167,397,409,1.0
1167,397,389,1.0
1167,397,373,1.0
1167,397,211,1.0
1167,397,206,1.0
1168,398,402,1.0
1168,398,409,1.0
1168,398,389,1.0
1168,398,213,1.0
1168,398,206,1.0
1169,398,402,1.0
1169,398,41,1.0
1169,398,36,1.0
1169,398,213,1.0
1169,398,206,1.0
1170,398,402,1.0
1170,398,409,1.0
1170,398,389,1.0
1170,398,373,1.0
1170,398,211,1.0
1170,398,206,1.0
1172,400,375,1.0
1173,400,353,1.0
1173,400,350,1.0
1174,400,323,1.0
1174,400,320,1.0
1175,401,375,1.0
1176,401,353,1.0
1176,401,350,1.0
1177,401,323,1.0
1177,401,320,1.0
1178,402,353,1.0
1179,402,375,1.0
1179,402,351,1.0
1180,402,133,1.0
1180,402,128,1.0
1181,403,353,1.0
1182,403,375,1.0
1182,403,351,1.0
1183,403,133,1.0
1183,403,128,1.0
1184,404,323,1.0
1185,404,375,1.0
1185,404,321,1.0
1186,404,133,1.0
1186,404,126,1.0
1187,405,323,1.0
1188,405,375,1.0
1188,405,321,1.0
1189,405,133,1.0
1189,405,126,1.0
1190,406,133,1.0
1191,406,375,1.0
1191,406,131,1.0
1192,406,323,1.0
1192,406,127,1.0
1193,407,454,1.0
1194,407,353,1.0
1194,407,356,1.0
1195,407,375,1.0
1195,407,351,1.0
1195,407,356,1.0
1196,408,323,1.0
1196,408,324,1.0
1197,408,375,1.0
1197,408,376,1.0
1198,408,375,1.0
1198,408,321,1.0
1198,408,324,1.0
1199,409,323,1.0
1199,409,324,1.0
1200,409,375,1.0
1200,409,376,1.0
1201,409,375,1.0
1201,409,321,1.0
1201,409,324,1.0
1202,410,133,1.0
1202,410,118,1.0
1203,410,375,1.0
1203,410,131,1.0
1203,410,118,1.0
1204,410,353,1.0
1204,410,313,1.0
1205,411,323,1.0
1205,411,173,1.0
1206,411,323,1.0
1206,411,324,1.0
1206,411,171,1.0
1207,411,375,1.0
1207,411,376,1.0
1207,411,171,1.0
1208,412,454,1.0
1208,412,181,1.0
1209,412,456,1.0
1209,412,177,1.0
1210,412,454,1.0
1210,412,462,1.0
1210,412,177,1.0
1211,413,454,1.0
1211,413,181,1.0
1212,413,456,1.0
1212,413,177,1.0
1213,413,454,1.0
1213,413,462,1.0
1213,413,177,1.0
1214,414,133,1.0
1214,414,120,1.0
1214,414,394,1.0
1215,414,375,1.0
1215,414,131,1.0
1215,414,120,1.0
1215,414,394,1.0
1216,414,133,1.0
1216,414,118,1.0
1216,414,316,1.0
1217,415,323,1.0
1217,415,173,1.0
1217,415,168,1.0
1218,415,323,1.0
1218,415,324,1.0
1218,415,171,1.0
1218,415,168,1.0
1219,415,375,1.0
1219,415,376,1.0
1219,415,171,1.0
1219,415,168,1.0
1220,416,323,1.0
1220,416,173,1.0
1220,416,162,1.0
1221,416,323,1.0
1221,416,324,1.0
1221,416,171,1.0
1221,416,162,1.0
1222,416,323,1.0
1222,416,173,1.0
1222,416,168,1.0
1222,416,328,1.0
1223,417,323,1.0
1223,417,173,1.0
1223,417,162,1.0
1224,417,323,1.0
1224,417,324,1.0
1224,417,171,1.0
1224,417,162,1.0
1225,417,323,1.0
1225,417,173,1.0
1225,417,168,1.0
1225,417,328,1.0
1226,418,323,1.0
1226,418,173,1.0
1226,418,162,1.0
1227,418,323,1.0
1227,418,324,1.0
1227,418,171,1.0
1227,418,162,1.0
1228,418,323,1.0
1228,418,173,1.0
1228,418,168,1.0
1228,418,328,1.0
1230,420,375,1.0
1231,420,353,1.0
1231,420,350,1.0
1232,420,323,1.0
1232,420,320,1.0
1233,421,375,1.0
1234,421,353,1.0
1234,421,350,1.0
1235,421,323,1.0
1235,421,320,1.0
1236,422,353,1.0
1237,422,375,1.0
1237,422,351,1.0
1238,422,133,1.0
1238,422,128,1.0
1239,423,353,1.0
1240,423,375,1.0
1240,423,351,1.0
1241,423,133,1.0
1241,423,128,1.0
1242,424,323,1.0
1243,424,375,1.0
1243,424,321,1.0
1244,424,133,1.0
1244,424,126,1.0
1245,425,323,1.0
1246,425,375,1.0
1246,425,321,1.0
1247,425,133,1.0
1247,425,126,1.0
1248,426,133,1.0
1249,426,375,1.0
1249,426,131,1.0
1250,426,323,1.0
1250,426,127,1.0
1251,427,454,1.0
1252,427,353,1.0
1252,427,356,1.0
1253,427,375,1.0
1253,427,351,1.0
1253,427,356,1.0
1254,428,323,1.0
1254,428,324,1.0
1255,428,375,1.0
1255,428,376,1.0
1256,428,375,1.0
1256,428,321,1.0
1256,428,324,1.0
1257,429,323,1.0
1257,429,324,1.0
1258,429,375,1.0
1258,429,376,1.0
1259,429,375,1.0
1259,429,321,1.0
1259,429,324,1.0
1260,430,133,1.0
1260,430,118,1.0
1261,430,375,1.0
1261,430,131,1.0
1261,430,118,1.0
1262,430,353,1.0
1262,430,313,1.0
1263,431,323,1.0
1263,431,173,1.0
1264,431,323,1.0
1264,431,324,1.0
1264,431,171,1.0
1265,431,375,1.0
1265,431,376,1.0
1265,431,171,1.0
1266,432,454,1.0
1266,432,181,1.0
1267,432,456,1.0
1267,432,177,1.0
1268,432,454,1.0
1268,432,462,1.0
1268,432,177,1.0
1269,433,454,1.0
1269,433,181,1.0
1270,433,456,1.0
1270,433,177,1.0
1271,433,454,1.0
1271,433,462,1.0
1271,433,177,1.0
1272,434,133,1.0
1272,434,120,1.0
1272,434,394,1.0
1273,434,375,1.0
1273,434,131,1.0
1273,434,120,1.0
1273,434,394,1.0
1274,434,133,1.0
1274,434,118,1.0
1274,434,316,1.0
1275,435,323,1.0
1275,435,173,1.0
1275,435,168,1.0
1276,435,323,1.0
1276,435,324,1.0
1276,435,171,1.0
1276,435,168,1.0
1277,435,375,1.0
1277,435,376,1.0
1277,435,171,1.0
1277,435,168,1.0
1278,436,323,1.0
1278,436,173,1.0
1278,436,162,1.0
1279,436,323,1.0
1279,436,324,1.0
1279,436,171,1.0
1279,436,162,1.0
1280,436,323,1.0
1280,436,173,1.0
1280,436,168,1.0
1280,436,328,1.0
1281,437,323,1.0
1281,437,173,1.0
1281,437,162,1.0
1282,437,323,1.0
1282,437,324,1.0
1282,437,171,1.0
1282,437,162,1.0
1283,437,323,1.0
1283,437,173,1.0
1283,437,168,1.0
1283,437,328,1.0
1284,438,323,1.0
1284,438,173,1.0
1284,438,162,1.0
1285,438,323,1.0
1285,438,324,1.0
1285,438,171,1.0
1285,438,162,1.0
1286,438,323,1.0
1286,438,173,1.0
1286,438,168,1.0
1286,438,328,1.0
1287,439,358,1.0
1288,439,360,1.0
1288,439,410,1.0
1289,439,147,1.0
1289,439,140,1.0
1290,440,358,1.0
1291,440,360,1.0
1291,440,410,1.0
1292,440,147,1.0
1292,440,140,1.0
1293,441,358,1.0
1294,441,360,1.0
1294,441,410,1.0
1295,441,147,1.0
1295,441,140,1.0
1296,442,358,1.0
1297,442,360,1.0
1297,442,410,1.0
1298,442,147,1.0
1298,442,140,1.0
1299,443,358,1.0
1299,443,219,1.0
1300,443,360,1.0
1300,443,217,1.0
1301,443,358,1.0
1301,443,411,1.0
1301,443,217,1.0
1302,444,358,1.0
1302,444,303,1.0
1302,444,300,1.0
1303,444,147,1.0
1303,444,148,1.0
1303,444,300,1.0
1304,444,147,1.0
1304,444,150,1.0
1304,444,407,1.0
1305,445,362,1.0
1305,445,405,1.0
1306,445,81,1.0
1306,445,76,1.0
1306,445,405,1.0
1307,445,358,1.0
1307,445,303,1.0
1307,445,304,1.0
1307,445,403,1.0
1308,446,362,1.0
1308,446,405,1.0
1309,446,81,1.0
1309,446,76,1.0
1309,446,405,1.0
1310,446,358,1.0
1310,446,303,1.0
1310,446,304,1.0
1310,446,403,1.0
1311,447,362,1.0
1311,447,405,1.0
1312,447,81,1.0
1312,447,76,1.0
1312,447,405,1.0
1313,447,358,1.0
1313,447,303,1.0
1313,447,304,1.0
1313,447,403,1.0
1314,448,362,1.0
1314,448,405,1.0
1315,448,81,1.0
1315,448,76,1.0
1315,448,405,1.0
1316,448,358,1.0
1316,448,303,1.0
1316,448,304,1.0
1316,448,403,1.0
1317,449,358,1.0
1317,449,303,1.0
1317,449,33,1.0
1318,449,147,1.0
1318,449,148,1.0
1318,449,33,1.0
1319,449,358,1.0
1319,449,141,1.0
1319,449,148,1.0
1319,449,33,1.0
1320,450,358,1.0
1320,450,303,1.0
1320,450,304,1.0
1321,450,147,1.0
1321,450,148,1.0
1321,450,304,1.0
1322,450,147,1.0
1322,450,150,1.0
1322,450,444,1.0
1323,451,81,1.0
1323,451,78,1.0
1324,451,362,1.0
1324,451,77,1.0
1324,451,78,1.0
1325,451,362,1.0
1325,451,225,1.0
1325,451,226,1.0
1326,452,362,1.0
1326,452,405,1.0
1326,452,1,1.0
1327,452,81,1.0
1327,452,78,1.0
1327,452,3,1.0
1328,452,362,1.0
1328,452,77,1.0
1328,452,78,1.0
1328,452,3,1.0
1329,453,362,1.0
1329,453,405,1.0
1329,453,1,1.0
1330,453,81,1.0
1330,453,78,1.0
1330,453,3,1.0
1331,453,362,1.0
1331,453,77,1.0
1331,453,78,1.0
1331,453,3,1.0
1332,454,358,1.0
1332,454,452,1.0
1332,454,427,1.0
1333,454,147,1.0
1333,454,144,1.0
1333,454,427,1.0
1334,454,360,1.0
1334,454,412,1.0
1334,454,427,1.0
1335,455,358,1.0
1335,455,452,1.0
1335,455,427,1.0
1335,455,185,1.0
1336,455,147,1.0
1336,455,144,1.0
1336,455,427,1.0
1336,455,185,1.0
1337,455,360,1.0
1337,455,412,1.0
1337,455,427,1.0
1337,455,185,1.0
1338,456,358,1.0
1338,456,452,1.0
1338,456,427,1.0
1338,456,185,1.0
1339,456,147,1.0
1339,456,144,1.0
1339,456,427,1.0
1339,456,185,1.0
1340,456,360,1.0
1340,456,412,1.0
1340,456,427,1.0
1340,456,185,1.0
1341,457,358,1.0
1341,457,303,1.0
1341,457,33,1.0
1341,457,36,1.0
1342,457,358,1.0
1342,457,303,1.0
1342,457,300,1.0
1342,457,389,1.0
1343,457,147,1.0
1343,457,148,1.0
1343,457,33,1.0
1343,457,36,1.0
1344,458,358,1.0
1344,458,452,1.0
1344,458,427,1.0
1344,458,430,1.0
1345,458,147,1.0
1345,458,144,1.0
1345,458,427,1.0
1345,458,430,1.0
1346,458,358,1.0
1346,458,452,1.0
1346,458,427,1.0
1346,458,185,1.0
1346,458,186,1.0
1347,459,57,1.0
1348,459,87,1.0
1348,459,61,1.0
1349,459,240,1.0
1349,459,59,1.0
1350,460,87,1.0
1351,460,240,1.0
1351,460,83,1.0
1352,460,57,1.0
1352,460,60,1.0
1353,461,238,1.0
1354,461,57,1.0
1354,461,54,1.0
1355,461,87,1.0
1355,461,61,1.0
1355,461,54,1.0
1356,462,244,1.0
1357,462,57,1.0
1357,462,62,1.0
1358,462,57,1.0
1358,462,64,1.0
1358,462,134,1.0
1359,463,238,1.0
1359,463,311,1.0
1360,463,238,1.0
1360,463,215,1.0
1360,463,206,1.0
1361,463,57,1.0
1361,463,54,1.0
1361,463,311,1.0
1362,464,238,1.0
1362,464,311,1.0
1363,464,238,1.0
1363,464,215,1.0
1363,464,206,1.0
1364,464,57,1.0
1364,464,54,1.0
1364,464,311,1.0
1365,465,238,1.0
1365,465,275,1.0
1366,465,57,1.0
1366,465,54,1.0
1366,465,275,1.0
1367,465,244,1.0
1367,465,277,1.0
1368,466,57,1.0
1368,466,64,1.0
1369,466,244,1.0
1369,466,135,1.0
1370,466,57,1.0
1370,466,62,1.0
1370,466,135,1.0
1371,467,87,1.0
1371,467,84,1.0
1371,467,382,1.0
1372,467,87,1.0
1372,467,88,1.0
1372,467,152,1.0
1373,467,240,1.0
1373,467,159,1.0
1373,467,152,1.0
1374,468,238,1.0
1374,468,458,1.0
1375,468,57,1.0
1375,468,54,1.0
1375,468,458,1.0
1376,468,238,1.0
1376,468,311,1.0
1376,468,306,1.0
1377,469,238,1.0
1377,469,311,1.0
1377,469,93,1.0
1378,469,238,1.0
1378,469,458,1.0
1378,469,95,1.0
1379,469,238,1.0
1379,469,215,1.0
1379,469,99,1.0
1380,470,238,1.0
1380,470,311,1.0
1380,470,93,1.0
1381,470,238,1.0
1381,470,458,1.0
1381,470,95,1.0
1382,470,238,1.0
1382,470,215,1.0
1382,470,99,1.0
1383,471,238,1.0
1383,471,311,1.0
1383,471,93,1.0
1384,471,238,1.0
1384,471,458,1.0
1384,471,95,1.0
1385,471,238,1.0
1385,471,215,1.0
1385,471,99,1.0
1386,472,238,1.0
1386,472,215,1.0
1386,472,212,1.0
1387,472,87,1.0
1387,472,84,1.0
1387,472,382,1.0
1387,472,409,1.0
1387,472,389,1.0
1388,472,238,1.0
1388,472,311,1.0
1388,472,207,1.0
1388,472,212,1.0
1389,472,57,1.0
1389,472,54,1.0
1389,472,215,1.0
1389,472,212,1.0
1390,473,238,1.0
1390,473,458,1.0
1390,473,460,1.0
1391,473,238,1.0
1391,473,275,1.0
1391,473,270,1.0
1391,473,438,1.0
1392,473,238,1.0
1392,473,443,1.0
1392,473,438,1.0
1393,473,57,1.0
1393,473,54,1.0
1393,473,458,1.0
1393,473,460,1.0
1394,474,238,1.0
1394,474,458,1.0
1394,474,460,1.0
1395,474,238,1.0
1395,474,275,1.0
1395,474,270,1.0
1395,474,438,1.0
1396,474,238,1.0
1396,474,443,1.0
1396,474,438,1.0
1397,474,57,1.0
1397,474,54,1.0
1397,474,458,1.0
1397,474,460,1.0
1398,475,238,1.0
1398,475,458,1.0
1398,475,460,1.0
1399,475,238,1.0
1399,475,275,1.0
1399,475,270,1.0
1399,475,438,1.0
1400,475,238,1.0
1400,475,443,1.0
1400,475,438,1.0
1401,475,57,1.0
1401,475,54,1.0
1401,475,458,1.0
1401,475,460,1.0
1402,476,238,1.0
1402,476,311,1.0
1402,476,203,1.0
1403,476,238,1.0
1403,476,215,1.0
1403,476,201,1.0
1404,476,238,1.0
1404,476,215,1.0
1404,476,206,1.0
1404,476,203,1.0
1405,477,238,1.0
1405,477,311,1.0
1405,477,203,1.0
1406,477,238,1.0
1406,477,215,1.0
1406,477,201,1.0
1407,477,238,1.0
1407,477,215,1.0
1407,477,206,1.0
1407,477,203,1.0
1408,478,238,1.0
1408,478,311,1.0
1408,478,203,1.0
1409,478,238,1.0
1409,478,215,1.0
1409,478,201,1.0
1410,478,238,1.0
1410,478,215,1.0
1410,478,206,1.0
1410,478,203,1.0
1411,479,218,1.0
1412,479,216,1.0
1412,479,410,1.0
1413,479,220,1.0
1413,479,453,1.0
1414,480,218,1.0
1415,480,216,1.0
1415,480,410,1.0
1416,480,220,1.0
1416,480,453,1.0
1417,481,218,1.0
1418,481,216,1.0
1418,481,410,1.0
1419,481,220,1.0
1419,481,453,1.0
1420,482,218,1.0
1421,482,216,1.0
1421,482,410,1.0
1422,482,220,1.0
1422,482,453,1.0
1423,483,218,1.0
1423,483,359,1.0
1424,483,216,1.0
1424,483,361,1.0
1425,483,216,1.0
1425,483,410,1.0
1425,483,359,1.0
1426,484,220,1.0
1426,484,427,1.0
1426,484,185,1.0
1427,484,216,1.0
1427,484,412,1.0
1427,484,427,1.0
1427,484,185,1.0
1428,484,218,1.0
1428,484,452,1.0
1428,484,427,1.0
1428,484,185,1.0
1429,485,220,1.0
1429,485,427,1.0
1429,485,185,1.0
1430,485,216,1.0
1430,485,412,1.0
1430,485,427,1.0
1430,485,185,1.0
1431,485,218,1.0
1431,485,452,1.0
1431,485,427,1.0
1431,485,185,1.0
1432,486,220,1.0
1432,486,427,1.0
1433,486,216,1.0
1433,486,412,1.0
1433,486,427,1.0
1434,486,218,1.0
1434,486,452,1.0
1434,486,427,1.0
1435,487,218,1.0
1435,487,303,1.0
1435,487,33,1.0
1436,487,216,1.0
1436,487,410,1.0
1436,487,303,1.0
1436,487,33,1.0
1437,487,218,1.0
1437,487,141,1.0
1437,487,148,1.0
1437,487,33,1.0
1438,488,218,1.0
1438,488,303,1.0
1438,488,300,1.0
1439,488,216,1.0
1439,488,410,1.0
1439,488,303,1.0
1439,488,300,1.0
1440,488,218,1.0
1440,488,141,1.0
1440,488,148,1.0
1440,488,300,1.0
1441,489,220,1.0
1441,489,427,1.0
1441,489,430,1.0
1442,489,220,1.0
1442,489,427,1.0
1442,489,185,1.0
1442,489,186,1.0
1443,489,216,1.0
1443,489,412,1.0
1443,489,427,1.0
1443,489,430,1.0
1444,490,220,1.0
1444,490,427,1.0
1444,490,430,1.0
1445,490,220,1.0
1445,490,427,1.0
1445,490,185,1.0
1445,490,186,1.0
1446,490,216,1.0
1446,490,412,1.0
1446,490,427,1.0
1446,490,430,1.0
1447,491,218,1.0
1447,491,303,1.0
1447,491,304,1.0
1448,491,216,1.0
1448,491,410,1.0
1448,491,303,1.0
1448,491,304,1.0
1449,491,218,1.0
1449,491,141,1.0
1449,491,148,1.0
1449,491,304,1.0
1450,492,220,1.0
1450,492,427,1.0
1450,492,432,1.0
1451,492,220,1.0
1451,492,427,1.0
1451,492,434,1.0
1451,492,451,1.0
1452,492,220,1.0
1452,492,427,1.0
1452,492,185,1.0
1452,492,192,1.0
1453,493,220,1.0
1453,493,427,1.0
1453,493,432,1.0
1454,493,220,1.0
1454,493,427,1.0
1454,493,434,1.0
1454,493,451,1.0
1455,493,220,1.0
1455,493,427,1.0
1455,493,185,1.0
1455,493,192,1.0
1456,494,220,1.0
1456,494,427,1.0
1456,494,432,1.0
1457,494,220,1.0
1457,494,427,1.0
1457,494,434,1.0
1457,494,451,1.0
1458,494,220,1.0
1458,494,427,1.0
1458,494,185,1.0
1458,494,192,1.0
1459,495,218,1.0
1459,495,359,1.0
1459,495,362,1.0
1459,495,405,1.0
1460,495,216,1.0
1460,495,361,1.0
1460,495,362,1.0
1460,495,405,1.0
1461,495,216,1.0
1461,495,410,1.0
1461,495,359,1.0
1461,495,362,1.0
1461,495,405,1.0
1462,496,218,1.0
1462,496,359,1.0
1462,496,362,1.0
1462,496,405,1.0
1463,496,216,1.0
1463,496,361,1.0
1463,496,362,1.0
1463,496,405,1.0
1464,496,216,1.0
1464,496,410,1.0
1464,496,359,1.0
1464,496,362,1.0
1464,496,405,1.0
1465,497,218,1.0
1465,497,359,1.0
1465,497,362,1.0
1465,497,405,1.0
1466,497,216,1.0
1466,497,361,1.0
1466,497,362,1.0
1466,497,405,1.0
1467,497,216,1.0
1467,497,410,1.0
1467,497,359,1.0
1467,497,362,1.0
1467,497,405,1.0
1468,498,218,1.0
1468,498,359,1.0
1468,498,362,1.0
1468,498,405,1.0
1469,498,216,1.0
1469,498,361,1.0
1469,498,362,1.0
1469,498,405,1.0
1470,498,216,1.0
1470,498,410,1.0
1470,498,359,1.0
1470,498,362,1.0
1470,498,405,1.0
1472,500,93,1.0
1473,500,207,1.0
1473,500,99,1.0
1474,500,306,1.0
1474,500,95,1.0
1475,501,93,1.0
1476,501,207,1.0
1476,501,99,1.0
1477,501,306,1.0
1477,501,95,1.0
1478,502,93,1.0
1479,502,207,1.0
1479,502,99,1.0
1480,502,306,1.0
1480,502,95,1.0
1481,503,306,1.0
1482,503,207,1.0
1482,503,208,1.0
1483,503,93,1.0
1483,503,94,1.0
1484,504,203,1.0
1485,504,207,1.0
1485,504,201,1.0
1486,504,93,1.0
1486,504,96,1.0
1487,505,203,1.0
1488,505,207,1.0
1488,505,201,1.0
1489,505,93,1.0
1489,505,96,1.0
1490,506,203,1.0
1491,506,207,1.0
1491,506,201,1.0
1492,506,93,1.0
1492,506,96,1.0
1493,507,308,1.0
1494,507,306,1.0
1494,507,460,1.0
1495,507,207,1.0
1495,507,208,1.0
1495,507,460,1.0
1496,508,308,1.0
1497,508,306,1.0
1497,508,460,1.0
1498,508,207,1.0
1498,508,208,1.0
1498,508,460,1.0
1499,509,308,1.0
1500,509,306,1.0
1500,509,460,1.0
1501,509,207,1.0
1501,509,208,1.0
1501,509,460,1.0
1502,510,203,1.0
1502,510,51,1.0
1503,510,207,1.0
1503,510,201,1.0
1503,510,51,1.0
1504,510,93,1.0
1504,510,43,1.0
1505,511,310,1.0
1506,511,207,1.0
1506,511,214,1.0
1507,511,306,1.0
1507,511,459,1.0
1508,512,93,1.0
1508,512,102,1.0
1509,512,308,1.0
1509,512,415,1.0
1510,512,207,1.0
1510,512,99,1.0
1510,512,102,1.0
1511,513,207,1.0
1511,513,212,1.0
1512,513,207,1.0
1512,513,210,1.0
1512,513,372,1.0
1513,513,203,1.0
1513,513,51,1.0
1513,513,52,1.0
1514,514,310,1.0
1514,514,239,1.0
1514,514,87,1.0
1515,514,207,1.0
1515,514,214,1.0
1515,514,239,1.0
1515,514,87,1.0
1516,514,310,1.0
1516,514,55,1.0
1516,514,60,1.0
1517,515,310,1.0
1517,515,239,1.0
1518,515,207,1.0
1518,515,214,1.0
1518,515,239,1.0
1519,515,310,1.0
1519,515,55,1.0
1519,515,56,1.0
1520,516,308,1.0
1520,516,285,1.0
1521,516,310,1.0
1521,516,275,1.0
1521,516,272,1.0
1522,516,306,1.0
1522,516,287,1.0
1523,516,207,1.0
1523,516,208,1.0
1523,516,287,1.0
1524,517,310,1.0
1524,517,55,1.0
1525,517,207,1.0
1525,517,214,1.0
1525,517,55,1.0
1526,517,310,1.0
1526,517,239,1.0
1526,517,57,1.0
1527,518,310,1.0
1527,518,275,1.0
1528,518,207,1.0
1528,518,214,1.0
1528,518,275,1.0
1529,518,308,1.0
1529,518,279,1.0
1531,520,324,1.0
1532,520,127,1.0
1532,520,124,1.0
1533,520,320,1.0
1533,520,376,1.0
1534,521,324,1.0
1535,521,127,1.0
1535,521,124,1.0
1536,521,320,1.0
1536,521,376,1.0
1537,522,127,1.0
1538,522,324,1.0
1538,522,125,1.0
1539,522,320,1.0
1539,522,131,1.0
1540,523,320,1.0
1541,523,322,1.0
1541,523,375,1.0
1542,523,127,1.0
1542,523,130,1.0
1543,524,320,1.0
1544,524,322,1.0
1544,524,375,1.0
1545,524,127,1.0
1545,524,130,1.0
1546,525,322,1.0
1547,525,320,1.0
1547,525,374,1.0
1548,525,127,1.0
1548,525,132,1.0
1549,526,322,1.0
1550,526,320,1.0
1550,526,374,1.0
1551,526,127,1.0
1551,526,132,1.0
1552,527,173,1.0
1553,527,324,1.0
1553,527,171,1.0
1554,527,127,1.0
1554,527,124,1.0
1554,527,171,1.0
1555,528,320,1.0
1555,528,351,1.0
1556,528,322,1.0
1556,528,353,1.0
1557,528,127,1.0
1557,528,128,1.0
1558,529,320,1.0
1558,529,351,1.0
1559,529,322,1.0
1559,529,353,1.0
1560,529,127,1.0
1560,529,128,1.0
1561,530,127,1.0
1561,530,118,1.0
1562,530,324,1.0
1562,530,125,1.0
1562,530,118,1.0
1563,530,127,1.0
1563,530,122,1.0
1563,530,315,1.0
1564,531,173,1.0
1564,531,168,1.0
1565,531,324,1.0
1565,531,171,1.0
1565,531,168,1.0
1566,531,173,1.0
1566,531,162,1.0
1566,531,329,1.0
1567,532,173,1.0
1567,532,162,1.0
1568,532,324,1.0
1568,532,171,1.0
1568,532,162,1.0
1569,532,173,1.0
1569,532,168,1.0
1569,532,328,1.0
1570,533,173,1.0
1570,533,162,1.0
1571,533,324,1.0
1571,533,171,1.0
1571,533,162,1.0
1572,533,173,1.0
1572,533,168,1.0
1572,533,328,1.0
1573,534,173,1.0
1573,534,162,1.0
1574,534,324,1.0
1574,534,171,1.0
1574,534,162,1.0
1575,534,173,1.0
1575,534,168,1.0
1575,534,328,1.0
1576,535,324,1.0
1576,535,384,1.0
1576,535,394,1.0
1577,535,127,1.0
1577,535,120,1.0
1577,535,394,1.0
1578,535,127,1.0
1578,535,118,1.0
1578,535,316,1.0
1579,536,173,1.0
1579,536,164,1.0
1580,536,324,1.0
1580,536,171,1.0
1580,536,164,1.0
1581,536,173,1.0
1581,536,168,1.0
1581,536,267,1.0
1582,537,173,1.0
1582,537,164,1.0
1582,537,109,1.0
1583,537,324,1.0
1583,537,171,1.0
1583,537,164,1.0
1583,537,109,1.0
1584,537,173,1.0
1584,537,162,1.0
1584,537,113,1.0
1585,538,322,1.0
1585,538,454,1.0
1586,538,320,1.0
1586,538,374,1.0
1586,538,454,1.0
1587,538,320,1.0
1587,538,351,1.0
1587,538,356,1.0
1589,540,184,1.0
1590,540,186,1.0
1590,540,431,1.0
1591,540,188,1.0
1591,540,429,1.0
1592,541,186,1.0
1593,541,184,1.0
1593,541,430,1.0
1594,541,188,1.0
1594,541,446,1.0
1595,542,186,1.0
1596,542,184,1.0
1596,542,430,1.0
1597,542,188,1.0
1597,542,446,1.0
1598,543,188,1.0
1598,543,11,1.0
1599,543,184,1.0
1599,543,428,1.0
1599,543,11,1.0
1600,543,186,1.0
1600,543,23,1.0
1601,544,188,1.0
1601,544,11,1.0
1601,544,16,1.0
1602,544,184,1.0
1602,544,428,1.0
1602,544,11,1.0
1602,544,16,1.0
1603,544,186,1.0
1603,544,23,1.0
1603,544,16,1.0
1604,545,188,1.0
1604,545,11,1.0
1604,545,12,1.0
1605,545,184,1.0
1605,545,428,1.0
1605,545,11,1.0
1605,545,12,1.0
1606,545,186,1.0
1606,545,23,1.0
1606,545,12,1.0
1607,546,184,1.0
1607,546,426,1.0
1607,546,145,1.0
1607,546,148,1.0
1607,546,33,1.0
1608,546,184,1.0
1608,546,426,1.0
1608,546,453,1.0
1608,546,303,1.0
1608,546,33,1.0
1609,546,184,1.0
1609,546,426,1.0
1609,546,453,1.0
1609,546,141,1.0
1609,546,148,1.0
1609,546,33,1.0
1610,547,184,1.0
1610,547,426,1.0
1610,547,453,1.0
1611,547,184,1.0
1611,547,426,1.0
1611,547,413,1.0
1611,547,410,1.0
1612,547,184,1.0
1612,547,426,1.0
1612,547,145,1.0
1612,547,140,1.0
1613,548,184,1.0
1613,548,426,1.0
1613,548,453,1.0
1614,548,184,1.0
1614,548,426,1.0
1614,548,413,1.0
1614,548,410,1.0
1615,548,184,1.0
1615,548,426,1.0
1615,548,145,1.0
1615,548,140,1.0
1616,549,184,1.0
1616,549,426,1.0
1616,549,453,1.0
1617,549,184,1.0
1617,549,426,1.0
1617,549,413,1.0
1617,549,410,1.0
1618,549,184,1.0
1618,549,426,1.0
1618,549,145,1.0
1618,549,140,1.0
1619,550,184,1.0
1619,550,426,1.0
1619,550,453,1.0
1620,550,184,1.0
1620,550,426,1.0
1620,550,413,1.0
1620,550,410,1.0
1621,550,184,1.0
1621,550,426,1.0
1621,550,145,1.0
1621,550,140,1.0
1622,551,188,1.0
1622,551,11,1.0
1622,551,14,1.0
1623,551,184,1.0
1623,551,428,1.0
1623,551,11,1.0
1623,551,14,1.0
1624,551,188,1.0
1624,551,11,1.0
1624,551,16,1.0
1624,551,112,1.0
1625,552,188,1.0
1625,552,11,1.0
1625,552,14,1.0
1626,552,184,1.0
1626,552,428,1.0
1626,552,11,1.0
1626,552,14,1.0
1627,552,188,1.0
1627,552,11,1.0
1627,552,16,1.0
1627,552,112,1.0
1628,553,188,1.0
1628,553,11,1.0
1628,553,14,1.0
1629,553,184,1.0
1629,553,428,1.0
1629,553,11,1.0
1629,553,14,1.0
1630,553,188,1.0
1630,553,11,1.0
1630,553,16,1.0
1630,553,112,1.0
1631,554,184,1.0
1631,554,426,1.0
1631,554,221,1.0
1632,554,184,1.0
1632,554,426,1.0
1632,554,413,1.0
1632,554,217,1.0
1633,554,184,1.0
1633,554,426,1.0
1633,554,453,1.0
1633,554,219,1.0
1634,555,192,1.0
1635,555,190,1.0
1635,555,451,1.0
1636,555,184,1.0
1636,555,432,1.0
1637,556,192,1.0
1638,556,190,1.0
1638,556,451,1.0
1639,556,184,1.0
1639,556,432,1.0
1640,557,192,1.0
1641,557,190,1.0
1641,557,451,1.0
1642,557,184,1.0
1642,557,432,1.0
1643,558,188,1.0
1643,558,11,1.0
1643,558,12,1.0
1643,558,266,1.0
1644,558,188,1.0
1644,558,11,1.0
1644,558,14,1.0
1644,558,329,1.0
1645,558,184,1.0
1645,558,428,1.0
1645,558,11,1.0
1645,558,12,1.0
1645,558,266,1.0
1648,561,51,1.0
1649,561,97,1.0
1649,561,43,1.0
1650,561,194,1.0
1650,561,45,1.0
1651,562,97,1.0
1652,562,51,1.0
1652,562,42,1.0
1653,562,196,1.0
1653,562,95,1.0
1654,563,97,1.0
1655,563,51,1.0
1655,563,42,1.0
1656,563,196,1.0
1656,563,95,1.0
1657,564,97,1.0
1658,564,51,1.0
1658,564,42,1.0
1659,564,196,1.0
1659,564,95,1.0
1660,565,196,1.0
1661,565,51,1.0
1661,565,48,1.0
1662,565,97,1.0
1662,565,94,1.0
1663,566,198,1.0
1664,566,51,1.0
1664,566,46,1.0
1665,566,204,1.0
1665,566,415,1.0
1666,567,204,1.0
1667,567,196,1.0
1667,567,460,1.0
1668,567,51,1.0
1668,567,48,1.0
1668,567,460,1.0
1669,568,204,1.0
1670,568,196,1.0
1670,568,460,1.0
1671,568,51,1.0
1671,568,48,1.0
1671,568,460,1.0
1672,569,204,1.0
1673,569,196,1.0
1673,569,460,1.0
1674,569,51,1.0
1674,569,48,1.0
1674,569,460,1.0
1675,570,202,1.0
1676,570,200,1.0
1676,570,206,1.0
1677,570,97,1.0
1677,570,92,1.0
1678,571,202,1.0
1679,571,200,1.0
1679,571,206,1.0
1680,571,97,1.0
1680,571,92,1.0
1681,572,51,1.0
1681,572,52,1.0
1682,572,194,1.0
1682,572,372,1.0
1683,572,51,1.0
1683,572,44,1.0
1683,572,372,1.0
1684,573,198,1.0
1684,573,395,1.0
1684,573,385,1.0
1684,573,171,1.0
1684,573,168,1.0
1685,573,51,1.0
1685,573,46,1.0
1685,573,395,1.0
1685,573,385,1.0
1685,573,171,1.0
1685,573,168,1.0
1686,573,204,1.0
1686,573,397,1.0
1686,573,385,1.0
1686,573,171,1.0
1686,573,168,1.0
1687,574,198,1.0
1687,574,395,1.0
1687,574,385,1.0
1687,574,171,1.0
1687,574,162,1.0
1688,574,51,1.0
1688,574,46,1.0
1688,574,395,1.0
1688,574,385,1.0
1688,574,171,1.0
1688,574,162,1.0
1689,574,204,1.0
1689,574,397,1.0
1689,574,385,1.0
1689,574,171,1.0
1689,574,162,1.0
1690,575,198,1.0
1690,575,395,1.0
1690,575,385,1.0
1690,575,171,1.0
1690,575,162,1.0
1691,575,51,1.0
1691,575,46,1.0
1691,575,395,1.0
1691,575,385,1.0
1691,575,171,1.0
1691,575,162,1.0
1692,575,204,1.0
1692,575,397,1.0
1692,575,385,1.0
1692,575,171,1.0
1692,575,162,1.0
1693,576,198,1.0
1693,576,395,1.0
1693,576,385,1.0
1693,576,171,1.0
1693,576,162,1.0
1694,576,51,1.0
1694,576,46,1.0
1694,576,395,1.0
1694,576,385,1.0
1694,576,171,1.0
1694,576,162,1.0
1695,576,204,1.0
1695,576,397,1.0
1695,576,385,1.0
1695,576,171,1.0
1695,576,162,1.0
1696,577,202,1.0
1696,577,310,1.0
1697,577,200,1.0
1697,577,214,1.0
1698,577,202,1.0
1698,577,207,1.0
1698,577,214,1.0
1699,578,198,1.0
1699,578,395,1.0
1699,578,385,1.0
1699,578,171,1.0
1700,578,51,1.0
1700,578,46,1.0
1700,578,395,1.0
1700,578,385,1.0
1700,578,171,1.0
1701,578,204,1.0
1701,578,397,1.0
1701,578,385,1.0
1701,578,171,1.0
1704,581,329,1.0
1705,581,386,1.0
1705,581,327,1.0
1706,581,263,1.0
1706,581,266,1.0
1707,582,263,1.0
1708,582,329,1.0
1708,582,267,1.0
1709,582,113,1.0
1709,582,108,1.0
1710,583,163,1.0
1711,583,329,1.0
1711,583,169,1.0
1712,583,386,1.0
1712,583,167,1.0
1713,584,113,1.0
1714,584,263,1.0
1714,584,109,1.0
1715,584,329,1.0
1715,584,111,1.0
1716,585,15,1.0
1717,585,113,1.0
1717,585,17,1.0
1718,585,263,1.0
1718,585,13,1.0
1719,586,163,1.0
1719,586,170,1.0
1719,586,384,1.0
1719,586,394,1.0
1719,586,47,1.0
1720,586,329,1.0
1720,586,169,1.0
1720,586,170,1.0
1720,586,384,1.0
1720,586,394,1.0
1720,586,47,1.0
1721,586,163,1.0
1721,586,170,1.0
1721,586,384,1.0
1721,586,394,1.0
1721,586,199,1.0
1721,586,51,1.0
1722,587,163,1.0
1722,587,170,1.0
1723,587,329,1.0
1723,587,169,1.0
1723,587,170,1.0
1724,587,386,1.0
1724,587,167,1.0
1724,587,170,1.0
1725,588,163,1.0
1725,588,170,1.0
1726,588,329,1.0
1726,588,169,1.0
1726,588,170,1.0
1727,588,386,1.0
1727,588,167,1.0
1727,588,170,1.0
1728,589,163,1.0
1728,589,170,1.0
1728,589,384,1.0
1728,589,394,1.0
1728,589,199,1.0
1729,589,163,1.0
1729,589,170,1.0
1729,589,384,1.0
1729,589,394,1.0
1729,589,47,1.0
1729,589,50,1.0
1730,589,163,1.0
1730,589,170,1.0
1730,589,384,1.0
1730,589,396,1.0
1730,589,205,1.0
1731,590,163,1.0
1731,590,170,1.0
1731,590,384,1.0
1731,590,394,1.0
1731,590,199,1.0
1732,590,163,1.0
1732,590,170,1.0
1732,590,384,1.0
1732,590,394,1.0
1732,590,47,1.0
1732,590,50,1.0
1733,590,163,1.0
1733,590,170,1.0
1733,590,384,1.0
1733,590,396,1.0
1733,590,205,1.0
1734,591,163,1.0
1734,591,170,1.0
1734,591,384,1.0
1734,591,394,1.0
1734,591,199,1.0
1735,591,163,1.0
1735,591,170,1.0
1735,591,384,1.0
1735,591,394,1.0
1735,591,47,1.0
1735,591,50,1.0
1736,591,163,1.0
1736,591,170,1.0
1736,591,384,1.0
1736,591,396,1.0
1736,591,205,1.0
1737,592,163,1.0
1737,592,170,1.0
1737,592,384,1.0
1737,592,394,1.0
1738,592,329,1.0
1738,592,169,1.0
1738,592,170,1.0
1738,592,384,1.0
1738,592,394,1.0
1739,592,163,1.0
1739,592,170,1.0
1739,592,125,1.0
1739,592,120,1.0
1739,592,394,1.0
1740,593,163,1.0
1740,593,172,1.0
1741,593,163,1.0
1741,593,170,1.0
1741,593,325,1.0
1742,593,329,1.0
1742,593,169,1.0
1742,593,172,1.0
1743,594,163,1.0
1743,594,172,1.0
1744,594,163,1.0
1744,594,170,1.0
1744,594,325,1.0
1745,594,329,1.0
1745,594,169,1.0
1745,594,172,1.0
1746,595,15,1.0
1746,595,22,1.0
1747,595,113,1.0
1747,595,17,1.0
1747,595,22,1.0
1748,595,263,1.0
1748,595,13,1.0
1748,595,22,1.0
1749,596,15,1.0
1749,596,22,1.0
1750,596,113,1.0
1750,596,17,1.0
1750,596,22,1.0
1751,596,263,1.0
1751,596,13,1.0
1751,596,22,1.0
1752,597,163,1.0
1752,597,170,1.0
1752,597,384,1.0
1752,597,394,1.0
1752,597,47,1.0
1752,597,52,1.0
1753,597,15,1.0
1753,597,10,1.0
1753,597,429,1.0
1753,597,426,1.0
1753,597,145,1.0
1753,597,148,1.0
1753,597,300,1.0
1753,597,389,1.0
1754,597,329,1.0
1754,597,169,1.0
1754,597,170,1.0
1754,597,384,1.0
1754,597,394,1.0
1754,597,47,1.0
1754,597,52,1.0
1755,597,163,1.0
1755,597,170,1.0
1755,597,384,1.0
1755,597,394,1.0
1755,597,199,1.0
1755,597,51,1.0
1755,597,52,1.0
1756,598,163,1.0
1756,598,170,1.0
1756,598,384,1.0
1756,598,394,1.0
1756,598,103,1.0
1757,598,329,1.0
1757,598,169,1.0
1757,598,170,1.0
1757,598,384,1.0
1757,598,394,1.0
1757,598,103,1.0
1758,598,163,1.0
1758,598,170,1.0
1758,598,384,1.0
1758,598,396,1.0
1758,598,107,1.0
1761,601,51,1.0
1762,601,97,1.0
1762,601,43,1.0
1763,601,194,1.0
1763,601,45,1.0
1764,602,97,1.0
1765,602,51,1.0
1765,602,42,1.0
1766,602,196,1.0
1766,602,95,1.0
1767,603,97,1.0
1768,603,51,1.0
1768,603,42,1.0
1769,603,196,1.0
1769,603,95,1.0
1770,604,97,1.0
1771,604,51,1.0
1771,604,42,1.0
1772,604,196,1.0
1772,604,95,1.0
1773,605,196,1.0
1774,605,51,1.0
1774,605,48,1.0
1775,605,97,1.0
1775,605,94,1.0
1776,606,198,1.0
1777,606,51,1.0
1777,606,46,1.0
1778,606,204,1.0
1778,606,415,1.0
1779,607,204,1.0
1780,607,196,1.0
1780,607,460,1.0
1781,607,51,1.0
1781,607,48,1.0
1781,607,460,1.0
1782,608,204,1.0
1783,608,196,1.0
1783,608,460,1.0
1784,608,51,1.0
1784,608,48,1.0
1784,608,460,1.0
1785,609,204,1.0
1786,609,196,1.0
1786,609,460,1.0
1787,609,51,1.0
1787,609,48,1.0
1787,609,460,1.0
1788,610,202,1.0
1789,610,200,1.0
1789,610,206,1.0
1790,610,97,1.0
1790,610,92,1.0
1791,611,202,1.0
1792,611,200,1.0
1792,611,206,1.0
1793,611,97,1.0
1793,611,92,1.0
1794,612,51,1.0
1794,612,52,1.0
1795,612,194,1.0
1795,612,372,1.0
1796,612,51,1.0
1796,612,44,1.0
1796,612,372,1.0
1797,613,198,1.0
1797,613,395,1.0
1797,613,385,1.0
1797,613,171,1.0
1797,613,168,1.0
1798,613,51,1.0
1798,613,46,1.0
1798,613,395,1.0
1798,613,385,1.0
1798,613,171,1.0
1798,613,168,1.0
1799,613,204,1.0
1799,613,397,1.0
1799,613,385,1.0
1799,613,171,1.0
1799,613,168,1.0
1800,614,198,1.0
1800,614,395,1.0
1800,614,385,1.0
1800,614,171,1.0
1800,614,162,1.0
1801,614,51,1.0
1801,614,46,1.0
1801,614,395,1.0
1801,614,385,1.0
1801,614,171,1.0
1801,614,162,1.0
1802,614,204,1.0
1802,614,397,1.0
1802,614,385,1.0
1802,614,171,1.0
1802,614,162,1.0
1803,615,198,1.0
1803,615,395,1.0
1803,615,385,1.0
1803,615,171,1.0
1803,615,162,1.0
1804,615,51,1.0
1804,615,46,1.0
1804,615,395,1.0
1804,615,385,1.0
1804,615,171,1.0
1804,615,162,1.0
1805,615,204,1.0
1805,615,397,1.0
1805,615,385,1.0
1805,615,171,1.0
1805,615,162,1.0
1806,616,198,1.0
1806,616,395,1.0
1806,616,385,1.0
1806,616,171,1.0
1806,616,162,1.0
1807,616,51,1.0
1807,616,46,1.0
1807,616,395,1.0
1807,616,385,1.0
1807,616,171,1.0
1807,616,162,1.0
1808,616,204,1.0
1808,616,397,1.0
1808,616,385,1.0
1808,616,171,1.0
1808,616,162,1.0
1809,617,202,1.0
1809,617,310,1.0
1810,617,200,1.0
1810,617,214,1.0
1811,617,202,1.0
1811,617,207,1.0
1811,617,214,1.0
1812,618,198,1.0
1812,618,395,1.0
1812,618,385,1.0
1812,618,171,1.0
1813,618,51,1.0
1813,618,46,1.0
1813,618,395,1.0
1813,618,385,1.0
1813,618,171,1.0
1814,618,204,1.0
1814,618,397,1.0
1814,618,385,1.0
1814,618,171,1.0
1816,620,325,1.0
1817,620,125,1.0
1817,620,126,1.0
1818,620,377,1.0
1818,620,321,1.0
1819,621,325,1.0
1820,621,125,1.0
1820,621,126,1.0
1821,621,377,1.0
1821,621,321,1.0
1822,622,125,1.0
1823,622,325,1.0
1823,622,127,1.0
1824,622,384,1.0
1824,622,121,1.0
1825,623,171,1.0
1826,623,325,1.0
1826,623,173,1.0
1827,623,125,1.0
1827,623,126,1.0
1827,623,173,1.0
1828,624,377,1.0
1829,624,325,1.0
1829,624,320,1.0
1830,624,125,1.0
1830,624,130,1.0
1831,625,377,1.0
1832,625,325,1.0
1832,625,320,1.0
1833,625,125,1.0
1833,625,130,1.0
1834,626,171,1.0
1834,626,168,1.0
1835,626,171,1.0
1835,626,162,1.0
1835,626,329,1.0
1836,626,171,1.0
1836,626,164,1.0
1836,626,266,1.0
1837,627,325,1.0
1837,627,322,1.0
1838,627,377,1.0
1838,627,374,1.0
1839,627,325,1.0
1839,627,320,1.0
1839,627,374,1.0
1840,628,325,1.0
1840,628,322,1.0
1841,628,377,1.0
1841,628,374,1.0
1842,628,325,1.0
1842,628,320,1.0
1842,628,374,1.0
1843,629,125,1.0
1843,629,118,1.0
1844,629,384,1.0
1844,629,319,1.0
1845,629,325,1.0
1845,629,127,1.0
1845,629,118,1.0
1846,630,171,1.0
1846,630,162,1.0
1847,630,171,1.0
1847,630,168,1.0
1847,630,328,1.0
1848,630,171,1.0
1848,630,166,1.0
1848,630,387,1.0
1849,631,171,1.0
1849,631,162,1.0
1850,631,171,1.0
1850,631,168,1.0
1850,631,328,1.0
1851,631,171,1.0
1851,631,166,1.0
1851,631,387,1.0
1852,632,171,1.0
1852,632,162,1.0
1853,632,171,1.0
1853,632,168,1.0
1853,632,328,1.0
1854,632,171,1.0
1854,632,166,1.0
1854,632,387,1.0
1855,633,384,1.0
1855,633,394,1.0
1856,633,125,1.0
1856,633,120,1.0
1856,633,394,1.0
1857,633,384,1.0
1857,633,396,1.0
1857,633,415,1.0
1858,634,377,1.0
1858,634,351,1.0
1859,634,125,1.0
1859,634,128,1.0
1860,634,325,1.0
1860,634,320,1.0
1860,634,351,1.0
1861,635,377,1.0
1861,635,351,1.0
1862,635,125,1.0
1862,635,128,1.0
1863,635,325,1.0
1863,635,320,1.0
1863,635,351,1.0
1864,636,171,1.0
1864,636,164,1.0
1865,636,171,1.0
1865,636,168,1.0
1865,636,267,1.0
1866,636,171,1.0
1866,636,162,1.0
1866,636,263,1.0
1867,637,171,1.0
1867,637,164,1.0
1867,637,109,1.0
1868,637,171,1.0
1868,637,162,1.0
1868,637,113,1.0
1869,637,171,1.0
1869,637,168,1.0
1869,637,111,1.0
1870,638,384,1.0
1870,638,394,1.0
1870,638,47,1.0
1871,638,384,1.0
1871,638,394,1.0
1871,638,199,1.0
1871,638,51,1.0
1872,638,384,1.0
1872,638,396,1.0
1872,638,205,1.0
1872,638,51,1.0
1873,639,50,1.0
1874,639,42,1.0
1874,639,96,1.0
1875,639,44,1.0
1875,639,195,1.0
1876,640,50,1.0
1877,640,42,1.0
1877,640,96,1.0
1878,640,44,1.0
1878,640,195,1.0
1879,641,50,1.0
1880,641,42,1.0
1880,641,96,1.0
1881,641,44,1.0
1881,641,195,1.0
1882,642,42,1.0
1883,642,50,1.0
1883,642,97,1.0
1884,642,48,1.0
1884,642,95,1.0
1885,643,42,1.0
1886,643,50,1.0
1886,643,97,1.0
1887,643,48,1.0
1887,643,95,1.0
1888,644,42,1.0
1889,644,50,1.0
1889,644,97,1.0
1890,644,48,1.0
1890,644,95,1.0
1891,645,46,1.0
1892,645,50,1.0
1892,645,198,1.0
1893,645,50,1.0
1893,645,204,1.0
1893,645,415,1.0
1894,646,48,1.0
1895,646,50,1.0
1895,646,196,1.0
1896,646,42,1.0
1896,646,94,1.0
1897,647,50,1.0
1897,647,204,1.0
1898,647,48,1.0
1898,647,460,1.0
1899,647,46,1.0
1899,647,414,1.0
1900,648,50,1.0
1900,648,204,1.0
1901,648,48,1.0
1901,648,460,1.0
1902,648,46,1.0
1902,648,414,1.0
1903,649,50,1.0
1903,649,204,1.0
1904,649,48,1.0
1904,649,460,1.0
1905,649,46,1.0
1905,649,414,1.0
1906,650,50,1.0
1906,650,202,1.0
1907,650,50,1.0
1907,650,200,1.0
1907,650,206,1.0
1908,650,42,1.0
1908,650,92,1.0
1909,651,50,1.0
1909,651,202,1.0
1910,651,50,1.0
1910,651,200,1.0
1910,651,206,1.0
1911,651,42,1.0
1911,651,92,1.0
1912,652,52,1.0
1913,652,44,1.0
1913,652,372,1.0
1914,652,50,1.0
1914,652,194,1.0
1914,652,372,1.0
1915,653,46,1.0
1915,653,395,1.0
1915,653,385,1.0
1915,653,171,1.0
1915,653,168,1.0
1916,653,50,1.0
1916,653,198,1.0
1916,653,395,1.0
1916,653,385,1.0
1916,653,171,1.0
1916,653,168,1.0
1917,653,46,1.0
1917,653,395,1.0
1917,653,385,1.0
1917,653,171,1.0
1917,653,162,1.0
1917,653,329,1.0
1918,654,46,1.0
1918,654,395,1.0
1918,654,385,1.0
1918,654,171,1.0
1918,654,162,1.0
1919,654,46,1.0
1919,654,395,1.0
1919,654,385,1.0
1919,654,171,1.0
1919,654,168,1.0
1919,654,328,1.0
1920,654,50,1.0
1920,654,198,1.0
1920,654,395,1.0
1920,654,385,1.0
1920,654,171,1.0
1920,654,162,1.0
1921,655,46,1.0
1921,655,395,1.0
1921,655,385,1.0
1921,655,171,1.0
1921,655,162,1.0
1922,655,46,1.0
1922,655,395,1.0
1922,655,385,1.0
1922,655,171,1.0
1922,655,168,1.0
1922,655,328,1.0
1923,655,50,1.0
1923,655,198,1.0
1923,655,395,1.0
1923,655,385,1.0
1923,655,171,1.0
1923,655,162,1.0
1924,656,46,1.0
1924,656,395,1.0
1924,656,385,1.0
1924,656,171,1.0
1924,656,162,1.0
1925,656,46,1.0
1925,656,395,1.0
1925,656,385,1.0
1925,656,171,1.0
1925,656,168,1.0
1925,656,328,1.0
1926,656,50,1.0
1926,656,198,1.0
1926,656,395,1.0
1926,656,385,1.0
1926,656,171,1.0
1926,656,162,1.0
1927,657,46,1.0
1927,657,395,1.0
1927,657,385,1.0
1927,657,171,1.0
1928,657,50,1.0
1928,657,198,1.0
1928,657,395,1.0
1928,657,385,1.0
1928,657,171,1.0
1929,657,50,1.0
1929,657,204,1.0
1929,657,397,1.0
1929,657,385,1.0
1929,657,171,1.0
1930,658,48,1.0
1930,658,459,1.0
1931,658,50,1.0
1931,658,202,1.0
1931,658,310,1.0
1932,658,50,1.0
1932,658,200,1.0
1932,658,214,1.0
1934,660,431,1.0
1935,660,187,1.0
1935,660,184,1.0
1936,660,447,1.0
1936,660,429,1.0
1937,661,187,1.0
1938,661,431,1.0
1938,661,185,1.0
1939,661,447,1.0
1939,661,189,1.0
1940,662,187,1.0
1941,662,431,1.0
1941,662,185,1.0
1942,662,447,1.0
1942,662,189,1.0
1943,663,23,1.0
1944,663,447,1.0
1944,663,11,1.0
1945,663,431,1.0
1945,663,428,1.0
1945,663,11,1.0
1946,664,23,1.0
1946,664,16,1.0
1947,664,447,1.0
1947,664,11,1.0
1947,664,16,1.0
1948,664,23,1.0
1948,664,12,1.0
1948,664,109,1.0
1949,665,23,1.0
1949,665,12,1.0
1950,665,23,1.0
1950,665,16,1.0
1950,665,108,1.0
1951,665,447,1.0
1951,665,11,1.0
1951,665,12,1.0
1952,666,23,1.0
1952,666,14,1.0
1953,666,23,1.0
1953,666,16,1.0
1953,666,112,1.0
1954,666,23,1.0
1954,666,12,1.0
1954,666,262,1.0
1955,667,23,1.0
1955,667,14,1.0
1956,667,23,1.0
1956,667,16,1.0
1956,667,112,1.0
1957,667,23,1.0
1957,667,12,1.0
1957,667,262,1.0
1958,668,23,1.0
1958,668,14,1.0
1959,668,23,1.0
1959,668,16,1.0
1959,668,112,1.0
1960,668,23,1.0
1960,668,12,1.0
1960,668,262,1.0
1961,669,431,1.0
1961,669,426,1.0
1961,669,145,1.0
1961,669,148,1.0
1961,669,33,1.0
1962,669,187,1.0
1962,669,184,1.0
1962,669,426,1.0
1962,669,145,1.0
1962,669,148,1.0
1962,669,33,1.0
1963,669,431,1.0
1963,669,426,1.0
1963,669,453,1.0
1963,669,303,1.0
1963,669,33,1.0
1964,670,23,1.0
1964,670,12,1.0
1964,670,266,1.0
1965,670,23,1.0
1965,670,14,1.0
1965,670,329,1.0
1966,670,23,1.0
1966,670,16,1.0
1966,670,110,1.0
1967,671,23,1.0
1967,671,12,1.0
1967,671,165,1.0
1968,671,23,1.0
1968,671,16,1.0
1968,671,108,1.0
1968,671,165,1.0
1969,671,447,1.0
1969,671,11,1.0
1969,671,12,1.0
1969,671,165,1.0
1970,672,431,1.0
1970,672,426,1.0
1970,672,145,1.0
1970,672,148,1.0
1970,672,33,1.0
1970,672,36,1.0
1971,672,431,1.0
1971,672,426,1.0
1971,672,145,1.0
1971,672,148,1.0
1971,672,300,1.0
1971,672,389,1.0
1972,672,187,1.0
1972,672,184,1.0
1972,672,426,1.0
1972,672,145,1.0
1972,672,148,1.0
1972,672,33,1.0
1972,672,36,1.0
1973,673,431,1.0
1973,673,426,1.0
1973,673,453,1.0
1974,673,187,1.0
1974,673,184,1.0
1974,673,426,1.0
1974,673,453,1.0
1975,673,431,1.0
1975,673,426,1.0
1975,673,413,1.0
1975,673,410,1.0
1976,674,431,1.0
1976,674,426,1.0
1976,674,453,1.0
1977,674,187,1.0
1977,674,184,1.0
1977,674,426,1.0
1977,674,453,1.0
1978,674,431,1.0
1978,674,426,1.0
1978,674,413,1.0
1978,674,410,1.0
1979,675,431,1.0
1979,675,426,1.0
1979,675,453,1.0
1980,675,187,1.0
1980,675,184,1.0
1980,675,426,1.0
1980,675,453,1.0
1981,675,431,1.0
1981,675,426,1.0
1981,675,413,1.0
1981,675,410,1.0
1982,676,431,1.0
1982,676,426,1.0
1982,676,453,1.0
1983,676,187,1.0
1983,676,184,1.0
1983,676,426,1.0
1983,676,453,1.0
1984,676,431,1.0
1984,676,426,1.0
1984,676,413,1.0
1984,676,410,1.0
1985,677,431,1.0
1985,677,426,1.0
1985,677,145,1.0
1985,677,148,1.0
1985,677,300,1.0
1986,677,431,1.0
1986,677,426,1.0
1986,677,145,1.0
1986,677,150,1.0
1986,677,407,1.0
1987,677,187,1.0
1987,677,184,1.0
1987,677,426,1.0
1987,677,145,1.0
1987,677,148,1.0
1987,677,300,1.0
1988,678,23,1.0
1988,678,12,1.0
1988,678,165,1.0
1988,678,170,1.0
1988,678,384,1.0
1988,678,394,1.0
1988,678,47,1.0
1989,678,23,1.0
1989,678,16,1.0
1989,678,108,1.0
1989,678,165,1.0
1989,678,170,1.0
1989,678,384,1.0
1989,678,394,1.0
1989,678,47,1.0
1990,678,23,1.0
1990,678,12,1.0
1990,678,165,1.0
1990,678,170,1.0
1990,678,384,1.0
1990,678,394,1.0
1990,678,199,1.0
1990,678,51,1.0
1993,681,94,1.0
1994,681,106,1.0
1994,681,461,1.0
1995,681,92,1.0
1995,681,306,1.0
1996,682,92,1.0
1997,682,98,1.0
1997,682,206,1.0
1998,682,94,1.0
1998,682,307,1.0
1999,683,92,1.0
2000,683,98,1.0
2000,683,206,1.0
2001,683,94,1.0
2001,683,307,1.0
2002,684,96,1.0
2003,684,43,1.0
2003,684,50,1.0
2004,684,94,1.0
2004,684,197,1.0
2005,685,96,1.0
2006,685,43,1.0
2006,685,50,1.0
2007,685,94,1.0
2007,685,197,1.0
2008,686,96,1.0
2009,686,43,1.0
2009,686,50,1.0
2010,686,94,1.0
2010,686,197,1.0
2011,687,43,1.0
2012,687,96,1.0
2012,687,51,1.0
2013,687,94,1.0
2013,687,49,1.0
2014,688,106,1.0
2015,688,94,1.0
2015,688,460,1.0
2016,688,102,1.0
2016,688,414,1.0
2017,689,106,1.0
2018,689,94,1.0
2018,689,460,1.0
2019,689,102,1.0
2019,689,414,1.0
2020,690,106,1.0
2021,690,94,1.0
2021,690,460,1.0
2022,690,102,1.0
2022,690,414,1.0
2023,691,102,1.0
2024,691,94,1.0
2024,691,417,1.0
2025,691,106,1.0
2025,691,415,1.0
2026,692,92,1.0
2026,692,310,1.0
2027,692,94,1.0
2027,692,459,1.0
2028,692,98,1.0
2028,692,214,1.0
2029,693,100,1.0
2029,693,372,1.0
2030,693,98,1.0
2030,693,212,1.0
2031,693,92,1.0
2031,693,207,1.0
2031,693,212,1.0
2032,694,102,1.0
2032,694,395,1.0
2032,694,385,1.0
2032,694,171,1.0
2032,694,168,1.0
2033,694,102,1.0
2033,694,395,1.0
2033,694,385,1.0
2033,694,171,1.0
2033,694,162,1.0
2033,694,329,1.0
2034,694,106,1.0
2034,694,397,1.0
2034,694,385,1.0
2034,694,171,1.0
2034,694,168,1.0
2035,695,104,1.0
2035,695,283,1.0
2036,695,104,1.0
2036,695,271,1.0
2036,695,272,1.0
2037,695,94,1.0
2037,695,287,1.0
2038,695,106,1.0
2038,695,285,1.0
2039,696,92,1.0
2039,696,310,1.0
2039,696,239,1.0
2039,696,87,1.0
2040,696,94,1.0
2040,696,459,1.0
2040,696,239,1.0
2040,696,87,1.0
2041,696,98,1.0
2041,696,214,1.0
2041,696,239,1.0
2041,696,87,1.0
2042,697,102,1.0
2042,697,317,1.0
2043,697,102,1.0
2043,697,395,1.0
2043,697,319,1.0
2044,697,94,1.0
2044,697,417,1.0
2044,697,317,1.0
2045,698,102,1.0
2045,698,395,1.0
2045,698,385,1.0
2045,698,171,1.0
2045,698,162,1.0
2046,698,102,1.0
2046,698,395,1.0
2046,698,385,1.0
2046,698,171,1.0
2046,698,168,1.0
2046,698,328,1.0
2047,698,106,1.0
2047,698,397,1.0
2047,698,385,1.0
2047,698,171,1.0
2047,698,162,1.0
2050,701,423,1.0
2051,701,450,1.0
2051,701,421,1.0
2052,701,193,1.0
2052,701,190,1.0
2052,701,421,1.0
2053,702,423,1.0
2054,702,450,1.0
2054,702,421,1.0
2055,702,193,1.0
2055,702,190,1.0
2055,702,421,1.0
2056,703,193,1.0
2057,703,450,1.0
2057,703,191,1.0
2058,703,433,1.0
2058,703,185,1.0
2059,704,193,1.0
2060,704,450,1.0
2060,704,191,1.0
2061,704,433,1.0
2061,704,185,1.0
2062,705,433,1.0
2063,705,450,1.0
2063,705,435,1.0
2064,705,193,1.0
2064,705,184,1.0
2065,706,193,1.0
2065,706,186,1.0
2066,706,450,1.0
2066,706,191,1.0
2066,706,186,1.0
2067,706,433,1.0
2067,706,430,1.0
2068,707,193,1.0
2068,707,186,1.0
2069,707,450,1.0
2069,707,191,1.0
2069,707,186,1.0
2070,707,433,1.0
2070,707,430,1.0
2071,708,433,1.0
2071,708,426,1.0
2071,708,221,1.0
2072,708,450,1.0
2072,708,435,1.0
2072,708,426,1.0
2072,708,221,1.0
2073,708,193,1.0
2073,708,184,1.0
2073,708,426,1.0
2073,708,221,1.0
2074,709,450,1.0
2074,709,449,1.0
2074,709,11,1.0
2075,709,193,1.0
2075,709,188,1.0
2075,709,11,1.0
2076,709,450,1.0
2076,709,191,1.0
2076,709,188,1.0
2076,709,11,1.0
2077,710,450,1.0
2077,710,449,1.0
2077,710,11,1.0
2077,710,16,1.0
2078,710,193,1.0
2078,710,188,1.0
2078,710,11,1.0
2078,710,16,1.0
2079,710,450,1.0
2079,710,191,1.0
2079,710,188,1.0
2079,710,11,1.0
2079,710,16,1.0
2080,711,433,1.0
2080,711,426,1.0
2080,711,453,1.0
2081,711,450,1.0
2081,711,435,1.0
2081,711,426,1.0
2081,711,453,1.0
2082,711,193,1.0
2082,711,184,1.0
2082,711,426,1.0
2082,711,453,1.0
2083,712,433,1.0
2083,712,426,1.0
2083,712,453,1.0
2084,712,450,1.0
2084,712,435,1.0
2084,712,426,1.0
2084,712,453,1.0
2085,712,193,1.0
2085,712,184,1.0
2085,712,426,1.0
2085,712,453,1.0
2086,713,433,1.0
2086,713,426,1.0
2086,713,453,1.0
2087,713,450,1.0
2087,713,435,1.0
2087,713,426,1.0
2087,713,453,1.0
2088,713,193,1.0
2088,713,184,1.0
2088,713,426,1.0
2088,713,453,1.0
2089,714,433,1.0
2089,714,426,1.0
2089,714,453,1.0
2090,714,450,1.0
2090,714,435,1.0
2090,714,426,1.0
2090,714,453,1.0
2091,714,193,1.0
2091,714,184,1.0
2091,714,426,1.0
2091,714,453,1.0
2092,715,450,1.0
2092,715,449,1.0
2092,715,11,1.0
2092,715,12,1.0
2093,715,450,1.0
2093,715,449,1.0
2093,715,11,1.0
2093,715,16,1.0
2093,715,108,1.0
2094,715,193,1.0
2094,715,188,1.0
2094,715,11,1.0
2094,715,12,1.0
2095,716,433,1.0
2095,716,426,1.0
2095,716,145,1.0
2095,716,148,1.0
2095,716,33,1.0
2096,716,450,1.0
2096,716,435,1.0
2096,716,426,1.0
2096,716,145,1.0
2096,716,148,1.0
2096,716,33,1.0
2097,716,193,1.0
2097,716,184,1.0
2097,716,426,1.0
2097,716,145,1.0
2097,716,148,1.0
2097,716,33,1.0
2098,717,433,1.0
2098,717,426,1.0
2098,717,453,1.0
2098,717,359,1.0
2099,717,450,1.0
2099,717,435,1.0
2099,717,426,1.0
2099,717,453,1.0
2099,717,359,1.0
2100,717,193,1.0
2100,717,184,1.0
2100,717,426,1.0
2100,717,453,1.0
2100,717,359,1.0
2101,718,450,1.0
2101,718,449,1.0
2101,718,11,1.0
2101,718,14,1.0
2102,718,450,1.0
2102,718,449,1.0
2102,718,11,1.0
2102,718,16,1.0
2102,718,112,1.0
2103,718,450,1.0
2103,718,449,1.0
2103,718,11,1.0
2103,718,12,1.0
2103,718,262,1.0
2104,719,135,1.0
2105,719,401,1.0
2105,719,137,1.0
2106,719,277,1.0
2106,719,139,1.0
2107,720,277,1.0
2108,720,135,1.0
2108,720,138,1.0
2109,720,245,1.0
2109,720,238,1.0
2109,720,275,1.0
2110,721,63,1.0
2111,721,245,1.0
2111,721,57,1.0
2112,721,135,1.0
2112,721,65,1.0
2113,722,245,1.0
2114,722,63,1.0
2114,722,56,1.0
2115,722,135,1.0
2115,722,65,1.0
2115,722,56,1.0
2116,723,277,1.0
2116,723,274,1.0
2117,723,245,1.0
2117,723,238,1.0
2118,723,63,1.0
2118,723,54,1.0
2119,724,277,1.0
2119,724,272,1.0
2120,724,135,1.0
2120,724,138,1.0
2120,724,272,1.0
2121,724,277,1.0
2121,724,270,1.0
2121,724,283,1.0
2122,725,245,1.0
2122,725,87,1.0
2123,725,63,1.0
2123,725,60,1.0
2124,725,63,1.0
2124,725,56,1.0
2124,725,87,1.0
2125,726,277,1.0
2125,726,274,1.0
2125,726,311,1.0
2126,726,277,1.0
2126,726,274,1.0
2126,726,215,1.0
2126,726,206,1.0
2127,726,245,1.0
2127,726,238,1.0
2127,726,311,1.0
2128,727,277,1.0
2128,727,274,1.0
2128,727,311,1.0
2129,727,277,1.0
2129,727,274,1.0
2129,727,215,1.0
2129,727,206,1.0
2130,727,245,1.0
2130,727,238,1.0
2130,727,311,1.0
2131,728,277,1.0
2131,728,270,1.0
2131,728,440,1.0
2132,728,277,1.0
2132,728,278,1.0
2132,728,461,1.0
2133,728,277,1.0
2133,728,274,1.0
2133,728,458,1.0
2134,729,277,1.0
2134,729,278,1.0
2135,729,277,1.0
2135,729,270,1.0
2135,729,438,1.0
2136,729,277,1.0
2136,729,272,1.0
2136,729,284,1.0
2137,730,277,1.0
2137,730,278,1.0
2138,730,277,1.0
2138,730,270,1.0
2138,730,438,1.0
2139,730,277,1.0
2139,730,272,1.0
2139,730,284,1.0
2140,731,277,1.0
2140,731,278,1.0
2141,731,277,1.0
2141,731,270,1.0
2141,731,438,1.0
2142,731,277,1.0
2142,731,272,1.0
2142,731,284,1.0
2143,732,277,1.0
2143,732,270,1.0
2143,732,105,1.0
2144,732,277,1.0
2144,732,270,1.0
2144,732,440,1.0
2144,732,95,1.0
2145,732,277,1.0
2145,732,278,1.0
2145,732,107,1.0
2146,733,277,1.0
2146,733,270,1.0
2146,733,105,1.0
2147,733,277,1.0
2147,733,270,1.0
2147,733,440,1.0
2147,733,95,1.0
2148,733,277,1.0
2148,733,278,1.0
2148,733,107,1.0
2149,734,277,1.0
2149,734,270,1.0
2149,734,105,1.0
2150,734,277,1.0
2150,734,270,1.0
2150,734,440,1.0
2150,734,95,1.0
2151,734,277,1.0
2151,734,278,1.0
2151,734,107,1.0
2152,735,277,1.0
2152,735,270,1.0
2152,735,419,1.0
2153,735,277,1.0
2153,735,278,1.0
2153,735,415,1.0
2154,735,277,1.0
2154,735,270,1.0
2154,735,438,1.0
2154,735,415,1.0
2155,736,277,1.0
2155,736,278,1.0
2155,736,205,1.0
2156,736,277,1.0
2156,736,270,1.0
2156,736,438,1.0
2156,736,205,1.0
2157,736,277,1.0
2157,736,270,1.0
2157,736,105,1.0
2157,736,96,1.0
2158,737,277,1.0
2158,737,278,1.0
2158,737,205,1.0
2159,737,277,1.0
2159,737,270,1.0
2159,737,438,1.0
2159,737,205,1.0
2160,737,277,1.0
2160,737,270,1.0
2160,737,105,1.0
2160,737,96,1.0
2161,738,277,1.0
2161,738,278,1.0
2161,738,205,1.0
2162,738,277,1.0
2162,738,270,1.0
2162,738,438,1.0
2162,738,205,1.0
2163,738,277,1.0
2163,738,270,1.0
2163,738,105,1.0
2163,738,96,1.0
2164,739,168,1.0
2165,739,162,1.0
2165,739,329,1.0
2166,739,164,1.0
2166,739,266,1.0
2167,740,162,1.0
2168,740,168,1.0
2168,740,328,1.0
2169,740,166,1.0
2169,740,387,1.0
2170,741,162,1.0
2171,741,168,1.0
2171,741,328,1.0
2172,741,166,1.0
2172,741,387,1.0
2173,742,162,1.0
2174,742,168,1.0
2174,742,328,1.0
2175,742,166,1.0
2175,742,387,1.0
2176,743,164,1.0
2177,743,168,1.0
2177,743,267,1.0
2178,743,162,1.0
2178,743,263,1.0
2179,744,170,1.0
2180,744,172,1.0
2180,744,324,1.0
2181,744,172,1.0
2181,744,127,1.0
2181,744,124,1.0
2182,745,170,1.0
2183,745,172,1.0
2183,745,324,1.0
2184,745,172,1.0
2184,745,127,1.0
2184,745,124,1.0
2185,746,164,1.0
2185,746,109,1.0
2186,746,162,1.0
2186,746,113,1.0
2187,746,168,1.0
2187,746,111,1.0
2188,747,172,1.0
2189,747,170,1.0
2189,747,325,1.0
2190,747,170,1.0
2190,747,125,1.0
2190,747,126,1.0
2191,748,172,1.0
2192,748,170,1.0
2192,748,325,1.0
2193,748,170,1.0
2193,748,125,1.0
2193,748,126,1.0
2194,749,164,1.0
2194,749,13,1.0
2195,749,164,1.0
2195,749,109,1.0
2195,749,17,1.0
2196,749,162,1.0
2196,749,15,1.0
2197,750,170,1.0
2197,750,125,1.0
2198,750,172,1.0
2198,750,127,1.0
2199,750,170,1.0
2199,750,325,1.0
2199,750,127,1.0
2200,751,170,1.0
2200,751,384,1.0
2200,751,394,1.0
2200,751,47,1.0
2201,751,170,1.0
2201,751,384,1.0
2201,751,394,1.0
2201,751,199,1.0
2201,751,51,1.0
2202,751,170,1.0
2202,751,384,1.0
2202,751,396,1.0
2202,751,205,1.0
2202,751,51,1.0
2203,752,170,1.0
2203,752,384,1.0
2203,752,394,1.0
2203,752,199,1.0
2204,752,170,1.0
2204,752,384,1.0
2204,752,394,1.0
2204,752,47,1.0
2204,752,50,1.0
2205,752,170,1.0
2205,752,384,1.0
2205,752,396,1.0
2205,752,205,1.0
2206,753,170,1.0
2206,753,384,1.0
2206,753,394,1.0
2206,753,199,1.0
2207,753,170,1.0
2207,753,384,1.0
2207,753,394,1.0
2207,753,47,1.0
2207,753,50,1.0
2208,753,170,1.0
2208,753,384,1.0
2208,753,396,1.0
2208,753,205,1.0
2209,754,170,1.0
2209,754,384,1.0
2209,754,394,1.0
2209,754,199,1.0
2210,754,170,1.0
2210,754,384,1.0
2210,754,394,1.0
2210,754,47,1.0
2210,754,50,1.0
2211,754,170,1.0
2211,754,384,1.0
2211,754,396,1.0
2211,754,205,1.0
2212,755,170,1.0
2212,755,384,1.0
2212,755,394,1.0
2213,755,170,1.0
2213,755,125,1.0
2213,755,120,1.0
2213,755,394,1.0
2214,755,170,1.0
2214,755,384,1.0
2214,755,396,1.0
2214,755,415,1.0
2215,756,170,1.0
2215,756,125,1.0
2215,756,118,1.0
2216,756,170,1.0
2216,756,384,1.0
2216,756,319,1.0
2217,756,172,1.0
2217,756,127,1.0
2217,756,118,1.0
2218,757,170,1.0
2218,757,377,1.0
2219,757,172,1.0
2219,757,320,1.0
2220,757,170,1.0
2220,757,325,1.0
2220,757,320,1.0
2221,758,170,1.0
2221,758,377,1.0
2222,758,172,1.0
2222,758,320,1.0
2223,758,170,1.0
2223,758,325,1.0
2223,758,320,1.0
2225,760,180,1.0
2226,760,176,1.0
2226,760,463,1.0
2227,760,178,1.0
2227,760,260,1.0
2227,760,463,1.0
2228,761,174,1.0
2229,761,178,1.0
2229,761,256,1.0
2230,761,182,1.0
2230,761,331,1.0
2231,762,180,1.0
2231,762,357,1.0
2232,762,176,1.0
2232,762,463,1.0
2232,762,357,1.0
2233,762,180,1.0
2233,762,455,1.0
2233,762,353,1.0
2234,763,180,1.0
2234,763,357,1.0
2235,763,176,1.0
2235,763,463,1.0
2235,763,357,1.0
2236,763,180,1.0
2236,763,455,1.0
2236,763,353,1.0
2237,764,180,1.0
2237,764,455,1.0
2238,764,176,1.0
2238,764,457,1.0
2239,764,176,1.0
2239,764,463,1.0
2239,764,455,1.0
2240,765,180,1.0
2240,765,455,1.0
2241,765,176,1.0
2241,765,457,1.0
2242,765,176,1.0
2242,765,463,1.0
2242,765,455,1.0
2243,766,180,1.0
2243,766,455,1.0
2243,766,375,1.0
2244,766,180,1.0
2244,766,357,1.0
2244,766,350,1.0
2245,766,176,1.0
2245,766,457,1.0
2245,766,375,1.0
2246,767,180,1.0
2246,767,455,1.0
2246,767,375,1.0
2247,767,180,1.0
2247,767,357,1.0
2247,767,350,1.0
2248,767,176,1.0
2248,767,457,1.0
2248,767,375,1.0
2249,768,180,1.0
2249,768,357,1.0
2249,768,129,1.0
2250,768,180,1.0
2250,768,455,1.0
2250,768,133,1.0
2251,768,180,1.0
2251,768,455,1.0
2251,768,375,1.0
2251,768,131,1.0
2252,769,180,1.0
2252,769,357,1.0
2252,769,313,1.0
2253,769,180,1.0
2253,769,357,1.0
2253,769,354,1.0
2253,769,315,1.0
2254,769,180,1.0
2254,769,357,1.0
2254,769,129,1.0
2254,769,118,1.0
2255,770,180,1.0
2255,770,455,1.0
2255,770,323,1.0
2256,770,180,1.0
2256,770,455,1.0
2256,770,375,1.0
2256,770,321,1.0
2257,770,180,1.0
2257,770,357,1.0
2257,770,350,1.0
2257,770,321,1.0
2258,771,180,1.0
2258,771,455,1.0
2258,771,323,1.0
2259,771,180,1.0
2259,771,455,1.0
2259,771,375,1.0
2259,771,321,1.0
2260,771,180,1.0
2260,771,357,1.0
2260,771,350,1.0
2260,771,321,1.0
2261,772,180,1.0
2261,772,455,1.0
2261,772,323,1.0
2261,772,324,1.0
2262,772,180,1.0
2262,772,455,1.0
2262,772,375,1.0
2262,772,376,1.0
2263,772,180,1.0
2263,772,455,1.0
2263,772,375,1.0
2263,772,321,1.0
2263,772,324,1.0
2264,773,180,1.0
2264,773,455,1.0
2264,773,323,1.0
2264,773,324,1.0
2265,773,180,1.0
2265,773,455,1.0
2265,773,375,1.0
2265,773,376,1.0
2266,773,180,1.0
2266,773,455,1.0
2266,773,375,1.0
2266,773,321,1.0
2266,773,324,1.0
2267,774,174,1.0
2267,774,336,1.0
2268,774,178,1.0
2268,774,256,1.0
2268,774,336,1.0
2269,774,182,1.0
2269,774,437,1.0
2270,775,174,1.0
2270,775,336,1.0
2271,775,178,1.0
2271,775,256,1.0
2271,775,336,1.0
2272,775,182,1.0
2272,775,437,1.0
2273,776,174,1.0
2273,776,334,1.0
2274,776,182,1.0
2274,776,339,1.0
2275,776,178,1.0
2275,776,256,1.0
2275,776,334,1.0
2276,777,174,1.0
2276,777,334,1.0
2277,777,182,1.0
2277,777,339,1.0
2278,777,178,1.0
2278,777,256,1.0
2278,777,334,1.0
2279,778,178,1.0
2279,778,254,1.0
2279,778,291,1.0
2280,778,174,1.0
2280,778,332,1.0
2280,778,291,1.0
2281,778,180,1.0
2281,778,357,1.0
2281,778,313,1.0
2281,778,289,1.0
2283,780,340,1.0
2284,780,338,1.0
2284,780,437,1.0
2285,780,335,1.0
2285,780,336,1.0
2286,781,340,1.0
2287,781,338,1.0
2287,781,437,1.0
2288,781,335,1.0
2288,781,336,1.0
2289,782,335,1.0
2290,782,338,1.0
2290,782,331,1.0
2291,782,340,1.0
2291,782,337,1.0
2292,783,335,1.0
2292,783,175,1.0
2293,783,338,1.0
2293,783,183,1.0
2294,783,335,1.0
2294,783,257,1.0
2294,783,179,1.0
2295,784,335,1.0
2295,784,175,1.0
2296,784,338,1.0
2296,784,183,1.0
2297,784,335,1.0
2297,784,257,1.0
2297,784,179,1.0
2298,785,342,1.0
2298,785,291,1.0
2299,785,340,1.0
2299,785,393,1.0
2299,785,291,1.0
2300,785,335,1.0
2300,785,332,1.0
2300,785,291,1.0
2301,786,342,1.0
2301,786,291,1.0
2301,786,273,1.0
2302,786,340,1.0
2302,786,393,1.0
2302,786,291,1.0
2302,786,273,1.0
2303,786,335,1.0
2303,786,332,1.0
2303,786,291,1.0
2303,786,273,1.0
2304,787,342,1.0
2304,787,390,1.0
2304,787,355,1.0
2305,787,340,1.0
2305,787,393,1.0
2305,787,390,1.0
2305,787,355,1.0
2306,787,342,1.0
2306,787,390,1.0
2306,787,315,1.0
2306,787,312,1.0
2307,788,342,1.0
2307,788,390,1.0
2307,788,355,1.0
2308,788,340,1.0
2308,788,393,1.0
2308,788,390,1.0
2308,788,355,1.0
2309,788,342,1.0
2309,788,390,1.0
2309,788,315,1.0
2309,788,312,1.0
2310,789,342,1.0
2310,789,291,1.0
2310,789,273,1.0
2310,789,139,1.0
2311,789,340,1.0
2311,789,393,1.0
2311,789,291,1.0
2311,789,273,1.0
2311,789,139,1.0
2312,789,342,1.0
2312,789,291,1.0
2312,789,273,1.0
2312,789,276,1.0
2312,789,135,1.0
2313,790,335,1.0
2313,790,175,1.0
2313,790,180,1.0
2314,790,338,1.0
2314,790,183,1.0
2314,790,180,1.0
2315,790,335,1.0
2315,790,257,1.0
2315,790,179,1.0
2315,790,180,1.0
2318,793,94,1.0
2319,793,106,1.0
2319,793,461,1.0
2320,793,92,1.0
2320,793,306,1.0
2321,794,92,1.0
2322,794,98,1.0
2322,794,206,1.0
2323,794,94,1.0
2323,794,307,1.0
2324,795,92,1.0
2325,795,98,1.0
2325,795,206,1.0
2326,795,94,1.0
2326,795,307,1.0
2327,796,96,1.0
2328,796,43,1.0
2328,796,50,1.0
2329,796,94,1.0
2329,796,197,1.0
2330,797,96,1.0
2331,797,43,1.0
2331,797,50,1.0
2332,797,94,1.0
2332,797,197,1.0
2333,798,96,1.0
2334,798,43,1.0
2334,798,50,1.0
2335,798,94,1.0
2335,798,197,1.0
2336,799,43,1.0
2337,799,96,1.0
2337,799,51,1.0
2338,799,94,1.0
2338,799,49,1.0
2339,800,106,1.0
2340,800,94,1.0
2340,800,460,1.0
2341,800,102,1.0
2341,800,414,1.0
2342,801,106,1.0
2343,801,94,1.0
2343,801,460,1.0
2344,801,102,1.0
2344,801,414,1.0
2345,802,106,1.0
2346,802,94,1.0
2346,802,460,1.0
2347,802,102,1.0
2347,802,414,1.0
2348,803,102,1.0
2349,803,94,1.0
2349,803,417,1.0
2350,803,106,1.0
2350,803,415,1.0
2351,804,92,1.0
2351,804,310,1.0
2352,804,94,1.0
2352,804,459,1.0
2353,804,98,1.0
2353,804,214,1.0
2354,805,100,1.0
2354,805,372,1.0
2355,805,98,1.0
2355,805,212,1.0
2356,805,92,1.0
2356,805,207,1.0
2356,805,212,1.0
2357,806,102,1.0
2357,806,395,1.0
2357,806,385,1.0
2357,806,171,1.0
2357,806,168,1.0
2358,806,102,1.0
2358,806,395,1.0
2358,806,385,1.0
2358,806,171,1.0
2358,806,162,1.0
2358,806,329,1.0
2359,806,106,1.0
2359,806,397,1.0
2359,806,385,1.0
2359,806,171,1.0
2359,806,168,1.0
2360,807,104,1.0
2360,807,283,1.0
2361,807,104,1.0
2361,807,271,1.0
2361,807,272,1.0
2362,807,94,1.0
2362,807,287,1.0
2363,807,106,1.0
2363,807,285,1.0
2364,808,92,1.0
2364,808,310,1.0
2364,808,239,1.0
2364,808,87,1.0
2365,808,94,1.0
2365,808,459,1.0
2365,808,239,1.0
2365,808,87,1.0
2366,808,98,1.0
2366,808,214,1.0
2366,808,239,1.0
2366,808,87,1.0
2367,809,102,1.0
2367,809,317,1.0
2368,809,102,1.0
2368,809,395,1.0
2368,809,319,1.0
2369,809,94,1.0
2369,809,417,1.0
2369,809,317,1.0
2370,810,102,1.0
2370,810,395,1.0
2370,810,385,1.0
2370,810,171,1.0
2370,810,162,1.0
2371,810,102,1.0
2371,810,395,1.0
2371,810,385,1.0
2371,810,171,1.0
2371,810,168,1.0
2371,810,328,1.0
2372,810,106,1.0
2372,810,397,1.0
2372,810,385,1.0
2372,810,171,1.0
2372,810,162,1.0
2375,813,461,1.0
2376,813,107,1.0
2376,813,94,1.0
2377,813,415,1.0
2377,813,416,1.0
2378,814,415,1.0
2379,814,461,1.0
2379,814,417,1.0
2380,814,439,1.0
2380,814,419,1.0
2381,815,107,1.0
2382,815,461,1.0
2382,815,95,1.0
2383,815,415,1.0
2383,815,103,1.0
2384,816,107,1.0
2385,816,461,1.0
2385,816,95,1.0
2386,816,415,1.0
2386,816,103,1.0
2387,817,107,1.0
2388,817,461,1.0
2388,817,95,1.0
2389,817,415,1.0
2389,817,103,1.0
2390,818,205,1.0
2391,818,461,1.0
2391,818,197,1.0
2392,818,461,1.0
2392,818,49,1.0
2392,818,50,1.0
2393,819,205,1.0
2394,819,461,1.0
2394,819,197,1.0
2395,819,461,1.0
2395,819,49,1.0
2395,819,50,1.0
2396,820,205,1.0
2397,820,461,1.0
2397,820,197,1.0
2398,820,461,1.0
2398,820,49,1.0
2398,820,50,1.0
2399,821,309,1.0
2400,821,461,1.0
2400,821,307,1.0
2401,821,461,1.0
2401,821,209,1.0
2401,821,206,1.0
2402,822,309,1.0
2403,822,461,1.0
2403,822,307,1.0
2404,822,461,1.0
2404,822,209,1.0
2404,822,206,1.0
2405,823,205,1.0
2405,823,51,1.0
2406,823,461,1.0
2406,823,49,1.0
2407,823,415,1.0
2407,823,47,1.0
2408,824,285,1.0
2409,824,439,1.0
2409,824,283,1.0
2410,824,461,1.0
2410,824,287,1.0
2411,825,461,1.0
2411,825,459,1.0
2412,825,439,1.0
2412,825,271,1.0
2412,825,274,1.0
2413,825,439,1.0
2413,825,442,1.0
2414,825,309,1.0
2414,825,310,1.0
2415,826,415,1.0
2415,826,317,1.0
2416,826,397,1.0
2416,826,121,1.0
2416,826,118,1.0
2417,826,397,1.0
2417,826,319,1.0
2418,826,415,1.0
2418,826,395,1.0
2418,826,319,1.0
2419,827,279,1.0
2420,827,439,1.0
2420,827,271,1.0
2421,827,285,1.0
2421,827,273,1.0
2422,828,397,1.0
2422,828,121,1.0
2423,828,415,1.0
2423,828,395,1.0
2423,828,121,1.0
2424,828,415,1.0
2424,828,317,1.0
2424,828,119,1.0
2425,829,397,1.0
2425,829,385,1.0
2425,829,171,1.0
2425,829,168,1.0
2426,829,415,1.0
2426,829,395,1.0
2426,829,385,1.0
2426,829,171,1.0
2426,829,168,1.0
2427,829,397,1.0
2427,829,385,1.0
2427,829,171,1.0
2427,829,162,1.0
2427,829,329,1.0
2428,830,205,1.0
2428,830,51,1.0
2428,830,52,1.0
2429,830,309,1.0
2429,830,207,1.0
2429,830,212,1.0
2430,830,461,1.0
2430,830,49,1.0
2430,830,52,1.0
2432,832,2,1.0
2433,832,0,1.0
2433,832,251,1.0
2434,832,4,1.0
2434,832,26,1.0
2435,833,0,1.0
2436,833,2,1.0
2436,833,250,1.0
2437,833,4,1.0
2437,833,28,1.0
2438,834,0,1.0
2439,834,2,1.0
2439,834,250,1.0
2440,834,4,1.0
2440,834,28,1.0
2441,835,0,1.0
2442,835,2,1.0
2442,835,250,1.0
2443,835,4,1.0
2443,835,28,1.0
2444,836,0,1.0
2445,836,2,1.0
2445,836,250,1.0
2446,836,4,1.0
2446,836,28,1.0
2447,837,0,1.0
2447,837,402,1.0
2448,837,0,1.0
2448,837,157,1.0
2448,837,152,1.0
2449,837,2,1.0
2449,837,250,1.0
2449,837,402,1.0
2450,838,6,1.0
2450,838,91,1.0
2451,838,0,1.0
2451,838,157,1.0
2451,838,89,1.0
2452,838,0,1.0
2452,838,157,1.0
2452,838,158,1.0
2452,838,83,1.0
2453,839,0,1.0
2453,839,402,1.0
2453,839,409,1.0
2454,839,0,1.0
2454,839,157,1.0
2454,839,152,1.0
2454,839,409,1.0
2455,839,0,1.0
2455,839,402,1.0
2455,839,445,1.0
2455,839,407,1.0
2456,840,0,1.0
2456,840,404,1.0
2456,840,363,1.0
2457,840,2,1.0
2457,840,79,1.0
2457,840,80,1.0
2458,840,2,1.0
2458,840,79,1.0
2458,840,76,1.0
2458,840,363,1.0
2459,841,6,1.0
2459,841,243,1.0
2460,841,6,1.0
2460,841,69,1.0
2460,841,56,1.0
2461,841,6,1.0
2461,841,91,1.0
2461,841,86,1.0
2462,842,6,1.0
2462,842,69,1.0
2463,842,6,1.0
2463,842,243,1.0
2463,842,57,1.0
2464,842,4,1.0
2464,842,24,1.0
2464,842,69,1.0
2465,843,0,1.0
2465,843,404,1.0
2465,843,363,1.0
2465,843,358,1.0
2466,843,0,1.0
2466,843,402,1.0
2466,843,305,1.0
2466,843,302,1.0
2467,843,0,1.0
2467,843,404,1.0
2467,843,363,1.0
2467,843,360,1.0
2467,843,410,1.0
2468,844,0,1.0
2468,844,404,1.0
2468,844,363,1.0
2468,844,358,1.0
2469,844,0,1.0
2469,844,402,1.0
2469,844,305,1.0
2469,844,302,1.0
2470,844,0,1.0
2470,844,404,1.0
2470,844,363,1.0
2470,844,360,1.0
2470,844,410,1.0
2471,845,0,1.0
2471,845,404,1.0
2471,845,363,1.0
2471,845,358,1.0
2472,845,0,1.0
2472,845,402,1.0
2472,845,305,1.0
2472,845,302,1.0
2473,845,0,1.0
2473,845,404,1.0
2473,845,363,1.0
2473,845,360,1.0
2473,845,410,1.0
2474,846,0,1.0
2474,846,404,1.0
2474,846,363,1.0
2474,846,358,1.0
2475,846,0,1.0
2475,846,402,1.0
2475,846,305,1.0
2475,846,302,1.0
2476,846,0,1.0
2476,846,404,1.0
2476,846,363,1.0
2476,846,360,1.0
2476,846,410,1.0
2477,847,0,1.0
2477,847,402,1.0
2477,847,41,1.0
2478,847,0,1.0
2478,847,402,1.0
2478,847,409,1.0
2478,847,35,1.0
2479,847,0,1.0
2479,847,157,1.0
2479,847,152,1.0
2479,847,41,1.0
2480,848,0,1.0
2480,848,402,1.0
2480,848,409,1.0
2480,848,389,1.0
2481,848,0,1.0
2481,848,402,1.0
2481,848,41,1.0
2481,848,36,1.0
2482,848,0,1.0
2482,848,157,1.0
2482,848,152,1.0
2482,848,409,1.0
2482,848,389,1.0
2483,849,6,1.0
2483,849,243,1.0
2483,849,238,1.0
2483,849,311,1.0
2484,849,6,1.0
2484,849,69,1.0
2484,849,54,1.0
2484,849,311,1.0
2485,849,6,1.0
2485,849,243,1.0
2485,849,238,1.0
2485,849,215,1.0
2485,849,206,1.0
2486,850,6,1.0
2486,850,243,1.0
2486,850,238,1.0
2486,850,311,1.0
2487,850,6,1.0
2487,850,69,1.0
2487,850,54,1.0
2487,850,311,1.0
2488,850,6,1.0
2488,850,243,1.0
2488,850,238,1.0
2488,850,215,1.0
2488,850,206,1.0
2490,852,340,1.0
2491,852,338,1.0
2491,852,437,1.0
2492,852,335,1.0
2492,852,336,1.0
2493,853,340,1.0
2494,853,338,1.0
2494,853,437,1.0
2495,853,335,1.0
2495,853,336,1.0
2496,854,335,1.0
2497,854,338,1.0
2497,854,331,1.0
2498,854,340,1.0
2498,854,337,1.0
2499,855,335,1.0
2499,855,175,1.0
2500,855,338,1.0
2500,855,183,1.0
2501,855,335,1.0
2501,855,257,1.0
2501,855,179,1.0
2502,856,335,1.0
2502,856,175,1.0
2503,856,338,1.0
2503,856,183,1.0
2504,856,335,1.0
2504,856,257,1.0
2504,856,179,1.0
2505,857,342,1.0
2505,857,291,1.0
2506,857,340,1.0
2506,857,393,1.0
2506,857,291,1.0
2507,857,335,1.0
2507,857,332,1.0
2507,857,291,1.0
2508,858,342,1.0
2508,858,291,1.0
2508,858,273,1.0
2509,858,340,1.0
2509,858,393,1.0
2509,858,291,1.0
2509,858,273,1.0
2510,858,335,1.0
2510,858,332,1.0
2510,858,291,1.0
2510,858,273,1.0
2511,859,342,1.0
2511,859,390,1.0
2511,859,355,1.0
2512,859,340,1.0
2512,859,393,1.0
2512,859,390,1.0
2512,859,355,1.0
2513,859,342,1.0
2513,859,390,1.0
2513,859,315,1.0
2513,859,312,1.0
2514,860,342,1.0
2514,860,390,1.0
2514,860,355,1.0
2515,860,340,1.0
2515,860,393,1.0
2515,860,390,1.0
2515,860,355,1.0
2516,860,342,1.0
2516,860,390,1.0
2516,860,315,1.0
2516,860,312,1.0
2517,861,342,1.0
2517,861,291,1.0
2517,861,273,1.0
2517,861,139,1.0
2518,861,340,1.0
2518,861,393,1.0
2518,861,291,1.0
2518,861,273,1.0
2518,861,139,1.0
2519,861,342,1.0
2519,861,291,1.0
2519,861,273,1.0
2519,861,276,1.0
2519,861,135,1.0
2520,862,335,1.0
2520,862,175,1.0
2520,862,180,1.0
2521,862,338,1.0
2521,862,183,1.0
2521,862,180,1.0
2522,862,335,1.0
2522,862,257,1.0
2522,862,179,1.0
2522,862,180,1.0
2524,864,422,1.0
2525,864,420,1.0
2525,864,451,1.0
2526,864,420,1.0
2526,864,191,1.0
2526,864,192,1.0
2527,865,422,1.0
2528,865,420,1.0
2528,865,451,1.0
2529,865,420,1.0
2529,865,191,1.0
2529,865,192,1.0
2530,866,422,1.0
2531,866,420,1.0
2531,866,451,1.0
2532,866,420,1.0
2532,866,191,1.0
2532,866,192,1.0
2533,867,420,1.0
2533,867,191,1.0
2534,867,420,1.0
2534,867,435,1.0
2534,867,185,1.0
2535,867,422,1.0
2535,867,193,1.0
2536,868,420,1.0
2536,868,191,1.0
2537,868,420,1.0
2537,868,435,1.0
2537,868,185,1.0
2538,868,422,1.0
2538,868,193,1.0
2539,869,420,1.0
2539,869,435,1.0
2540,869,420,1.0
2540,869,191,1.0
2540,869,184,1.0
2541,869,422,1.0
2541,869,433,1.0
2542,870,367,1.0
2542,870,19,1.0
2543,870,367,1.0
2543,870,117,1.0
2543,870,17,1.0
2544,870,367,1.0
2544,870,269,1.0
2544,870,13,1.0
2545,871,420,1.0
2545,871,191,1.0
2545,871,186,1.0
2546,871,420,1.0
2546,871,435,1.0
2546,871,430,1.0
2547,871,420,1.0
2547,871,191,1.0
2547,871,184,1.0
2547,871,430,1.0
2548,872,420,1.0
2548,872,191,1.0
2548,872,186,1.0
2549,872,420,1.0
2549,872,435,1.0
2549,872,430,1.0
2550,872,420,1.0
2550,872,191,1.0
2550,872,184,1.0
2550,872,430,1.0
2551,873,367,1.0
2551,873,117,1.0
2552,873,367,1.0
2552,873,19,1.0
2552,873,16,1.0
2553,873,367,1.0
2553,873,269,1.0
2553,873,109,1.0
2554,874,424,1.0
2555,874,345,1.0
2555,874,348,1.0
2556,874,367,1.0
2556,874,368,1.0
2557,875,367,1.0
2557,875,269,1.0
2558,875,367,1.0
2558,875,19,1.0
2558,875,12,1.0
2559,875,367,1.0
2559,875,117,1.0
2559,875,108,1.0
2560,876,367,1.0
2560,876,117,1.0
2560,876,112,1.0
2561,876,367,1.0
2561,876,19,1.0
2561,876,14,1.0
2562,876,367,1.0
2562,876,19,1.0
2562,876,16,1.0
2562,876,112,1.0
2563,877,367,1.0
2563,877,117,1.0
2563,877,112,1.0
2564,877,367,1.0
2564,877,19,1.0
2564,877,14,1.0
2565,877,367,1.0
2565,877,19,1.0
2565,877,16,1.0
2565,877,112,1.0
2566,878,367,1.0
2566,878,117,1.0
2566,878,112,1.0
2567,878,367,1.0
2567,878,19,1.0
2567,878,14,1.0
2568,878,367,1.0
2568,878,19,1.0
2568,878,16,1.0
2568,878,112,1.0
2569,879,367,1.0
2569,879,269,1.0
2569,879,165,1.0
2570,879,367,1.0
2570,879,19,1.0
2570,879,12,1.0
2570,879,165,1.0
2571,879,367,1.0
2571,879,117,1.0
2571,879,108,1.0
2571,879,165,1.0
2572,880,367,1.0
2572,880,117,1.0
2572,880,110,1.0
2573,880,367,1.0
2573,880,269,1.0
2573,880,266,1.0
2574,880,367,1.0
2574,880,19,1.0
2574,880,12,1.0
2574,880,266,1.0
2575,881,420,1.0
2575,881,435,1.0
2575,881,426,1.0
2575,881,221,1.0
2576,881,420,1.0
2576,881,191,1.0
2576,881,184,1.0
2576,881,426,1.0
2576,881,221,1.0
2577,881,422,1.0
2577,881,433,1.0
2577,881,426,1.0
2577,881,221,1.0
2580,884,94,1.0
2581,884,106,1.0
2581,884,461,1.0
2582,884,92,1.0
2582,884,306,1.0
2583,885,92,1.0
2584,885,98,1.0
2584,885,206,1.0
2585,885,94,1.0
2585,885,307,1.0
2586,886,92,1.0
2587,886,98,1.0
2587,886,206,1.0
2588,886,94,1.0
2588,886,307,1.0
2589,887,96,1.0
2590,887,43,1.0
2590,887,50,1.0
2591,887,94,1.0
2591,887,197,1.0
2592,888,96,1.0
2593,888,43,1.0
2593,888,50,1.0
2594,888,94,1.0
2594,888,197,1.0
2595,889,96,1.0
2596,889,43,1.0
2596,889,50,1.0
2597,889,94,1.0
2597,889,197,1.0
2598,890,43,1.0
2599,890,96,1.0
2599,890,51,1.0
2600,890,94,1.0
2600,890,49,1.0
2601,891,106,1.0
2602,891,94,1.0
2602,891,460,1.0
2603,891,102,1.0
2603,891,414,1.0
2604,892,106,1.0
2605,892,94,1.0
2605,892,460,1.0
2606,892,102,1.0
2606,892,414,1.0
2607,893,106,1.0
2608,893,94,1.0
2608,893,460,1.0
2609,893,102,1.0
2609,893,414,1.0
2610,894,102,1.0
2611,894,94,1.0
2611,894,417,1.0
2612,894,106,1.0
2612,894,415,1.0
2613,895,92,1.0
2613,895,310,1.0
2614,895,94,1.0
2614,895,459,1.0
2615,895,98,1.0
2615,895,214,1.0
2616,896,100,1.0
2616,896,372,1.0
2617,896,98,1.0
2617,896,212,1.0
2618,896,92,1.0
2618,896,207,1.0
2618,896,212,1.0
2619,897,102,1.0
2619,897,395,1.0
2619,897,385,1.0
2619,897,171,1.0
2619,897,168,1.0
2620,897,102,1.0
2620,897,395,1.0
2620,897,385,1.0
2620,897,171,1.0
2620,897,162,1.0
2620,897,329,1.0
2621,897,106,1.0
2621,897,397,1.0
2621,897,385,1.0
2621,897,171,1.0
2621,897,168,1.0
2622,898,104,1.0
2622,898,283,1.0
2623,898,104,1.0
2623,898,271,1.0
2623,898,272,1.0
2624,898,94,1.0
2624,898,287,1.0
2625,898,106,1.0
2625,898,285,1.0
2626,899,92,1.0
2626,899,310,1.0
2626,899,239,1.0
2626,899,87,1.0
2627,899,94,1.0
2627,899,459,1.0
2627,899,239,1.0
2627,899,87,1.0
2628,899,98,1.0
2628,899,214,1.0
2628,899,239,1.0
2628,899,87,1.0
2629,900,102,1.0
2629,900,317,1.0
2630,900,102,1.0
2630,900,395,1.0
2630,900,319,1.0
2631,900,94,1.0
2631,900,417,1.0
2631,900,317,1.0
2632,901,102,1.0
2632,901,395,1.0
2632,901,385,1.0
2632,901,171,1.0
2632,901,162,1.0
2633,901,102,1.0
2633,901,395,1.0
2633,901,385,1.0
2633,901,171,1.0
2633,901,168,1.0
2633,901,328,1.0
2634,901,106,1.0
2634,901,397,1.0
2634,901,385,1.0
2634,901,171,1.0
2634,901,162,1.0
2637,904,461,1.0
2638,904,107,1.0
2638,904,94,1.0
2639,904,415,1.0
2639,904,416,1.0
2640,905,415,1.0
2641,905,461,1.0
2641,905,417,1.0
2642,905,439,1.0
2642,905,419,1.0
2643,906,107,1.0
2644,906,461,1.0
2644,906,95,1.0
2645,906,415,1.0
2645,906,103,1.0
2646,907,107,1.0
2647,907,461,1.0
2647,907,95,1.0
2648,907,415,1.0
2648,907,103,1.0
2649,908,107,1.0
2650,908,461,1.0
2650,908,95,1.0
2651,908,415,1.0
2651,908,103,1.0
2652,909,205,1.0
2653,909,461,1.0
2653,909,197,1.0
2654,909,461,1.0
2654,909,49,1.0
2654,909,50,1.0
2655,910,205,1.0
2656,910,461,1.0
2656,910,197,1.0
2657,910,461,1.0
2657,910,49,1.0
2657,910,50,1.0
2658,911,205,1.0
2659,911,461,1.0
2659,911,197,1.0
2660,911,461,1.0
2660,911,49,1.0
2660,911,50,1.0
2661,912,309,1.0
2662,912,461,1.0
2662,912,307,1.0
2663,912,461,1.0
2663,912,209,1.0
2663,912,206,1.0
2664,913,309,1.0
2665,913,461,1.0
2665,913,307,1.0
2666,913,461,1.0
2666,913,209,1.0
2666,913,206,1.0
2667,914,205,1.0
2667,914,51,1.0
2668,914,461,1.0
2668,914,49,1.0
2669,914,415,1.0
2669,914,47,1.0
2670,915,285,1.0
2671,915,439,1.0
2671,915,283,1.0
2672,915,461,1.0
2672,915,287,1.0
2673,916,461,1.0
2673,916,459,1.0
2674,916,439,1.0
2674,916,271,1.0
2674,916,274,1.0
2675,916,439,1.0
2675,916,442,1.0
2676,916,309,1.0
2676,916,310,1.0
2677,917,415,1.0
2677,917,317,1.0
2678,917,397,1.0
2678,917,121,1.0
2678,917,118,1.0
2679,917,397,1.0
2679,917,319,1.0
2680,917,415,1.0
2680,917,395,1.0
2680,917,319,1.0
2681,918,279,1.0
2682,918,439,1.0
2682,918,271,1.0
2683,918,285,1.0
2683,918,273,1.0
2684,919,397,1.0
2684,919,121,1.0
2685,919,415,1.0
2685,919,395,1.0
2685,919,121,1.0
2686,919,415,1.0
2686,919,317,1.0
2686,919,119,1.0
2687,920,397,1.0
2687,920,385,1.0
2687,920,171,1.0
2687,920,168,1.0
2688,920,415,1.0
2688,920,395,1.0
2688,920,385,1.0
2688,920,171,1.0
2688,920,168,1.0
2689,920,397,1.0
2689,920,385,1.0
2689,920,171,1.0
2689,920,162,1.0
2689,920,329,1.0
2690,921,205,1.0
2690,921,51,1.0
2690,921,52,1.0
2691,921,309,1.0
2691,921,207,1.0
2691,921,212,1.0
2692,921,461,1.0
2692,921,49,1.0
2692,921,52,1.0
2693,922,272,1.0
2694,922,270,1.0
2694,922,283,1.0
2695,922,278,1.0
2695,922,285,1.0
2696,923,274,1.0
2697,923,270,1.0
2697,923,442,1.0
2698,923,272,1.0
2698,923,282,1.0
2698,923,442,1.0
2699,924,276,1.0
2700,924,139,1.0
2700,924,134,1.0
2701,924,274,1.0
2701,924,239,1.0
2701,924,244,1.0
2702,925,278,1.0
2703,925,270,1.0
2703,925,438,1.0
2704,925,272,1.0
2704,925,284,1.0
2705,926,278,1.0
2706,926,270,1.0
2706,926,438,1.0
2707,926,272,1.0
2707,926,284,1.0
2708,927,278,1.0
2709,927,270,1.0
2709,927,438,1.0
2710,927,272,1.0
2710,927,284,1.0
2711,928,270,1.0
2711,928,440,1.0
2712,928,278,1.0
2712,928,461,1.0
2713,928,274,1.0
2713,928,458,1.0
2714,929,139,1.0
2715,929,276,1.0
2715,929,135,1.0
2716,929,280,1.0
2716,929,137,1.0
2717,930,274,1.0
2717,930,311,1.0
2718,930,274,1.0
2718,930,215,1.0
2718,930,206,1.0
2719,930,278,1.0
2719,930,309,1.0
2720,931,274,1.0
2720,931,311,1.0
2721,931,274,1.0
2721,931,215,1.0
2721,931,206,1.0
2722,931,278,1.0
2722,931,309,1.0
2723,932,270,1.0
2723,932,105,1.0
2724,932,270,1.0
2724,932,440,1.0
2724,932,95,1.0
2725,932,278,1.0
2725,932,107,1.0
2726,933,270,1.0
2726,933,105,1.0
2727,933,270,1.0
2727,933,440,1.0
2727,933,95,1.0
2728,933,278,1.0
2728,933,107,1.0
2729,934,270,1.0
2729,934,105,1.0
2730,934,270,1.0
2730,934,440,1.0
2730,934,95,1.0
2731,934,278,1.0
2731,934,107,1.0
2732,935,270,1.0
2732,935,419,1.0
2733,935,278,1.0
2733,935,415,1.0
2734,935,270,1.0
2734,935,438,1.0
2734,935,415,1.0
2735,936,274,1.0
2735,936,239,1.0
2736,936,274,1.0
2736,936,55,1.0
2736,936,56,1.0
2737,936,276,1.0
2737,936,245,1.0
2738,937,274,1.0
2738,937,55,1.0
2739,937,274,1.0
2739,937,239,1.0
2739,937,57,1.0
2740,937,276,1.0
2740,937,63,1.0
2741,938,272,1.0
2741,938,288,1.0
2742,938,270,1.0
2742,938,419,1.0
2742,938,317,1.0
2743,938,278,1.0
2743,938,415,1.0
2743,938,317,1.0
2744,939,278,1.0
2744,939,205,1.0
2745,939,270,1.0
2745,939,438,1.0
2745,939,205,1.0
2746,939,270,1.0
2746,939,105,1.0
2746,939,96,1.0
2747,940,278,1.0
2747,940,205,1.0
2748,940,270,1.0
2748,940,438,1.0
2748,940,205,1.0
2749,940,270,1.0
2749,940,105,1.0
2749,940,96,1.0
2750,941,278,1.0
2750,941,205,1.0
2751,941,270,1.0
2751,941,438,1.0
2751,941,205,1.0
2752,941,270,1.0
2752,941,105,1.0
2752,941,96,1.0
2754,943,325,1.0
2755,943,125,1.0
2755,943,126,1.0
2756,943,377,1.0
2756,943,321,1.0
2757,944,325,1.0
2758,944,125,1.0
2758,944,126,1.0
2759,944,377,1.0
2759,944,321,1.0
2760,945,125,1.0
2761,945,325,1.0
2761,945,127,1.0
2762,945,384,1.0
2762,945,121,1.0
2763,946,171,1.0
2764,946,325,1.0
2764,946,173,1.0
2765,946,125,1.0
2765,946,126,1.0
2765,946,173,1.0
2766,947,377,1.0
2767,947,325,1.0
2767,947,320,1.0
2768,947,125,1.0
2768,947,130,1.0
2769,948,377,1.0
2770,948,325,1.0
2770,948,320,1.0
2771,948,125,1.0
2771,948,130,1.0
2772,949,171,1.0
2772,949,168,1.0
2773,949,171,1.0
2773,949,162,1.0
2773,949,329,1.0
2774,949,171,1.0
2774,949,164,1.0
2774,949,266,1.0
2775,950,325,1.0
2775,950,322,1.0
2776,950,377,1.0
2776,950,374,1.0
2777,950,325,1.0
2777,950,320,1.0
2777,950,374,1.0
2778,951,325,1.0
2778,951,322,1.0
2779,951,377,1.0
2779,951,374,1.0
2780,951,325,1.0
2780,951,320,1.0
2780,951,374,1.0
2781,952,125,1.0
2781,952,118,1.0
2782,952,384,1.0
2782,952,319,1.0
2783,952,325,1.0
2783,952,127,1.0
2783,952,118,1.0
2784,953,171,1.0
2784,953,162,1.0
2785,953,171,1.0
2785,953,168,1.0
2785,953,328,1.0
2786,953,171,1.0
2786,953,166,1.0
2786,953,387,1.0
2787,954,171,1.0
2787,954,162,1.0
2788,954,171,1.0
2788,954,168,1.0
2788,954,328,1.0
2789,954,171,1.0
2789,954,166,1.0
2789,954,387,1.0
2790,955,171,1.0
2790,955,162,1.0
2791,955,171,1.0
2791,955,168,1.0
2791,955,328,1.0
2792,955,171,1.0
2792,955,166,1.0
2792,955,387,1.0
2793,956,384,1.0
2793,956,394,1.0
2794,956,125,1.0
2794,956,120,1.0
2794,956,394,1.0
2795,956,384,1.0
2795,956,396,1.0
2795,956,415,1.0
2796,957,377,1.0
2796,957,351,1.0
2797,957,125,1.0
2797,957,128,1.0
2798,957,325,1.0
2798,957,320,1.0
2798,957,351,1.0
2799,958,377,1.0
2799,958,351,1.0
2800,958,125,1.0
2800,958,128,1.0
2801,958,325,1.0
2801,958,320,1.0
2801,958,351,1.0
2802,959,171,1.0
2802,959,164,1.0
2803,959,171,1.0
2803,959,168,1.0
2803,959,267,1.0
2804,959,171,1.0
2804,959,162,1.0
2804,959,263,1.0
2805,960,171,1.0
2805,960,164,1.0
2805,960,109,1.0
2806,960,171,1.0
2806,960,162,1.0
2806,960,113,1.0
2807,960,171,1.0
2807,960,168,1.0
2807,960,111,1.0
2808,961,384,1.0
2808,961,394,1.0
2808,961,47,1.0
2809,961,384,1.0
2809,961,394,1.0
2809,961,199,1.0
2809,961,51,1.0
2810,961,384,1.0
2810,961,396,1.0
2810,961,205,1.0
2810,961,51,1.0
2811,962,109,1.0
2812,962,13,1.0
2812,962,16,1.0
2813,962,262,1.0
2813,962,113,1.0
2814,963,262,1.0
2815,963,266,1.0
2815,963,328,1.0
2816,963,109,1.0
2816,963,112,1.0
2817,964,262,1.0
2818,964,266,1.0
2818,964,328,1.0
2819,964,109,1.0
2819,964,112,1.0
2820,965,262,1.0
2821,965,266,1.0
2821,965,328,1.0
2822,965,109,1.0
2822,965,112,1.0
2823,966,13,1.0
2824,966,109,1.0
2824,966,17,1.0
2825,966,262,1.0
2825,966,15,1.0
2826,967,266,1.0
2827,967,262,1.0
2827,967,329,1.0
2828,967,109,1.0
2828,967,110,1.0
2829,968,165,1.0
2830,968,266,1.0
2830,968,169,1.0
2831,968,262,1.0
2831,968,163,1.0
2832,969,13,1.0
2832,969,22,1.0
2833,969,109,1.0
2833,969,17,1.0
2833,969,22,1.0
2834,969,13,1.0
2834,969,10,1.0
2834,969,446,1.0
2835,970,13,1.0
2835,970,22,1.0
2836,970,109,1.0
2836,970,17,1.0
2836,970,22,1.0
2837,970,13,1.0
2837,970,10,1.0
2837,970,446,1.0
2838,971,165,1.0
2838,971,170,1.0
2839,971,266,1.0
2839,971,169,1.0
2839,971,170,1.0
2840,971,262,1.0
2840,971,163,1.0
2840,971,170,1.0
2841,972,165,1.0
2841,972,170,1.0
2842,972,266,1.0
2842,972,169,1.0
2842,972,170,1.0
2843,972,262,1.0
2843,972,163,1.0
2843,972,170,1.0
2844,973,165,1.0
2844,973,170,1.0
2844,973,384,1.0
2844,973,394,1.0
2844,973,47,1.0
2845,973,165,1.0
2845,973,170,1.0
2845,973,384,1.0
2845,973,394,1.0
2845,973,199,1.0
2845,973,51,1.0
2846,973,165,1.0
2846,973,170,1.0
2846,973,384,1.0
2846,973,396,1.0
2846,973,205,1.0
2846,973,51,1.0
2847,974,13,1.0
2847,974,10,1.0
2847,974,429,1.0
2848,974,13,1.0
2848,974,10,1.0
2848,974,189,1.0
2848,974,184,1.0
2849,974,13,1.0
2849,974,22,1.0
2849,974,431,1.0
2850,975,165,1.0
2850,975,170,1.0
2850,975,384,1.0
2850,975,394,1.0
2850,975,199,1.0
2851,975,165,1.0
2851,975,170,1.0
2851,975,384,1.0
2851,975,394,1.0
2851,975,47,1.0
2851,975,50,1.0
2852,975,165,1.0
2852,975,170,1.0
2852,975,384,1.0
2852,975,396,1.0
2852,975,205,1.0
2853,976,165,1.0
2853,976,170,1.0
2853,976,384,1.0
2853,976,394,1.0
2853,976,199,1.0
2854,976,165,1.0
2854,976,170,1.0
2854,976,384,1.0
2854,976,394,1.0
2854,976,47,1.0
2854,976,50,1.0
2855,976,165,1.0
2855,976,170,1.0
2855,976,384,1.0
2855,976,396,1.0
2855,976,205,1.0
2856,977,165,1.0
2856,977,170,1.0
2856,977,384,1.0
2856,977,394,1.0
2856,977,199,1.0
2857,977,165,1.0
2857,977,170,1.0
2857,977,384,1.0
2857,977,394,1.0
2857,977,47,1.0
2857,977,50,1.0
2858,977,165,1.0
2858,977,170,1.0
2858,977,384,1.0
2858,977,396,1.0
2858,977,205,1.0
2859,978,13,1.0
2859,978,10,1.0
2859,978,189,1.0
2860,978,13,1.0
2860,978,10,1.0
2860,978,429,1.0
2860,978,185,1.0
2861,978,13,1.0
2861,978,22,1.0
2861,978,187,1.0
2862,979,13,1.0
2862,979,10,1.0
2862,979,189,1.0
2863,979,13,1.0
2863,979,10,1.0
2863,979,429,1.0
2863,979,185,1.0
2864,979,13,1.0
2864,979,22,1.0
2864,979,187,1.0
2865,980,165,1.0
2865,980,172,1.0
2866,980,165,1.0
2866,980,170,1.0
2866,980,325,1.0
2867,980,266,1.0
2867,980,169,1.0
2867,980,172,1.0
2868,981,165,1.0
2868,981,172,1.0
2869,981,165,1.0
2869,981,170,1.0
2869,981,325,1.0
2870,981,266,1.0
2870,981,169,1.0
2870,981,172,1.0
2871,982,118,1.0
2872,982,122,1.0
2872,982,315,1.0
2873,982,120,1.0
2873,982,319,1.0
2874,983,124,1.0
2875,983,126,1.0
2875,983,324,1.0
2876,983,120,1.0
2876,983,385,1.0
2877,984,124,1.0
2878,984,126,1.0
2878,984,324,1.0
2879,984,120,1.0
2879,984,385,1.0
2880,985,126,1.0
2881,985,124,1.0
2881,985,325,1.0
2882,985,130,1.0
2882,985,321,1.0
2883,986,126,1.0
2884,986,124,1.0
2884,986,325,1.0
2885,986,130,1.0
2885,986,321,1.0
2886,987,130,1.0
2887,987,132,1.0
2887,987,375,1.0
2888,987,126,1.0
2888,987,320,1.0
2889,988,130,1.0
2890,988,132,1.0
2890,988,375,1.0
2891,988,126,1.0
2891,988,320,1.0
2892,989,128,1.0
2893,989,130,1.0
2893,989,351,1.0
2894,989,122,1.0
2894,989,355,1.0
2895,990,128,1.0
2896,990,130,1.0
2896,990,351,1.0
2897,990,122,1.0
2897,990,355,1.0
2898,991,132,1.0
2899,991,130,1.0
2899,991,374,1.0
2900,991,126,1.0
2900,991,322,1.0
2901,992,132,1.0
2902,992,130,1.0
2902,992,374,1.0
2903,992,126,1.0
2903,992,322,1.0
2904,993,120,1.0
2904,993,394,1.0
2905,993,118,1.0
2905,993,316,1.0
2906,993,118,1.0
2906,993,318,1.0
2906,993,394,1.0
2907,994,124,1.0
2907,994,171,1.0
2908,994,126,1.0
2908,994,173,1.0
2909,994,126,1.0
2909,994,324,1.0
2909,994,171,1.0
2910,995,120,1.0
2910,995,396,1.0
2911,995,120,1.0
2911,995,394,1.0
2911,995,414,1.0
2912,995,118,1.0
2912,995,316,1.0
2912,995,414,1.0
2913,996,120,1.0
2913,996,396,1.0
2914,996,120,1.0
2914,996,394,1.0
2914,996,414,1.0
2915,996,118,1.0
2915,996,316,1.0
2915,996,414,1.0
2916,997,120,1.0
2916,997,396,1.0
2917,997,120,1.0
2917,997,394,1.0
2917,997,414,1.0
2918,997,118,1.0
2918,997,316,1.0
2918,997,414,1.0
2919,998,124,1.0
2919,998,171,1.0
2919,998,168,1.0
2920,998,126,1.0
2920,998,173,1.0
2920,998,168,1.0
2921,998,124,1.0
2921,998,171,1.0
2921,998,162,1.0
2921,998,329,1.0
2922,999,120,1.0
2922,999,394,1.0
2922,999,199,1.0
2923,999,120,1.0
2923,999,394,1.0
2923,999,47,1.0
2923,999,50,1.0
2924,999,120,1.0
2924,999,396,1.0
2924,999,205,1.0
2925,1000,120,1.0
2925,1000,394,1.0
2925,1000,199,1.0
2926,1000,120,1.0
2926,1000,394,1.0
2926,1000,47,1.0
2926,1000,50,1.0
2927,1000,120,1.0
2927,1000,396,1.0
2927,1000,205,1.0
2928,1001,120,1.0
2928,1001,394,1.0
2928,1001,199,1.0
2929,1001,120,1.0
2929,1001,394,1.0
2929,1001,47,1.0
2929,1001,50,1.0
2930,1001,120,1.0
2930,1001,396,1.0
2930,1001,205,1.0
2932,1003,374,1.0
2933,1003,351,1.0
2933,1003,352,1.0
2934,1003,321,1.0
2934,1003,322,1.0
2935,1004,374,1.0
2936,1004,351,1.0
2936,1004,352,1.0
2937,1004,321,1.0
2937,1004,322,1.0
2938,1005,351,1.0
2939,1005,374,1.0
2939,1005,353,1.0
2940,1005,131,1.0
2940,1005,128,1.0
2941,1006,351,1.0
2942,1006,374,1.0
2942,1006,353,1.0
2943,1006,131,1.0
2943,1006,128,1.0
2944,1007,131,1.0
2945,1007,374,1.0
2945,1007,133,1.0
2946,1007,321,1.0
2946,1007,127,1.0
2947,1008,321,1.0
2948,1008,374,1.0
2948,1008,323,1.0
2949,1008,131,1.0
2949,1008,126,1.0
2950,1009,321,1.0
2951,1009,374,1.0
2951,1009,323,1.0
2952,1009,131,1.0
2952,1009,126,1.0
2953,1010,376,1.0
2954,1010,321,1.0
2954,1010,324,1.0
2955,1010,131,1.0
2955,1010,124,1.0
2956,1011,376,1.0
2957,1011,321,1.0
2957,1011,324,1.0
2958,1011,131,1.0
2958,1011,124,1.0
2959,1012,131,1.0
2959,1012,118,1.0
2960,1012,378,1.0
2960,1012,315,1.0
2961,1012,351,1.0
2961,1012,313,1.0
2962,1013,374,1.0
2962,1013,454,1.0
2963,1013,351,1.0
2963,1013,356,1.0
2964,1013,374,1.0
2964,1013,353,1.0
2964,1013,356,1.0
2965,1014,376,1.0
2965,1014,171,1.0
2966,1014,321,1.0
2966,1014,173,1.0
2967,1014,321,1.0
2967,1014,324,1.0
2967,1014,171,1.0
2968,1015,131,1.0
2968,1015,120,1.0
2968,1015,394,1.0
2969,1015,131,1.0
2969,1015,118,1.0
2969,1015,316,1.0
2970,1015,378,1.0
2970,1015,315,1.0
2970,1015,316,1.0
2971,1016,374,1.0
2971,1016,454,1.0
2971,1016,181,1.0
2972,1016,351,1.0
2972,1016,356,1.0
2972,1016,181,1.0
2973,1016,374,1.0
2973,1016,456,1.0
2973,1016,177,1.0
2974,1017,374,1.0
2974,1017,454,1.0
2974,1017,181,1.0
2975,1017,351,1.0
2975,1017,356,1.0
2975,1017,181,1.0
2976,1017,374,1.0
2976,1017,456,1.0
2976,1017,177,1.0
2977,1018,376,1.0
2977,1018,171,1.0
2977,1018,168,1.0
2978,1018,321,1.0
2978,1018,173,1.0
2978,1018,168,1.0
2979,1018,321,1.0
2979,1018,324,1.0
2979,1018,171,1.0
2979,1018,168,1.0
2980,1019,131,1.0
2980,1019,120,1.0
2980,1019,396,1.0
2981,1019,131,1.0
2981,1019,120,1.0
2981,1019,394,1.0
2981,1019,414,1.0
2982,1019,131,1.0
2982,1019,118,1.0
2982,1019,316,1.0
2982,1019,414,1.0
2983,1020,131,1.0
2983,1020,120,1.0
2983,1020,396,1.0
2984,1020,131,1.0
2984,1020,120,1.0
2984,1020,394,1.0
2984,1020,414,1.0
2985,1020,131,1.0
2985,1020,118,1.0
2985,1020,316,1.0
2985,1020,414,1.0
2986,1021,131,1.0
2986,1021,120,1.0
2986,1021,396,1.0
2987,1021,131,1.0
2987,1021,120,1.0
2987,1021,394,1.0
2987,1021,414,1.0
2988,1021,131,1.0
2988,1021,118,1.0
2988,1021,316,1.0
2988,1021,414,1.0
2992,1025,1,1.0
2993,1025,251,1.0
2993,1025,3,1.0
2994,1025,29,1.0
2994,1025,5,1.0
2995,1026,1,1.0
2996,1026,251,1.0
2996,1026,3,1.0
2997,1026,29,1.0
2997,1026,5,1.0
2998,1027,251,1.0
2999,1027,1,1.0
2999,1027,2,1.0
3000,1027,29,1.0
3000,1027,26,1.0
3001,1028,402,1.0
3002,1028,157,1.0
3002,1028,152,1.0
3003,1028,157,1.0
3003,1028,154,1.0
3003,1028,382,1.0
3004,1029,402,1.0
3004,1029,409,1.0
3005,1029,157,1.0
3005,1029,152,1.0
3005,1029,409,1.0
3006,1029,402,1.0
3006,1029,445,1.0
3006,1029,407,1.0
3007,1030,404,1.0
3007,1030,363,1.0
3008,1030,404,1.0
3008,1030,77,1.0
3008,1030,80,1.0
3009,1030,402,1.0
3009,1030,305,1.0
3009,1030,302,1.0
3009,1030,359,1.0
3010,1031,157,1.0
3010,1031,89,1.0
3011,1031,157,1.0
3011,1031,158,1.0
3011,1031,83,1.0
3012,1031,157,1.0
3012,1031,154,1.0
3012,1031,85,1.0
3013,1032,402,1.0
3013,1032,41,1.0
3014,1032,402,1.0
3014,1032,409,1.0
3014,1032,35,1.0
3015,1032,157,1.0
3015,1032,152,1.0
3015,1032,41,1.0
3016,1033,404,1.0
3016,1033,363,1.0
3016,1033,358,1.0
3017,1033,402,1.0
3017,1033,305,1.0
3017,1033,302,1.0
3018,1033,404,1.0
3018,1033,363,1.0
3018,1033,360,1.0
3018,1033,410,1.0
3019,1034,404,1.0
3019,1034,363,1.0
3019,1034,358,1.0
3020,1034,402,1.0
3020,1034,305,1.0
3020,1034,302,1.0
3021,1034,404,1.0
3021,1034,363,1.0
3021,1034,360,1.0
3021,1034,410,1.0
3022,1035,404,1.0
3022,1035,363,1.0
3022,1035,358,1.0
3023,1035,402,1.0
3023,1035,305,1.0
3023,1035,302,1.0
3024,1035,404,1.0
3024,1035,363,1.0
3024,1035,360,1.0
3024,1035,410,1.0
3025,1036,404,1.0
3025,1036,363,1.0
3025,1036,358,1.0
3026,1036,402,1.0
3026,1036,305,1.0
3026,1036,302,1.0
3027,1036,404,1.0
3027,1036,363,1.0
3027,1036,360,1.0
3027,1036,410,1.0
3028,1037,402,1.0
3028,1037,409,1.0
3028,1037,389,1.0
3029,1037,402,1.0
3029,1037,41,1.0
3029,1037,36,1.0
3030,1037,157,1.0
3030,1037,152,1.0
3030,1037,409,1.0
3030,1037,389,1.0
3031,1038,157,1.0
3031,1038,89,1.0
3031,1038,86,1.0
3032,1038,157,1.0
3032,1038,158,1.0
3032,1038,241,1.0
3033,1038,157,1.0
3033,1038,158,1.0
3033,1038,83,1.0
3033,1038,86,1.0
3034,1039,157,1.0
3034,1039,89,1.0
3034,1039,61,1.0
3035,1039,157,1.0
3035,1039,89,1.0
3035,1039,86,1.0
3035,1039,57,1.0
3036,1039,157,1.0
3036,1039,158,1.0
3036,1039,59,1.0
3037,1040,402,1.0
3037,1040,409,1.0
3037,1040,389,1.0
3037,1040,213,1.0
3037,1040,206,1.0
3038,1040,402,1.0
3038,1040,41,1.0
3038,1040,36,1.0
3038,1040,213,1.0
3038,1040,206,1.0
3039,1040,402,1.0
3039,1040,409,1.0
3039,1040,389,1.0
3039,1040,373,1.0
3039,1040,211,1.0
3039,1040,206,1.0
3040,1041,402,1.0
3040,1041,409,1.0
3040,1041,389,1.0
3040,1041,213,1.0
3040,1041,206,1.0
3041,1041,402,1.0
3041,1041,41,1.0
3041,1041,36,1.0
3041,1041,213,1.0
3041,1041,206,1.0
3042,1041,402,1.0
3042,1041,409,1.0
3042,1041,389,1.0
3042,1041,373,1.0
3042,1041,211,1.0
3042,1041,206,1.0
3043,1042,311,1.0
3044,1042,215,1.0
3044,1042,206,1.0
3045,1042,458,1.0
3045,1042,307,1.0
3046,1043,311,1.0
3047,1043,215,1.0
3047,1043,206,1.0
3048,1043,458,1.0
3048,1043,307,1.0
3049,1044,458,1.0
3050,1044,311,1.0
3050,1044,306,1.0
3051,1044,443,1.0
3051,1044,440,1.0
3052,1045,275,1.0
3053,1045,443,1.0
3053,1045,271,1.0
3054,1045,443,1.0
3054,1045,283,1.0
3054,1045,273,1.0
3055,1046,311,1.0
3055,1046,93,1.0
3056,1046,458,1.0
3056,1046,95,1.0
3057,1046,215,1.0
3057,1046,99,1.0
3058,1047,311,1.0
3058,1047,93,1.0
3059,1047,458,1.0
3059,1047,95,1.0
3060,1047,215,1.0
3060,1047,99,1.0
3061,1048,311,1.0
3061,1048,93,1.0
3062,1048,458,1.0
3062,1048,95,1.0
3063,1048,215,1.0
3063,1048,99,1.0
3064,1049,239,1.0
3065,1049,55,1.0
3065,1049,56,1.0
3066,1049,55,1.0
3066,1049,60,1.0
3066,1049,86,1.0
3067,1050,458,1.0
3067,1050,460,1.0
3068,1050,275,1.0
3068,1050,270,1.0
3068,1050,438,1.0
3069,1050,443,1.0
3069,1050,438,1.0
3070,1050,311,1.0
3070,1050,308,1.0
3071,1051,458,1.0
3071,1051,460,1.0
3072,1051,275,1.0
3072,1051,270,1.0
3072,1051,438,1.0
3073,1051,443,1.0
3073,1051,438,1.0
3074,1051,311,1.0
3074,1051,308,1.0
3075,1052,458,1.0
3075,1052,460,1.0
3076,1052,275,1.0
3076,1052,270,1.0
3076,1052,438,1.0
3077,1052,443,1.0
3077,1052,438,1.0
3078,1052,311,1.0
3078,1052,308,1.0
3079,1053,55,1.0
3080,1053,239,1.0
3080,1053,57,1.0
3081,1053,239,1.0
3081,1053,87,1.0
3081,1053,61,1.0
3082,1054,239,1.0
3082,1054,87,1.0
3083,1054,55,1.0
3083,1054,60,1.0
3084,1054,55,1.0
3084,1054,56,1.0
3084,1054,87,1.0
3085,1055,443,1.0
3085,1055,283,1.0
3086,1055,275,1.0
3086,1055,272,1.0
3087,1055,458,1.0
3087,1055,287,1.0
3088,1056,275,1.0
3088,1056,276,1.0
3089,1056,239,1.0
3089,1056,244,1.0
3090,1056,55,1.0
3090,1056,62,1.0
3091,1057,443,1.0
3091,1057,419,1.0
3092,1057,275,1.0
3092,1057,270,1.0
3092,1057,419,1.0
3093,1057,458,1.0
3093,1057,417,1.0
3094,1057,458,1.0
3094,1057,460,1.0
3094,1057,415,1.0
3095,1058,311,1.0
3095,1058,203,1.0
3096,1058,215,1.0
3096,1058,201,1.0
3097,1058,215,1.0
3097,1058,206,1.0
3097,1058,203,1.0
3098,1059,311,1.0
3098,1059,203,1.0
3099,1059,215,1.0
3099,1059,201,1.0
3100,1059,215,1.0
3100,1059,206,1.0
3100,1059,203,1.0
3101,1060,311,1.0
3101,1060,203,1.0
3102,1060,215,1.0
3102,1060,201,1.0
3103,1060,215,1.0
3103,1060,206,1.0
3103,1060,203,1.0
3104,1061,458,1.0
3104,1061,49,1.0
3105,1061,311,1.0
3105,1061,203,1.0
3105,1061,51,1.0
3106,1061,215,1.0
3106,1061,201,1.0
3106,1061,51,1.0
3107,1062,37,1.0
3108,1062,388,1.0
3108,1062,35,1.0
3109,1062,388,1.0
3109,1062,301,1.0
3109,1062,33,1.0
3110,1063,388,1.0
3111,1063,37,1.0
3111,1063,34,1.0
3112,1063,37,1.0
3112,1063,32,1.0
3112,1063,300,1.0
3113,1064,53,1.0
3114,1064,373,1.0
3114,1064,45,1.0
3115,1064,373,1.0
3115,1064,195,1.0
3115,1064,51,1.0
3116,1065,53,1.0
3116,1065,50,1.0
3117,1065,373,1.0
3117,1065,195,1.0
3118,1065,373,1.0
3118,1065,45,1.0
3118,1065,50,1.0
3119,1066,53,1.0
3119,1066,50,1.0
3120,1066,373,1.0
3120,1066,195,1.0
3121,1066,373,1.0
3121,1066,45,1.0
3121,1066,50,1.0
3122,1067,53,1.0
3122,1067,50,1.0
3123,1067,373,1.0
3123,1067,195,1.0
3124,1067,373,1.0
3124,1067,45,1.0
3124,1067,50,1.0
3125,1068,213,1.0
3125,1068,206,1.0
3126,1068,373,1.0
3126,1068,211,1.0
3126,1068,206,1.0
3127,1068,53,1.0
3127,1068,50,1.0
3127,1068,202,1.0
3128,1069,213,1.0
3128,1069,206,1.0
3129,1069,373,1.0
3129,1069,211,1.0
3129,1069,206,1.0
3130,1069,53,1.0
3130,1069,50,1.0
3130,1069,202,1.0
3131,1070,373,1.0
3131,1070,101,1.0
3132,1070,213,1.0
3132,1070,99,1.0
3133,1070,213,1.0
3133,1070,206,1.0
3133,1070,93,1.0
3134,1071,373,1.0
3134,1071,101,1.0
3135,1071,213,1.0
3135,1071,99,1.0
3136,1071,213,1.0
3136,1071,206,1.0
3136,1071,93,1.0
3137,1072,373,1.0
3137,1072,101,1.0
3138,1072,213,1.0
3138,1072,99,1.0
3139,1072,213,1.0
3139,1072,206,1.0
3139,1072,93,1.0
3140,1073,388,1.0
3140,1073,408,1.0
3141,1073,37,1.0
3141,1073,40,1.0
3142,1073,37,1.0
3142,1073,34,1.0
3142,1073,408,1.0
3143,1074,53,1.0
3143,1074,48,1.0
3144,1074,213,1.0
3144,1074,208,1.0
3145,1074,213,1.0
3145,1074,206,1.0
3145,1074,306,1.0
3146,1075,388,1.0
3146,1075,408,1.0
3146,1075,383,1.0
3146,1075,85,1.0
3147,1075,388,1.0
3147,1075,408,1.0
3147,1075,153,1.0
3147,1075,89,1.0
3148,1075,388,1.0
3148,1075,408,1.0
3148,1075,153,1.0
3148,1075,158,1.0
3148,1075,83,1.0
3149,1076,53,1.0
3149,1076,46,1.0
3149,1076,395,1.0
3149,1076,385,1.0
3149,1076,171,1.0
3149,1076,168,1.0
3150,1076,388,1.0
3150,1076,301,1.0
3150,1076,149,1.0
3150,1076,144,1.0
3150,1076,427,1.0
3150,1076,428,1.0
3150,1076,11,1.0
3150,1076,12,1.0
3150,1076,266,1.0
3151,1076,53,1.0
3151,1076,50,1.0
3151,1076,198,1.0
3151,1076,395,1.0
3151,1076,385,1.0
3151,1076,171,1.0
3151,1076,168,1.0
3152,1076,53,1.0
3152,1076,46,1.0
3152,1076,395,1.0
3152,1076,385,1.0
3152,1076,171,1.0
3152,1076,162,1.0
3152,1076,329,1.0
3153,1077,53,1.0
3153,1077,50,1.0
3153,1077,204,1.0
3154,1077,213,1.0
3154,1077,206,1.0
3154,1077,308,1.0
3155,1077,53,1.0
3155,1077,48,1.0
3155,1077,460,1.0
3156,1078,53,1.0
3156,1078,50,1.0
3156,1078,204,1.0
3157,1078,213,1.0
3157,1078,206,1.0
3157,1078,308,1.0
3158,1078,53,1.0
3158,1078,48,1.0
3158,1078,460,1.0
3159,1079,53,1.0
3159,1079,50,1.0
3159,1079,204,1.0
3160,1079,213,1.0
3160,1079,206,1.0
3160,1079,308,1.0
3161,1079,53,1.0
3161,1079,48,1.0
3161,1079,460,1.0
3162,1080,53,1.0
3162,1080,46,1.0
3163,1080,53,1.0
3163,1080,50,1.0
3163,1080,198,1.0
3164,1080,373,1.0
3164,1080,101,1.0
3164,1080,102,1.0
3165,1081,53,1.0
3165,1081,46,1.0
3165,1081,395,1.0
3165,1081,385,1.0
3165,1081,171,1.0
3165,1081,162,1.0
3166,1081,388,1.0
3166,1081,301,1.0
3166,1081,149,1.0
3166,1081,144,1.0
3166,1081,427,1.0
3166,1081,428,1.0
3166,1081,11,1.0
3166,1081,14,1.0
3167,1081,53,1.0
3167,1081,46,1.0
3167,1081,395,1.0
3167,1081,385,1.0
3167,1081,171,1.0
3167,1081,168,1.0
3167,1081,328,1.0
3168,1081,53,1.0
3168,1081,50,1.0
3168,1081,198,1.0
3168,1081,395,1.0
3168,1081,385,1.0
3168,1081,171,1.0
3168,1081,162,1.0
3172,1085,359,1.0
3173,1085,411,1.0
3173,1085,361,1.0
3174,1085,141,1.0
3174,1085,146,1.0
3175,1086,219,1.0
3176,1086,411,1.0
3176,1086,217,1.0
3177,1086,452,1.0
3177,1086,221,1.0
3178,1087,303,1.0
3178,1087,300,1.0
3179,1087,141,1.0
3179,1087,148,1.0
3179,1087,300,1.0
3180,1087,141,1.0
3180,1087,150,1.0
3180,1087,407,1.0
3181,1088,303,1.0
3181,1088,33,1.0
3182,1088,141,1.0
3182,1088,148,1.0
3182,1088,33,1.0
3183,1088,411,1.0
3183,1088,143,1.0
3183,1088,148,1.0
3183,1088,33,1.0
3184,1089,452,1.0
3184,1089,427,1.0
3185,1089,411,1.0
3185,1089,412,1.0
3185,1089,427,1.0
3186,1089,141,1.0
3186,1089,144,1.0
3186,1089,427,1.0
3187,1090,452,1.0
3187,1090,427,1.0
3187,1090,185,1.0
3188,1090,411,1.0
3188,1090,412,1.0
3188,1090,427,1.0
3188,1090,185,1.0
3189,1090,141,1.0
3189,1090,144,1.0
3189,1090,427,1.0
3189,1090,185,1.0
3190,1091,452,1.0
3190,1091,427,1.0
3190,1091,185,1.0
3191,1091,411,1.0
3191,1091,412,1.0
3191,1091,427,1.0
3191,1091,185,1.0
3192,1091,141,1.0
3192,1091,144,1.0
3192,1091,427,1.0
3192,1091,185,1.0
3193,1092,303,1.0
3193,1092,304,1.0
3194,1092,141,1.0
3194,1092,148,1.0
3194,1092,304,1.0
3195,1092,141,1.0
3195,1092,150,1.0
3195,1092,444,1.0
3196,1093,452,1.0
3196,1093,427,1.0
3196,1093,430,1.0
3197,1093,452,1.0
3197,1093,427,1.0
3197,1093,185,1.0
3197,1093,186,1.0
3198,1093,411,1.0
3198,1093,412,1.0
3198,1093,427,1.0
3198,1093,430,1.0
3199,1094,452,1.0
3199,1094,427,1.0
3199,1094,430,1.0
3200,1094,452,1.0
3200,1094,427,1.0
3200,1094,185,1.0
3200,1094,186,1.0
3201,1094,411,1.0
3201,1094,412,1.0
3201,1094,427,1.0
3201,1094,430,1.0
3202,1095,359,1.0
3202,1095,362,1.0
3202,1095,405,1.0
3203,1095,303,1.0
3203,1095,304,1.0
3203,1095,403,1.0
3204,1095,411,1.0
3204,1095,361,1.0
3204,1095,362,1.0
3204,1095,405,1.0
3205,1096,359,1.0
3205,1096,362,1.0
3205,1096,405,1.0
3206,1096,303,1.0
3206,1096,304,1.0
3206,1096,403,1.0
3207,1096,411,1.0
3207,1096,361,1.0
3207,1096,362,1.0
3207,1096,405,1.0
3208,1097,359,1.0
3208,1097,362,1.0
3208,1097,405,1.0
3209,1097,303,1.0
3209,1097,304,1.0
3209,1097,403,1.0
3210,1097,411,1.0
3210,1097,361,1.0
3210,1097,362,1.0
3210,1097,405,1.0
3211,1098,359,1.0
3211,1098,362,1.0
3211,1098,405,1.0
3212,1098,303,1.0
3212,1098,304,1.0
3212,1098,403,1.0
3213,1098,411,1.0
3213,1098,361,1.0
3213,1098,362,1.0
3213,1098,405,1.0
3214,1099,303,1.0
3214,1099,33,1.0
3214,1099,36,1.0
3215,1099,303,1.0
3215,1099,300,1.0
3215,1099,389,1.0
3216,1099,141,1.0
3216,1099,148,1.0
3216,1099,33,1.0
3216,1099,36,1.0
3217,1100,359,1.0
3217,1100,81,1.0
3217,1100,78,1.0
3218,1100,359,1.0
3218,1100,362,1.0
3218,1100,77,1.0
3218,1100,78,1.0
3219,1100,359,1.0
3219,1100,362,1.0
3219,1100,225,1.0
3219,1100,226,1.0
3220,1101,359,1.0
3220,1101,362,1.0
3220,1101,405,1.0
3220,1101,1,1.0
3221,1101,303,1.0
3221,1101,304,1.0
3221,1101,403,1.0
3221,1101,1,1.0
3222,1101,411,1.0
3222,1101,361,1.0
3222,1101,362,1.0
3222,1101,405,1.0
3222,1101,1,1.0
3224,1103,341,1.0
3225,1103,436,1.0
3225,1103,339,1.0
3226,1103,337,1.0
3226,1103,334,1.0
3227,1104,341,1.0
3228,1104,436,1.0
3228,1104,339,1.0
3229,1104,337,1.0
3229,1104,334,1.0
3230,1105,337,1.0
3231,1105,341,1.0
3231,1105,335,1.0
3232,1105,436,1.0
3232,1105,331,1.0
3233,1106,393,1.0
3233,1106,291,1.0
3234,1106,337,1.0
3234,1106,332,1.0
3234,1106,291,1.0
3235,1106,393,1.0
3235,1106,390,1.0
3235,1106,315,1.0
3235,1106,289,1.0
3236,1107,393,1.0
3236,1107,291,1.0
3236,1107,273,1.0
3237,1107,393,1.0
3237,1107,291,1.0
3237,1107,282,1.0
3237,1107,271,1.0
3238,1107,337,1.0
3238,1107,332,1.0
3238,1107,291,1.0
3238,1107,273,1.0
3239,1108,337,1.0
3239,1108,175,1.0
3240,1108,337,1.0
3240,1108,257,1.0
3240,1108,179,1.0
3241,1108,436,1.0
3241,1108,183,1.0
3242,1109,337,1.0
3242,1109,175,1.0
3243,1109,337,1.0
3243,1109,257,1.0
3243,1109,179,1.0
3244,1109,436,1.0
3244,1109,183,1.0
3245,1110,393,1.0
3245,1110,291,1.0
3245,1110,273,1.0
3245,1110,139,1.0
3246,1110,393,1.0
3246,1110,291,1.0
3246,1110,273,1.0
3246,1110,276,1.0
3246,1110,135,1.0
3247,1110,393,1.0
3247,1110,291,1.0
3247,1110,282,1.0
3247,1110,271,1.0
3247,1110,139,1.0
3248,1111,393,1.0
3248,1111,390,1.0
3248,1111,355,1.0
3249,1111,393,1.0
3249,1111,390,1.0
3249,1111,315,1.0
3249,1111,312,1.0
3250,1111,393,1.0
3250,1111,390,1.0
3250,1111,123,1.0
3250,1111,128,1.0
3251,1112,393,1.0
3251,1112,390,1.0
3251,1112,355,1.0
3252,1112,393,1.0
3252,1112,390,1.0
3252,1112,315,1.0
3252,1112,312,1.0
3253,1112,393,1.0
3253,1112,390,1.0
3253,1112,123,1.0
3253,1112,128,1.0
3254,1113,393,1.0
3254,1113,291,1.0
3254,1113,273,1.0
3254,1113,276,1.0
3255,1113,393,1.0
3255,1113,291,1.0
3255,1113,273,1.0
3255,1113,139,1.0
3255,1113,134,1.0
3256,1113,393,1.0
3256,1113,291,1.0
3256,1113,282,1.0
3256,1113,271,1.0
3256,1113,276,1.0
3257,1114,393,1.0
3257,1114,390,1.0
3257,1114,315,1.0
3258,1114,393,1.0
3258,1114,291,1.0
3258,1114,288,1.0
3259,1114,393,1.0
3259,1114,390,1.0
3259,1114,123,1.0
3259,1114,118,1.0
3260,1115,337,1.0
3260,1115,175,1.0
3260,1115,180,1.0
3261,1115,337,1.0
3261,1115,257,1.0
3261,1115,179,1.0
3261,1115,180,1.0
3262,1115,337,1.0
3262,1115,175,1.0
3262,1115,176,1.0
3262,1115,463,1.0
3263,1116,393,1.0
3263,1116,291,1.0
3263,1116,282,1.0
3263,1116,442,1.0
3264,1116,393,1.0
3264,1116,291,1.0
3264,1116,273,1.0
3264,1116,274,1.0
3265,1116,393,1.0
3265,1116,291,1.0
3265,1116,286,1.0
3265,1116,459,1.0
3266,1117,393,1.0
3266,1117,291,1.0
3266,1117,284,1.0
3267,1117,393,1.0
3267,1117,291,1.0
3267,1117,282,1.0
3267,1117,438,1.0
3268,1117,393,1.0
3268,1117,291,1.0
3268,1117,286,1.0
3268,1117,460,1.0
3269,1118,393,1.0
3269,1118,291,1.0
3269,1118,284,1.0
3270,1118,393,1.0
3270,1118,291,1.0
3270,1118,282,1.0
3270,1118,438,1.0
3271,1118,393,1.0
3271,1118,291,1.0
3271,1118,286,1.0
3271,1118,460,1.0
3272,1119,393,1.0
3272,1119,291,1.0
3272,1119,284,1.0
3273,1119,393,1.0
3273,1119,291,1.0
3273,1119,282,1.0
3273,1119,438,1.0
3274,1119,393,1.0
3274,1119,291,1.0
3274,1119,286,1.0
3274,1119,460,1.0
3275,1120,393,1.0
3275,1120,390,1.0
3275,1120,123,1.0
3276,1120,393,1.0
3276,1120,390,1.0
3276,1120,315,1.0
3276,1120,119,1.0
3277,1120,393,1.0
3277,1120,390,1.0
3277,1120,399,1.0
3277,1120,121,1.0
3278,1121,393,1.0
3278,1121,390,1.0
3278,1121,379,1.0
3279,1121,393,1.0
3279,1121,390,1.0
3279,1121,355,1.0
3279,1121,350,1.0
3280,1121,393,1.0
3280,1121,390,1.0
3280,1121,123,1.0
3280,1121,130,1.0
3282,1123,374,1.0
3283,1123,351,1.0
3283,1123,352,1.0
3284,1123,321,1.0
3284,1123,322,1.0
3285,1124,374,1.0
3286,1124,351,1.0
3286,1124,352,1.0
3287,1124,321,1.0
3287,1124,322,1.0
3288,1125,351,1.0
3289,1125,374,1.0
3289,1125,353,1.0
3290,1125,131,1.0
3290,1125,128,1.0
3291,1126,351,1.0
3292,1126,374,1.0
3292,1126,353,1.0
3293,1126,131,1.0
3293,1126,128,1.0
3294,1127,131,1.0
3295,1127,374,1.0
3295,1127,133,1.0
3296,1127,321,1.0
3296,1127,127,1.0
3297,1128,321,1.0
3298,1128,374,1.0
3298,1128,323,1.0
3299,1128,131,1.0
3299,1128,126,1.0
3300,1129,321,1.0
3301,1129,374,1.0
3301,1129,323,1.0
3302,1129,131,1.0
3302,1129,126,1.0
3303,1130,376,1.0
3304,1130,321,1.0
3304,1130,324,1.0
3305,1130,131,1.0
3305,1130,124,1.0
3306,1131,376,1.0
3307,1131,321,1.0
3307,1131,324,1.0
3308,1131,131,1.0
3308,1131,124,1.0
3309,1132,131,1.0
3309,1132,118,1.0
3310,1132,378,1.0
3310,1132,315,1.0
3311,1132,351,1.0
3311,1132,313,1.0
3312,1133,374,1.0
3312,1133,454,1.0
3313,1133,351,1.0
3313,1133,356,1.0
3314,1133,374,1.0
3314,1133,353,1.0
3314,1133,356,1.0
3315,1134,376,1.0
3315,1134,171,1.0
3316,1134,321,1.0
3316,1134,173,1.0
3317,1134,321,1.0
3317,1134,324,1.0
3317,1134,171,1.0
3318,1135,131,1.0
3318,1135,120,1.0
3318,1135,394,1.0
3319,1135,131,1.0
3319,1135,118,1.0
3319,1135,316,1.0
3320,1135,378,1.0
3320,1135,315,1.0
3320,1135,316,1.0
3321,1136,374,1.0
3321,1136,454,1.0
3321,1136,181,1.0
3322,1136,351,1.0
3322,1136,356,1.0
3322,1136,181,1.0
3323,1136,374,1.0
3323,1136,456,1.0
3323,1136,177,1.0
3324,1137,374,1.0
3324,1137,454,1.0
3324,1137,181,1.0
3325,1137,351,1.0
3325,1137,356,1.0
3325,1137,181,1.0
3326,1137,374,1.0
3326,1137,456,1.0
3326,1137,177,1.0
3327,1138,376,1.0
3327,1138,171,1.0
3327,1138,168,1.0
3328,1138,321,1.0
3328,1138,173,1.0
3328,1138,168,1.0
3329,1138,321,1.0
3329,1138,324,1.0
3329,1138,171,1.0
3329,1138,168,1.0
3330,1139,131,1.0
3330,1139,120,1.0
3330,1139,396,1.0
3331,1139,131,1.0
3331,1139,120,1.0
3331,1139,394,1.0
3331,1139,414,1.0
3332,1139,131,1.0
3332,1139,118,1.0
3332,1139,316,1.0
3332,1139,414,1.0
3333,1140,131,1.0
3333,1140,120,1.0
3333,1140,396,1.0
3334,1140,131,1.0
3334,1140,120,1.0
3334,1140,394,1.0
3334,1140,414,1.0
3335,1140,131,1.0
3335,1140,118,1.0
3335,1140,316,1.0
3335,1140,414,1.0
3336,1141,131,1.0
3336,1141,120,1.0
3336,1141,396,1.0
3337,1141,131,1.0
3337,1141,120,1.0
3337,1141,394,1.0
3337,1141,414,1.0
3338,1141,131,1.0
3338,1141,118,1.0
3338,1141,316,1.0
3338,1141,414,1.0
3341,1144,423,1.0
3342,1144,450,1.0
3342,1144,421,1.0
3343,1144,193,1.0
3343,1144,190,1.0
3343,1144,421,1.0
3344,1145,423,1.0
3345,1145,450,1.0
3345,1145,421,1.0
3346,1145,193,1.0
3346,1145,190,1.0
3346,1145,421,1.0
3347,1146,193,1.0
3348,1146,450,1.0
3348,1146,191,1.0
3349,1146,433,1.0
3349,1146,185,1.0
3350,1147,193,1.0
3351,1147,450,1.0
3351,1147,191,1.0
3352,1147,433,1.0
3352,1147,185,1.0
3353,1148,433,1.0
3354,1148,450,1.0
3354,1148,435,1.0
3355,1148,193,1.0
3355,1148,184,1.0
3356,1149,193,1.0
3356,1149,186,1.0
3357,1149,450,1.0
3357,1149,191,1.0
3357,1149,186,1.0
3358,1149,433,1.0
3358,1149,430,1.0
3359,1150,193,1.0
3359,1150,186,1.0
3360,1150,450,1.0
3360,1150,191,1.0
3360,1150,186,1.0
3361,1150,433,1.0
3361,1150,430,1.0
3362,1151,433,1.0
3362,1151,426,1.0
3362,1151,221,1.0
3363,1151,450,1.0
3363,1151,435,1.0
3363,1151,426,1.0
3363,1151,221,1.0
3364,1151,193,1.0
3364,1151,184,1.0
3364,1151,426,1.0
3364,1151,221,1.0
3365,1152,450,1.0
3365,1152,449,1.0
3365,1152,11,1.0
3366,1152,193,1.0
3366,1152,188,1.0
3366,1152,11,1.0
3367,1152,450,1.0
3367,1152,191,1.0
3367,1152,188,1.0
3367,1152,11,1.0
3368,1153,450,1.0
3368,1153,449,1.0
3368,1153,11,1.0
3368,1153,16,1.0
3369,1153,193,1.0
3369,1153,188,1.0
3369,1153,11,1.0
3369,1153,16,1.0
3370,1153,450,1.0
3370,1153,191,1.0
3370,1153,188,1.0
3370,1153,11,1.0
3370,1153,16,1.0
3371,1154,433,1.0
3371,1154,426,1.0
3371,1154,453,1.0
3372,1154,450,1.0
3372,1154,435,1.0
3372,1154,426,1.0
3372,1154,453,1.0
3373,1154,193,1.0
3373,1154,184,1.0
3373,1154,426,1.0
3373,1154,453,1.0
3374,1155,433,1.0
3374,1155,426,1.0
3374,1155,453,1.0
3375,1155,450,1.0
3375,1155,435,1.0
3375,1155,426,1.0
3375,1155,453,1.0
3376,1155,193,1.0
3376,1155,184,1.0
3376,1155,426,1.0
3376,1155,453,1.0
3377,1156,433,1.0
3377,1156,426,1.0
3377,1156,453,1.0
3378,1156,450,1.0
3378,1156,435,1.0
3378,1156,426,1.0
3378,1156,453,1.0
3379,1156,193,1.0
3379,1156,184,1.0
3379,1156,426,1.0
3379,1156,453,1.0
3380,1157,433,1.0
3380,1157,426,1.0
3380,1157,453,1.0
3381,1157,450,1.0
3381,1157,435,1.0
3381,1157,426,1.0
3381,1157,453,1.0
3382,1157,193,1.0
3382,1157,184,1.0
3382,1157,426,1.0
3382,1157,453,1.0
3383,1158,450,1.0
3383,1158,449,1.0
3383,1158,11,1.0
3383,1158,12,1.0
3384,1158,450,1.0
3384,1158,449,1.0
3384,1158,11,1.0
3384,1158,16,1.0
3384,1158,108,1.0
3385,1158,193,1.0
3385,1158,188,1.0
3385,1158,11,1.0
3385,1158,12,1.0
3386,1159,433,1.0
3386,1159,426,1.0
3386,1159,145,1.0
3386,1159,148,1.0
3386,1159,33,1.0
3387,1159,450,1.0
3387,1159,435,1.0
3387,1159,426,1.0
3387,1159,145,1.0
3387,1159,148,1.0
3387,1159,33,1.0
3388,1159,193,1.0
3388,1159,184,1.0
3388,1159,426,1.0
3388,1159,145,1.0
3388,1159,148,1.0
3388,1159,33,1.0
3389,1160,433,1.0
3389,1160,426,1.0
3389,1160,453,1.0
3389,1160,359,1.0
3390,1160,450,1.0
3390,1160,435,1.0
3390,1160,426,1.0
3390,1160,453,1.0
3390,1160,359,1.0
3391,1160,193,1.0
3391,1160,184,1.0
3391,1160,426,1.0
3391,1160,453,1.0
3391,1160,359,1.0
3392,1161,450,1.0
3392,1161,449,1.0
3392,1161,11,1.0
3392,1161,14,1.0
3393,1161,450,1.0
3393,1161,449,1.0
3393,1161,11,1.0
3393,1161,16,1.0
3393,1161,112,1.0
3394,1161,450,1.0
3394,1161,449,1.0
3394,1161,11,1.0
3394,1161,12,1.0
3394,1161,262,1.0
3397,1164,329,1.0
3398,1164,386,1.0
3398,1164,327,1.0
3399,1164,263,1.0
3399,1164,266,1.0
3400,1165,263,1.0
3401,1165,329,1.0
3401,1165,267,1.0
3402,1165,113,1.0
3402,1165,108,1.0
3403,1166,163,1.0
3404,1166,329,1.0
3404,1166,169,1.0
3405,1166,386,1.0
3405,1166,167,1.0
3406,1167,113,1.0
3407,1167,263,1.0
3407,1167,109,1.0
3408,1167,329,1.0
3408,1167,111,1.0
3409,1168,15,1.0
3410,1168,113,1.0
3410,1168,17,1.0
3411,1168,263,1.0
3411,1168,13,1.0
3412,1169,163,1.0
3412,1169,170,1.0
3412,1169,384,1.0
3412,1169,394,1.0
3412,1169,47,1.0
3413,1169,329,1.0
3413,1169,169,1.0
3413,1169,170,1.0
3413,1169,384,1.0
3413,1169,394,1.0
3413,1169,47,1.0
3414,1169,163,1.0
3414,1169,170,1.0
3414,1169,384,1.0
3414,1169,394,1.0
3414,1169,199,1.0
3414,1169,51,1.0
3415,1170,163,1.0
3415,1170,170,1.0
3416,1170,329,1.0
3416,1170,169,1.0
3416,1170,170,1.0
3417,1170,386,1.0
3417,1170,167,1.0
3417,1170,170,1.0
3418,1171,163,1.0
3418,1171,170,1.0
3419,1171,329,1.0
3419,1171,169,1.0
3419,1171,170,1.0
3420,1171,386,1.0
3420,1171,167,1.0
3420,1171,170,1.0
3421,1172,163,1.0
3421,1172,170,1.0
3421,1172,384,1.0
3421,1172,394,1.0
3421,1172,199,1.0
3422,1172,163,1.0
3422,1172,170,1.0
3422,1172,384,1.0
3422,1172,394,1.0
3422,1172,47,1.0
3422,1172,50,1.0
3423,1172,163,1.0
3423,1172,170,1.0
3423,1172,384,1.0
3423,1172,396,1.0
3423,1172,205,1.0
3424,1173,163,1.0
3424,1173,170,1.0
3424,1173,384,1.0
3424,1173,394,1.0
3424,1173,199,1.0
3425,1173,163,1.0
3425,1173,170,1.0
3425,1173,384,1.0
3425,1173,394,1.0
3425,1173,47,1.0
3425,1173,50,1.0
3426,1173,163,1.0
3426,1173,170,1.0
3426,1173,384,1.0
3426,1173,396,1.0
3426,1173,205,1.0
3427,1174,163,1.0
3427,1174,170,1.0
3427,1174,384,1.0
3427,1174,394,1.0
3427,1174,199,1.0
3428,1174,163,1.0
3428,1174,170,1.0
3428,1174,384,1.0
3428,1174,394,1.0
3428,1174,47,1.0
3428,1174,50,1.0
3429,1174,163,1.0
3429,1174,170,1.0
3429,1174,384,1.0
3429,1174,396,1.0
3429,1174,205,1.0
3430,1175,163,1.0
3430,1175,170,1.0
3430,1175,384,1.0
3430,1175,394,1.0
3431,1175,329,1.0
3431,1175,169,1.0
3431,1175,170,1.0
3431,1175,384,1.0
3431,1175,394,1.0
3432,1175,163,1.0
3432,1175,170,1.0
3432,1175,125,1.0
3432,1175,120,1.0
3432,1175,394,1.0
3433,1176,163,1.0
3433,1176,172,1.0
3434,1176,163,1.0
3434,1176,170,1.0
3434,1176,325,1.0
3435,1176,329,1.0
3435,1176,169,1.0
3435,1176,172,1.0
3436,1177,163,1.0
3436,1177,172,1.0
3437,1177,163,1.0
3437,1177,170,1.0
3437,1177,325,1.0
3438,1177,329,1.0
3438,1177,169,1.0
3438,1177,172,1.0
3439,1178,15,1.0
3439,1178,22,1.0
3440,1178,113,1.0
3440,1178,17,1.0
3440,1178,22,1.0
3441,1178,263,1.0
3441,1178,13,1.0
3441,1178,22,1.0
3442,1179,15,1.0
3442,1179,22,1.0
3443,1179,113,1.0
3443,1179,17,1.0
3443,1179,22,1.0
3444,1179,263,1.0
3444,1179,13,1.0
3444,1179,22,1.0
3445,1180,163,1.0
3445,1180,170,1.0
3445,1180,384,1.0
3445,1180,394,1.0
3445,1180,47,1.0
3445,1180,52,1.0
3446,1180,15,1.0
3446,1180,10,1.0
3446,1180,429,1.0
3446,1180,426,1.0
3446,1180,145,1.0
3446,1180,148,1.0
3446,1180,300,1.0
3446,1180,389,1.0
3447,1180,329,1.0
3447,1180,169,1.0
3447,1180,170,1.0
3447,1180,384,1.0
3447,1180,394,1.0
3447,1180,47,1.0
3447,1180,52,1.0
3448,1180,163,1.0
3448,1180,170,1.0
3448,1180,384,1.0
3448,1180,394,1.0
3448,1180,199,1.0
3448,1180,51,1.0
3448,1180,52,1.0
3449,1181,163,1.0
3449,1181,170,1.0
3449,1181,384,1.0
3449,1181,394,1.0
3449,1181,103,1.0
3450,1181,329,1.0
3450,1181,169,1.0
3450,1181,170,1.0
3450,1181,384,1.0
3450,1181,394,1.0
3450,1181,103,1.0
3451,1181,163,1.0
3451,1181,170,1.0
3451,1181,384,1.0
3451,1181,396,1.0
3451,1181,107,1.0
3453,1183,67,1.0
3454,1183,246,1.0
3454,1183,69,1.0
3455,1183,246,1.0
3455,1183,243,1.0
3455,1183,57,1.0
3456,1184,248,1.0
3456,1184,137,1.0
3457,1184,67,1.0
3457,1184,64,1.0
3458,1184,67,1.0
3458,1184,62,1.0
3458,1184,135,1.0
3459,1185,67,1.0
3459,1185,56,1.0
3460,1185,246,1.0
3460,1185,243,1.0
3461,1185,246,1.0
3461,1185,69,1.0
3461,1185,56,1.0
3462,1186,31,1.0
3462,1186,5,1.0
3463,1186,246,1.0
3463,1186,7,1.0
3464,1186,31,1.0
3464,1186,26,1.0
3464,1186,3,1.0
3465,1187,31,1.0
3465,1187,5,1.0
3466,1187,246,1.0
3466,1187,7,1.0
3467,1187,31,1.0
3467,1187,26,1.0
3467,1187,3,1.0
3468,1188,67,1.0
3468,1188,62,1.0
3469,1188,67,1.0
3469,1188,56,1.0
3469,1188,244,1.0
3470,1188,248,1.0
3470,1188,400,1.0
3471,1189,31,1.0
3471,1189,26,1.0
3472,1189,31,1.0
3472,1189,5,1.0
3472,1189,2,1.0
3473,1189,246,1.0
3473,1189,7,1.0
3473,1189,2,1.0
3474,1190,246,1.0
3474,1190,91,1.0
3475,1190,67,1.0
3475,1190,60,1.0
3476,1190,67,1.0
3476,1190,56,1.0
3476,1190,87,1.0
3477,1191,31,1.0
3477,1191,28,1.0
3478,1191,31,1.0
3478,1191,5,1.0
3478,1191,0,1.0
3479,1191,31,1.0
3479,1191,26,1.0
3479,1191,250,1.0
3480,1192,31,1.0
3480,1192,28,1.0
3481,1192,31,1.0
3481,1192,5,1.0
3481,1192,0,1.0
3482,1192,31,1.0
3482,1192,26,1.0
3482,1192,250,1.0
3483,1193,31,1.0
3483,1193,28,1.0
3484,1193,31,1.0
3484,1193,5,1.0
3484,1193,0,1.0
3485,1193,31,1.0
3485,1193,26,1.0
3485,1193,250,1.0
3486,1194,31,1.0
3486,1194,28,1.0
3487,1194,31,1.0
3487,1194,5,1.0
3487,1194,0,1.0
3488,1194,31,1.0
3488,1194,26,1.0
3488,1194,250,1.0
3491,1197,423,1.0
3492,1197,450,1.0
3492,1197,421,1.0
3493,1197,193,1.0
3493,1197,190,1.0
3493,1197,421,1.0
3494,1198,423,1.0
3495,1198,450,1.0
3495,1198,421,1.0
3496,1198,193,1.0
3496,1198,190,1.0
3496,1198,421,1.0
3497,1199,193,1.0
3498,1199,450,1.0
3498,1199,191,1.0
3499,1199,433,1.0
3499,1199,185,1.0
3500,1200,193,1.0
3501,1200,450,1.0
3501,1200,191,1.0
3502,1200,433,1.0
3502,1200,185,1.0
3503,1201,433,1.0
3504,1201,450,1.0
3504,1201,435,1.0
3505,1201,193,1.0
3505,1201,184,1.0
3506,1202,193,1.0
3506,1202,186,1.0
3507,1202,450,1.0
3507,1202,191,1.0
3507,1202,186,1.0
3508,1202,433,1.0
3508,1202,430,1.0
3509,1203,193,1.0
3509,1203,186,1.0
3510,1203,450,1.0
3510,1203,191,1.0
3510,1203,186,1.0
3511,1203,433,1.0
3511,1203,430,1.0
3512,1204,433,1.0
3512,1204,426,1.0
3512,1204,221,1.0
3513,1204,450,1.0
3513,1204,435,1.0
3513,1204,426,1.0
3513,1204,221,1.0
3514,1204,193,1.0
3514,1204,184,1.0
3514,1204,426,1.0
3514,1204,221,1.0
3515,1205,450,1.0
3515,1205,449,1.0
3515,1205,11,1.0
3516,1205,193,1.0
3516,1205,188,1.0
3516,1205,11,1.0
3517,1205,450,1.0
3517,1205,191,1.0
3517,1205,188,1.0
3517,1205,11,1.0
3518,1206,450,1.0
3518,1206,449,1.0
3518,1206,11,1.0
3518,1206,16,1.0
3519,1206,193,1.0
3519,1206,188,1.0
3519,1206,11,1.0
3519,1206,16,1.0
3520,1206,450,1.0
3520,1206,191,1.0
3520,1206,188,1.0
3520,1206,11,1.0
3520,1206,16,1.0
3521,1207,433,1.0
3521,1207,426,1.0
3521,1207,453,1.0
3522,1207,450,1.0
3522,1207,435,1.0
3522,1207,426,1.0
3522,1207,453,1.0
3523,1207,193,1.0
3523,1207,184,1.0
3523,1207,426,1.0
3523,1207,453,1.0
3524,1208,433,1.0
3524,1208,426,1.0
3524,1208,453,1.0
3525,1208,450,1.0
3525,1208,435,1.0
3525,1208,426,1.0
3525,1208,453,1.0
3526,1208,193,1.0
3526,1208,184,1.0
3526,1208,426,1.0
3526,1208,453,1.0
3527,1209,433,1.0
3527,1209,426,1.0
3527,1209,453,1.0
3528,1209,450,1.0
3528,1209,435,1.0
3528,1209,426,1.0
3528,1209,453,1.0
3529,1209,193,1.0
3529,1209,184,1.0
3529,1209,426,1.0
3529,1209,453,1.0
3530,1210,433,1.0
3530,1210,426,1.0
3530,1210,453,1.0
3531,1210,450,1.0
3531,1210,435,1.0
3531,1210,426,1.0
3531,1210,453,1.0
3532,1210,193,1.0
3532,1210,184,1.0
3532,1210,426,1.0
3532,1210,453,1.0
3533,1211,450,1.0
3533,1211,449,1.0
3533,1211,11,1.0
3533,1211,12,1.0
3534,1211,450,1.0
3534,1211,449,1.0
3534,1211,11,1.0
3534,1211,16,1.0
3534,1211,108,1.0
3535,1211,193,1.0
3535,1211,188,1.0
3535,1211,11,1.0
3535,1211,12,1.0
3536,1212,433,1.0
3536,1212,426,1.0
3536,1212,145,1.0
3536,1212,148,1.0
3536,1212,33,1.0
3537,1212,450,1.0
3537,1212,435,1.0
3537,1212,426,1.0
3537,1212,145,1.0
3537,1212,148,1.0
3537,1212,33,1.0
3538,1212,193,1.0
3538,1212,184,1.0
3538,1212,426,1.0
3538,1212,145,1.0
3538,1212,148,1.0
3538,1212,33,1.0
3539,1213,433,1.0
3539,1213,426,1.0
3539,1213,453,1.0
3539,1213,359,1.0
3540,1213,450,1.0
3540,1213,435,1.0
3540,1213,426,1.0
3540,1213,453,1.0
3540,1213,359,1.0
3541,1213,193,1.0
3541,1213,184,1.0
3541,1213,426,1.0
3541,1213,453,1.0
3541,1213,359,1.0
3542,1214,450,1.0
3542,1214,449,1.0
3542,1214,11,1.0
3542,1214,14,1.0
3543,1214,450,1.0
3543,1214,449,1.0
3543,1214,11,1.0
3543,1214,16,1.0
3543,1214,112,1.0
3544,1214,450,1.0
3544,1214,449,1.0
3544,1214,11,1.0
3544,1214,12,1.0
3544,1214,262,1.0
3548,1218,359,1.0
3549,1218,411,1.0
3549,1218,361,1.0
3550,1218,141,1.0
3550,1218,146,1.0
3551,1219,219,1.0
3552,1219,411,1.0
3552,1219,217,1.0
3553,1219,452,1.0
3553,1219,221,1.0
3554,1220,303,1.0
3554,1220,300,1.0
3555,1220,141,1.0
3555,1220,148,1.0
3555,1220,300,1.0
3556,1220,141,1.0
3556,1220,150,1.0
3556,1220,407,1.0
3557,1221,303,1.0
3557,1221,33,1.0
3558,1221,141,1.0
3558,1221,148,1.0
3558,1221,33,1.0
3559,1221,411,1.0
3559,1221,143,1.0
3559,1221,148,1.0
3559,1221,33,1.0
3560,1222,452,1.0
3560,1222,427,1.0
3561,1222,411,1.0
3561,1222,412,1.0
3561,1222,427,1.0
3562,1222,141,1.0
3562,1222,144,1.0
3562,1222,427,1.0
3563,1223,452,1.0
3563,1223,427,1.0
3563,1223,185,1.0
3564,1223,411,1.0
3564,1223,412,1.0
3564,1223,427,1.0
3564,1223,185,1.0
3565,1223,141,1.0
3565,1223,144,1.0
3565,1223,427,1.0
3565,1223,185,1.0
3566,1224,452,1.0
3566,1224,427,1.0
3566,1224,185,1.0
3567,1224,411,1.0
3567,1224,412,1.0
3567,1224,427,1.0
3567,1224,185,1.0
3568,1224,141,1.0
3568,1224,144,1.0
3568,1224,427,1.0
3568,1224,185,1.0
3569,1225,303,1.0
3569,1225,304,1.0
3570,1225,141,1.0
3570,1225,148,1.0
3570,1225,304,1.0
3571,1225,141,1.0
3571,1225,150,1.0
3571,1225,444,1.0
3572,1226,452,1.0
3572,1226,427,1.0
3572,1226,430,1.0
3573,1226,452,1.0
3573,1226,427,1.0
3573,1226,185,1.0
3573,1226,186,1.0
3574,1226,411,1.0
3574,1226,412,1.0
3574,1226,427,1.0
3574,1226,430,1.0
3575,1227,452,1.0
3575,1227,427,1.0
3575,1227,430,1.0
3576,1227,452,1.0
3576,1227,427,1.0
3576,1227,185,1.0
3576,1227,186,1.0
3577,1227,411,1.0
3577,1227,412,1.0
3577,1227,427,1.0
3577,1227,430,1.0
3578,1228,359,1.0
3578,1228,362,1.0
3578,1228,405,1.0
3579,1228,303,1.0
3579,1228,304,1.0
3579,1228,403,1.0
3580,1228,411,1.0
3580,1228,361,1.0
3580,1228,362,1.0
3580,1228,405,1.0
3581,1229,359,1.0
3581,1229,362,1.0
3581,1229,405,1.0
3582,1229,303,1.0
3582,1229,304,1.0
3582,1229,403,1.0
3583,1229,411,1.0
3583,1229,361,1.0
3583,1229,362,1.0
3583,1229,405,1.0
3584,1230,359,1.0
3584,1230,362,1.0
3584,1230,405,1.0
3585,1230,303,1.0
3585,1230,304,1.0
3585,1230,403,1.0
3586,1230,411,1.0
3586,1230,361,1.0
3586,1230,362,1.0
3586,1230,405,1.0
3587,1231,359,1.0
3587,1231,362,1.0
3587,1231,405,1.0
3588,1231,303,1.0
3588,1231,304,1.0
3588,1231,403,1.0
3589,1231,411,1.0
3589,1231,361,1.0
3589,1231,362,1.0
3589,1231,405,1.0
3590,1232,303,1.0
3590,1232,33,1.0
3590,1232,36,1.0
3591,1232,303,1.0
3591,1232,300,1.0
3591,1232,389,1.0
3592,1232,141,1.0
3592,1232,148,1.0
3592,1232,33,1.0
3592,1232,36,1.0
3593,1233,359,1.0
3593,1233,81,1.0
3593,1233,78,1.0
3594,1233,359,1.0
3594,1233,362,1.0
3594,1233,77,1.0
3594,1233,78,1.0
3595,1233,359,1.0
3595,1233,362,1.0
3595,1233,225,1.0
3595,1233,226,1.0
3596,1234,359,1.0
3596,1234,362,1.0
3596,1234,405,1.0
3596,1234,1,1.0
3597,1234,303,1.0
3597,1234,304,1.0
3597,1234,403,1.0
3597,1234,1,1.0
3598,1234,411,1.0
3598,1234,361,1.0
3598,1234,362,1.0
3598,1234,405,1.0
3598,1234,1,1.0
3602,1238,359,1.0
3603,1238,411,1.0
3603,1238,361,1.0
3604,1238,141,1.0
3604,1238,146,1.0
3605,1239,219,1.0
3606,1239,411,1.0
3606,1239,217,1.0
3607,1239,452,1.0
3607,1239,221,1.0
3608,1240,303,1.0
3608,1240,300,1.0
3609,1240,141,1.0
3609,1240,148,1.0
3609,1240,300,1.0
3610,1240,141,1.0
3610,1240,150,1.0
3610,1240,407,1.0
3611,1241,303,1.0
3611,1241,33,1.0
3612,1241,141,1.0
3612,1241,148,1.0
3612,1241,33,1.0
3613,1241,411,1.0
3613,1241,143,1.0
3613,1241,148,1.0
3613,1241,33,1.0
3614,1242,452,1.0
3614,1242,427,1.0
3615,1242,411,1.0
3615,1242,412,1.0
3615,1242,427,1.0
3616,1242,141,1.0
3616,1242,144,1.0
3616,1242,427,1.0
3617,1243,452,1.0
3617,1243,427,1.0
3617,1243,185,1.0
3618,1243,411,1.0
3618,1243,412,1.0
3618,1243,427,1.0
3618,1243,185,1.0
3619,1243,141,1.0
3619,1243,144,1.0
3619,1243,427,1.0
3619,1243,185,1.0
3620,1244,452,1.0
3620,1244,427,1.0
3620,1244,185,1.0
3621,1244,411,1.0
3621,1244,412,1.0
3621,1244,427,1.0
3621,1244,185,1.0
3622,1244,141,1.0
3622,1244,144,1.0
3622,1244,427,1.0
3622,1244,185,1.0
3623,1245,303,1.0
3623,1245,304,1.0
3624,1245,141,1.0
3624,1245,148,1.0
3624,1245,304,1.0
3625,1245,141,1.0
3625,1245,150,1.0
3625,1245,444,1.0
3626,1246,452,1.0
3626,1246,427,1.0
3626,1246,430,1.0
3627,1246,452,1.0
3627,1246,427,1.0
3627,1246,185,1.0
3627,1246,186,1.0
3628,1246,411,1.0
3628,1246,412,1.0
3628,1246,427,1.0
3628,1246,430,1.0
3629,1247,452,1.0
3629,1247,427,1.0
3629,1247,430,1.0
3630,1247,452,1.0
3630,1247,427,1.0
3630,1247,185,1.0
3630,1247,186,1.0
3631,1247,411,1.0
3631,1247,412,1.0
3631,1247,427,1.0
3631,1247,430,1.0
3632,1248,359,1.0
3632,1248,362,1.0
3632,1248,405,1.0
3633,1248,303,1.0
3633,1248,304,1.0
3633,1248,403,1.0
3634,1248,411,1.0
3634,1248,361,1.0
3634,1248,362,1.0
3634,1248,405,1.0
3635,1249,359,1.0
3635,1249,362,1.0
3635,1249,405,1.0
3636,1249,303,1.0
3636,1249,304,1.0
3636,1249,403,1.0
3637,1249,411,1.0
3637,1249,361,1.0
3637,1249,362,1.0
3637,1249,405,1.0
3638,1250,359,1.0
3638,1250,362,1.0
3638,1250,405,1.0
3639,1250,303,1.0
3639,1250,304,1.0
3639,1250,403,1.0
3640,1250,411,1.0
3640,1250,361,1.0
3640,1250,362,1.0
3640,1250,405,1.0
3641,1251,359,1.0
3641,1251,362,1.0
3641,1251,405,1.0
3642,1251,303,1.0
3642,1251,304,1.0
3642,1251,403,1.0
3643,1251,411,1.0
3643,1251,361,1.0
3643,1251,362,1.0
3643,1251,405,1.0
3644,1252,303,1.0
3644,1252,33,1.0
3644,1252,36,1.0
3645,1252,303,1.0
3645,1252,300,1.0
3645,1252,389,1.0
3646,1252,141,1.0
3646,1252,148,1.0
3646,1252,33,1.0
3646,1252,36,1.0
3647,1253,359,1.0
3647,1253,81,1.0
3647,1253,78,1.0
3648,1253,359,1.0
3648,1253,362,1.0
3648,1253,77,1.0
3648,1253,78,1.0
3649,1253,359,1.0
3649,1253,362,1.0
3649,1253,225,1.0
3649,1253,226,1.0
3650,1254,359,1.0
3650,1254,362,1.0
3650,1254,405,1.0
3650,1254,1,1.0
3651,1254,303,1.0
3651,1254,304,1.0
3651,1254,403,1.0
3651,1254,1,1.0
3652,1254,411,1.0
3652,1254,361,1.0
3652,1254,362,1.0
3652,1254,405,1.0
3652,1254,1,1.0
3655,1257,329,1.0
3656,1257,386,1.0
3656,1257,327,1.0
3657,1257,263,1.0
3657,1257,266,1.0
3658,1258,263,1.0
3659,1258,329,1.0
3659,1258,267,1.0
3660,1258,113,1.0
3660,1258,108,1.0
3661,1259,163,1.0
3662,1259,329,1.0
3662,1259,169,1.0
3663,1259,386,1.0
3663,1259,167,1.0
3664,1260,113,1.0
3665,1260,263,1.0
3665,1260,109,1.0
3666,1260,329,1.0
3666,1260,111,1.0
3667,1261,15,1.0
3668,1261,113,1.0
3668,1261,17,1.0
3669,1261,263,1.0
3669,1261,13,1.0
3670,1262,163,1.0
3670,1262,170,1.0
3670,1262,384,1.0
3670,1262,394,1.0
3670,1262,47,1.0
3671,1262,329,1.0
3671,1262,169,1.0
3671,1262,170,1.0
3671,1262,384,1.0
3671,1262,394,1.0
3671,1262,47,1.0
3672,1262,163,1.0
3672,1262,170,1.0
3672,1262,384,1.0
3672,1262,394,1.0
3672,1262,199,1.0
3672,1262,51,1.0
3673,1263,163,1.0
3673,1263,170,1.0
3674,1263,329,1.0
3674,1263,169,1.0
3674,1263,170,1.0
3675,1263,386,1.0
3675,1263,167,1.0
3675,1263,170,1.0
3676,1264,163,1.0
3676,1264,170,1.0
3677,1264,329,1.0
3677,1264,169,1.0
3677,1264,170,1.0
3678,1264,386,1.0
3678,1264,167,1.0
3678,1264,170,1.0
3679,1265,163,1.0
3679,1265,170,1.0
3679,1265,384,1.0
3679,1265,394,1.0
3679,1265,199,1.0
3680,1265,163,1.0
3680,1265,170,1.0
3680,1265,384,1.0
3680,1265,394,1.0
3680,1265,47,1.0
3680,1265,50,1.0
3681,1265,163,1.0
3681,1265,170,1.0
3681,1265,384,1.0
3681,1265,396,1.0
3681,1265,205,1.0
3682,1266,163,1.0
3682,1266,170,1.0
3682,1266,384,1.0
3682,1266,394,1.0
3682,1266,199,1.0
3683,1266,163,1.0
3683,1266,170,1.0
3683,1266,384,1.0
3683,1266,394,1.0
3683,1266,47,1.0
3683,1266,50,1.0
3684,1266,163,1.0
3684,1266,170,1.0
3684,1266,384,1.0
3684,1266,396,1.0
3684,1266,205,1.0
3685,1267,163,1.0
3685,1267,170,1.0
3685,1267,384,1.0
3685,1267,394,1.0
3685,1267,199,1.0
3686,1267,163,1.0
3686,1267,170,1.0
3686,1267,384,1.0
3686,1267,394,1.0
3686,1267,47,1.0
3686,1267,50,1.0
3687,1267,163,1.0
3687,1267,170,1.0
3687,1267,384,1.0
3687,1267,396,1.0
3687,1267,205,1.0
3688,1268,163,1.0
3688,1268,170,1.0
3688,1268,384,1.0
3688,1268,394,1.0
3689,1268,329,1.0
3689,1268,169,1.0
3689,1268,170,1.0
3689,1268,384,1.0
3689,1268,394,1.0
3690,1268,163,1.0
3690,1268,170,1.0
3690,1268,125,1.0
3690,1268,120,1.0
3690,1268,394,1.0
3691,1269,163,1.0
3691,1269,172,1.0
3692,1269,163,1.0
3692,1269,170,1.0
3692,1269,325,1.0
3693,1269,329,1.0
3693,1269,169,1.0
3693,1269,172,1.0
3694,1270,163,1.0
3694,1270,172,1.0
3695,1270,163,1.0
3695,1270,170,1.0
3695,1270,325,1.0
3696,1270,329,1.0
3696,1270,169,1.0
3696,1270,172,1.0
3697,1271,15,1.0
3697,1271,22,1.0
3698,1271,113,1.0
3698,1271,17,1.0
3698,1271,22,1.0
3699,1271,263,1.0
3699,1271,13,1.0
3699,1271,22,1.0
3700,1272,15,1.0
3700,1272,22,1.0
3701,1272,113,1.0
3701,1272,17,1.0
3701,1272,22,1.0
3702,1272,263,1.0
3702,1272,13,1.0
3702,1272,22,1.0
3703,1273,163,1.0
3703,1273,170,1.0
3703,1273,384,1.0
3703,1273,394,1.0
3703,1273,47,1.0
3703,1273,52,1.0
3704,1273,15,1.0
3704,1273,10,1.0
3704,1273,429,1.0
3704,1273,426,1.0
3704,1273,145,1.0
3704,1273,148,1.0
3704,1273,300,1.0
3704,1273,389,1.0
3705,1273,329,1.0
3705,1273,169,1.0
3705,1273,170,1.0
3705,1273,384,1.0
3705,1273,394,1.0
3705,1273,47,1.0
3705,1273,52,1.0
3706,1273,163,1.0
3706,1273,170,1.0
3706,1273,384,1.0
3706,1273,394,1.0
3706,1273,199,1.0
3706,1273,51,1.0
3706,1273,52,1.0
3707,1274,163,1.0
3707,1274,170,1.0
3707,1274,384,1.0
3707,1274,394,1.0
3707,1274,103,1.0
3708,1274,329,1.0
3708,1274,169,1.0
3708,1274,170,1.0
3708,1274,384,1.0
3708,1274,394,1.0
3708,1274,103,1.0
3709,1274,163,1.0
3709,1274,170,1.0
3709,1274,384,1.0
3709,1274,396,1.0
3709,1274,107,1.0
3711,1276,184,1.0
3712,1276,186,1.0
3712,1276,431,1.0
3713,1276,188,1.0
3713,1276,429,1.0
3714,1277,186,1.0
3715,1277,184,1.0
3715,1277,430,1.0
3716,1277,188,1.0
3716,1277,446,1.0
3717,1278,186,1.0
3718,1278,184,1.0
3718,1278,430,1.0
3719,1278,188,1.0
3719,1278,446,1.0
3720,1279,188,1.0
3720,1279,11,1.0
3721,1279,184,1.0
3721,1279,428,1.0
3721,1279,11,1.0
3722,1279,186,1.0
3722,1279,23,1.0
3723,1280,188,1.0
3723,1280,11,1.0
3723,1280,16,1.0
3724,1280,184,1.0
3724,1280,428,1.0
3724,1280,11,1.0
3724,1280,16,1.0
3725,1280,186,1.0
3725,1280,23,1.0
3725,1280,16,1.0
3726,1281,188,1.0
3726,1281,11,1.0
3726,1281,12,1.0
3727,1281,184,1.0
3727,1281,428,1.0
3727,1281,11,1.0
3727,1281,12,1.0
3728,1281,186,1.0
3728,1281,23,1.0
3728,1281,12,1.0
3729,1282,184,1.0
3729,1282,426,1.0
3729,1282,145,1.0
3729,1282,148,1.0
3729,1282,33,1.0
3730,1282,184,1.0
3730,1282,426,1.0
3730,1282,453,1.0
3730,1282,303,1.0
3730,1282,33,1.0
3731,1282,184,1.0
3731,1282,426,1.0
3731,1282,453,1.0
3731,1282,141,1.0
3731,1282,148,1.0
3731,1282,33,1.0
3732,1283,184,1.0
3732,1283,426,1.0
3732,1283,453,1.0
3733,1283,184,1.0
3733,1283,426,1.0
3733,1283,413,1.0
3733,1283,410,1.0
3734,1283,184,1.0
3734,1283,426,1.0
3734,1283,145,1.0
3734,1283,140,1.0
3735,1284,184,1.0
3735,1284,426,1.0
3735,1284,453,1.0
3736,1284,184,1.0
3736,1284,426,1.0
3736,1284,413,1.0
3736,1284,410,1.0
3737,1284,184,1.0
3737,1284,426,1.0
3737,1284,145,1.0
3737,1284,140,1.0
3738,1285,184,1.0
3738,1285,426,1.0
3738,1285,453,1.0
3739,1285,184,1.0
3739,1285,426,1.0
3739,1285,413,1.0
3739,1285,410,1.0
3740,1285,184,1.0
3740,1285,426,1.0
3740,1285,145,1.0
3740,1285,140,1.0
3741,1286,184,1.0
3741,1286,426,1.0
3741,1286,453,1.0
3742,1286,184,1.0
3742,1286,426,1.0
3742,1286,413,1.0
3742,1286,410,1.0
3743,1286,184,1.0
3743,1286,426,1.0
3743,1286,145,1.0
3743,1286,140,1.0
3744,1287,188,1.0
3744,1287,11,1.0
3744,1287,14,1.0
3745,1287,184,1.0
3745,1287,428,1.0
3745,1287,11,1.0
3745,1287,14,1.0
3746,1287,188,1.0
3746,1287,11,1.0
3746,1287,16,1.0
3746,1287,112,1.0
3747,1288,188,1.0
3747,1288,11,1.0
3747,1288,14,1.0
3748,1288,184,1.0
3748,1288,428,1.0
3748,1288,11,1.0
3748,1288,14,1.0
3749,1288,188,1.0
3749,1288,11,1.0
3749,1288,16,1.0
3749,1288,112,1.0
3750,1289,188,1.0
3750,1289,11,1.0
3750,1289,14,1.0
3751,1289,184,1.0
3751,1289,428,1.0
3751,1289,11,1.0
3751,1289,14,1.0
3752,1289,188,1.0
3752,1289,11,1.0
3752,1289,16,1.0
3752,1289,112,1.0
3753,1290,184,1.0
3753,1290,426,1.0
3753,1290,221,1.0
3754,1290,184,1.0
3754,1290,426,1.0
3754,1290,413,1.0
3754,1290,217,1.0
3755,1290,184,1.0
3755,1290,426,1.0
3755,1290,453,1.0
3755,1290,219,1.0
3756,1291,192,1.0
3757,1291,190,1.0
3757,1291,451,1.0
3758,1291,184,1.0
3758,1291,432,1.0
3759,1292,192,1.0
3760,1292,190,1.0
3760,1292,451,1.0
3761,1292,184,1.0
3761,1292,432,1.0
3762,1293,192,1.0
3763,1293,190,1.0
3763,1293,451,1.0
3764,1293,184,1.0
3764,1293,432,1.0
3765,1294,188,1.0
3765,1294,11,1.0
3765,1294,12,1.0
3765,1294,266,1.0
3766,1294,188,1.0
3766,1294,11,1.0
3766,1294,14,1.0
3766,1294,329,1.0
3767,1294,184,1.0
3767,1294,428,1.0
3767,1294,11,1.0
3767,1294,12,1.0
3767,1294,266,1.0
3769,1296,93,1.0
3770,1296,207,1.0
3770,1296,99,1.0
3771,1296,306,1.0
3771,1296,95,1.0
3772,1297,93,1.0
3773,1297,207,1.0
3773,1297,99,1.0
3774,1297,306,1.0
3774,1297,95,1.0
3775,1298,93,1.0
3776,1298,207,1.0
3776,1298,99,1.0
3777,1298,306,1.0
3777,1298,95,1.0
3778,1299,306,1.0
3779,1299,207,1.0
3779,1299,208,1.0
3780,1299,93,1.0
3780,1299,94,1.0
3781,1300,203,1.0
3782,1300,207,1.0
3782,1300,201,1.0
3783,1300,93,1.0
3783,1300,96,1.0
3784,1301,203,1.0
3785,1301,207,1.0
3785,1301,201,1.0
3786,1301,93,1.0
3786,1301,96,1.0
3787,1302,203,1.0
3788,1302,207,1.0
3788,1302,201,1.0
3789,1302,93,1.0
3789,1302,96,1.0
3790,1303,308,1.0
3791,1303,306,1.0
3791,1303,460,1.0
3792,1303,207,1.0
3792,1303,208,1.0
3792,1303,460,1.0
3793,1304,308,1.0
3794,1304,306,1.0
3794,1304,460,1.0
3795,1304,207,1.0
3795,1304,208,1.0
3795,1304,460,1.0
3796,1305,308,1.0
3797,1305,306,1.0
3797,1305,460,1.0
3798,1305,207,1.0
3798,1305,208,1.0
3798,1305,460,1.0
3799,1306,203,1.0
3799,1306,51,1.0
3800,1306,207,1.0
3800,1306,201,1.0
3800,1306,51,1.0
3801,1306,93,1.0
3801,1306,43,1.0
3802,1307,310,1.0
3803,1307,207,1.0
3803,1307,214,1.0
3804,1307,306,1.0
3804,1307,459,1.0
3805,1308,93,1.0
3805,1308,102,1.0
3806,1308,308,1.0
3806,1308,415,1.0
3807,1308,207,1.0
3807,1308,99,1.0
3807,1308,102,1.0
3808,1309,207,1.0
3808,1309,212,1.0
3809,1309,207,1.0
3809,1309,210,1.0
3809,1309,372,1.0
3810,1309,203,1.0
3810,1309,51,1.0
3810,1309,52,1.0
3811,1310,310,1.0
3811,1310,239,1.0
3811,1310,87,1.0
3812,1310,207,1.0
3812,1310,214,1.0
3812,1310,239,1.0
3812,1310,87,1.0
3813,1310,310,1.0
3813,1310,55,1.0
3813,1310,60,1.0
3814,1311,310,1.0
3814,1311,239,1.0
3815,1311,207,1.0
3815,1311,214,1.0
3815,1311,239,1.0
3816,1311,310,1.0
3816,1311,55,1.0
3816,1311,56,1.0
3817,1312,308,1.0
3817,1312,285,1.0
3818,1312,310,1.0
3818,1312,275,1.0
3818,1312,272,1.0
3819,1312,306,1.0
3819,1312,287,1.0
3820,1312,207,1.0
3820,1312,208,1.0
3820,1312,287,1.0
3821,1313,310,1.0
3821,1313,55,1.0
3822,1313,207,1.0
3822,1313,214,1.0
3822,1313,55,1.0
3823,1313,310,1.0
3823,1313,239,1.0
3823,1313,57,1.0
3824,1314,310,1.0
3824,1314,275,1.0
3825,1314,207,1.0
3825,1314,214,1.0
3825,1314,275,1.0
3826,1314,308,1.0
3826,1314,279,1.0
3828,1316,67,1.0
3829,1316,246,1.0
3829,1316,69,1.0
3830,1316,246,1.0
3830,1316,243,1.0
3830,1316,57,1.0
3831,1317,248,1.0
3831,1317,137,1.0
3832,1317,67,1.0
3832,1317,64,1.0
3833,1317,67,1.0
3833,1317,62,1.0
3833,1317,135,1.0
3834,1318,67,1.0
3834,1318,56,1.0
3835,1318,246,1.0
3835,1318,243,1.0
3836,1318,246,1.0
3836,1318,69,1.0
3836,1318,56,1.0
3837,1319,31,1.0
3837,1319,5,1.0
3838,1319,246,1.0
3838,1319,7,1.0
3839,1319,31,1.0
3839,1319,26,1.0
3839,1319,3,1.0
3840,1320,31,1.0
3840,1320,5,1.0
3841,1320,246,1.0
3841,1320,7,1.0
3842,1320,31,1.0
3842,1320,26,1.0
3842,1320,3,1.0
3843,1321,67,1.0
3843,1321,62,1.0
3844,1321,67,1.0
3844,1321,56,1.0
3844,1321,244,1.0
3845,1321,248,1.0
3845,1321,400,1.0
3846,1322,31,1.0
3846,1322,26,1.0
3847,1322,31,1.0
3847,1322,5,1.0
3847,1322,2,1.0
3848,1322,246,1.0
3848,1322,7,1.0
3848,1322,2,1.0
3849,1323,246,1.0
3849,1323,91,1.0
3850,1323,67,1.0
3850,1323,60,1.0
3851,1323,67,1.0
3851,1323,56,1.0
3851,1323,87,1.0
3852,1324,31,1.0
3852,1324,28,1.0
3853,1324,31,1.0
3853,1324,5,1.0
3853,1324,0,1.0
3854,1324,31,1.0
3854,1324,26,1.0
3854,1324,250,1.0
3855,1325,31,1.0
3855,1325,28,1.0
3856,1325,31,1.0
3856,1325,5,1.0
3856,1325,0,1.0
3857,1325,31,1.0
3857,1325,26,1.0
3857,1325,250,1.0
3858,1326,31,1.0
3858,1326,28,1.0
3859,1326,31,1.0
3859,1326,5,1.0
3859,1326,0,1.0
3860,1326,31,1.0
3860,1326,26,1.0
3860,1326,250,1.0
3861,1327,31,1.0
3861,1327,28,1.0
3862,1327,31,1.0
3862,1327,5,1.0
3862,1327,0,1.0
3863,1327,31,1.0
3863,1327,26,1.0
3863,1327,250,1.0
3864,1328,108,1.0
3865,1328,17,1.0
3865,1328,12,1.0
3866,1328,112,1.0
3866,1328,263,1.0
3867,1329,17,1.0
3868,1329,108,1.0
3868,1329,13,1.0
3869,1329,112,1.0
3869,1329,15,1.0
3870,1330,112,1.0
3871,1330,108,1.0
3871,1330,262,1.0
3872,1330,110,1.0
3872,1330,328,1.0
3873,1331,112,1.0
3874,1331,108,1.0
3874,1331,262,1.0
3875,1331,110,1.0
3875,1331,328,1.0
3876,1332,112,1.0
3877,1332,108,1.0
3877,1332,262,1.0
3878,1332,110,1.0
3878,1332,328,1.0
3879,1333,110,1.0
3880,1333,112,1.0
3880,1333,329,1.0
3881,1333,108,1.0
3881,1333,266,1.0
3882,1334,108,1.0
3882,1334,165,1.0
3883,1334,112,1.0
3883,1334,163,1.0
3884,1334,110,1.0
3884,1334,169,1.0
3885,1335,17,1.0
3885,1335,22,1.0
3886,1335,17,1.0
3886,1335,10,1.0
3886,1335,446,1.0
3887,1335,108,1.0
3887,1335,13,1.0
3887,1335,22,1.0
3888,1336,17,1.0
3888,1336,22,1.0
3889,1336,17,1.0
3889,1336,10,1.0
3889,1336,446,1.0
3890,1336,108,1.0
3890,1336,13,1.0
3890,1336,22,1.0
3891,1337,17,1.0
3891,1337,10,1.0
3891,1337,429,1.0
3892,1337,17,1.0
3892,1337,10,1.0
3892,1337,189,1.0
3892,1337,184,1.0
3893,1337,17,1.0
3893,1337,22,1.0
3893,1337,431,1.0
3894,1338,17,1.0
3894,1338,10,1.0
3894,1338,189,1.0
3895,1338,17,1.0
3895,1338,10,1.0
3895,1338,429,1.0
3895,1338,185,1.0
3896,1338,17,1.0
3896,1338,22,1.0
3896,1338,187,1.0
3897,1339,17,1.0
3897,1339,10,1.0
3897,1339,189,1.0
3898,1339,17,1.0
3898,1339,10,1.0
3898,1339,429,1.0
3898,1339,185,1.0
3899,1339,17,1.0
3899,1339,22,1.0
3899,1339,187,1.0
3900,1340,108,1.0
3900,1340,165,1.0
3900,1340,170,1.0
3901,1340,112,1.0
3901,1340,163,1.0
3901,1340,170,1.0
3902,1340,110,1.0
3902,1340,169,1.0
3902,1340,170,1.0
3903,1341,108,1.0
3903,1341,165,1.0
3903,1341,170,1.0
3904,1341,112,1.0
3904,1341,163,1.0
3904,1341,170,1.0
3905,1341,110,1.0
3905,1341,169,1.0
3905,1341,170,1.0
3906,1342,108,1.0
3906,1342,165,1.0
3906,1342,170,1.0
3906,1342,384,1.0
3906,1342,394,1.0
3906,1342,47,1.0
3907,1342,108,1.0
3907,1342,165,1.0
3907,1342,170,1.0
3907,1342,384,1.0
3907,1342,394,1.0
3907,1342,199,1.0
3907,1342,51,1.0
3908,1342,112,1.0
3908,1342,163,1.0
3908,1342,170,1.0
3908,1342,384,1.0
3908,1342,394,1.0
3908,1342,47,1.0
3909,1343,108,1.0
3909,1343,165,1.0
3909,1343,172,1.0
3910,1343,108,1.0
3910,1343,165,1.0
3910,1343,170,1.0
3910,1343,325,1.0
3911,1343,112,1.0
3911,1343,163,1.0
3911,1343,172,1.0
3912,1344,108,1.0
3912,1344,165,1.0
3912,1344,172,1.0
3913,1344,108,1.0
3913,1344,165,1.0
3913,1344,170,1.0
3913,1344,325,1.0
3914,1344,112,1.0
3914,1344,163,1.0
3914,1344,172,1.0
3915,1345,108,1.0
3915,1345,165,1.0
3915,1345,170,1.0
3915,1345,384,1.0
3915,1345,394,1.0
3915,1345,199,1.0
3916,1345,108,1.0
3916,1345,165,1.0
3916,1345,170,1.0
3916,1345,384,1.0
3916,1345,394,1.0
3916,1345,47,1.0
3916,1345,50,1.0
3917,1345,108,1.0
3917,1345,165,1.0
3917,1345,170,1.0
3917,1345,384,1.0
3917,1345,396,1.0
3917,1345,205,1.0
3918,1346,108,1.0
3918,1346,165,1.0
3918,1346,170,1.0
3918,1346,384,1.0
3918,1346,394,1.0
3918,1346,199,1.0
3919,1346,108,1.0
3919,1346,165,1.0
3919,1346,170,1.0
3919,1346,384,1.0
3919,1346,394,1.0
3919,1346,47,1.0
3919,1346,50,1.0
3920,1346,108,1.0
3920,1346,165,1.0
3920,1346,170,1.0
3920,1346,384,1.0
3920,1346,396,1.0
3920,1346,205,1.0
3921,1347,108,1.0
3921,1347,165,1.0
3921,1347,170,1.0
3921,1347,384,1.0
3921,1347,394,1.0
3921,1347,199,1.0
3922,1347,108,1.0
3922,1347,165,1.0
3922,1347,170,1.0
3922,1347,384,1.0
3922,1347,394,1.0
3922,1347,47,1.0
3922,1347,50,1.0
3923,1347,108,1.0
3923,1347,165,1.0
3923,1347,170,1.0
3923,1347,384,1.0
3923,1347,396,1.0
3923,1347,205,1.0
3924,1348,35,1.0
3925,1348,301,1.0
3925,1348,33,1.0
3926,1348,406,1.0
3926,1348,39,1.0
3927,1349,408,1.0
3928,1349,406,1.0
3928,1349,444,1.0
3929,1349,301,1.0
3929,1349,304,1.0
3930,1350,389,1.0
3931,1350,35,1.0
3931,1350,36,1.0
3932,1350,301,1.0
3932,1350,33,1.0
3932,1350,36,1.0
3933,1351,301,1.0
3933,1351,302,1.0
3934,1351,301,1.0
3934,1351,149,1.0
3934,1351,140,1.0
3935,1351,406,1.0
3935,1351,151,1.0
3935,1351,140,1.0
3936,1352,301,1.0
3936,1352,302,1.0
3937,1352,301,1.0
3937,1352,149,1.0
3937,1352,140,1.0
3938,1352,406,1.0
3938,1352,151,1.0
3938,1352,140,1.0
3939,1353,301,1.0
3939,1353,302,1.0
3940,1353,301,1.0
3940,1353,149,1.0
3940,1353,140,1.0
3941,1353,406,1.0
3941,1353,151,1.0
3941,1353,140,1.0
3942,1354,301,1.0
3942,1354,302,1.0
3943,1354,301,1.0
3943,1354,149,1.0
3943,1354,140,1.0
3944,1354,406,1.0
3944,1354,151,1.0
3944,1354,140,1.0
3945,1355,408,1.0
3945,1355,403,1.0
3946,1355,408,1.0
3946,1355,153,1.0
3946,1355,156,1.0
3947,1355,406,1.0
3947,1355,444,1.0
3947,1355,403,1.0
3948,1356,408,1.0
3948,1356,403,1.0
3949,1356,408,1.0
3949,1356,153,1.0
3949,1356,156,1.0
3950,1356,406,1.0
3950,1356,444,1.0
3950,1356,403,1.0
3951,1357,408,1.0
3951,1357,403,1.0
3952,1357,408,1.0
3952,1357,153,1.0
3952,1357,156,1.0
3953,1357,406,1.0
3953,1357,444,1.0
3953,1357,403,1.0
3954,1358,408,1.0
3954,1358,403,1.0
3955,1358,408,1.0
3955,1358,153,1.0
3955,1358,156,1.0
3956,1358,406,1.0
3956,1358,444,1.0
3956,1358,403,1.0
3957,1359,301,1.0
3957,1359,302,1.0
3957,1359,359,1.0
3958,1359,301,1.0
3958,1359,149,1.0
3958,1359,146,1.0
3959,1359,406,1.0
3959,1359,151,1.0
3959,1359,146,1.0
3960,1360,408,1.0
3960,1360,383,1.0
3960,1360,85,1.0
3961,1360,408,1.0
3961,1360,153,1.0
3961,1360,89,1.0
3962,1360,408,1.0
3962,1360,153,1.0
3962,1360,158,1.0
3962,1360,83,1.0
3963,1361,389,1.0
3963,1361,213,1.0
3963,1361,206,1.0
3964,1361,389,1.0
3964,1361,373,1.0
3964,1361,211,1.0
3964,1361,206,1.0
3965,1361,35,1.0
3965,1361,36,1.0
3965,1361,213,1.0
3965,1361,206,1.0
3966,1362,389,1.0
3966,1362,213,1.0
3966,1362,206,1.0
3967,1362,389,1.0
3967,1362,373,1.0
3967,1362,211,1.0
3967,1362,206,1.0
3968,1362,35,1.0
3968,1362,36,1.0
3968,1362,213,1.0
3968,1362,206,1.0
3969,1363,389,1.0
3969,1363,53,1.0
3970,1363,389,1.0
3970,1363,373,1.0
3970,1363,45,1.0
3971,1363,35,1.0
3971,1363,36,1.0
3971,1363,53,1.0
3972,1364,389,1.0
3972,1364,53,1.0
3972,1364,50,1.0
3973,1364,389,1.0
3973,1364,373,1.0
3973,1364,195,1.0
3974,1364,389,1.0
3974,1364,373,1.0
3974,1364,45,1.0
3974,1364,50,1.0
3975,1365,389,1.0
3975,1365,53,1.0
3975,1365,50,1.0
3976,1365,389,1.0
3976,1365,373,1.0
3976,1365,195,1.0
3977,1365,389,1.0
3977,1365,373,1.0
3977,1365,45,1.0
3977,1365,50,1.0
3978,1366,389,1.0
3978,1366,53,1.0
3978,1366,50,1.0
3979,1366,389,1.0
3979,1366,373,1.0
3979,1366,195,1.0
3980,1366,389,1.0
3980,1366,373,1.0
3980,1366,45,1.0
3980,1366,50,1.0
3981,1367,389,1.0
3981,1367,373,1.0
3981,1367,101,1.0
3982,1367,389,1.0
3982,1367,213,1.0
3982,1367,99,1.0
3983,1367,389,1.0
3983,1367,213,1.0
3983,1367,206,1.0
3983,1367,93,1.0
3984,1368,119,1.0
3985,1368,314,1.0
3985,1368,123,1.0
3986,1368,318,1.0
3986,1368,121,1.0
3987,1369,316,1.0
3988,1369,318,1.0
3988,1369,394,1.0
3989,1369,119,1.0
3989,1369,120,1.0
3989,1369,394,1.0
3990,1370,312,1.0
3991,1370,314,1.0
3991,1370,355,1.0
3992,1370,119,1.0
3992,1370,128,1.0
3993,1371,312,1.0
3994,1371,314,1.0
3994,1371,355,1.0
3995,1371,119,1.0
3995,1371,128,1.0
3996,1372,316,1.0
3996,1372,414,1.0
3997,1372,119,1.0
3997,1372,120,1.0
3997,1372,396,1.0
3998,1372,318,1.0
3998,1372,396,1.0
3999,1372,318,1.0
3999,1372,394,1.0
3999,1372,414,1.0
4000,1373,316,1.0
4000,1373,414,1.0
4001,1373,119,1.0
4001,1373,120,1.0
4001,1373,396,1.0
4002,1373,318,1.0
4002,1373,396,1.0
4003,1373,318,1.0
4003,1373,394,1.0
4003,1373,414,1.0
4004,1374,316,1.0
4004,1374,414,1.0
4005,1374,119,1.0
4005,1374,120,1.0
4005,1374,396,1.0
4006,1374,318,1.0
4006,1374,396,1.0
4007,1374,318,1.0
4007,1374,394,1.0
4007,1374,414,1.0
4008,1375,119,1.0
4008,1375,130,1.0
4009,1375,314,1.0
4009,1375,379,1.0
4010,1375,312,1.0
4010,1375,350,1.0
4011,1376,119,1.0
4011,1376,130,1.0
4012,1376,314,1.0
4012,1376,379,1.0
4013,1376,312,1.0
4013,1376,350,1.0
4014,1377,119,1.0
4014,1377,124,1.0
4015,1377,318,1.0
4015,1377,385,1.0
4016,1377,119,1.0
4016,1377,126,1.0
4016,1377,324,1.0
4017,1378,119,1.0
4017,1378,124,1.0
4018,1378,318,1.0
4018,1378,385,1.0
4019,1378,119,1.0
4019,1378,126,1.0
4019,1378,324,1.0
4020,1379,289,1.0
4021,1379,316,1.0
4021,1379,418,1.0
4021,1379,283,1.0
4022,1379,316,1.0
4022,1379,414,1.0
4022,1379,285,1.0
4023,1380,119,1.0
4023,1380,126,1.0
4024,1380,119,1.0
4024,1380,124,1.0
4024,1380,325,1.0
4025,1380,314,1.0
4025,1380,123,1.0
4025,1380,126,1.0
4026,1381,119,1.0
4026,1381,126,1.0
4027,1381,119,1.0
4027,1381,124,1.0
4027,1381,325,1.0
4028,1381,314,1.0
4028,1381,123,1.0
4028,1381,126,1.0
4029,1382,316,1.0
4029,1382,416,1.0
4030,1382,289,1.0
4030,1382,286,1.0
4031,1382,316,1.0
4031,1382,414,1.0
4031,1382,461,1.0
4032,1382,316,1.0
4032,1382,103,1.0
4032,1382,94,1.0
4033,1383,119,1.0
4033,1383,132,1.0
4034,1383,119,1.0
4034,1383,130,1.0
4034,1383,374,1.0
4035,1383,312,1.0
4035,1383,352,1.0
4036,1384,119,1.0
4036,1384,132,1.0
4037,1384,119,1.0
4037,1384,130,1.0
4037,1384,374,1.0
4038,1384,312,1.0
4038,1384,352,1.0
4039,1385,316,1.0
4039,1385,199,1.0
4040,1385,316,1.0
4040,1385,47,1.0
4040,1385,50,1.0
4041,1385,318,1.0
4041,1385,394,1.0
4041,1385,199,1.0
4042,1386,316,1.0
4042,1386,199,1.0
4043,1386,316,1.0
4043,1386,47,1.0
4043,1386,50,1.0
4044,1386,318,1.0
4044,1386,394,1.0
4044,1386,199,1.0
4045,1387,316,1.0
4045,1387,199,1.0
4046,1387,316,1.0
4046,1387,47,1.0
4046,1387,50,1.0
4047,1387,318,1.0
4047,1387,394,1.0
4047,1387,199,1.0
4048,1388,3,1.0
4049,1388,250,1.0
4049,1388,1,1.0
4050,1388,27,1.0
4050,1388,5,1.0
4051,1389,3,1.0
4052,1389,250,1.0
4052,1389,1,1.0
4053,1389,27,1.0
4053,1389,5,1.0
4054,1390,250,1.0
4055,1390,3,1.0
4055,1390,0,1.0
4056,1390,27,1.0
4056,1390,28,1.0
4057,1391,250,1.0
4058,1391,3,1.0
4058,1391,0,1.0
4059,1391,27,1.0
4059,1391,28,1.0
4060,1392,250,1.0
4061,1392,3,1.0
4061,1392,0,1.0
4062,1392,27,1.0
4062,1392,28,1.0
4063,1393,250,1.0
4064,1393,3,1.0
4064,1393,0,1.0
4065,1393,27,1.0
4065,1393,28,1.0
4066,1394,250,1.0
4066,1394,402,1.0
4067,1394,3,1.0
4067,1394,0,1.0
4067,1394,402,1.0
4068,1394,250,1.0
4068,1394,157,1.0
4068,1394,152,1.0
4069,1395,79,1.0
4069,1395,80,1.0
4070,1395,79,1.0
4070,1395,76,1.0
4070,1395,363,1.0
4071,1395,227,1.0
4071,1395,224,1.0
4071,1395,363,1.0
4072,1396,250,1.0
4072,1396,402,1.0
4072,1396,409,1.0
4073,1396,3,1.0
4073,1396,0,1.0
4073,1396,402,1.0
4073,1396,409,1.0
4074,1396,250,1.0
4074,1396,157,1.0
4074,1396,152,1.0
4074,1396,409,1.0
4075,1397,79,1.0
4075,1397,80,1.0
4075,1397,358,1.0
4076,1397,79,1.0
4076,1397,76,1.0
4076,1397,363,1.0
4076,1397,358,1.0
4077,1397,227,1.0
4077,1397,224,1.0
4077,1397,363,1.0
4077,1397,358,1.0
4078,1398,79,1.0
4078,1398,80,1.0
4078,1398,358,1.0
4079,1398,79,1.0
4079,1398,76,1.0
4079,1398,363,1.0
4079,1398,358,1.0
4080,1398,227,1.0
4080,1398,224,1.0
4080,1398,363,1.0
4080,1398,358,1.0
4081,1399,79,1.0
4081,1399,80,1.0
4081,1399,358,1.0
4082,1399,79,1.0
4082,1399,76,1.0
4082,1399,363,1.0
4082,1399,358,1.0
4083,1399,227,1.0
4083,1399,224,1.0
4083,1399,363,1.0
4083,1399,358,1.0
4084,1400,79,1.0
4084,1400,80,1.0
4084,1400,358,1.0
4085,1400,79,1.0
4085,1400,76,1.0
4085,1400,363,1.0
4085,1400,358,1.0
4086,1400,227,1.0
4086,1400,224,1.0
4086,1400,363,1.0
4086,1400,358,1.0
4087,1401,250,1.0
4087,1401,157,1.0
4087,1401,89,1.0
4088,1401,250,1.0
4088,1401,157,1.0
4088,1401,158,1.0
4088,1401,83,1.0
4089,1401,3,1.0
4089,1401,6,1.0
4089,1401,91,1.0
4090,1402,250,1.0
4090,1402,402,1.0
4090,1402,41,1.0
4091,1402,250,1.0
4091,1402,402,1.0
4091,1402,409,1.0
4091,1402,35,1.0
4092,1402,3,1.0
4092,1402,0,1.0
4092,1402,402,1.0
4092,1402,41,1.0
4093,1403,3,1.0
4093,1403,6,1.0
4093,1403,243,1.0
4094,1403,3,1.0
4094,1403,6,1.0
4094,1403,69,1.0
4094,1403,56,1.0
4095,1403,250,1.0
4095,1403,157,1.0
4095,1403,89,1.0
4095,1403,86,1.0
4096,1404,3,1.0
4096,1404,6,1.0
4096,1404,69,1.0
4097,1404,3,1.0
4097,1404,6,1.0
4097,1404,243,1.0
4097,1404,57,1.0
4098,1404,27,1.0
4098,1404,24,1.0
4098,1404,69,1.0
4099,1405,79,1.0
4099,1405,80,1.0
4099,1405,358,1.0
4099,1405,219,1.0
4100,1405,79,1.0
4100,1405,80,1.0
4100,1405,360,1.0
4100,1405,217,1.0
4101,1405,79,1.0
4101,1405,80,1.0
4101,1405,358,1.0
4101,1405,411,1.0
4101,1405,217,1.0
4102,1406,250,1.0
4102,1406,402,1.0
4102,1406,409,1.0
4102,1406,389,1.0
4103,1406,3,1.0
4103,1406,0,1.0
4103,1406,402,1.0
4103,1406,409,1.0
4103,1406,389,1.0
4104,1406,250,1.0
4104,1406,402,1.0
4104,1406,41,1.0
4104,1406,36,1.0
4105,1407,27,1.0
4105,1407,30,1.0
4106,1407,3,1.0
4106,1407,4,1.0
4106,1407,30,1.0
4107,1407,3,1.0
4107,1407,6,1.0
4107,1407,247,1.0
4109,1409,431,1.0
4110,1409,187,1.0
4110,1409,184,1.0
4111,1409,447,1.0
4111,1409,429,1.0
4112,1410,187,1.0
4113,1410,431,1.0
4113,1410,185,1.0
4114,1410,447,1.0
4114,1410,189,1.0
4115,1411,187,1.0
4116,1411,431,1.0
4116,1411,185,1.0
4117,1411,447,1.0
4117,1411,189,1.0
4118,1412,23,1.0
4119,1412,447,1.0
4119,1412,11,1.0
4120,1412,431,1.0
4120,1412,428,1.0
4120,1412,11,1.0
4121,1413,23,1.0
4121,1413,16,1.0
4122,1413,447,1.0
4122,1413,11,1.0
4122,1413,16,1.0
4123,1413,23,1.0
4123,1413,12,1.0
4123,1413,109,1.0
4124,1414,23,1.0
4124,1414,12,1.0
4125,1414,23,1.0
4125,1414,16,1.0
4125,1414,108,1.0
4126,1414,447,1.0
4126,1414,11,1.0
4126,1414,12,1.0
4127,1415,23,1.0
4127,1415,14,1.0
4128,1415,23,1.0
4128,1415,16,1.0
4128,1415,112,1.0
4129,1415,23,1.0
4129,1415,12,1.0
4129,1415,262,1.0
4130,1416,23,1.0
4130,1416,14,1.0
4131,1416,23,1.0
4131,1416,16,1.0
4131,1416,112,1.0
4132,1416,23,1.0
4132,1416,12,1.0
4132,1416,262,1.0
4133,1417,23,1.0
4133,1417,14,1.0
4134,1417,23,1.0
4134,1417,16,1.0
4134,1417,112,1.0
4135,1417,23,1.0
4135,1417,12,1.0
4135,1417,262,1.0
4136,1418,431,1.0
4136,1418,426,1.0
4136,1418,145,1.0
4136,1418,148,1.0
4136,1418,33,1.0
4137,1418,187,1.0
4137,1418,184,1.0
4137,1418,426,1.0
4137,1418,145,1.0
4137,1418,148,1.0
4137,1418,33,1.0
4138,1418,431,1.0
4138,1418,426,1.0
4138,1418,453,1.0
4138,1418,303,1.0
4138,1418,33,1.0
4139,1419,23,1.0
4139,1419,12,1.0
4139,1419,266,1.0
4140,1419,23,1.0
4140,1419,14,1.0
4140,1419,329,1.0
4141,1419,23,1.0
4141,1419,16,1.0
4141,1419,110,1.0
4142,1420,23,1.0
4142,1420,12,1.0
4142,1420,165,1.0
4143,1420,23,1.0
4143,1420,16,1.0
4143,1420,108,1.0
4143,1420,165,1.0
4144,1420,447,1.0
4144,1420,11,1.0
4144,1420,12,1.0
4144,1420,165,1.0
4145,1421,431,1.0
4145,1421,426,1.0
4145,1421,145,1.0
4145,1421,148,1.0
4145,1421,33,1.0
4145,1421,36,1.0
4146,1421,431,1.0
4146,1421,426,1.0
4146,1421,145,1.0
4146,1421,148,1.0
4146,1421,300,1.0
4146,1421,389,1.0
4147,1421,187,1.0
4147,1421,184,1.0
4147,1421,426,1.0
4147,1421,145,1.0
4147,1421,148,1.0
4147,1421,33,1.0
4147,1421,36,1.0
4148,1422,431,1.0
4148,1422,426,1.0
4148,1422,453,1.0
4149,1422,187,1.0
4149,1422,184,1.0
4149,1422,426,1.0
4149,1422,453,1.0
4150,1422,431,1.0
4150,1422,426,1.0
4150,1422,413,1.0
4150,1422,410,1.0
4151,1423,431,1.0
4151,1423,426,1.0
4151,1423,453,1.0
4152,1423,187,1.0
4152,1423,184,1.0
4152,1423,426,1.0
4152,1423,453,1.0
4153,1423,431,1.0
4153,1423,426,1.0
4153,1423,413,1.0
4153,1423,410,1.0
4154,1424,431,1.0
4154,1424,426,1.0
4154,1424,453,1.0
4155,1424,187,1.0
4155,1424,184,1.0
4155,1424,426,1.0
4155,1424,453,1.0
4156,1424,431,1.0
4156,1424,426,1.0
4156,1424,413,1.0
4156,1424,410,1.0
4157,1425,431,1.0
4157,1425,426,1.0
4157,1425,453,1.0
4158,1425,187,1.0
4158,1425,184,1.0
4158,1425,426,1.0
4158,1425,453,1.0
4159,1425,431,1.0
4159,1425,426,1.0
4159,1425,413,1.0
4159,1425,410,1.0
4160,1426,431,1.0
4160,1426,426,1.0
4160,1426,145,1.0
4160,1426,148,1.0
4160,1426,300,1.0
4161,1426,431,1.0
4161,1426,426,1.0
4161,1426,145,1.0
4161,1426,150,1.0
4161,1426,407,1.0
4162,1426,187,1.0
4162,1426,184,1.0
4162,1426,426,1.0
4162,1426,145,1.0
4162,1426,148,1.0
4162,1426,300,1.0
4163,1427,23,1.0
4163,1427,12,1.0
4163,1427,165,1.0
4163,1427,170,1.0
4163,1427,384,1.0
4163,1427,394,1.0
4163,1427,47,1.0
4164,1427,23,1.0
4164,1427,16,1.0
4164,1427,108,1.0
4164,1427,165,1.0
4164,1427,170,1.0
4164,1427,384,1.0
4164,1427,394,1.0
4164,1427,47,1.0
4165,1427,23,1.0
4165,1427,12,1.0
4165,1427,165,1.0
4165,1427,170,1.0
4165,1427,384,1.0
4165,1427,394,1.0
4165,1427,199,1.0
4165,1427,51,1.0
4167,1429,350,1.0
4168,1429,352,1.0
4168,1429,375,1.0
4169,1429,129,1.0
4169,1429,130,1.0
4170,1430,350,1.0
4171,1430,352,1.0
4171,1430,375,1.0
4172,1430,129,1.0
4172,1430,130,1.0
4173,1431,352,1.0
4174,1431,350,1.0
4174,1431,374,1.0
4175,1431,129,1.0
4175,1431,132,1.0
4176,1432,352,1.0
4177,1432,350,1.0
4177,1432,374,1.0
4178,1432,129,1.0
4178,1432,132,1.0
4179,1433,129,1.0
4180,1433,350,1.0
4180,1433,131,1.0
4181,1433,354,1.0
4181,1433,123,1.0
4182,1434,313,1.0
4183,1434,354,1.0
4183,1434,315,1.0
4184,1434,129,1.0
4184,1434,118,1.0
4185,1435,356,1.0
4186,1435,352,1.0
4186,1435,454,1.0
4187,1435,350,1.0
4187,1435,374,1.0
4187,1435,454,1.0
4188,1436,350,1.0
4188,1436,321,1.0
4189,1436,352,1.0
4189,1436,323,1.0
4190,1436,129,1.0
4190,1436,126,1.0
4191,1437,350,1.0
4191,1437,321,1.0
4192,1437,352,1.0
4192,1437,323,1.0
4193,1437,129,1.0
4193,1437,126,1.0
4194,1438,350,1.0
4194,1438,376,1.0
4195,1438,129,1.0
4195,1438,124,1.0
4196,1438,350,1.0
4196,1438,321,1.0
4196,1438,324,1.0
4197,1439,350,1.0
4197,1439,376,1.0
4198,1439,129,1.0
4198,1439,124,1.0
4199,1439,350,1.0
4199,1439,321,1.0
4199,1439,324,1.0
4200,1440,356,1.0
4200,1440,181,1.0
4201,1440,356,1.0
4201,1440,462,1.0
4201,1440,177,1.0
4202,1440,352,1.0
4202,1440,454,1.0
4202,1440,181,1.0
4203,1441,356,1.0
4203,1441,181,1.0
4204,1441,356,1.0
4204,1441,462,1.0
4204,1441,177,1.0
4205,1441,352,1.0
4205,1441,454,1.0
4205,1441,181,1.0
4206,1442,313,1.0
4206,1442,316,1.0
4207,1442,129,1.0
4207,1442,120,1.0
4207,1442,394,1.0
4208,1442,354,1.0
4208,1442,315,1.0
4208,1442,316,1.0
4209,1443,313,1.0
4209,1443,289,1.0
4210,1443,354,1.0
4210,1443,315,1.0
4210,1443,289,1.0
4211,1443,129,1.0
4211,1443,118,1.0
4211,1443,289,1.0
4212,1444,356,1.0
4212,1444,181,1.0
4212,1444,174,1.0
4213,1444,354,1.0
4213,1444,391,1.0
4213,1444,333,1.0
4214,1444,356,1.0
4214,1444,181,1.0
4214,1444,178,1.0
4214,1444,256,1.0
4215,1445,313,1.0
4215,1445,316,1.0
4215,1445,414,1.0
4216,1445,129,1.0
4216,1445,120,1.0
4216,1445,396,1.0
4217,1445,313,1.0
4217,1445,318,1.0
4217,1445,396,1.0
4218,1446,313,1.0
4218,1446,316,1.0
4218,1446,414,1.0
4219,1446,129,1.0
4219,1446,120,1.0
4219,1446,396,1.0
4220,1446,313,1.0
4220,1446,318,1.0
4220,1446,396,1.0
4221,1447,313,1.0
4221,1447,316,1.0
4221,1447,414,1.0
4222,1447,129,1.0
4222,1447,120,1.0
4222,1447,396,1.0
4223,1447,313,1.0
4223,1447,318,1.0
4223,1447,396,1.0
4225,1449,180,1.0
4226,1449,176,1.0
4226,1449,463,1.0
4227,1449,178,1.0
4227,1449,260,1.0
4227,1449,463,1.0
4228,1450,174,1.0
4229,1450,178,1.0
4229,1450,256,1.0
4230,1450,182,1.0
4230,1450,331,1.0
4231,1451,180,1.0
4231,1451,357,1.0
4232,1451,176,1.0
4232,1451,463,1.0
4232,1451,357,1.0
4233,1451,180,1.0
4233,1451,455,1.0
4233,1451,353,1.0
4234,1452,180,1.0
4234,1452,357,1.0
4235,1452,176,1.0
4235,1452,463,1.0
4235,1452,357,1.0
4236,1452,180,1.0
4236,1452,455,1.0
4236,1452,353,1.0
4237,1453,180,1.0
4237,1453,455,1.0
4238,1453,176,1.0
4238,1453,457,1.0
4239,1453,176,1.0
4239,1453,463,1.0
4239,1453,455,1.0
4240,1454,180,1.0
4240,1454,455,1.0
4241,1454,176,1.0
4241,1454,457,1.0
4242,1454,176,1.0
4242,1454,463,1.0
4242,1454,455,1.0
4243,1455,180,1.0
4243,1455,455,1.0
4243,1455,375,1.0
4244,1455,180,1.0
4244,1455,357,1.0
4244,1455,350,1.0
4245,1455,176,1.0
4245,1455,457,1.0
4245,1455,375,1.0
4246,1456,180,1.0
4246,1456,455,1.0
4246,1456,375,1.0
4247,1456,180,1.0
4247,1456,357,1.0
4247,1456,350,1.0
4248,1456,176,1.0
4248,1456,457,1.0
4248,1456,375,1.0
4249,1457,180,1.0
4249,1457,357,1.0
4249,1457,129,1.0
4250,1457,180,1.0
4250,1457,455,1.0
4250,1457,133,1.0
4251,1457,180,1.0
4251,1457,455,1.0
4251,1457,375,1.0
4251,1457,131,1.0
4252,1458,180,1.0
4252,1458,357,1.0
4252,1458,313,1.0
4253,1458,180,1.0
4253,1458,357,1.0
4253,1458,354,1.0
4253,1458,315,1.0
4254,1458,180,1.0
4254,1458,357,1.0
4254,1458,129,1.0
4254,1458,118,1.0
4255,1459,180,1.0
4255,1459,455,1.0
4255,1459,323,1.0
4256,1459,180,1.0
4256,1459,455,1.0
4256,1459,375,1.0
4256,1459,321,1.0
4257,1459,180,1.0
4257,1459,357,1.0
4257,1459,350,1.0
4257,1459,321,1.0
4258,1460,180,1.0
4258,1460,455,1.0
4258,1460,323,1.0
4259,1460,180,1.0
4259,1460,455,1.0
4259,1460,375,1.0
4259,1460,321,1.0
4260,1460,180,1.0
4260,1460,357,1.0
4260,1460,350,1.0
4260,1460,321,1.0
4261,1461,180,1.0
4261,1461,455,1.0
4261,1461,323,1.0
4261,1461,324,1.0
4262,1461,180,1.0
4262,1461,455,1.0
4262,1461,375,1.0
4262,1461,376,1.0
4263,1461,180,1.0
4263,1461,455,1.0
4263,1461,375,1.0
4263,1461,321,1.0
4263,1461,324,1.0
4264,1462,180,1.0
4264,1462,455,1.0
4264,1462,323,1.0
4264,1462,324,1.0
4265,1462,180,1.0
4265,1462,455,1.0
4265,1462,375,1.0
4265,1462,376,1.0
4266,1462,180,1.0
4266,1462,455,1.0
4266,1462,375,1.0
4266,1462,321,1.0
4266,1462,324,1.0
4267,1463,174,1.0
4267,1463,336,1.0
4268,1463,178,1.0
4268,1463,256,1.0
4268,1463,336,1.0
4269,1463,182,1.0
4269,1463,437,1.0
4270,1464,174,1.0
4270,1464,336,1.0
4271,1464,178,1.0
4271,1464,256,1.0
4271,1464,336,1.0
4272,1464,182,1.0
4272,1464,437,1.0
4273,1465,174,1.0
4273,1465,334,1.0
4274,1465,182,1.0
4274,1465,339,1.0
4275,1465,178,1.0
4275,1465,256,1.0
4275,1465,334,1.0
4276,1466,174,1.0
4276,1466,334,1.0
4277,1466,182,1.0
4277,1466,339,1.0
4278,1466,178,1.0
4278,1466,256,1.0
4278,1466,334,1.0
4279,1467,178,1.0
4279,1467,254,1.0
4279,1467,291,1.0
4280,1467,174,1.0
4280,1467,332,1.0
4280,1467,291,1.0
4281,1467,180,1.0
4281,1467,357,1.0
4281,1467,313,1.0
4281,1467,289,1.0
4283,1469,2,1.0
4284,1469,0,1.0
4284,1469,251,1.0
4285,1469,4,1.0
4285,1469,26,1.0
4286,1470,0,1.0
4287,1470,2,1.0
4287,1470,250,1.0
4288,1470,4,1.0
4288,1470,28,1.0
4289,1471,0,1.0
4290,1471,2,1.0
4290,1471,250,1.0
4291,1471,4,1.0
4291,1471,28,1.0
4292,1472,0,1.0
4293,1472,2,1.0
4293,1472,250,1.0
4294,1472,4,1.0
4294,1472,28,1.0
4295,1473,0,1.0
4296,1473,2,1.0
4296,1473,250,1.0
4297,1473,4,1.0
4297,1473,28,1.0
4298,1474,0,1.0
4298,1474,402,1.0
4299,1474,0,1.0
4299,1474,157,1.0
4299,1474,152,1.0
4300,1474,2,1.0
4300,1474,250,1.0
4300,1474,402,1.0
4301,1475,6,1.0
4301,1475,91,1.0
4302,1475,0,1.0
4302,1475,157,1.0
4302,1475,89,1.0
4303,1475,0,1.0
4303,1475,157,1.0
4303,1475,158,1.0
4303,1475,83,1.0
4304,1476,0,1.0
4304,1476,402,1.0
4304,1476,409,1.0
4305,1476,0,1.0
4305,1476,157,1.0
4305,1476,152,1.0
4305,1476,409,1.0
4306,1476,0,1.0
4306,1476,402,1.0
4306,1476,445,1.0
4306,1476,407,1.0
4307,1477,0,1.0
4307,1477,404,1.0
4307,1477,363,1.0
4308,1477,2,1.0
4308,1477,79,1.0
4308,1477,80,1.0
4309,1477,2,1.0
4309,1477,79,1.0
4309,1477,76,1.0
4309,1477,363,1.0
4310,1478,6,1.0
4310,1478,243,1.0
4311,1478,6,1.0
4311,1478,69,1.0
4311,1478,56,1.0
4312,1478,6,1.0
4312,1478,91,1.0
4312,1478,86,1.0
4313,1479,6,1.0
4313,1479,69,1.0
4314,1479,6,1.0
4314,1479,243,1.0
4314,1479,57,1.0
4315,1479,4,1.0
4315,1479,24,1.0
4315,1479,69,1.0
4316,1480,0,1.0
4316,1480,404,1.0
4316,1480,363,1.0
4316,1480,358,1.0
4317,1480,0,1.0
4317,1480,402,1.0
4317,1480,305,1.0
4317,1480,302,1.0
4318,1480,0,1.0
4318,1480,404,1.0
4318,1480,363,1.0
4318,1480,360,1.0
4318,1480,410,1.0
4319,1481,0,1.0
4319,1481,404,1.0
4319,1481,363,1.0
4319,1481,358,1.0
4320,1481,0,1.0
4320,1481,402,1.0
4320,1481,305,1.0
4320,1481,302,1.0
4321,1481,0,1.0
4321,1481,404,1.0
4321,1481,363,1.0
4321,1481,360,1.0
4321,1481,410,1.0
4322,1482,0,1.0
4322,1482,404,1.0
4322,1482,363,1.0
4322,1482,358,1.0
4323,1482,0,1.0
4323,1482,402,1.0
4323,1482,305,1.0
4323,1482,302,1.0
4324,1482,0,1.0
4324,1482,404,1.0
4324,1482,363,1.0
4324,1482,360,1.0
4324,1482,410,1.0
4325,1483,0,1.0
4325,1483,404,1.0
4325,1483,363,1.0
4325,1483,358,1.0
4326,1483,0,1.0
4326,1483,402,1.0
4326,1483,305,1.0
4326,1483,302,1.0
4327,1483,0,1.0
4327,1483,404,1.0
4327,1483,363,1.0
4327,1483,360,1.0
4327,1483,410,1.0
4328,1484,0,1.0
4328,1484,402,1.0
4328,1484,41,1.0
4329,1484,0,1.0
4329,1484,402,1.0
4329,1484,409,1.0
4329,1484,35,1.0
4330,1484,0,1.0
4330,1484,157,1.0
4330,1484,152,1.0
4330,1484,41,1.0
4331,1485,0,1.0
4331,1485,402,1.0
4331,1485,409,1.0
4331,1485,389,1.0
4332,1485,0,1.0
4332,1485,402,1.0
4332,1485,41,1.0
4332,1485,36,1.0
4333,1485,0,1.0
4333,1485,157,1.0
4333,1485,152,1.0
4333,1485,409,1.0
4333,1485,389,1.0
4334,1486,6,1.0
4334,1486,243,1.0
4334,1486,238,1.0
4334,1486,311,1.0
4335,1486,6,1.0
4335,1486,69,1.0
4335,1486,54,1.0
4335,1486,311,1.0
4336,1486,6,1.0
4336,1486,243,1.0
4336,1486,238,1.0
4336,1486,215,1.0
4336,1486,206,1.0
4337,1487,6,1.0
4337,1487,243,1.0
4337,1487,238,1.0
4337,1487,311,1.0
4338,1487,6,1.0
4338,1487,69,1.0
4338,1487,54,1.0
4338,1487,311,1.0
4339,1487,6,1.0
4339,1487,243,1.0
4339,1487,238,1.0
4339,1487,215,1.0
4339,1487,206,1.0
4340,1488,273,1.0
4341,1488,282,1.0
4341,1488,271,1.0
4342,1488,284,1.0
4342,1488,279,1.0
4343,1489,284,1.0
4344,1489,282,1.0
4344,1489,438,1.0
4345,1489,286,1.0
4345,1489,460,1.0
4346,1490,284,1.0
4347,1490,282,1.0
4347,1490,438,1.0
4348,1490,286,1.0
4348,1490,460,1.0
4349,1491,284,1.0
4350,1491,282,1.0
4350,1491,438,1.0
4351,1491,286,1.0
4351,1491,460,1.0
4352,1492,286,1.0
4353,1492,282,1.0
4353,1492,440,1.0
4354,1492,284,1.0
4354,1492,461,1.0
4355,1493,288,1.0
4356,1493,282,1.0
4356,1493,419,1.0
4356,1493,317,1.0
4357,1493,284,1.0
4357,1493,415,1.0
4357,1493,317,1.0
4358,1494,282,1.0
4358,1494,442,1.0
4359,1494,273,1.0
4359,1494,274,1.0
4360,1494,286,1.0
4360,1494,459,1.0
4361,1495,282,1.0
4361,1495,419,1.0
4362,1495,273,1.0
4362,1495,270,1.0
4362,1495,419,1.0
4363,1495,284,1.0
4363,1495,415,1.0
4364,1495,282,1.0
4364,1495,438,1.0
4364,1495,415,1.0
4365,1496,282,1.0
4365,1496,105,1.0
4366,1496,273,1.0
4366,1496,270,1.0
4366,1496,105,1.0
4367,1496,286,1.0
4367,1496,95,1.0
4368,1496,284,1.0
4368,1496,107,1.0
4369,1497,282,1.0
4369,1497,105,1.0
4370,1497,273,1.0
4370,1497,270,1.0
4370,1497,105,1.0
4371,1497,286,1.0
4371,1497,95,1.0
4372,1497,284,1.0
4372,1497,107,1.0
4373,1498,282,1.0
4373,1498,105,1.0
4374,1498,273,1.0
4374,1498,270,1.0
4374,1498,105,1.0
4375,1498,286,1.0
4375,1498,95,1.0
4376,1498,284,1.0
4376,1498,107,1.0
4377,1499,284,1.0
4377,1499,309,1.0
4378,1499,273,1.0
4378,1499,274,1.0
4378,1499,311,1.0
4379,1499,286,1.0
4379,1499,307,1.0
4380,1499,286,1.0
4380,1499,209,1.0
4380,1499,206,1.0
4381,1500,284,1.0
4381,1500,309,1.0
4382,1500,273,1.0
4382,1500,274,1.0
4382,1500,311,1.0
4383,1500,286,1.0
4383,1500,307,1.0
4384,1500,286,1.0
4384,1500,209,1.0
4384,1500,206,1.0
4385,1501,284,1.0
4385,1501,205,1.0
4386,1501,282,1.0
4386,1501,438,1.0
4386,1501,205,1.0
4387,1501,286,1.0
4387,1501,197,1.0
4388,1502,284,1.0
4388,1502,205,1.0
4389,1502,282,1.0
4389,1502,438,1.0
4389,1502,205,1.0
4390,1502,286,1.0
4390,1502,197,1.0
4391,1503,284,1.0
4391,1503,205,1.0
4392,1503,282,1.0
4392,1503,438,1.0
4392,1503,205,1.0
4393,1503,286,1.0
4393,1503,197,1.0
4394,1504,273,1.0
4394,1504,276,1.0
4395,1504,273,1.0
4395,1504,139,1.0
4395,1504,134,1.0
4396,1504,282,1.0
4396,1504,271,1.0
4396,1504,276,1.0
4397,1505,288,1.0
4397,1505,119,1.0
4398,1505,288,1.0
4398,1505,314,1.0
4398,1505,123,1.0
4399,1505,288,1.0
4399,1505,318,1.0
4399,1505,121,1.0
4400,1506,284,1.0
4400,1506,205,1.0
4400,1506,51,1.0
4401,1506,286,1.0
4401,1506,49,1.0
4402,1506,282,1.0
4402,1506,440,1.0
4402,1506,49,1.0
4403,1507,288,1.0
4403,1507,312,1.0
4404,1507,288,1.0
4404,1507,314,1.0
4404,1507,355,1.0
4405,1507,288,1.0
4405,1507,119,1.0
4405,1507,128,1.0
4407,1509,341,1.0
4408,1509,436,1.0
4408,1509,339,1.0
4409,1509,337,1.0
4409,1509,334,1.0
4410,1510,341,1.0
4411,1510,436,1.0
4411,1510,339,1.0
4412,1510,337,1.0
4412,1510,334,1.0
4413,1511,337,1.0
4414,1511,341,1.0
4414,1511,335,1.0
4415,1511,436,1.0
4415,1511,331,1.0
4416,1512,393,1.0
4416,1512,291,1.0
4417,1512,337,1.0
4417,1512,332,1.0
4417,1512,291,1.0
4418,1512,393,1.0
4418,1512,390,1.0
4418,1512,315,1.0
4418,1512,289,1.0
4419,1513,393,1.0
4419,1513,291,1.0
4419,1513,273,1.0
4420,1513,393,1.0
4420,1513,291,1.0
4420,1513,282,1.0
4420,1513,271,1.0
4421,1513,337,1.0
4421,1513,332,1.0
4421,1513,291,1.0
4421,1513,273,1.0
4422,1514,337,1.0
4422,1514,175,1.0
4423,1514,337,1.0
4423,1514,257,1.0
4423,1514,179,1.0
4424,1514,436,1.0
4424,1514,183,1.0
4425,1515,337,1.0
4425,1515,175,1.0
4426,1515,337,1.0
4426,1515,257,1.0
4426,1515,179,1.0
4427,1515,436,1.0
4427,1515,183,1.0
4428,1516,393,1.0
4428,1516,291,1.0
4428,1516,273,1.0
4428,1516,139,1.0
4429,1516,393,1.0
4429,1516,291,1.0
4429,1516,273,1.0
4429,1516,276,1.0
4429,1516,135,1.0
4430,1516,393,1.0
4430,1516,291,1.0
4430,1516,282,1.0
4430,1516,271,1.0
4430,1516,139,1.0
4431,1517,393,1.0
4431,1517,390,1.0
4431,1517,355,1.0
4432,1517,393,1.0
4432,1517,390,1.0
4432,1517,315,1.0
4432,1517,312,1.0
4433,1517,393,1.0
4433,1517,390,1.0
4433,1517,123,1.0
4433,1517,128,1.0
4434,1518,393,1.0
4434,1518,390,1.0
4434,1518,355,1.0
4435,1518,393,1.0
4435,1518,390,1.0
4435,1518,315,1.0
4435,1518,312,1.0
4436,1518,393,1.0
4436,1518,390,1.0
4436,1518,123,1.0
4436,1518,128,1.0
4437,1519,393,1.0
4437,1519,291,1.0
4437,1519,273,1.0
4437,1519,276,1.0
4438,1519,393,1.0
4438,1519,291,1.0
4438,1519,273,1.0
4438,1519,139,1.0
4438,1519,134,1.0
4439,1519,393,1.0
4439,1519,291,1.0
4439,1519,282,1.0
4439,1519,271,1.0
4439,1519,276,1.0
4440,1520,393,1.0
4440,1520,390,1.0
4440,1520,315,1.0
4441,1520,393,1.0
4441,1520,291,1.0
4441,1520,288,1.0
4442,1520,393,1.0
4442,1520,390,1.0
4442,1520,123,1.0
4442,1520,118,1.0
4443,1521,337,1.0
4443,1521,175,1.0
4443,1521,180,1.0
4444,1521,337,1.0
4444,1521,257,1.0
4444,1521,179,1.0
4444,1521,180,1.0
4445,1521,337,1.0
4445,1521,175,1.0
4445,1521,176,1.0
4445,1521,463,1.0
4446,1522,393,1.0
4446,1522,291,1.0
4446,1522,282,1.0
4446,1522,442,1.0
4447,1522,393,1.0
4447,1522,291,1.0
4447,1522,273,1.0
4447,1522,274,1.0
4448,1522,393,1.0
4448,1522,291,1.0
4448,1522,286,1.0
4448,1522,459,1.0
4449,1523,393,1.0
4449,1523,291,1.0
4449,1523,284,1.0
4450,1523,393,1.0
4450,1523,291,1.0
4450,1523,282,1.0
4450,1523,438,1.0
4451,1523,393,1.0
4451,1523,291,1.0
4451,1523,286,1.0
4451,1523,460,1.0
4452,1524,393,1.0
4452,1524,291,1.0
4452,1524,284,1.0
4453,1524,393,1.0
4453,1524,291,1.0
4453,1524,282,1.0
4453,1524,438,1.0
4454,1524,393,1.0
4454,1524,291,1.0
4454,1524,286,1.0
4454,1524,460,1.0
4455,1525,393,1.0
4455,1525,291,1.0
4455,1525,284,1.0
4456,1525,393,1.0
4456,1525,291,1.0
4456,1525,282,1.0
4456,1525,438,1.0
4457,1525,393,1.0
4457,1525,291,1.0
4457,1525,286,1.0
4457,1525,460,1.0
4458,1526,393,1.0
4458,1526,390,1.0
4458,1526,123,1.0
4459,1526,393,1.0
4459,1526,390,1.0
4459,1526,315,1.0
4459,1526,119,1.0
4460,1526,393,1.0
4460,1526,390,1.0
4460,1526,399,1.0
4460,1526,121,1.0
4461,1527,393,1.0
4461,1527,390,1.0
4461,1527,379,1.0
4462,1527,393,1.0
4462,1527,390,1.0
4462,1527,355,1.0
4462,1527,350,1.0
4463,1527,393,1.0
4463,1527,390,1.0
4463,1527,123,1.0
4463,1527,130,1.0
4465,1529,324,1.0
4466,1529,127,1.0
4466,1529,124,1.0
4467,1529,320,1.0
4467,1529,376,1.0
4468,1530,324,1.0
4469,1530,127,1.0
4469,1530,124,1.0
4470,1530,320,1.0
4470,1530,376,1.0
4471,1531,127,1.0
4472,1531,324,1.0
4472,1531,125,1.0
4473,1531,320,1.0
4473,1531,131,1.0
4474,1532,320,1.0
4475,1532,322,1.0
4475,1532,375,1.0
4476,1532,127,1.0
4476,1532,130,1.0
4477,1533,320,1.0
4478,1533,322,1.0
4478,1533,375,1.0
4479,1533,127,1.0
4479,1533,130,1.0
4480,1534,322,1.0
4481,1534,320,1.0
4481,1534,374,1.0
4482,1534,127,1.0
4482,1534,132,1.0
4483,1535,322,1.0
4484,1535,320,1.0
4484,1535,374,1.0
4485,1535,127,1.0
4485,1535,132,1.0
4486,1536,173,1.0
4487,1536,324,1.0
4487,1536,171,1.0
4488,1536,127,1.0
4488,1536,124,1.0
4488,1536,171,1.0
4489,1537,320,1.0
4489,1537,351,1.0
4490,1537,322,1.0
4490,1537,353,1.0
4491,1537,127,1.0
4491,1537,128,1.0
4492,1538,320,1.0
4492,1538,351,1.0
4493,1538,322,1.0
4493,1538,353,1.0
4494,1538,127,1.0
4494,1538,128,1.0
4495,1539,127,1.0
4495,1539,118,1.0
4496,1539,324,1.0
4496,1539,125,1.0
4496,1539,118,1.0
4497,1539,127,1.0
4497,1539,122,1.0
4497,1539,315,1.0
4498,1540,173,1.0
4498,1540,168,1.0
4499,1540,324,1.0
4499,1540,171,1.0
4499,1540,168,1.0
4500,1540,173,1.0
4500,1540,162,1.0
4500,1540,329,1.0
4501,1541,173,1.0
4501,1541,162,1.0
4502,1541,324,1.0
4502,1541,171,1.0
4502,1541,162,1.0
4503,1541,173,1.0
4503,1541,168,1.0
4503,1541,328,1.0
4504,1542,173,1.0
4504,1542,162,1.0
4505,1542,324,1.0
4505,1542,171,1.0
4505,1542,162,1.0
4506,1542,173,1.0
4506,1542,168,1.0
4506,1542,328,1.0
4507,1543,173,1.0
4507,1543,162,1.0
4508,1543,324,1.0
4508,1543,171,1.0
4508,1543,162,1.0
4509,1543,173,1.0
4509,1543,168,1.0
4509,1543,328,1.0
4510,1544,324,1.0
4510,1544,384,1.0
4510,1544,394,1.0
4511,1544,127,1.0
4511,1544,120,1.0
4511,1544,394,1.0
4512,1544,127,1.0
4512,1544,118,1.0
4512,1544,316,1.0
4513,1545,173,1.0
4513,1545,164,1.0
4514,1545,324,1.0
4514,1545,171,1.0
4514,1545,164,1.0
4515,1545,173,1.0
4515,1545,168,1.0
4515,1545,267,1.0
4516,1546,173,1.0
4516,1546,164,1.0
4516,1546,109,1.0
4517,1546,324,1.0
4517,1546,171,1.0
4517,1546,164,1.0
4517,1546,109,1.0
4518,1546,173,1.0
4518,1546,162,1.0
4518,1546,113,1.0
4519,1547,322,1.0
4519,1547,454,1.0
4520,1547,320,1.0
4520,1547,374,1.0
4520,1547,454,1.0
4521,1547,320,1.0
4521,1547,351,1.0
4521,1547,356,1.0
4522,1548,34,1.0
4523,1548,32,1.0
4523,1548,300,1.0
4524,1548,38,1.0
4524,1548,407,1.0
4525,1549,36,1.0
4526,1549,34,1.0
4526,1549,389,1.0
4527,1549,32,1.0
4527,1549,300,1.0
4527,1549,389,1.0
4528,1550,40,1.0
4529,1550,34,1.0
4529,1550,408,1.0
4530,1550,32,1.0
4530,1550,304,1.0
4531,1551,32,1.0
4531,1551,302,1.0
4532,1551,32,1.0
4532,1551,149,1.0
4532,1551,140,1.0
4533,1551,32,1.0
4533,1551,149,1.0
4533,1551,142,1.0
4533,1551,410,1.0
4534,1552,32,1.0
4534,1552,302,1.0
4535,1552,32,1.0
4535,1552,149,1.0
4535,1552,140,1.0
4536,1552,32,1.0
4536,1552,149,1.0
4536,1552,142,1.0
4536,1552,410,1.0
4537,1553,32,1.0
4537,1553,302,1.0
4538,1553,32,1.0
4538,1553,149,1.0
4538,1553,140,1.0
4539,1553,32,1.0
4539,1553,149,1.0
4539,1553,142,1.0
4539,1553,410,1.0
4540,1554,32,1.0
4540,1554,302,1.0
4541,1554,32,1.0
4541,1554,149,1.0
4541,1554,140,1.0
4542,1554,32,1.0
4542,1554,149,1.0
4542,1554,142,1.0
4542,1554,410,1.0
4543,1555,32,1.0
4543,1555,149,1.0
4543,1555,144,1.0
4543,1555,427,1.0
4543,1555,430,1.0
4544,1555,32,1.0
4544,1555,149,1.0
4544,1555,144,1.0
4544,1555,427,1.0
4544,1555,185,1.0
4544,1555,186,1.0
4545,1555,32,1.0
4545,1555,302,1.0
4545,1555,452,1.0
4545,1555,427,1.0
4545,1555,430,1.0
4546,1556,32,1.0
4546,1556,149,1.0
4546,1556,144,1.0
4546,1556,427,1.0
4546,1556,430,1.0
4547,1556,32,1.0
4547,1556,149,1.0
4547,1556,144,1.0
4547,1556,427,1.0
4547,1556,185,1.0
4547,1556,186,1.0
4548,1556,32,1.0
4548,1556,302,1.0
4548,1556,452,1.0
4548,1556,427,1.0
4548,1556,430,1.0
4549,1557,36,1.0
4549,1557,53,1.0
4550,1557,34,1.0
4550,1557,389,1.0
4550,1557,53,1.0
4551,1557,36,1.0
4551,1557,373,1.0
4551,1557,45,1.0
4552,1557,36,1.0
4552,1557,373,1.0
4552,1557,195,1.0
4552,1557,51,1.0
4553,1558,32,1.0
4553,1558,149,1.0
4553,1558,144,1.0
4553,1558,427,1.0
4554,1558,32,1.0
4554,1558,302,1.0
4554,1558,452,1.0
4554,1558,427,1.0
4555,1558,32,1.0
4555,1558,149,1.0
4555,1558,140,1.0
4555,1558,452,1.0
4555,1558,427,1.0
4556,1559,32,1.0
4556,1559,149,1.0
4556,1559,144,1.0
4556,1559,427,1.0
4556,1559,185,1.0
4557,1559,32,1.0
4557,1559,302,1.0
4557,1559,452,1.0
4557,1559,427,1.0
4557,1559,185,1.0
4558,1559,32,1.0
4558,1559,149,1.0
4558,1559,140,1.0
4558,1559,452,1.0
4558,1559,427,1.0
4558,1559,185,1.0
4559,1560,32,1.0
4559,1560,149,1.0
4559,1560,144,1.0
4559,1560,427,1.0
4559,1560,185,1.0
4560,1560,32,1.0
4560,1560,302,1.0
4560,1560,452,1.0
4560,1560,427,1.0
4560,1560,185,1.0
4561,1560,32,1.0
4561,1560,149,1.0
4561,1560,140,1.0
4561,1560,452,1.0
4561,1560,427,1.0
4561,1560,185,1.0
4562,1561,36,1.0
4562,1561,53,1.0
4562,1561,50,1.0
4563,1561,34,1.0
4563,1561,389,1.0
4563,1561,53,1.0
4563,1561,50,1.0
4564,1561,36,1.0
4564,1561,373,1.0
4564,1561,195,1.0
4565,1561,36,1.0
4565,1561,373,1.0
4565,1561,45,1.0
4565,1561,50,1.0
4566,1562,36,1.0
4566,1562,53,1.0
4566,1562,50,1.0
4567,1562,34,1.0
4567,1562,389,1.0
4567,1562,53,1.0
4567,1562,50,1.0
4568,1562,36,1.0
4568,1562,373,1.0
4568,1562,195,1.0
4569,1562,36,1.0
4569,1562,373,1.0
4569,1562,45,1.0
4569,1562,50,1.0
4570,1563,36,1.0
4570,1563,53,1.0
4570,1563,50,1.0
4571,1563,34,1.0
4571,1563,389,1.0
4571,1563,53,1.0
4571,1563,50,1.0
4572,1563,36,1.0
4572,1563,373,1.0
4572,1563,195,1.0
4573,1563,36,1.0
4573,1563,373,1.0
4573,1563,45,1.0
4573,1563,50,1.0
4574,1564,32,1.0
4574,1564,302,1.0
4574,1564,359,1.0
4575,1564,32,1.0
4575,1564,149,1.0
4575,1564,146,1.0
4576,1564,32,1.0
4576,1564,149,1.0
4576,1564,140,1.0
4576,1564,359,1.0
4577,1565,36,1.0
4577,1565,213,1.0
4577,1565,206,1.0
4578,1565,34,1.0
4578,1565,389,1.0
4578,1565,213,1.0
4578,1565,206,1.0
4579,1565,36,1.0
4579,1565,373,1.0
4579,1565,211,1.0
4579,1565,206,1.0
4580,1565,36,1.0
4580,1565,53,1.0
4580,1565,50,1.0
4580,1565,202,1.0
4581,1566,36,1.0
4581,1566,213,1.0
4581,1566,206,1.0
4582,1566,34,1.0
4582,1566,389,1.0
4582,1566,213,1.0
4582,1566,206,1.0
4583,1566,36,1.0
4583,1566,373,1.0
4583,1566,211,1.0
4583,1566,206,1.0
4584,1566,36,1.0
4584,1566,53,1.0
4584,1566,50,1.0
4584,1566,202,1.0
4585,1567,36,1.0
4585,1567,53,1.0
4585,1567,46,1.0
4585,1567,395,1.0
4585,1567,385,1.0
4585,1567,171,1.0
4585,1567,162,1.0
4586,1567,32,1.0
4586,1567,149,1.0
4586,1567,144,1.0
4586,1567,427,1.0
4586,1567,428,1.0
4586,1567,11,1.0
4586,1567,14,1.0
4587,1567,36,1.0
4587,1567,53,1.0
4587,1567,46,1.0
4587,1567,395,1.0
4587,1567,385,1.0
4587,1567,171,1.0
4587,1567,168,1.0
4587,1567,328,1.0
4588,1567,36,1.0
4588,1567,53,1.0
4588,1567,50,1.0
4588,1567,198,1.0
4588,1567,395,1.0
4588,1567,385,1.0
4588,1567,171,1.0
4588,1567,162,1.0
ev_15,5,12,1.0
ev_15,5,arc_26_vir_14,1.0
ev_15,5,arc_vir_14_14,1.0
ev_16,5,16,1.0
ev_16,5,108,1.0
ev_16,5,arc_26_vir_14,1.0
ev_16,5,arc_vir_14_14,1.0
ev_17,5,14,1.0
ev_17,5,arc_47_vir_14,1.0
ev_17,5,arc_vir_14_14,1.0
ev_24,8,12,1.0
ev_24,8,arc_26_vir_34,1.0
ev_24,8,arc_vir_34_34,1.0
ev_25,8,14,1.0
ev_25,8,arc_47_vir_34,1.0
ev_25,8,arc_vir_34_34,1.0
ev_26,8,16,1.0
ev_26,8,arc_9_vir_34,1.0
ev_26,8,arc_vir_34_34,1.0
ev_36,12,12,1.0
ev_36,12,arc_26_vir_14,1.0
ev_36,12,arc_vir_14_14,1.0
ev_36,12,170,1.0
ev_37,12,16,1.0
ev_37,12,108,1.0
ev_37,12,arc_26_vir_14,1.0
ev_37,12,arc_vir_14_14,1.0
ev_37,12,170,1.0
ev_38,12,14,1.0
ev_38,12,arc_47_vir_14,1.0
ev_38,12,arc_vir_14_14,1.0
ev_38,12,170,1.0
ev_39,13,12,1.0
ev_39,13,arc_26_vir_14,1.0
ev_39,13,arc_vir_14_14,1.0
ev_39,13,170,1.0
ev_40,13,16,1.0
ev_40,13,108,1.0
ev_40,13,arc_26_vir_14,1.0
ev_40,13,arc_vir_14_14,1.0
ev_40,13,170,1.0
ev_41,13,14,1.0
ev_41,13,arc_47_vir_14,1.0
ev_41,13,arc_vir_14_14,1.0
ev_41,13,170,1.0
ev_42,14,12,1.0
ev_42,14,arc_26_vir_14,1.0
ev_42,14,arc_vir_14_14,1.0
ev_42,14,arc_14_vir_33,1.0
ev_42,14,arc_vir_33_33,1.0
ev_43,14,12,1.0
ev_43,14,arc_26_vir_14,1.0
ev_43,14,arc_vir_14_14,1.0
ev_43,14,170,1.0
ev_43,14,arc_46_vir_33,1.0
ev_43,14,arc_vir_33_33,1.0
ev_44,14,16,1.0
ev_44,14,108,1.0
ev_44,14,arc_26_vir_14,1.0
ev_44,14,arc_vir_14_14,1.0
ev_44,14,arc_14_vir_33,1.0
ev_44,14,arc_vir_33_33,1.0
ev_45,15,12,1.0
ev_45,15,arc_26_vir_14,1.0
ev_45,15,arc_vir_14_14,1.0
ev_45,15,arc_14_vir_33,1.0
ev_45,15,arc_vir_33_33,1.0
ev_46,15,12,1.0
ev_46,15,arc_26_vir_14,1.0
ev_46,15,arc_vir_14_14,1.0
ev_46,15,170,1.0
ev_46,15,arc_46_vir_33,1.0
ev_46,15,arc_vir_33_33,1.0
ev_47,15,16,1.0
ev_47,15,108,1.0
ev_47,15,arc_26_vir_14,1.0
ev_47,15,arc_vir_14_14,1.0
ev_47,15,arc_14_vir_33,1.0
ev_47,15,arc_vir_33_33,1.0
ev_48,16,12,1.0
ev_48,16,arc_26_vir_14,1.0
ev_48,16,arc_vir_14_14,1.0
ev_48,16,170,1.0
ev_48,16,384,1.0
ev_48,16,394,1.0
ev_48,16,47,1.0
ev_49,16,16,1.0
ev_49,16,108,1.0
ev_49,16,arc_26_vir_14,1.0
ev_49,16,arc_vir_14_14,1.0
ev_49,16,170,1.0
ev_49,16,384,1.0
ev_49,16,394,1.0
ev_49,16,47,1.0
ev_50,16,12,1.0
ev_50,16,arc_26_vir_14,1.0
ev_50,16,arc_vir_14_14,1.0
ev_50,16,170,1.0
ev_50,16,384,1.0
ev_50,16,394,1.0
ev_50,16,199,1.0
ev_50,16,51,1.0
ev_51,17,12,1.0
ev_51,17,arc_26_vir_14,1.0
ev_51,17,arc_vir_14_14,1.0
ev_51,17,170,1.0
ev_51,17,384,1.0
ev_51,17,394,1.0
ev_51,17,199,1.0
ev_52,17,12,1.0
ev_52,17,arc_26_vir_14,1.0
ev_52,17,arc_vir_14_14,1.0
ev_52,17,170,1.0
ev_52,17,384,1.0
ev_52,17,394,1.0
ev_52,17,47,1.0
ev_52,17,50,1.0
ev_53,17,12,1.0
ev_53,17,arc_26_vir_14,1.0
ev_53,17,arc_vir_14_14,1.0
ev_53,17,170,1.0
ev_53,17,384,1.0
ev_53,17,arc_50_vir_74,1.0
ev_53,17,arc_vir_74_74,1.0
ev_53,17,205,1.0
ev_54,18,12,1.0
ev_54,18,arc_26_vir_14,1.0
ev_54,18,arc_vir_14_14,1.0
ev_54,18,170,1.0
ev_54,18,384,1.0
ev_54,18,394,1.0
ev_54,18,199,1.0
ev_55,18,12,1.0
ev_55,18,arc_26_vir_14,1.0
ev_55,18,arc_vir_14_14,1.0
ev_55,18,170,1.0
ev_55,18,384,1.0
ev_55,18,394,1.0
ev_55,18,47,1.0
ev_55,18,50,1.0
ev_56,18,12,1.0
ev_56,18,arc_26_vir_14,1.0
ev_56,18,arc_vir_14_14,1.0
ev_56,18,170,1.0
ev_56,18,384,1.0
ev_56,18,arc_50_vir_74,1.0
ev_56,18,arc_vir_74_74,1.0
ev_56,18,205,1.0
ev_57,19,12,1.0
ev_57,19,arc_26_vir_14,1.0
ev_57,19,arc_vir_14_14,1.0
ev_57,19,170,1.0
ev_57,19,384,1.0
ev_57,19,394,1.0
ev_57,19,199,1.0
ev_58,19,12,1.0
ev_58,19,arc_26_vir_14,1.0
ev_58,19,arc_vir_14_14,1.0
ev_58,19,170,1.0
ev_58,19,384,1.0
ev_58,19,394,1.0
ev_58,19,47,1.0
ev_58,19,50,1.0
ev_59,19,12,1.0
ev_59,19,arc_26_vir_14,1.0
ev_59,19,arc_vir_14_14,1.0
ev_59,19,170,1.0
ev_59,19,384,1.0
ev_59,19,arc_50_vir_74,1.0
ev_59,19,arc_vir_74_74,1.0
ev_59,19,205,1.0
ev_60,20,arc_55_vir_74,1.0
ev_60,20,arc_vir_74_74,1.0
ev_61,20,416,1.0
ev_61,20,arc_72_vir_74,1.0
ev_61,20,arc_vir_74_74,1.0
ev_62,20,418,1.0
ev_62,20,arc_59_vir_74,1.0
ev_62,20,arc_vir_74_74,1.0
ev_63,21,arc_55_vir_74,1.0
ev_63,21,arc_vir_74_74,1.0
ev_64,21,416,1.0
ev_64,21,arc_72_vir_74,1.0
ev_64,21,arc_vir_74_74,1.0
ev_65,21,418,1.0
ev_65,21,arc_59_vir_74,1.0
ev_65,21,arc_vir_74_74,1.0
ev_66,22,arc_55_vir_74,1.0
ev_66,22,arc_vir_74_74,1.0
ev_67,22,416,1.0
ev_67,22,arc_72_vir_74,1.0
ev_67,22,arc_vir_74_74,1.0
ev_68,22,418,1.0
ev_68,22,arc_59_vir_74,1.0
ev_68,22,arc_vir_74_74,1.0
ev_70,23,arc_55_vir_74,1.0
ev_70,23,arc_vir_74_74,1.0
ev_70,23,461,1.0
ev_71,23,arc_55_vir_8,1.0
ev_71,23,arc_vir_8_8,1.0
ev_71,23,94,1.0
ev_74,24,arc_55_vir_74,1.0
ev_74,24,arc_vir_74_74,1.0
ev_74,24,205,1.0
ev_77,25,arc_55_vir_74,1.0
ev_77,25,arc_vir_74_74,1.0
ev_77,25,205,1.0
ev_80,26,arc_55_vir_74,1.0
ev_80,26,arc_vir_74_74,1.0
ev_80,26,205,1.0
ev_81,27,arc_55_vir_8,1.0
ev_81,27,arc_vir_8_8,1.0
ev_82,27,416,1.0
ev_82,27,arc_72_vir_8,1.0
ev_82,27,arc_vir_8_8,1.0
ev_83,27,arc_55_vir_74,1.0
ev_83,27,arc_vir_74_74,1.0
ev_83,27,arc_74_vir_8,1.0
ev_83,27,arc_vir_8_8,1.0
ev_84,28,arc_55_vir_8,1.0
ev_84,28,arc_vir_8_8,1.0
ev_85,28,416,1.0
ev_85,28,arc_72_vir_8,1.0
ev_85,28,arc_vir_8_8,1.0
ev_86,28,arc_55_vir_74,1.0
ev_86,28,arc_vir_74_74,1.0
ev_86,28,arc_74_vir_8,1.0
ev_86,28,arc_vir_8_8,1.0
ev_87,29,arc_55_vir_8,1.0
ev_87,29,arc_vir_8_8,1.0
ev_88,29,416,1.0
ev_88,29,arc_72_vir_8,1.0
ev_88,29,arc_vir_8_8,1.0
ev_89,29,arc_55_vir_74,1.0
ev_89,29,arc_vir_74_74,1.0
ev_89,29,arc_74_vir_8,1.0
ev_89,29,arc_vir_8_8,1.0
ev_92,30,arc_55_vir_74,1.0
ev_92,30,arc_vir_74_74,1.0
ev_92,30,205,1.0
ev_92,30,51,1.0
ev_93,31,arc_55_vir_8,1.0
ev_93,31,arc_vir_8_8,1.0
ev_93,31,92,1.0
ev_94,31,arc_55_vir_74,1.0
ev_94,31,arc_vir_74_74,1.0
ev_94,31,309,1.0
ev_95,31,arc_55_vir_8,1.0
ev_95,31,arc_vir_8_8,1.0
ev_95,31,98,1.0
ev_95,31,206,1.0
ev_96,32,arc_55_vir_8,1.0
ev_96,32,arc_vir_8_8,1.0
ev_96,32,92,1.0
ev_97,32,arc_55_vir_74,1.0
ev_97,32,arc_vir_74_74,1.0
ev_97,32,309,1.0
ev_98,32,arc_55_vir_8,1.0
ev_98,32,arc_vir_8_8,1.0
ev_98,32,98,1.0
ev_98,32,206,1.0
ev_105,35,395,1.0
ev_105,35,385,1.0
ev_105,35,arc_46_vir_14,1.0
ev_105,35,arc_vir_14_14,1.0
ev_105,35,arc_14_vir_34,1.0
ev_105,35,arc_vir_34_34,1.0
ev_106,35,395,1.0
ev_106,35,385,1.0
ev_106,35,arc_46_vir_14,1.0
ev_106,35,arc_vir_14_14,1.0
ev_106,35,162,1.0
ev_106,35,arc_47_vir_34,1.0
ev_106,35,arc_vir_34_34,1.0
ev_107,35,395,1.0
ev_107,35,121,1.0
ev_107,35,124,1.0
ev_107,35,arc_46_vir_14,1.0
ev_107,35,arc_vir_14_14,1.0
ev_107,35,arc_14_vir_34,1.0
ev_107,35,arc_vir_34_34,1.0
ev_110,36,arc_55_vir_74,1.0
ev_110,36,arc_vir_74_74,1.0
ev_110,36,285,1.0
ev_111,36,arc_55_vir_74,1.0
ev_111,36,arc_vir_74_74,1.0
ev_111,36,439,1.0
ev_111,36,283,1.0
ev_115,37,arc_55_vir_74,1.0
ev_115,37,arc_vir_74_74,1.0
ev_115,37,461,1.0
ev_115,37,459,1.0
ev_118,38,arc_55_vir_74,1.0
ev_118,38,arc_vir_74_74,1.0
ev_118,38,397,1.0
ev_118,38,385,1.0
ev_121,39,arc_55_vir_74,1.0
ev_121,39,arc_vir_74_74,1.0
ev_121,39,397,1.0
ev_121,39,385,1.0
ev_125,42,arc_74_vir_8,1.0
ev_125,42,arc_vir_8_8,1.0
ev_125,42,94,1.0
ev_130,44,arc_74_vir_8,1.0
ev_130,44,arc_vir_8_8,1.0
ev_131,44,461,1.0
ev_131,44,arc_72_vir_8,1.0
ev_131,44,arc_vir_8_8,1.0
ev_132,44,415,1.0
ev_132,44,arc_55_vir_8,1.0
ev_132,44,arc_vir_8_8,1.0
ev_133,45,arc_74_vir_8,1.0
ev_133,45,arc_vir_8_8,1.0
ev_134,45,461,1.0
ev_134,45,arc_72_vir_8,1.0
ev_134,45,arc_vir_8_8,1.0
ev_135,45,415,1.0
ev_135,45,arc_55_vir_8,1.0
ev_135,45,arc_vir_8_8,1.0
ev_136,46,arc_74_vir_8,1.0
ev_136,46,arc_vir_8_8,1.0
ev_137,46,461,1.0
ev_137,46,arc_72_vir_8,1.0
ev_137,46,arc_vir_8_8,1.0
ev_138,46,415,1.0
ev_138,46,arc_55_vir_8,1.0
ev_138,46,arc_vir_8_8,1.0
ev_174,58,397,1.0
ev_174,58,385,1.0
ev_174,58,arc_46_vir_14,1.0
ev_174,58,arc_vir_14_14,1.0
ev_174,58,arc_14_vir_34,1.0
ev_174,58,arc_vir_34_34,1.0
ev_175,58,415,1.0
ev_175,58,395,1.0
ev_175,58,385,1.0
ev_175,58,arc_46_vir_14,1.0
ev_175,58,arc_vir_14_14,1.0
ev_175,58,arc_14_vir_34,1.0
ev_175,58,arc_vir_34_34,1.0
ev_176,58,397,1.0
ev_176,58,385,1.0
ev_176,58,arc_46_vir_14,1.0
ev_176,58,arc_vir_14_14,1.0
ev_176,58,162,1.0
ev_176,58,arc_47_vir_34,1.0
ev_176,58,arc_vir_34_34,1.0
ev_226,76,367,1.0
ev_226,76,269,1.0
ev_226,76,arc_26_vir_14,1.0
ev_226,76,arc_vir_14_14,1.0
ev_227,76,367,1.0
ev_227,76,19,1.0
ev_227,76,12,1.0
ev_227,76,arc_26_vir_14,1.0
ev_227,76,arc_vir_14_14,1.0
ev_228,76,367,1.0
ev_228,76,117,1.0
ev_228,76,108,1.0
ev_228,76,arc_26_vir_14,1.0
ev_228,76,arc_vir_14_14,1.0
ev_229,77,367,1.0
ev_229,77,117,1.0
ev_229,77,arc_9_vir_34,1.0
ev_229,77,arc_vir_34_34,1.0
ev_230,77,367,1.0
ev_230,77,269,1.0
ev_230,77,arc_26_vir_34,1.0
ev_230,77,arc_vir_34_34,1.0
ev_231,77,367,1.0
ev_231,77,19,1.0
ev_231,77,12,1.0
ev_231,77,arc_26_vir_34,1.0
ev_231,77,arc_vir_34_34,1.0
ev_235,79,arc_7_vir_22,1.0
ev_235,79,arc_vir_22_22,1.0
ev_236,79,arc_7_vir_44,1.0
ev_236,79,arc_vir_44_44,1.0
ev_236,79,arc_44_vir_22,1.0
ev_236,79,arc_vir_22_22,1.0
ev_237,79,61,1.0
ev_237,79,arc_5_vir_22,1.0
ev_237,79,arc_vir_22_22,1.0
ev_239,80,arc_7_vir_22,1.0
ev_239,80,arc_vir_22_22,1.0
ev_239,80,57,1.0
ev_240,80,arc_7_vir_44,1.0
ev_240,80,arc_vir_44_44,1.0
ev_240,80,59,1.0
ev_241,81,84,1.0
ev_241,81,arc_45_vir_63,1.0
ev_241,81,arc_vir_63_63,1.0
ev_242,81,88,1.0
ev_242,81,arc_13_vir_63,1.0
ev_242,81,arc_vir_63_63,1.0
ev_243,81,arc_7_vir_44,1.0
ev_243,81,arc_vir_44_44,1.0
ev_243,81,159,1.0
ev_243,81,arc_13_vir_63,1.0
ev_243,81,arc_vir_63_63,1.0
ev_244,82,arc_7_vir_22,1.0
ev_244,82,arc_vir_22_22,1.0
ev_244,82,238,1.0
ev_246,82,arc_7_vir_22,1.0
ev_246,82,arc_vir_22_22,1.0
ev_246,82,57,1.0
ev_246,82,54,1.0
ev_247,83,arc_7_vir_22,1.0
ev_247,83,arc_vir_22_22,1.0
ev_247,83,238,1.0
ev_247,83,311,1.0
ev_248,83,arc_7_vir_22,1.0
ev_248,83,arc_vir_22_22,1.0
ev_248,83,238,1.0
ev_248,83,215,1.0
ev_248,83,206,1.0
ev_250,84,arc_7_vir_22,1.0
ev_250,84,arc_vir_22_22,1.0
ev_250,84,238,1.0
ev_250,84,311,1.0
ev_251,84,arc_7_vir_22,1.0
ev_251,84,arc_vir_22_22,1.0
ev_251,84,238,1.0
ev_251,84,215,1.0
ev_251,84,206,1.0
ev_253,85,84,1.0
ev_253,85,arc_45_vir_63,1.0
ev_253,85,arc_vir_63_63,1.0
ev_253,85,409,1.0
ev_253,85,389,1.0
ev_254,85,88,1.0
ev_254,85,arc_13_vir_63,1.0
ev_254,85,arc_vir_63_63,1.0
ev_254,85,409,1.0
ev_254,85,389,1.0
ev_255,85,arc_7_vir_44,1.0
ev_255,85,arc_vir_44_44,1.0
ev_255,85,159,1.0
ev_255,85,arc_13_vir_63,1.0
ev_255,85,arc_vir_63_63,1.0
ev_255,85,409,1.0
ev_255,85,389,1.0
ev_256,86,arc_7_vir_22,1.0
ev_256,86,arc_vir_22_22,1.0
ev_256,86,238,1.0
ev_256,86,311,1.0
ev_256,86,arc_31_vir_8,1.0
ev_256,86,arc_vir_8_8,1.0
ev_257,86,arc_7_vir_22,1.0
ev_257,86,arc_vir_22_22,1.0
ev_257,86,238,1.0
ev_257,86,458,1.0
ev_257,86,arc_72_vir_8,1.0
ev_257,86,arc_vir_8_8,1.0
ev_258,86,arc_7_vir_22,1.0
ev_258,86,arc_vir_22_22,1.0
ev_258,86,238,1.0
ev_258,86,215,1.0
ev_258,86,arc_18_vir_8,1.0
ev_258,86,arc_vir_8_8,1.0
ev_259,87,arc_7_vir_22,1.0
ev_259,87,arc_vir_22_22,1.0
ev_259,87,238,1.0
ev_259,87,311,1.0
ev_259,87,arc_31_vir_8,1.0
ev_259,87,arc_vir_8_8,1.0
ev_260,87,arc_7_vir_22,1.0
ev_260,87,arc_vir_22_22,1.0
ev_260,87,238,1.0
ev_260,87,458,1.0
ev_260,87,arc_72_vir_8,1.0
ev_260,87,arc_vir_8_8,1.0
ev_261,87,arc_7_vir_22,1.0
ev_261,87,arc_vir_22_22,1.0
ev_261,87,238,1.0
ev_261,87,215,1.0
ev_261,87,arc_18_vir_8,1.0
ev_261,87,arc_vir_8_8,1.0
ev_262,88,arc_7_vir_22,1.0
ev_262,88,arc_vir_22_22,1.0
ev_262,88,238,1.0
ev_262,88,311,1.0
ev_262,88,arc_31_vir_8,1.0
ev_262,88,arc_vir_8_8,1.0
ev_263,88,arc_7_vir_22,1.0
ev_263,88,arc_vir_22_22,1.0
ev_263,88,238,1.0
ev_263,88,458,1.0
ev_263,88,arc_72_vir_8,1.0
ev_263,88,arc_vir_8_8,1.0
ev_264,88,arc_7_vir_22,1.0
ev_264,88,arc_vir_22_22,1.0
ev_264,88,238,1.0
ev_264,88,215,1.0
ev_264,88,arc_18_vir_8,1.0
ev_264,88,arc_vir_8_8,1.0
ev_265,89,84,1.0
ev_265,89,arc_45_vir_63,1.0
ev_265,89,arc_vir_63_63,1.0
ev_265,89,409,1.0
ev_266,89,88,1.0
ev_266,89,arc_13_vir_63,1.0
ev_266,89,arc_vir_63_63,1.0
ev_266,89,409,1.0
ev_267,89,arc_7_vir_44,1.0
ev_267,89,arc_vir_44_44,1.0
ev_267,89,159,1.0
ev_267,89,arc_13_vir_63,1.0
ev_267,89,arc_vir_63_63,1.0
ev_267,89,409,1.0
ev_268,90,arc_7_vir_22,1.0
ev_268,90,arc_vir_22_22,1.0
ev_268,90,238,1.0
ev_268,90,458,1.0
ev_270,90,arc_7_vir_22,1.0
ev_270,90,arc_vir_22_22,1.0
ev_270,90,57,1.0
ev_270,90,54,1.0
ev_270,90,458,1.0
ev_271,91,arc_7_vir_22,1.0
ev_271,91,arc_vir_22_22,1.0
ev_271,91,238,1.0
ev_271,91,311,1.0
ev_271,91,203,1.0
ev_272,91,arc_7_vir_22,1.0
ev_272,91,arc_vir_22_22,1.0
ev_272,91,238,1.0
ev_272,91,215,1.0
ev_272,91,201,1.0
ev_273,91,arc_7_vir_22,1.0
ev_273,91,arc_vir_22_22,1.0
ev_273,91,238,1.0
ev_273,91,215,1.0
ev_273,91,206,1.0
ev_273,91,203,1.0
ev_274,92,arc_7_vir_22,1.0
ev_274,92,arc_vir_22_22,1.0
ev_274,92,238,1.0
ev_274,92,311,1.0
ev_274,92,203,1.0
ev_275,92,arc_7_vir_22,1.0
ev_275,92,arc_vir_22_22,1.0
ev_275,92,238,1.0
ev_275,92,215,1.0
ev_275,92,201,1.0
ev_276,92,arc_7_vir_22,1.0
ev_276,92,arc_vir_22_22,1.0
ev_276,92,238,1.0
ev_276,92,215,1.0
ev_276,92,206,1.0
ev_276,92,203,1.0
ev_277,93,arc_7_vir_22,1.0
ev_277,93,arc_vir_22_22,1.0
ev_277,93,238,1.0
ev_277,93,311,1.0
ev_277,93,203,1.0
ev_278,93,arc_7_vir_22,1.0
ev_278,93,arc_vir_22_22,1.0
ev_278,93,238,1.0
ev_278,93,215,1.0
ev_278,93,201,1.0
ev_279,93,arc_7_vir_22,1.0
ev_279,93,arc_vir_22_22,1.0
ev_279,93,238,1.0
ev_279,93,215,1.0
ev_279,93,206,1.0
ev_279,93,203,1.0
ev_280,94,arc_7_vir_22,1.0
ev_280,94,arc_vir_22_22,1.0
ev_280,94,238,1.0
ev_280,94,458,1.0
ev_280,94,49,1.0
ev_281,94,84,1.0
ev_281,94,arc_45_vir_63,1.0
ev_281,94,arc_vir_63_63,1.0
ev_281,94,409,1.0
ev_281,94,389,1.0
ev_281,94,53,1.0
ev_282,94,arc_7_vir_22,1.0
ev_282,94,arc_vir_22_22,1.0
ev_282,94,238,1.0
ev_282,94,311,1.0
ev_282,94,203,1.0
ev_282,94,51,1.0
ev_283,94,arc_7_vir_22,1.0
ev_283,94,arc_vir_22_22,1.0
ev_283,94,238,1.0
ev_283,94,215,1.0
ev_283,94,201,1.0
ev_283,94,51,1.0
ev_285,95,arc_7_vir_44,1.0
ev_285,95,arc_vir_44_44,1.0
ev_285,95,159,1.0
ev_285,95,156,1.0
ev_288,96,arc_7_vir_44,1.0
ev_288,96,arc_vir_44_44,1.0
ev_288,96,159,1.0
ev_288,96,156,1.0
ev_291,97,arc_7_vir_44,1.0
ev_291,97,arc_vir_44_44,1.0
ev_291,97,159,1.0
ev_291,97,156,1.0
ev_294,98,arc_7_vir_44,1.0
ev_294,98,arc_vir_44_44,1.0
ev_294,98,159,1.0
ev_294,98,156,1.0
ev_296,99,arc_5_vir_22,1.0
ev_296,99,arc_vir_22_22,1.0
ev_297,99,60,1.0
ev_297,99,arc_7_vir_22,1.0
ev_297,99,arc_vir_22_22,1.0
ev_298,99,arc_5_vir_44,1.0
ev_298,99,arc_vir_44_44,1.0
ev_298,99,arc_44_vir_22,1.0
ev_298,99,arc_vir_22_22,1.0
ev_300,100,arc_5_vir_22,1.0
ev_300,100,arc_vir_22_22,1.0
ev_300,100,87,1.0
ev_301,100,arc_5_vir_44,1.0
ev_301,100,arc_vir_44_44,1.0
ev_301,100,83,1.0
ev_303,101,arc_5_vir_22,1.0
ev_303,101,arc_vir_22_22,1.0
ev_303,101,238,1.0
ev_304,101,60,1.0
ev_304,101,arc_7_vir_22,1.0
ev_304,101,arc_vir_22_22,1.0
ev_304,101,238,1.0
ev_305,102,arc_5_vir_68,1.0
ev_305,102,arc_vir_68_68,1.0
ev_306,102,arc_5_vir_22,1.0
ev_306,102,arc_vir_22_22,1.0
ev_306,102,arc_22_vir_68,1.0
ev_306,102,arc_vir_68_68,1.0
ev_307,102,64,1.0
ev_307,102,arc_11_vir_68,1.0
ev_307,102,arc_vir_68_68,1.0
ev_310,103,arc_5_vir_22,1.0
ev_310,103,arc_vir_22_22,1.0
ev_310,103,238,1.0
ev_310,103,311,1.0
ev_313,104,arc_5_vir_22,1.0
ev_313,104,arc_vir_22_22,1.0
ev_313,104,238,1.0
ev_313,104,311,1.0
ev_315,105,arc_5_vir_68,1.0
ev_315,105,arc_vir_68_68,1.0
ev_315,105,135,1.0
ev_316,105,arc_5_vir_22,1.0
ev_316,105,arc_vir_22_22,1.0
ev_316,105,arc_22_vir_68,1.0
ev_316,105,arc_vir_68_68,1.0
ev_316,105,135,1.0
ev_318,106,arc_5_vir_22,1.0
ev_318,106,arc_vir_22_22,1.0
ev_318,106,238,1.0
ev_318,106,275,1.0
ev_319,106,arc_5_vir_68,1.0
ev_319,106,arc_vir_68_68,1.0
ev_319,106,277,1.0
ev_320,107,60,1.0
ev_320,107,84,1.0
ev_320,107,arc_45_vir_63,1.0
ev_320,107,arc_vir_63_63,1.0
ev_321,107,60,1.0
ev_321,107,88,1.0
ev_321,107,arc_13_vir_63,1.0
ev_321,107,arc_vir_63_63,1.0
ev_322,107,arc_5_vir_22,1.0
ev_322,107,arc_vir_22_22,1.0
ev_322,107,87,1.0
ev_322,107,84,1.0
ev_322,107,arc_45_vir_63,1.0
ev_322,107,arc_vir_63_63,1.0
ev_324,108,arc_5_vir_22,1.0
ev_324,108,arc_vir_22_22,1.0
ev_324,108,238,1.0
ev_324,108,458,1.0
ev_326,109,54,1.0
ev_326,109,311,1.0
ev_326,109,arc_31_vir_8,1.0
ev_326,109,arc_vir_8_8,1.0
ev_327,109,54,1.0
ev_327,109,458,1.0
ev_327,109,arc_72_vir_8,1.0
ev_327,109,arc_vir_8_8,1.0
ev_328,109,54,1.0
ev_328,109,215,1.0
ev_328,109,arc_18_vir_8,1.0
ev_328,109,arc_vir_8_8,1.0
ev_329,110,54,1.0
ev_329,110,311,1.0
ev_329,110,arc_31_vir_8,1.0
ev_329,110,arc_vir_8_8,1.0
ev_330,110,54,1.0
ev_330,110,458,1.0
ev_330,110,arc_72_vir_8,1.0
ev_330,110,arc_vir_8_8,1.0
ev_331,110,54,1.0
ev_331,110,215,1.0
ev_331,110,arc_18_vir_8,1.0
ev_331,110,arc_vir_8_8,1.0
ev_332,111,54,1.0
ev_332,111,311,1.0
ev_332,111,arc_31_vir_8,1.0
ev_332,111,arc_vir_8_8,1.0
ev_333,111,54,1.0
ev_333,111,458,1.0
ev_333,111,arc_72_vir_8,1.0
ev_333,111,arc_vir_8_8,1.0
ev_334,111,54,1.0
ev_334,111,215,1.0
ev_334,111,arc_18_vir_8,1.0
ev_334,111,arc_vir_8_8,1.0
ev_336,112,60,1.0
ev_336,112,84,1.0
ev_336,112,arc_45_vir_63,1.0
ev_336,112,arc_vir_63_63,1.0
ev_336,112,409,1.0
ev_336,112,389,1.0
ev_338,112,arc_5_vir_22,1.0
ev_338,112,arc_vir_22_22,1.0
ev_338,112,238,1.0
ev_338,112,215,1.0
ev_338,112,212,1.0
ev_339,113,54,1.0
ev_339,113,458,1.0
ev_339,113,arc_72_vir_74,1.0
ev_339,113,arc_vir_74_74,1.0
ev_340,113,54,1.0
ev_340,113,275,1.0
ev_340,113,270,1.0
ev_340,113,arc_59_vir_74,1.0
ev_340,113,arc_vir_74_74,1.0
ev_341,113,54,1.0
ev_341,113,443,1.0
ev_341,113,arc_59_vir_74,1.0
ev_341,113,arc_vir_74_74,1.0
ev_342,113,arc_5_vir_22,1.0
ev_342,113,arc_vir_22_22,1.0
ev_342,113,238,1.0
ev_342,113,458,1.0
ev_342,113,arc_72_vir_74,1.0
ev_342,113,arc_vir_74_74,1.0
ev_343,114,54,1.0
ev_343,114,458,1.0
ev_343,114,arc_72_vir_74,1.0
ev_343,114,arc_vir_74_74,1.0
ev_344,114,54,1.0
ev_344,114,275,1.0
ev_344,114,270,1.0
ev_344,114,arc_59_vir_74,1.0
ev_344,114,arc_vir_74_74,1.0
ev_345,114,54,1.0
ev_345,114,443,1.0
ev_345,114,arc_59_vir_74,1.0
ev_345,114,arc_vir_74_74,1.0
ev_346,114,arc_5_vir_22,1.0
ev_346,114,arc_vir_22_22,1.0
ev_346,114,238,1.0
ev_346,114,458,1.0
ev_346,114,arc_72_vir_74,1.0
ev_346,114,arc_vir_74_74,1.0
ev_347,115,54,1.0
ev_347,115,458,1.0
ev_347,115,arc_72_vir_74,1.0
ev_347,115,arc_vir_74_74,1.0
ev_348,115,54,1.0
ev_348,115,275,1.0
ev_348,115,270,1.0
ev_348,115,arc_59_vir_74,1.0
ev_348,115,arc_vir_74_74,1.0
ev_349,115,54,1.0
ev_349,115,443,1.0
ev_349,115,arc_59_vir_74,1.0
ev_349,115,arc_vir_74_74,1.0
ev_350,115,arc_5_vir_22,1.0
ev_350,115,arc_vir_22_22,1.0
ev_350,115,238,1.0
ev_350,115,458,1.0
ev_350,115,arc_72_vir_74,1.0
ev_350,115,arc_vir_74_74,1.0
ev_353,116,arc_5_vir_22,1.0
ev_353,116,arc_vir_22_22,1.0
ev_353,116,238,1.0
ev_353,116,443,1.0
ev_353,116,283,1.0
ev_360,119,arc_11_vir_68,1.0
ev_360,119,arc_vir_68_68,1.0
ev_361,119,arc_11_vir_51,1.0
ev_361,119,arc_vir_51_51,1.0
ev_361,119,arc_51_vir_68,1.0
ev_361,119,arc_vir_68_68,1.0
ev_362,119,138,1.0
ev_362,119,arc_27_vir_68,1.0
ev_362,119,arc_vir_68_68,1.0
ev_364,120,arc_11_vir_68,1.0
ev_364,120,arc_vir_68_68,1.0
ev_364,120,277,1.0
ev_365,120,arc_11_vir_51,1.0
ev_365,120,arc_vir_51_51,1.0
ev_365,120,281,1.0
ev_367,121,arc_11_vir_68,1.0
ev_367,121,arc_vir_68_68,1.0
ev_367,121,63,1.0
ev_368,121,arc_11_vir_68,1.0
ev_368,121,arc_vir_68_68,1.0
ev_368,121,arc_68_vir_22,1.0
ev_368,121,arc_vir_22_22,1.0
ev_368,121,57,1.0
ev_369,122,65,1.0
ev_369,122,arc_5_vir_22,1.0
ev_369,122,arc_vir_22_22,1.0
ev_370,122,arc_11_vir_68,1.0
ev_370,122,arc_vir_68_68,1.0
ev_370,122,arc_68_vir_22,1.0
ev_370,122,arc_vir_22_22,1.0
ev_371,122,arc_11_vir_68,1.0
ev_371,122,arc_vir_68_68,1.0
ev_371,122,63,1.0
ev_371,122,arc_5_vir_22,1.0
ev_371,122,arc_vir_22_22,1.0
ev_373,123,arc_11_vir_68,1.0
ev_373,123,arc_vir_68_68,1.0
ev_373,123,277,1.0
ev_373,123,274,1.0
ev_376,124,arc_11_vir_68,1.0
ev_376,124,arc_vir_68_68,1.0
ev_376,124,277,1.0
ev_376,124,272,1.0
ev_379,125,65,1.0
ev_379,125,arc_5_vir_22,1.0
ev_379,125,arc_vir_22_22,1.0
ev_379,125,87,1.0
ev_380,125,arc_11_vir_68,1.0
ev_380,125,arc_vir_68_68,1.0
ev_380,125,arc_68_vir_22,1.0
ev_380,125,arc_vir_22_22,1.0
ev_380,125,87,1.0
ev_383,126,arc_11_vir_68,1.0
ev_383,126,arc_vir_68_68,1.0
ev_383,126,277,1.0
ev_383,126,274,1.0
ev_383,126,311,1.0
ev_386,127,arc_11_vir_68,1.0
ev_386,127,arc_vir_68_68,1.0
ev_386,127,277,1.0
ev_386,127,274,1.0
ev_386,127,311,1.0
ev_388,128,138,1.0
ev_388,128,arc_27_vir_74,1.0
ev_388,128,arc_vir_74_74,1.0
ev_388,128,461,1.0
ev_390,129,138,1.0
ev_390,129,arc_27_vir_74,1.0
ev_390,129,arc_vir_74_74,1.0
ev_391,129,138,1.0
ev_391,129,270,1.0
ev_391,129,arc_59_vir_74,1.0
ev_391,129,arc_vir_74_74,1.0
ev_392,129,arc_11_vir_68,1.0
ev_392,129,arc_vir_68_68,1.0
ev_392,129,277,1.0
ev_392,129,arc_27_vir_74,1.0
ev_392,129,arc_vir_74_74,1.0
ev_393,130,138,1.0
ev_393,130,arc_27_vir_74,1.0
ev_393,130,arc_vir_74_74,1.0
ev_394,130,138,1.0
ev_394,130,270,1.0
ev_394,130,arc_59_vir_74,1.0
ev_394,130,arc_vir_74_74,1.0
ev_395,130,arc_11_vir_68,1.0
ev_395,130,arc_vir_68_68,1.0
ev_395,130,277,1.0
ev_395,130,arc_27_vir_74,1.0
ev_395,130,arc_vir_74_74,1.0
ev_396,131,138,1.0
ev_396,131,arc_27_vir_74,1.0
ev_396,131,arc_vir_74_74,1.0
ev_397,131,138,1.0
ev_397,131,270,1.0
ev_397,131,arc_59_vir_74,1.0
ev_397,131,arc_vir_74_74,1.0
ev_398,131,arc_11_vir_68,1.0
ev_398,131,arc_vir_68_68,1.0
ev_398,131,277,1.0
ev_398,131,arc_27_vir_74,1.0
ev_398,131,arc_vir_74_74,1.0
ev_399,132,138,1.0
ev_399,132,270,1.0
ev_399,132,arc_59_vir_8,1.0
ev_399,132,arc_vir_8_8,1.0
ev_400,132,arc_11_vir_68,1.0
ev_400,132,arc_vir_68_68,1.0
ev_400,132,277,1.0
ev_400,132,270,1.0
ev_400,132,arc_59_vir_8,1.0
ev_400,132,arc_vir_8_8,1.0
ev_401,132,138,1.0
ev_401,132,270,1.0
ev_401,132,440,1.0
ev_401,132,arc_72_vir_8,1.0
ev_401,132,arc_vir_8_8,1.0
ev_402,133,138,1.0
ev_402,133,270,1.0
ev_402,133,arc_59_vir_8,1.0
ev_402,133,arc_vir_8_8,1.0
ev_403,133,arc_11_vir_68,1.0
ev_403,133,arc_vir_68_68,1.0
ev_403,133,277,1.0
ev_403,133,270,1.0
ev_403,133,arc_59_vir_8,1.0
ev_403,133,arc_vir_8_8,1.0
ev_404,133,138,1.0
ev_404,133,270,1.0
ev_404,133,440,1.0
ev_404,133,arc_72_vir_8,1.0
ev_404,133,arc_vir_8_8,1.0
ev_405,134,138,1.0
ev_405,134,270,1.0
ev_405,134,arc_59_vir_8,1.0
ev_405,134,arc_vir_8_8,1.0
ev_406,134,arc_11_vir_68,1.0
ev_406,134,arc_vir_68_68,1.0
ev_406,134,277,1.0
ev_406,134,270,1.0
ev_406,134,arc_59_vir_8,1.0
ev_406,134,arc_vir_8_8,1.0
ev_407,134,138,1.0
ev_407,134,270,1.0
ev_407,134,440,1.0
ev_407,134,arc_72_vir_8,1.0
ev_407,134,arc_vir_8_8,1.0
ev_409,135,arc_11_vir_68,1.0
ev_409,135,arc_vir_68_68,1.0
ev_409,135,277,1.0
ev_409,135,272,1.0
ev_409,135,290,1.0
ev_409,135,392,1.0
ev_412,136,arc_11_vir_68,1.0
ev_412,136,arc_vir_68_68,1.0
ev_412,136,277,1.0
ev_412,136,272,1.0
ev_412,136,290,1.0
ev_412,136,392,1.0
ev_415,137,138,1.0
ev_415,137,arc_27_vir_74,1.0
ev_415,137,arc_vir_74_74,1.0
ev_415,137,415,1.0
ev_416,137,arc_11_vir_68,1.0
ev_416,137,arc_vir_68_68,1.0
ev_416,137,277,1.0
ev_416,137,270,1.0
ev_416,137,419,1.0
ev_417,138,138,1.0
ev_417,138,arc_27_vir_74,1.0
ev_417,138,arc_vir_74_74,1.0
ev_417,138,205,1.0
ev_418,138,138,1.0
ev_418,138,270,1.0
ev_418,138,arc_59_vir_74,1.0
ev_418,138,arc_vir_74_74,1.0
ev_418,138,205,1.0
ev_419,138,138,1.0
ev_419,138,270,1.0
ev_419,138,arc_59_vir_8,1.0
ev_419,138,arc_vir_8_8,1.0
ev_419,138,96,1.0
ev_437,144,153,1.0
ev_437,144,arc_13_vir_44,1.0
ev_437,144,arc_vir_44_44,1.0
ev_437,144,83,1.0
ev_450,149,383,1.0
ev_450,149,85,1.0
ev_450,149,arc_7_vir_22,1.0
ev_450,149,arc_vir_22_22,1.0
ev_451,149,153,1.0
ev_451,149,89,1.0
ev_451,149,arc_7_vir_22,1.0
ev_451,149,arc_vir_22_22,1.0
ev_452,149,153,1.0
ev_452,149,arc_13_vir_44,1.0
ev_452,149,arc_vir_44_44,1.0
ev_452,149,arc_44_vir_22,1.0
ev_452,149,arc_vir_22_22,1.0
ev_459,152,305,1.0
ev_459,152,arc_30_vir_64,1.0
ev_459,152,arc_vir_64_64,1.0
ev_459,152,359,1.0
ev_462,153,305,1.0
ev_462,153,arc_30_vir_64,1.0
ev_462,153,arc_vir_64_64,1.0
ev_463,153,305,1.0
ev_463,153,149,1.0
ev_463,153,arc_12_vir_64,1.0
ev_463,153,arc_vir_64_64,1.0
ev_464,153,445,1.0
ev_464,153,151,1.0
ev_464,153,arc_12_vir_64,1.0
ev_464,153,arc_vir_64_64,1.0
ev_465,154,305,1.0
ev_465,154,arc_30_vir_64,1.0
ev_465,154,arc_vir_64_64,1.0
ev_466,154,305,1.0
ev_466,154,149,1.0
ev_466,154,arc_12_vir_64,1.0
ev_466,154,arc_vir_64_64,1.0
ev_467,154,445,1.0
ev_467,154,151,1.0
ev_467,154,arc_12_vir_64,1.0
ev_467,154,arc_vir_64_64,1.0
ev_468,155,305,1.0
ev_468,155,arc_30_vir_64,1.0
ev_468,155,arc_vir_64_64,1.0
ev_469,155,305,1.0
ev_469,155,149,1.0
ev_469,155,arc_12_vir_64,1.0
ev_469,155,arc_vir_64_64,1.0
ev_470,155,445,1.0
ev_470,155,151,1.0
ev_470,155,arc_12_vir_64,1.0
ev_470,155,arc_vir_64_64,1.0
ev_471,156,305,1.0
ev_471,156,arc_30_vir_64,1.0
ev_471,156,arc_vir_64_64,1.0
ev_472,156,305,1.0
ev_472,156,149,1.0
ev_472,156,arc_12_vir_64,1.0
ev_472,156,arc_vir_64_64,1.0
ev_473,156,445,1.0
ev_473,156,151,1.0
ev_473,156,arc_12_vir_64,1.0
ev_473,156,arc_vir_64_64,1.0
ev_476,157,383,1.0
ev_476,157,85,1.0
ev_476,157,arc_7_vir_22,1.0
ev_476,157,arc_vir_22_22,1.0
ev_476,157,57,1.0
ev_477,158,409,1.0
ev_477,158,389,1.0
ev_477,158,373,1.0
ev_477,158,arc_42_vir_8,1.0
ev_477,158,arc_vir_8_8,1.0
ev_478,158,409,1.0
ev_478,158,389,1.0
ev_478,158,213,1.0
ev_478,158,arc_18_vir_8,1.0
ev_478,158,arc_vir_8_8,1.0
ev_479,158,409,1.0
ev_479,158,389,1.0
ev_479,158,213,1.0
ev_479,158,206,1.0
ev_479,158,arc_31_vir_8,1.0
ev_479,158,arc_vir_8_8,1.0
ev_489,162,arc_34_vir_14,1.0
ev_489,162,arc_vir_14_14,1.0
ev_490,162,328,1.0
ev_490,162,arc_47_vir_14,1.0
ev_490,162,arc_vir_14_14,1.0
ev_491,162,267,1.0
ev_491,162,arc_26_vir_14,1.0
ev_491,162,arc_vir_14_14,1.0
ev_498,165,arc_34_vir_14,1.0
ev_498,165,arc_vir_14_14,1.0
ev_498,165,170,1.0
ev_498,165,384,1.0
ev_498,165,394,1.0
ev_498,165,47,1.0
ev_499,165,arc_34_vir_14,1.0
ev_499,165,arc_vir_14_14,1.0
ev_499,165,170,1.0
ev_499,165,384,1.0
ev_499,165,394,1.0
ev_499,165,199,1.0
ev_499,165,51,1.0
ev_500,165,328,1.0
ev_500,165,arc_47_vir_14,1.0
ev_500,165,arc_vir_14_14,1.0
ev_500,165,170,1.0
ev_500,165,384,1.0
ev_500,165,394,1.0
ev_500,165,47,1.0
ev_501,166,arc_34_vir_14,1.0
ev_501,166,arc_vir_14_14,1.0
ev_501,166,170,1.0
ev_501,166,384,1.0
ev_501,166,394,1.0
ev_501,166,199,1.0
ev_502,166,arc_34_vir_14,1.0
ev_502,166,arc_vir_14_14,1.0
ev_502,166,170,1.0
ev_502,166,384,1.0
ev_502,166,394,1.0
ev_502,166,47,1.0
ev_502,166,50,1.0
ev_503,166,arc_34_vir_14,1.0
ev_503,166,arc_vir_14_14,1.0
ev_503,166,170,1.0
ev_503,166,384,1.0
ev_503,166,arc_50_vir_74,1.0
ev_503,166,arc_vir_74_74,1.0
ev_503,166,205,1.0
ev_504,167,arc_34_vir_14,1.0
ev_504,167,arc_vir_14_14,1.0
ev_504,167,170,1.0
ev_504,167,384,1.0
ev_504,167,394,1.0
ev_504,167,199,1.0
ev_505,167,arc_34_vir_14,1.0
ev_505,167,arc_vir_14_14,1.0
ev_505,167,170,1.0
ev_505,167,384,1.0
ev_505,167,394,1.0
ev_505,167,47,1.0
ev_505,167,50,1.0
ev_506,167,arc_34_vir_14,1.0
ev_506,167,arc_vir_14_14,1.0
ev_506,167,170,1.0
ev_506,167,384,1.0
ev_506,167,arc_50_vir_74,1.0
ev_506,167,arc_vir_74_74,1.0
ev_506,167,205,1.0
ev_507,168,arc_34_vir_14,1.0
ev_507,168,arc_vir_14_14,1.0
ev_507,168,170,1.0
ev_507,168,384,1.0
ev_507,168,394,1.0
ev_507,168,199,1.0
ev_508,168,arc_34_vir_14,1.0
ev_508,168,arc_vir_14_14,1.0
ev_508,168,170,1.0
ev_508,168,384,1.0
ev_508,168,394,1.0
ev_508,168,47,1.0
ev_508,168,50,1.0
ev_509,168,arc_34_vir_14,1.0
ev_509,168,arc_vir_14_14,1.0
ev_509,168,170,1.0
ev_509,168,384,1.0
ev_509,168,arc_50_vir_74,1.0
ev_509,168,arc_vir_74_74,1.0
ev_509,168,205,1.0
ev_510,169,arc_34_vir_14,1.0
ev_510,169,arc_vir_14_14,1.0
ev_510,169,170,1.0
ev_511,169,328,1.0
ev_511,169,arc_47_vir_14,1.0
ev_511,169,arc_vir_14_14,1.0
ev_511,169,170,1.0
ev_512,169,267,1.0
ev_512,169,arc_26_vir_14,1.0
ev_512,169,arc_vir_14_14,1.0
ev_512,169,170,1.0
ev_513,170,arc_34_vir_14,1.0
ev_513,170,arc_vir_14_14,1.0
ev_513,170,170,1.0
ev_514,170,328,1.0
ev_514,170,arc_47_vir_14,1.0
ev_514,170,arc_vir_14_14,1.0
ev_514,170,170,1.0
ev_515,170,267,1.0
ev_515,170,arc_26_vir_14,1.0
ev_515,170,arc_vir_14_14,1.0
ev_515,170,170,1.0
ev_519,172,arc_34_vir_14,1.0
ev_519,172,arc_vir_14_14,1.0
ev_519,172,170,1.0
ev_519,172,384,1.0
ev_519,172,394,1.0
ev_520,172,328,1.0
ev_520,172,arc_47_vir_14,1.0
ev_520,172,arc_vir_14_14,1.0
ev_520,172,170,1.0
ev_520,172,384,1.0
ev_520,172,394,1.0
ev_521,172,arc_34_vir_14,1.0
ev_521,172,arc_vir_14_14,1.0
ev_521,172,170,1.0
ev_521,172,125,1.0
ev_521,172,120,1.0
ev_521,172,394,1.0
ev_522,173,arc_34_vir_14,1.0
ev_522,173,arc_vir_14_14,1.0
ev_522,173,arc_14_vir_33,1.0
ev_522,173,arc_vir_33_33,1.0
ev_523,173,arc_34_vir_14,1.0
ev_523,173,arc_vir_14_14,1.0
ev_523,173,170,1.0
ev_523,173,arc_46_vir_33,1.0
ev_523,173,arc_vir_33_33,1.0
ev_524,173,328,1.0
ev_524,173,arc_47_vir_14,1.0
ev_524,173,arc_vir_14_14,1.0
ev_524,173,arc_14_vir_33,1.0
ev_524,173,arc_vir_33_33,1.0
ev_525,174,arc_34_vir_14,1.0
ev_525,174,arc_vir_14_14,1.0
ev_525,174,arc_14_vir_33,1.0
ev_525,174,arc_vir_33_33,1.0
ev_526,174,arc_34_vir_14,1.0
ev_526,174,arc_vir_14_14,1.0
ev_526,174,170,1.0
ev_526,174,arc_46_vir_33,1.0
ev_526,174,arc_vir_33_33,1.0
ev_527,174,328,1.0
ev_527,174,arc_47_vir_14,1.0
ev_527,174,arc_vir_14_14,1.0
ev_527,174,arc_14_vir_33,1.0
ev_527,174,arc_vir_33_33,1.0
ev_528,175,arc_34_vir_14,1.0
ev_528,175,arc_vir_14_14,1.0
ev_528,175,170,1.0
ev_528,175,384,1.0
ev_528,175,394,1.0
ev_528,175,arc_55_vir_8,1.0
ev_528,175,arc_vir_8_8,1.0
ev_529,175,328,1.0
ev_529,175,arc_47_vir_14,1.0
ev_529,175,arc_vir_14_14,1.0
ev_529,175,170,1.0
ev_529,175,384,1.0
ev_529,175,394,1.0
ev_529,175,arc_55_vir_8,1.0
ev_529,175,arc_vir_8_8,1.0
ev_530,175,arc_34_vir_14,1.0
ev_530,175,arc_vir_14_14,1.0
ev_530,175,170,1.0
ev_530,175,384,1.0
ev_530,175,arc_50_vir_74,1.0
ev_530,175,arc_vir_74_74,1.0
ev_530,175,arc_74_vir_8,1.0
ev_530,175,arc_vir_8_8,1.0
ev_531,176,arc_34_vir_14,1.0
ev_531,176,arc_vir_14_14,1.0
ev_531,176,170,1.0
ev_531,176,384,1.0
ev_531,176,394,1.0
ev_531,176,arc_55_vir_8,1.0
ev_531,176,arc_vir_8_8,1.0
ev_532,176,328,1.0
ev_532,176,arc_47_vir_14,1.0
ev_532,176,arc_vir_14_14,1.0
ev_532,176,170,1.0
ev_532,176,384,1.0
ev_532,176,394,1.0
ev_532,176,arc_55_vir_8,1.0
ev_532,176,arc_vir_8_8,1.0
ev_533,176,arc_34_vir_14,1.0
ev_533,176,arc_vir_14_14,1.0
ev_533,176,170,1.0
ev_533,176,384,1.0
ev_533,176,arc_50_vir_74,1.0
ev_533,176,arc_vir_74_74,1.0
ev_533,176,arc_74_vir_8,1.0
ev_533,176,arc_vir_8_8,1.0
ev_534,177,arc_34_vir_14,1.0
ev_534,177,arc_vir_14_14,1.0
ev_534,177,170,1.0
ev_534,177,384,1.0
ev_534,177,394,1.0
ev_534,177,arc_55_vir_8,1.0
ev_534,177,arc_vir_8_8,1.0
ev_535,177,328,1.0
ev_535,177,arc_47_vir_14,1.0
ev_535,177,arc_vir_14_14,1.0
ev_535,177,170,1.0
ev_535,177,384,1.0
ev_535,177,394,1.0
ev_535,177,arc_55_vir_8,1.0
ev_535,177,arc_vir_8_8,1.0
ev_536,177,arc_34_vir_14,1.0
ev_536,177,arc_vir_14_14,1.0
ev_536,177,170,1.0
ev_536,177,384,1.0
ev_536,177,arc_50_vir_74,1.0
ev_536,177,arc_vir_74_74,1.0
ev_536,177,arc_74_vir_8,1.0
ev_536,177,arc_vir_8_8,1.0
ev_537,178,arc_34_vir_14,1.0
ev_537,178,arc_vir_14_14,1.0
ev_537,178,170,1.0
ev_537,178,125,1.0
ev_538,178,arc_34_vir_14,1.0
ev_538,178,arc_vir_14_14,1.0
ev_538,178,arc_14_vir_33,1.0
ev_538,178,arc_vir_33_33,1.0
ev_538,178,127,1.0
ev_539,178,328,1.0
ev_539,178,arc_47_vir_14,1.0
ev_539,178,arc_vir_14_14,1.0
ev_539,178,170,1.0
ev_539,178,125,1.0
ev_567,188,455,1.0
ev_567,188,arc_67_vir_33,1.0
ev_567,188,arc_vir_33_33,1.0
ev_568,188,455,1.0
ev_568,188,375,1.0
ev_568,188,arc_43_vir_33,1.0
ev_568,188,arc_vir_33_33,1.0
ev_569,188,357,1.0
ev_569,188,350,1.0
ev_569,188,arc_43_vir_33,1.0
ev_569,188,arc_vir_33_33,1.0
ev_570,189,455,1.0
ev_570,189,arc_67_vir_33,1.0
ev_570,189,arc_vir_33_33,1.0
ev_571,189,455,1.0
ev_571,189,375,1.0
ev_571,189,arc_43_vir_33,1.0
ev_571,189,arc_vir_33_33,1.0
ev_572,189,357,1.0
ev_572,189,350,1.0
ev_572,189,arc_43_vir_33,1.0
ev_572,189,arc_vir_33_33,1.0
ev_579,192,455,1.0
ev_579,192,arc_67_vir_33,1.0
ev_579,192,arc_vir_33_33,1.0
ev_579,192,324,1.0
ev_581,192,455,1.0
ev_581,192,375,1.0
ev_581,192,arc_43_vir_33,1.0
ev_581,192,arc_vir_33_33,1.0
ev_581,192,324,1.0
ev_582,193,455,1.0
ev_582,193,arc_67_vir_33,1.0
ev_582,193,arc_vir_33_33,1.0
ev_582,193,324,1.0
ev_584,193,455,1.0
ev_584,193,375,1.0
ev_584,193,arc_43_vir_33,1.0
ev_584,193,arc_vir_33_33,1.0
ev_584,193,324,1.0
ev_585,194,455,1.0
ev_585,194,arc_67_vir_33,1.0
ev_585,194,arc_vir_33_33,1.0
ev_585,194,arc_33_vir_14,1.0
ev_585,194,arc_vir_14_14,1.0
ev_586,194,455,1.0
ev_586,194,arc_67_vir_33,1.0
ev_586,194,arc_vir_33_33,1.0
ev_586,194,324,1.0
ev_586,194,arc_46_vir_14,1.0
ev_586,194,arc_vir_14_14,1.0
ev_587,194,455,1.0
ev_587,194,375,1.0
ev_587,194,376,1.0
ev_587,194,arc_46_vir_14,1.0
ev_587,194,arc_vir_14_14,1.0
ev_594,197,357,1.0
ev_594,197,313,1.0
ev_594,197,316,1.0
ev_594,197,arc_55_vir_74,1.0
ev_594,197,arc_vir_74_74,1.0
ev_595,197,357,1.0
ev_595,197,129,1.0
ev_595,197,120,1.0
ev_595,197,arc_50_vir_74,1.0
ev_595,197,arc_vir_74_74,1.0
ev_596,197,455,1.0
ev_596,197,133,1.0
ev_596,197,120,1.0
ev_596,197,arc_50_vir_74,1.0
ev_596,197,arc_vir_74_74,1.0
ev_597,198,357,1.0
ev_597,198,313,1.0
ev_597,198,316,1.0
ev_597,198,arc_55_vir_74,1.0
ev_597,198,arc_vir_74_74,1.0
ev_598,198,357,1.0
ev_598,198,129,1.0
ev_598,198,120,1.0
ev_598,198,arc_50_vir_74,1.0
ev_598,198,arc_vir_74_74,1.0
ev_599,198,455,1.0
ev_599,198,133,1.0
ev_599,198,120,1.0
ev_599,198,arc_50_vir_74,1.0
ev_599,198,arc_vir_74_74,1.0
ev_605,202,arc_52_vir_2,1.0
ev_605,202,arc_vir_2_2,1.0
ev_605,202,5,1.0
ev_608,203,arc_52_vir_2,1.0
ev_608,203,arc_vir_2_2,1.0
ev_608,203,5,1.0
ev_611,204,arc_52_vir_2,1.0
ev_611,204,arc_vir_2_2,1.0
ev_611,204,26,1.0
ev_612,205,arc_52_vir_63,1.0
ev_612,205,arc_vir_63_63,1.0
ev_613,205,157,1.0
ev_613,205,arc_13_vir_63,1.0
ev_613,205,arc_vir_63_63,1.0
ev_614,205,157,1.0
ev_614,205,154,1.0
ev_614,205,arc_45_vir_63,1.0
ev_614,205,arc_vir_63_63,1.0
ev_615,206,arc_52_vir_63,1.0
ev_615,206,arc_vir_63_63,1.0
ev_615,206,409,1.0
ev_616,206,157,1.0
ev_616,206,arc_13_vir_63,1.0
ev_616,206,arc_vir_63_63,1.0
ev_616,206,409,1.0
ev_617,206,arc_52_vir_63,1.0
ev_617,206,arc_vir_63_63,1.0
ev_617,206,445,1.0
ev_617,206,407,1.0
ev_620,207,arc_52_vir_63,1.0
ev_620,207,arc_vir_63_63,1.0
ev_620,207,305,1.0
ev_620,207,arc_30_vir_64,1.0
ev_620,207,arc_vir_64_64,1.0
ev_620,207,359,1.0
ev_622,208,157,1.0
ev_622,208,arc_13_vir_44,1.0
ev_622,208,arc_vir_44_44,1.0
ev_622,208,83,1.0
ev_624,209,arc_52_vir_63,1.0
ev_624,209,arc_vir_63_63,1.0
ev_624,209,41,1.0
ev_625,209,arc_52_vir_63,1.0
ev_625,209,arc_vir_63_63,1.0
ev_625,209,409,1.0
ev_625,209,35,1.0
ev_626,209,157,1.0
ev_626,209,arc_13_vir_63,1.0
ev_626,209,arc_vir_63_63,1.0
ev_626,209,41,1.0
ev_627,210,404,1.0
ev_627,210,363,1.0
ev_627,210,arc_39_vir_64,1.0
ev_627,210,arc_vir_64_64,1.0
ev_628,210,arc_52_vir_63,1.0
ev_628,210,arc_vir_63_63,1.0
ev_628,210,305,1.0
ev_628,210,arc_30_vir_64,1.0
ev_628,210,arc_vir_64_64,1.0
ev_629,210,404,1.0
ev_629,210,363,1.0
ev_629,210,360,1.0
ev_629,210,arc_54_vir_64,1.0
ev_629,210,arc_vir_64_64,1.0
ev_630,211,404,1.0
ev_630,211,363,1.0
ev_630,211,arc_39_vir_64,1.0
ev_630,211,arc_vir_64_64,1.0
ev_631,211,arc_52_vir_63,1.0
ev_631,211,arc_vir_63_63,1.0
ev_631,211,305,1.0
ev_631,211,arc_30_vir_64,1.0
ev_631,211,arc_vir_64_64,1.0
ev_632,211,404,1.0
ev_632,211,363,1.0
ev_632,211,360,1.0
ev_632,211,arc_54_vir_64,1.0
ev_632,211,arc_vir_64_64,1.0
ev_633,212,404,1.0
ev_633,212,363,1.0
ev_633,212,arc_39_vir_64,1.0
ev_633,212,arc_vir_64_64,1.0
ev_634,212,arc_52_vir_63,1.0
ev_634,212,arc_vir_63_63,1.0
ev_634,212,305,1.0
ev_634,212,arc_30_vir_64,1.0
ev_634,212,arc_vir_64_64,1.0
ev_635,212,404,1.0
ev_635,212,363,1.0
ev_635,212,360,1.0
ev_635,212,arc_54_vir_64,1.0
ev_635,212,arc_vir_64_64,1.0
ev_636,213,404,1.0
ev_636,213,363,1.0
ev_636,213,arc_39_vir_64,1.0
ev_636,213,arc_vir_64_64,1.0
ev_637,213,arc_52_vir_63,1.0
ev_637,213,arc_vir_63_63,1.0
ev_637,213,305,1.0
ev_637,213,arc_30_vir_64,1.0
ev_637,213,arc_vir_64_64,1.0
ev_638,213,404,1.0
ev_638,213,363,1.0
ev_638,213,360,1.0
ev_638,213,arc_54_vir_64,1.0
ev_638,213,arc_vir_64_64,1.0
ev_639,214,arc_52_vir_63,1.0
ev_639,214,arc_vir_63_63,1.0
ev_639,214,409,1.0
ev_639,214,389,1.0
ev_640,214,arc_52_vir_63,1.0
ev_640,214,arc_vir_63_63,1.0
ev_640,214,41,1.0
ev_640,214,36,1.0
ev_641,214,157,1.0
ev_641,214,arc_13_vir_63,1.0
ev_641,214,arc_vir_63_63,1.0
ev_641,214,409,1.0
ev_641,214,389,1.0
ev_642,215,157,1.0
ev_642,215,89,1.0
ev_642,215,arc_7_vir_22,1.0
ev_642,215,arc_vir_22_22,1.0
ev_643,215,157,1.0
ev_643,215,arc_13_vir_44,1.0
ev_643,215,arc_vir_44_44,1.0
ev_643,215,arc_44_vir_22,1.0
ev_643,215,arc_vir_22_22,1.0
ev_644,215,157,1.0
ev_644,215,arc_13_vir_44,1.0
ev_644,215,arc_vir_44_44,1.0
ev_644,215,83,1.0
ev_644,215,arc_7_vir_22,1.0
ev_644,215,arc_vir_22_22,1.0
ev_646,216,157,1.0
ev_646,216,89,1.0
ev_646,216,arc_7_vir_22,1.0
ev_646,216,arc_vir_22_22,1.0
ev_646,216,57,1.0
ev_647,216,157,1.0
ev_647,216,arc_13_vir_44,1.0
ev_647,216,arc_vir_44_44,1.0
ev_647,216,59,1.0
ev_648,217,arc_52_vir_63,1.0
ev_648,217,arc_vir_63_63,1.0
ev_648,217,409,1.0
ev_648,217,389,1.0
ev_648,217,213,1.0
ev_648,217,206,1.0
ev_649,217,arc_52_vir_63,1.0
ev_649,217,arc_vir_63_63,1.0
ev_649,217,41,1.0
ev_649,217,36,1.0
ev_649,217,213,1.0
ev_649,217,206,1.0
ev_650,217,arc_52_vir_63,1.0
ev_650,217,arc_vir_63_63,1.0
ev_650,217,409,1.0
ev_650,217,389,1.0
ev_650,217,373,1.0
ev_650,217,211,1.0
ev_650,217,206,1.0
ev_651,218,arc_52_vir_63,1.0
ev_651,218,arc_vir_63_63,1.0
ev_651,218,409,1.0
ev_651,218,389,1.0
ev_651,218,213,1.0
ev_651,218,206,1.0
ev_652,218,arc_52_vir_63,1.0
ev_652,218,arc_vir_63_63,1.0
ev_652,218,41,1.0
ev_652,218,36,1.0
ev_652,218,213,1.0
ev_652,218,206,1.0
ev_653,218,arc_52_vir_63,1.0
ev_653,218,arc_vir_63_63,1.0
ev_653,218,409,1.0
ev_653,218,389,1.0
ev_653,218,373,1.0
ev_653,218,211,1.0
ev_653,218,206,1.0
ev_659,222,arc_52_vir_2,1.0
ev_659,222,arc_vir_2_2,1.0
ev_659,222,5,1.0
ev_662,223,arc_52_vir_2,1.0
ev_662,223,arc_vir_2_2,1.0
ev_662,223,5,1.0
ev_665,224,arc_52_vir_2,1.0
ev_665,224,arc_vir_2_2,1.0
ev_665,224,26,1.0
ev_666,225,arc_52_vir_63,1.0
ev_666,225,arc_vir_63_63,1.0
ev_667,225,157,1.0
ev_667,225,arc_13_vir_63,1.0
ev_667,225,arc_vir_63_63,1.0
ev_668,225,157,1.0
ev_668,225,154,1.0
ev_668,225,arc_45_vir_63,1.0
ev_668,225,arc_vir_63_63,1.0
ev_669,226,arc_52_vir_63,1.0
ev_669,226,arc_vir_63_63,1.0
ev_669,226,409,1.0
ev_670,226,157,1.0
ev_670,226,arc_13_vir_63,1.0
ev_670,226,arc_vir_63_63,1.0
ev_670,226,409,1.0
ev_671,226,arc_52_vir_63,1.0
ev_671,226,arc_vir_63_63,1.0
ev_671,226,445,1.0
ev_671,226,407,1.0
ev_674,227,arc_52_vir_63,1.0
ev_674,227,arc_vir_63_63,1.0
ev_674,227,305,1.0
ev_674,227,arc_30_vir_64,1.0
ev_674,227,arc_vir_64_64,1.0
ev_674,227,359,1.0
ev_676,228,157,1.0
ev_676,228,arc_13_vir_44,1.0
ev_676,228,arc_vir_44_44,1.0
ev_676,228,83,1.0
ev_678,229,arc_52_vir_63,1.0
ev_678,229,arc_vir_63_63,1.0
ev_678,229,41,1.0
ev_679,229,arc_52_vir_63,1.0
ev_679,229,arc_vir_63_63,1.0
ev_679,229,409,1.0
ev_679,229,35,1.0
ev_680,229,157,1.0
ev_680,229,arc_13_vir_63,1.0
ev_680,229,arc_vir_63_63,1.0
ev_680,229,41,1.0
ev_681,230,404,1.0
ev_681,230,363,1.0
ev_681,230,arc_39_vir_64,1.0
ev_681,230,arc_vir_64_64,1.0
ev_682,230,arc_52_vir_63,1.0
ev_682,230,arc_vir_63_63,1.0
ev_682,230,305,1.0
ev_682,230,arc_30_vir_64,1.0
ev_682,230,arc_vir_64_64,1.0
ev_683,230,404,1.0
ev_683,230,363,1.0
ev_683,230,360,1.0
ev_683,230,arc_54_vir_64,1.0
ev_683,230,arc_vir_64_64,1.0
ev_684,231,404,1.0
ev_684,231,363,1.0
ev_684,231,arc_39_vir_64,1.0
ev_684,231,arc_vir_64_64,1.0
ev_685,231,arc_52_vir_63,1.0
ev_685,231,arc_vir_63_63,1.0
ev_685,231,305,1.0
ev_685,231,arc_30_vir_64,1.0
ev_685,231,arc_vir_64_64,1.0
ev_686,231,404,1.0
ev_686,231,363,1.0
ev_686,231,360,1.0
ev_686,231,arc_54_vir_64,1.0
ev_686,231,arc_vir_64_64,1.0
ev_687,232,404,1.0
ev_687,232,363,1.0
ev_687,232,arc_39_vir_64,1.0
ev_687,232,arc_vir_64_64,1.0
ev_688,232,arc_52_vir_63,1.0
ev_688,232,arc_vir_63_63,1.0
ev_688,232,305,1.0
ev_688,232,arc_30_vir_64,1.0
ev_688,232,arc_vir_64_64,1.0
ev_689,232,404,1.0
ev_689,232,363,1.0
ev_689,232,360,1.0
ev_689,232,arc_54_vir_64,1.0
ev_689,232,arc_vir_64_64,1.0
ev_690,233,404,1.0
ev_690,233,363,1.0
ev_690,233,arc_39_vir_64,1.0
ev_690,233,arc_vir_64_64,1.0
ev_691,233,arc_52_vir_63,1.0
ev_691,233,arc_vir_63_63,1.0
ev_691,233,305,1.0
ev_691,233,arc_30_vir_64,1.0
ev_691,233,arc_vir_64_64,1.0
ev_692,233,404,1.0
ev_692,233,363,1.0
ev_692,233,360,1.0
ev_692,233,arc_54_vir_64,1.0
ev_692,233,arc_vir_64_64,1.0
ev_693,234,arc_52_vir_63,1.0
ev_693,234,arc_vir_63_63,1.0
ev_693,234,409,1.0
ev_693,234,389,1.0
ev_694,234,arc_52_vir_63,1.0
ev_694,234,arc_vir_63_63,1.0
ev_694,234,41,1.0
ev_694,234,36,1.0
ev_695,234,157,1.0
ev_695,234,arc_13_vir_63,1.0
ev_695,234,arc_vir_63_63,1.0
ev_695,234,409,1.0
ev_695,234,389,1.0
ev_696,235,157,1.0
ev_696,235,89,1.0
ev_696,235,arc_7_vir_22,1.0
ev_696,235,arc_vir_22_22,1.0
ev_697,235,157,1.0
ev_697,235,arc_13_vir_44,1.0
ev_697,235,arc_vir_44_44,1.0
ev_697,235,arc_44_vir_22,1.0
ev_697,235,arc_vir_22_22,1.0
ev_698,235,157,1.0
ev_698,235,arc_13_vir_44,1.0
ev_698,235,arc_vir_44_44,1.0
ev_698,235,83,1.0
ev_698,235,arc_7_vir_22,1.0
ev_698,235,arc_vir_22_22,1.0
ev_700,236,157,1.0
ev_700,236,89,1.0
ev_700,236,arc_7_vir_22,1.0
ev_700,236,arc_vir_22_22,1.0
ev_700,236,57,1.0
ev_701,236,157,1.0
ev_701,236,arc_13_vir_44,1.0
ev_701,236,arc_vir_44_44,1.0
ev_701,236,59,1.0
ev_702,237,arc_52_vir_63,1.0
ev_702,237,arc_vir_63_63,1.0
ev_702,237,409,1.0
ev_702,237,389,1.0
ev_702,237,213,1.0
ev_702,237,206,1.0
ev_703,237,arc_52_vir_63,1.0
ev_703,237,arc_vir_63_63,1.0
ev_703,237,41,1.0
ev_703,237,36,1.0
ev_703,237,213,1.0
ev_703,237,206,1.0
ev_704,237,arc_52_vir_63,1.0
ev_704,237,arc_vir_63_63,1.0
ev_704,237,409,1.0
ev_704,237,389,1.0
ev_704,237,373,1.0
ev_704,237,211,1.0
ev_704,237,206,1.0
ev_705,238,arc_52_vir_63,1.0
ev_705,238,arc_vir_63_63,1.0
ev_705,238,409,1.0
ev_705,238,389,1.0
ev_705,238,213,1.0
ev_705,238,206,1.0
ev_706,238,arc_52_vir_63,1.0
ev_706,238,arc_vir_63_63,1.0
ev_706,238,41,1.0
ev_706,238,36,1.0
ev_706,238,213,1.0
ev_706,238,206,1.0
ev_707,238,arc_52_vir_63,1.0
ev_707,238,arc_vir_63_63,1.0
ev_707,238,409,1.0
ev_707,238,389,1.0
ev_707,238,373,1.0
ev_707,238,211,1.0
ev_707,238,206,1.0
ev_715,241,arc_35_vir_36,1.0
ev_715,241,arc_vir_36_36,1.0
ev_715,241,340,1.0
ev_718,242,arc_35_vir_36,1.0
ev_718,242,arc_vir_36_36,1.0
ev_718,242,340,1.0
ev_729,246,arc_35_vir_36,1.0
ev_729,246,arc_vir_36_36,1.0
ev_730,246,330,1.0
ev_730,246,arc_70_vir_36,1.0
ev_730,246,arc_vir_36_36,1.0
ev_731,246,336,1.0
ev_731,246,arc_58_vir_36,1.0
ev_731,246,arc_vir_36_36,1.0
ev_732,247,arc_35_vir_36,1.0
ev_732,247,arc_vir_36_36,1.0
ev_733,247,330,1.0
ev_733,247,arc_70_vir_36,1.0
ev_733,247,arc_vir_36_36,1.0
ev_734,247,336,1.0
ev_734,247,arc_58_vir_36,1.0
ev_734,247,arc_vir_36_36,1.0
ev_759,256,175,1.0
ev_759,256,180,1.0
ev_759,256,455,1.0
ev_759,256,arc_67_vir_33,1.0
ev_759,256,arc_vir_33_33,1.0
ev_760,256,332,1.0
ev_760,256,390,1.0
ev_760,256,123,1.0
ev_760,256,arc_10_vir_33,1.0
ev_760,256,arc_vir_33_33,1.0
ev_761,256,175,1.0
ev_761,256,180,1.0
ev_761,256,455,1.0
ev_761,256,375,1.0
ev_761,256,arc_43_vir_33,1.0
ev_761,256,arc_vir_33_33,1.0
ev_762,257,175,1.0
ev_762,257,180,1.0
ev_762,257,455,1.0
ev_762,257,arc_67_vir_33,1.0
ev_762,257,arc_vir_33_33,1.0
ev_763,257,332,1.0
ev_763,257,390,1.0
ev_763,257,123,1.0
ev_763,257,arc_10_vir_33,1.0
ev_763,257,arc_vir_33_33,1.0
ev_764,257,175,1.0
ev_764,257,180,1.0
ev_764,257,455,1.0
ev_764,257,375,1.0
ev_764,257,arc_43_vir_33,1.0
ev_764,257,arc_vir_33_33,1.0
ev_767,258,175,1.0
ev_767,258,180,1.0
ev_767,258,455,1.0
ev_767,258,arc_67_vir_33,1.0
ev_767,258,arc_vir_33_33,1.0
ev_767,258,324,1.0
ev_771,261,arc_17_vir_8,1.0
ev_771,261,arc_vir_8_8,1.0
ev_771,261,43,1.0
ev_773,262,arc_17_vir_8,1.0
ev_773,262,arc_vir_8_8,1.0
ev_774,262,51,1.0
ev_774,262,arc_4_vir_8,1.0
ev_774,262,arc_vir_8_8,1.0
ev_775,262,196,1.0
ev_775,262,arc_72_vir_8,1.0
ev_775,262,arc_vir_8_8,1.0
ev_776,263,arc_17_vir_8,1.0
ev_776,263,arc_vir_8_8,1.0
ev_777,263,51,1.0
ev_777,263,arc_4_vir_8,1.0
ev_777,263,arc_vir_8_8,1.0
ev_778,263,196,1.0
ev_778,263,arc_72_vir_8,1.0
ev_778,263,arc_vir_8_8,1.0
ev_779,264,arc_17_vir_8,1.0
ev_779,264,arc_vir_8_8,1.0
ev_780,264,51,1.0
ev_780,264,arc_4_vir_8,1.0
ev_780,264,arc_vir_8_8,1.0
ev_781,264,196,1.0
ev_781,264,arc_72_vir_8,1.0
ev_781,264,arc_vir_8_8,1.0
ev_784,265,arc_17_vir_8,1.0
ev_784,265,arc_vir_8_8,1.0
ev_784,265,94,1.0
ev_787,266,arc_17_vir_74,1.0
ev_787,266,arc_vir_74_74,1.0
ev_787,266,415,1.0
ev_788,267,arc_17_vir_74,1.0
ev_788,267,arc_vir_74_74,1.0
ev_789,267,196,1.0
ev_789,267,arc_72_vir_74,1.0
ev_789,267,arc_vir_74_74,1.0
ev_790,267,51,1.0
ev_790,267,48,1.0
ev_790,267,arc_72_vir_74,1.0
ev_790,267,arc_vir_74_74,1.0
ev_791,268,arc_17_vir_74,1.0
ev_791,268,arc_vir_74_74,1.0
ev_792,268,196,1.0
ev_792,268,arc_72_vir_74,1.0
ev_792,268,arc_vir_74_74,1.0
ev_793,268,51,1.0
ev_793,268,48,1.0
ev_793,268,arc_72_vir_74,1.0
ev_793,268,arc_vir_74_74,1.0
ev_794,269,arc_17_vir_74,1.0
ev_794,269,arc_vir_74_74,1.0
ev_795,269,196,1.0
ev_795,269,arc_72_vir_74,1.0
ev_795,269,arc_vir_74_74,1.0
ev_796,269,51,1.0
ev_796,269,48,1.0
ev_796,269,arc_72_vir_74,1.0
ev_796,269,arc_vir_74_74,1.0
ev_799,270,arc_17_vir_8,1.0
ev_799,270,arc_vir_8_8,1.0
ev_799,270,92,1.0
ev_802,271,arc_17_vir_8,1.0
ev_802,271,arc_vir_8_8,1.0
ev_802,271,92,1.0
ev_806,273,198,1.0
ev_806,273,395,1.0
ev_806,273,385,1.0
ev_806,273,arc_46_vir_14,1.0
ev_806,273,arc_vir_14_14,1.0
ev_806,273,arc_14_vir_34,1.0
ev_806,273,arc_vir_34_34,1.0
ev_807,273,51,1.0
ev_807,273,46,1.0
ev_807,273,395,1.0
ev_807,273,385,1.0
ev_807,273,arc_46_vir_14,1.0
ev_807,273,arc_vir_14_14,1.0
ev_807,273,arc_14_vir_34,1.0
ev_807,273,arc_vir_34_34,1.0
ev_808,273,arc_17_vir_74,1.0
ev_808,273,arc_vir_74_74,1.0
ev_808,273,397,1.0
ev_808,273,385,1.0
ev_808,273,arc_46_vir_14,1.0
ev_808,273,arc_vir_14_14,1.0
ev_808,273,arc_14_vir_34,1.0
ev_808,273,arc_vir_34_34,1.0
ev_809,274,198,1.0
ev_809,274,395,1.0
ev_809,274,385,1.0
ev_809,274,arc_46_vir_14,1.0
ev_809,274,arc_vir_14_14,1.0
ev_809,274,162,1.0
ev_810,274,51,1.0
ev_810,274,46,1.0
ev_810,274,395,1.0
ev_810,274,385,1.0
ev_810,274,arc_46_vir_14,1.0
ev_810,274,arc_vir_14_14,1.0
ev_810,274,162,1.0
ev_811,274,arc_17_vir_74,1.0
ev_811,274,arc_vir_74_74,1.0
ev_811,274,397,1.0
ev_811,274,385,1.0
ev_811,274,arc_46_vir_14,1.0
ev_811,274,arc_vir_14_14,1.0
ev_811,274,162,1.0
ev_812,275,198,1.0
ev_812,275,395,1.0
ev_812,275,385,1.0
ev_812,275,arc_46_vir_14,1.0
ev_812,275,arc_vir_14_14,1.0
ev_812,275,162,1.0
ev_813,275,51,1.0
ev_813,275,46,1.0
ev_813,275,395,1.0
ev_813,275,385,1.0
ev_813,275,arc_46_vir_14,1.0
ev_813,275,arc_vir_14_14,1.0
ev_813,275,162,1.0
ev_814,275,arc_17_vir_74,1.0
ev_814,275,arc_vir_74_74,1.0
ev_814,275,397,1.0
ev_814,275,385,1.0
ev_814,275,arc_46_vir_14,1.0
ev_814,275,arc_vir_14_14,1.0
ev_814,275,162,1.0
ev_815,276,198,1.0
ev_815,276,395,1.0
ev_815,276,385,1.0
ev_815,276,arc_46_vir_14,1.0
ev_815,276,arc_vir_14_14,1.0
ev_815,276,162,1.0
ev_816,276,51,1.0
ev_816,276,46,1.0
ev_816,276,395,1.0
ev_816,276,385,1.0
ev_816,276,arc_46_vir_14,1.0
ev_816,276,arc_vir_14_14,1.0
ev_816,276,162,1.0
ev_817,276,arc_17_vir_74,1.0
ev_817,276,arc_vir_74_74,1.0
ev_817,276,397,1.0
ev_817,276,385,1.0
ev_817,276,arc_46_vir_14,1.0
ev_817,276,arc_vir_14_14,1.0
ev_817,276,162,1.0
ev_821,278,198,1.0
ev_821,278,395,1.0
ev_821,278,385,1.0
ev_821,278,arc_46_vir_14,1.0
ev_821,278,arc_vir_14_14,1.0
ev_822,278,51,1.0
ev_822,278,46,1.0
ev_822,278,395,1.0
ev_822,278,385,1.0
ev_822,278,arc_46_vir_14,1.0
ev_822,278,arc_vir_14_14,1.0
ev_823,278,arc_17_vir_74,1.0
ev_823,278,arc_vir_74_74,1.0
ev_823,278,397,1.0
ev_823,278,385,1.0
ev_823,278,arc_46_vir_14,1.0
ev_823,278,arc_vir_14_14,1.0
ev_824,279,arc_72_vir_74,1.0
ev_824,279,arc_vir_74_74,1.0
ev_825,279,arc_72_vir_8,1.0
ev_825,279,arc_vir_8_8,1.0
ev_825,279,arc_8_vir_74,1.0
ev_825,279,arc_vir_74_74,1.0
ev_826,279,417,1.0
ev_826,279,arc_55_vir_74,1.0
ev_826,279,arc_vir_74_74,1.0
ev_827,280,arc_72_vir_74,1.0
ev_827,280,arc_vir_74_74,1.0
ev_828,280,arc_72_vir_8,1.0
ev_828,280,arc_vir_8_8,1.0
ev_828,280,arc_8_vir_74,1.0
ev_828,280,arc_vir_74_74,1.0
ev_829,280,417,1.0
ev_829,280,arc_55_vir_74,1.0
ev_829,280,arc_vir_74_74,1.0
ev_830,281,arc_72_vir_74,1.0
ev_830,281,arc_vir_74_74,1.0
ev_831,281,arc_72_vir_8,1.0
ev_831,281,arc_vir_8_8,1.0
ev_831,281,arc_8_vir_74,1.0
ev_831,281,arc_vir_74_74,1.0
ev_832,281,417,1.0
ev_832,281,arc_55_vir_74,1.0
ev_832,281,arc_vir_74_74,1.0
ev_833,282,arc_72_vir_8,1.0
ev_833,282,arc_vir_8_8,1.0
ev_834,282,arc_72_vir_74,1.0
ev_834,282,arc_vir_74_74,1.0
ev_834,282,arc_74_vir_8,1.0
ev_834,282,arc_vir_8_8,1.0
ev_835,282,307,1.0
ev_835,282,arc_31_vir_8,1.0
ev_835,282,arc_vir_8_8,1.0
ev_836,283,arc_72_vir_8,1.0
ev_836,283,arc_vir_8_8,1.0
ev_837,283,arc_72_vir_74,1.0
ev_837,283,arc_vir_74_74,1.0
ev_837,283,arc_74_vir_8,1.0
ev_837,283,arc_vir_8_8,1.0
ev_838,283,307,1.0
ev_838,283,arc_31_vir_8,1.0
ev_838,283,arc_vir_8_8,1.0
ev_839,284,arc_72_vir_8,1.0
ev_839,284,arc_vir_8_8,1.0
ev_840,284,arc_72_vir_74,1.0
ev_840,284,arc_vir_74_74,1.0
ev_840,284,arc_74_vir_8,1.0
ev_840,284,arc_vir_8_8,1.0
ev_841,284,307,1.0
ev_841,284,arc_31_vir_8,1.0
ev_841,284,arc_vir_8_8,1.0
ev_844,285,arc_72_vir_8,1.0
ev_844,285,arc_vir_8_8,1.0
ev_844,285,92,1.0
ev_847,286,arc_72_vir_8,1.0
ev_847,286,arc_vir_8_8,1.0
ev_847,286,92,1.0
ev_849,287,arc_72_vir_74,1.0
ev_849,287,arc_vir_74_74,1.0
ev_849,287,415,1.0
ev_850,287,arc_72_vir_8,1.0
ev_850,287,arc_vir_8_8,1.0
ev_850,287,102,1.0
ev_853,288,arc_72_vir_8,1.0
ev_853,288,arc_vir_8_8,1.0
ev_853,288,96,1.0
ev_856,289,arc_72_vir_8,1.0
ev_856,289,arc_vir_8_8,1.0
ev_856,289,96,1.0
ev_859,290,arc_72_vir_8,1.0
ev_859,290,arc_vir_8_8,1.0
ev_859,290,96,1.0
ev_862,291,arc_72_vir_8,1.0
ev_862,291,arc_vir_8_8,1.0
ev_862,291,43,1.0
ev_868,293,arc_72_vir_74,1.0
ev_868,293,arc_vir_74_74,1.0
ev_868,293,285,1.0
ev_874,295,arc_72_vir_74,1.0
ev_874,295,arc_vir_74_74,1.0
ev_874,295,415,1.0
ev_874,295,317,1.0
ev_875,295,arc_72_vir_8,1.0
ev_875,295,arc_vir_8_8,1.0
ev_875,295,102,1.0
ev_875,295,317,1.0
ev_877,296,arc_72_vir_74,1.0
ev_877,296,arc_vir_74_74,1.0
ev_877,296,279,1.0
ev_879,297,arc_72_vir_74,1.0
ev_879,297,arc_vir_74_74,1.0
ev_879,297,397,1.0
ev_879,297,385,1.0
ev_879,297,arc_46_vir_14,1.0
ev_879,297,arc_vir_14_14,1.0
ev_879,297,arc_14_vir_34,1.0
ev_879,297,arc_vir_34_34,1.0
ev_880,297,417,1.0
ev_880,297,395,1.0
ev_880,297,385,1.0
ev_880,297,arc_46_vir_14,1.0
ev_880,297,arc_vir_14_14,1.0
ev_880,297,arc_14_vir_34,1.0
ev_880,297,arc_vir_34_34,1.0
ev_881,297,arc_72_vir_74,1.0
ev_881,297,arc_vir_74_74,1.0
ev_881,297,415,1.0
ev_881,297,395,1.0
ev_881,297,385,1.0
ev_881,297,arc_46_vir_14,1.0
ev_881,297,arc_vir_14_14,1.0
ev_881,297,arc_14_vir_34,1.0
ev_881,297,arc_vir_34_34,1.0
ev_882,298,459,1.0
ev_882,298,arc_69_vir_22,1.0
ev_882,298,arc_vir_22_22,1.0
ev_882,298,87,1.0
ev_884,298,459,1.0
ev_884,298,55,1.0
ev_884,298,arc_5_vir_22,1.0
ev_884,298,arc_vir_22_22,1.0
ev_884,298,87,1.0
ev_909,309,303,1.0
ev_909,309,arc_30_vir_63,1.0
ev_909,309,arc_vir_63_63,1.0
ev_910,309,141,1.0
ev_910,309,148,1.0
ev_910,309,arc_30_vir_63,1.0
ev_910,309,arc_vir_63_63,1.0
ev_911,309,141,1.0
ev_911,309,150,1.0
ev_911,309,arc_60_vir_63,1.0
ev_911,309,arc_vir_63_63,1.0
ev_919,312,303,1.0
ev_919,312,arc_30_vir_63,1.0
ev_919,312,arc_vir_63_63,1.0
ev_919,312,403,1.0
ev_922,313,303,1.0
ev_922,313,arc_30_vir_63,1.0
ev_922,313,arc_vir_63_63,1.0
ev_922,313,403,1.0
ev_925,314,303,1.0
ev_925,314,arc_30_vir_63,1.0
ev_925,314,arc_vir_63_63,1.0
ev_925,314,403,1.0
ev_928,315,303,1.0
ev_928,315,arc_30_vir_63,1.0
ev_928,315,arc_vir_63_63,1.0
ev_928,315,403,1.0
ev_937,318,303,1.0
ev_937,318,arc_30_vir_63,1.0
ev_937,318,arc_vir_63_63,1.0
ev_937,318,403,1.0
ev_937,318,1,1.0
ev_961,327,350,1.0
ev_961,327,arc_43_vir_33,1.0
ev_961,327,arc_vir_33_33,1.0
ev_962,327,352,1.0
ev_962,327,arc_67_vir_33,1.0
ev_962,327,arc_vir_33_33,1.0
ev_963,327,129,1.0
ev_963,327,arc_10_vir_33,1.0
ev_963,327,arc_vir_33_33,1.0
ev_964,328,350,1.0
ev_964,328,arc_43_vir_33,1.0
ev_964,328,arc_vir_33_33,1.0
ev_965,328,352,1.0
ev_965,328,arc_67_vir_33,1.0
ev_965,328,arc_vir_33_33,1.0
ev_966,328,129,1.0
ev_966,328,arc_10_vir_33,1.0
ev_966,328,arc_vir_33_33,1.0
ev_969,329,350,1.0
ev_969,329,arc_43_vir_33,1.0
ev_969,329,arc_vir_33_33,1.0
ev_969,329,324,1.0
ev_972,330,350,1.0
ev_972,330,arc_43_vir_33,1.0
ev_972,330,arc_vir_33_33,1.0
ev_972,330,324,1.0
ev_988,336,313,1.0
ev_988,336,316,1.0
ev_988,336,arc_55_vir_74,1.0
ev_988,336,arc_vir_74_74,1.0
ev_989,336,129,1.0
ev_989,336,120,1.0
ev_989,336,arc_50_vir_74,1.0
ev_989,336,arc_vir_74_74,1.0
ev_990,336,313,1.0
ev_990,336,318,1.0
ev_990,336,arc_50_vir_74,1.0
ev_990,336,arc_vir_74_74,1.0
ev_991,337,313,1.0
ev_991,337,316,1.0
ev_991,337,arc_55_vir_74,1.0
ev_991,337,arc_vir_74_74,1.0
ev_992,337,129,1.0
ev_992,337,120,1.0
ev_992,337,arc_50_vir_74,1.0
ev_992,337,arc_vir_74_74,1.0
ev_993,337,313,1.0
ev_993,337,318,1.0
ev_993,337,arc_50_vir_74,1.0
ev_993,337,arc_vir_74_74,1.0
ev_994,338,313,1.0
ev_994,338,316,1.0
ev_994,338,arc_55_vir_74,1.0
ev_994,338,arc_vir_74_74,1.0
ev_995,338,129,1.0
ev_995,338,120,1.0
ev_995,338,arc_50_vir_74,1.0
ev_995,338,arc_vir_74_74,1.0
ev_996,338,313,1.0
ev_996,338,318,1.0
ev_996,338,arc_50_vir_74,1.0
ev_996,338,arc_vir_74_74,1.0
ev_1019,346,426,1.0
ev_1019,346,arc_77_vir_64,1.0
ev_1019,346,arc_vir_64_64,1.0
ev_1019,346,303,1.0
ev_1019,346,33,1.0
ev_1020,346,426,1.0
ev_1020,346,arc_77_vir_64,1.0
ev_1020,346,arc_vir_64_64,1.0
ev_1020,346,141,1.0
ev_1020,346,148,1.0
ev_1020,346,33,1.0
ev_1021,347,426,1.0
ev_1021,347,arc_77_vir_64,1.0
ev_1021,347,arc_vir_64_64,1.0
ev_1022,347,426,1.0
ev_1022,347,413,1.0
ev_1022,347,arc_54_vir_64,1.0
ev_1022,347,arc_vir_64_64,1.0
ev_1023,347,426,1.0
ev_1023,347,145,1.0
ev_1023,347,arc_12_vir_64,1.0
ev_1023,347,arc_vir_64_64,1.0
ev_1024,348,426,1.0
ev_1024,348,arc_77_vir_64,1.0
ev_1024,348,arc_vir_64_64,1.0
ev_1025,348,426,1.0
ev_1025,348,413,1.0
ev_1025,348,arc_54_vir_64,1.0
ev_1025,348,arc_vir_64_64,1.0
ev_1026,348,426,1.0
ev_1026,348,145,1.0
ev_1026,348,arc_12_vir_64,1.0
ev_1026,348,arc_vir_64_64,1.0
ev_1027,349,426,1.0
ev_1027,349,arc_77_vir_64,1.0
ev_1027,349,arc_vir_64_64,1.0
ev_1028,349,426,1.0
ev_1028,349,413,1.0
ev_1028,349,arc_54_vir_64,1.0
ev_1028,349,arc_vir_64_64,1.0
ev_1029,349,426,1.0
ev_1029,349,145,1.0
ev_1029,349,arc_12_vir_64,1.0
ev_1029,349,arc_vir_64_64,1.0
ev_1030,350,426,1.0
ev_1030,350,arc_77_vir_64,1.0
ev_1030,350,arc_vir_64_64,1.0
ev_1031,350,426,1.0
ev_1031,350,413,1.0
ev_1031,350,arc_54_vir_64,1.0
ev_1031,350,arc_vir_64_64,1.0
ev_1032,350,426,1.0
ev_1032,350,145,1.0
ev_1032,350,arc_12_vir_64,1.0
ev_1032,350,arc_vir_64_64,1.0
ev_1044,354,426,1.0
ev_1044,354,arc_77_vir_64,1.0
ev_1044,354,arc_vir_64_64,1.0
ev_1044,354,219,1.0
ev_1054,358,428,1.0
ev_1054,358,11,1.0
ev_1054,358,12,1.0
ev_1054,358,arc_26_vir_34,1.0
ev_1054,358,arc_vir_34_34,1.0
ev_1055,358,428,1.0
ev_1055,358,11,1.0
ev_1055,358,14,1.0
ev_1055,358,arc_47_vir_34,1.0
ev_1055,358,arc_vir_34_34,1.0
ev_1056,358,185,1.0
ev_1056,358,188,1.0
ev_1056,358,11,1.0
ev_1056,358,12,1.0
ev_1056,358,arc_26_vir_34,1.0
ev_1056,358,arc_vir_34_34,1.0
ev_1057,359,arc_71_vir_56,1.0
ev_1057,359,arc_vir_56_56,1.0
ev_1058,359,349,1.0
ev_1058,359,arc_37_vir_56,1.0
ev_1058,359,arc_vir_56_56,1.0
ev_1059,359,369,1.0
ev_1059,359,arc_40_vir_56,1.0
ev_1059,359,arc_vir_56_56,1.0
ev_1060,360,arc_71_vir_56,1.0
ev_1060,360,arc_vir_56_56,1.0
ev_1061,360,349,1.0
ev_1061,360,arc_37_vir_56,1.0
ev_1061,360,arc_vir_56_56,1.0
ev_1062,360,369,1.0
ev_1062,360,arc_40_vir_56,1.0
ev_1062,360,arc_vir_56_56,1.0
ev_1066,362,237,1.0
ev_1066,362,arc_21_vir_33,1.0
ev_1066,362,arc_vir_33_33,1.0
ev_1067,362,237,1.0
ev_1067,362,228,1.0
ev_1067,362,arc_67_vir_33,1.0
ev_1067,362,arc_vir_33_33,1.0
ev_1068,362,237,1.0
ev_1068,362,234,1.0
ev_1068,362,arc_46_vir_33,1.0
ev_1068,362,arc_vir_33_33,1.0
ev_1069,363,237,1.0
ev_1069,363,arc_21_vir_33,1.0
ev_1069,363,arc_vir_33_33,1.0
ev_1070,363,237,1.0
ev_1070,363,228,1.0
ev_1070,363,arc_67_vir_33,1.0
ev_1070,363,arc_vir_33_33,1.0
ev_1071,363,237,1.0
ev_1071,363,234,1.0
ev_1071,363,arc_46_vir_33,1.0
ev_1071,363,arc_vir_33_33,1.0
ev_1077,365,237,1.0
ev_1077,365,arc_21_vir_33,1.0
ev_1077,365,arc_vir_33_33,1.0
ev_1077,365,322,1.0
ev_1080,366,237,1.0
ev_1080,366,arc_21_vir_33,1.0
ev_1080,366,arc_vir_33_33,1.0
ev_1080,366,322,1.0
ev_1082,367,237,1.0
ev_1082,367,arc_21_vir_33,1.0
ev_1082,367,arc_vir_33_33,1.0
ev_1082,367,324,1.0
ev_1085,368,237,1.0
ev_1085,368,arc_21_vir_33,1.0
ev_1085,368,arc_vir_33_33,1.0
ev_1085,368,324,1.0
ev_1087,369,237,1.0
ev_1087,369,234,1.0
ev_1087,369,arc_46_vir_14,1.0
ev_1087,369,arc_vir_14_14,1.0
ev_1088,369,237,1.0
ev_1088,369,arc_21_vir_33,1.0
ev_1088,369,arc_vir_33_33,1.0
ev_1088,369,arc_33_vir_14,1.0
ev_1088,369,arc_vir_14_14,1.0
ev_1089,369,369,1.0
ev_1089,369,269,1.0
ev_1089,369,arc_26_vir_14,1.0
ev_1089,369,arc_vir_14_14,1.0
ev_1095,371,237,1.0
ev_1095,371,arc_21_vir_33,1.0
ev_1095,371,arc_vir_33_33,1.0
ev_1095,371,320,1.0
ev_1098,372,237,1.0
ev_1098,372,arc_21_vir_33,1.0
ev_1098,372,arc_vir_33_33,1.0
ev_1098,372,320,1.0
ev_1111,377,369,1.0
ev_1111,377,117,1.0
ev_1111,377,arc_9_vir_34,1.0
ev_1111,377,arc_vir_34_34,1.0
ev_1112,377,369,1.0
ev_1112,377,269,1.0
ev_1112,377,arc_26_vir_34,1.0
ev_1112,377,arc_vir_34_34,1.0
ev_1113,377,369,1.0
ev_1113,377,19,1.0
ev_1113,377,12,1.0
ev_1113,377,arc_26_vir_34,1.0
ev_1113,377,arc_vir_34_34,1.0
ev_1114,378,237,1.0
ev_1114,378,arc_21_vir_33,1.0
ev_1114,378,arc_vir_33_33,1.0
ev_1114,378,127,1.0
ev_1122,382,arc_52_vir_2,1.0
ev_1122,382,arc_vir_2_2,1.0
ev_1122,382,5,1.0
ev_1125,383,arc_52_vir_2,1.0
ev_1125,383,arc_vir_2_2,1.0
ev_1125,383,5,1.0
ev_1128,384,arc_52_vir_2,1.0
ev_1128,384,arc_vir_2_2,1.0
ev_1128,384,26,1.0
ev_1129,385,arc_52_vir_63,1.0
ev_1129,385,arc_vir_63_63,1.0
ev_1130,385,157,1.0
ev_1130,385,arc_13_vir_63,1.0
ev_1130,385,arc_vir_63_63,1.0
ev_1131,385,157,1.0
ev_1131,385,154,1.0
ev_1131,385,arc_45_vir_63,1.0
ev_1131,385,arc_vir_63_63,1.0
ev_1132,386,arc_52_vir_63,1.0
ev_1132,386,arc_vir_63_63,1.0
ev_1132,386,409,1.0
ev_1133,386,157,1.0
ev_1133,386,arc_13_vir_63,1.0
ev_1133,386,arc_vir_63_63,1.0
ev_1133,386,409,1.0
ev_1134,386,arc_52_vir_63,1.0
ev_1134,386,arc_vir_63_63,1.0
ev_1134,386,445,1.0
ev_1134,386,407,1.0
ev_1137,387,arc_52_vir_63,1.0
ev_1137,387,arc_vir_63_63,1.0
ev_1137,387,305,1.0
ev_1137,387,arc_30_vir_64,1.0
ev_1137,387,arc_vir_64_64,1.0
ev_1137,387,359,1.0
ev_1139,388,157,1.0
ev_1139,388,arc_13_vir_44,1.0
ev_1139,388,arc_vir_44_44,1.0
ev_1139,388,83,1.0
ev_1141,389,arc_52_vir_63,1.0
ev_1141,389,arc_vir_63_63,1.0
ev_1141,389,41,1.0
ev_1142,389,arc_52_vir_63,1.0
ev_1142,389,arc_vir_63_63,1.0
ev_1142,389,409,1.0
ev_1142,389,35,1.0
ev_1143,389,157,1.0
ev_1143,389,arc_13_vir_63,1.0
ev_1143,389,arc_vir_63_63,1.0
ev_1143,389,41,1.0
ev_1144,390,404,1.0
ev_1144,390,363,1.0
ev_1144,390,arc_39_vir_64,1.0
ev_1144,390,arc_vir_64_64,1.0
ev_1145,390,arc_52_vir_63,1.0
ev_1145,390,arc_vir_63_63,1.0
ev_1145,390,305,1.0
ev_1145,390,arc_30_vir_64,1.0
ev_1145,390,arc_vir_64_64,1.0
ev_1146,390,404,1.0
ev_1146,390,363,1.0
ev_1146,390,360,1.0
ev_1146,390,arc_54_vir_64,1.0
ev_1146,390,arc_vir_64_64,1.0
ev_1147,391,404,1.0
ev_1147,391,363,1.0
ev_1147,391,arc_39_vir_64,1.0
ev_1147,391,arc_vir_64_64,1.0
ev_1148,391,arc_52_vir_63,1.0
ev_1148,391,arc_vir_63_63,1.0
ev_1148,391,305,1.0
ev_1148,391,arc_30_vir_64,1.0
ev_1148,391,arc_vir_64_64,1.0
ev_1149,391,404,1.0
ev_1149,391,363,1.0
ev_1149,391,360,1.0
ev_1149,391,arc_54_vir_64,1.0
ev_1149,391,arc_vir_64_64,1.0
ev_1150,392,404,1.0
ev_1150,392,363,1.0
ev_1150,392,arc_39_vir_64,1.0
ev_1150,392,arc_vir_64_64,1.0
ev_1151,392,arc_52_vir_63,1.0
ev_1151,392,arc_vir_63_63,1.0
ev_1151,392,305,1.0
ev_1151,392,arc_30_vir_64,1.0
ev_1151,392,arc_vir_64_64,1.0
ev_1152,392,404,1.0
ev_1152,392,363,1.0
ev_1152,392,360,1.0
ev_1152,392,arc_54_vir_64,1.0
ev_1152,392,arc_vir_64_64,1.0
ev_1153,393,404,1.0
ev_1153,393,363,1.0
ev_1153,393,arc_39_vir_64,1.0
ev_1153,393,arc_vir_64_64,1.0
ev_1154,393,arc_52_vir_63,1.0
ev_1154,393,arc_vir_63_63,1.0
ev_1154,393,305,1.0
ev_1154,393,arc_30_vir_64,1.0
ev_1154,393,arc_vir_64_64,1.0
ev_1155,393,404,1.0
ev_1155,393,363,1.0
ev_1155,393,360,1.0
ev_1155,393,arc_54_vir_64,1.0
ev_1155,393,arc_vir_64_64,1.0
ev_1156,394,arc_52_vir_63,1.0
ev_1156,394,arc_vir_63_63,1.0
ev_1156,394,409,1.0
ev_1156,394,389,1.0
ev_1157,394,arc_52_vir_63,1.0
ev_1157,394,arc_vir_63_63,1.0
ev_1157,394,41,1.0
ev_1157,394,36,1.0
ev_1158,394,157,1.0
ev_1158,394,arc_13_vir_63,1.0
ev_1158,394,arc_vir_63_63,1.0
ev_1158,394,409,1.0
ev_1158,394,389,1.0
ev_1159,395,157,1.0
ev_1159,395,89,1.0
ev_1159,395,arc_7_vir_22,1.0
ev_1159,395,arc_vir_22_22,1.0
ev_1160,395,157,1.0
ev_1160,395,arc_13_vir_44,1.0
ev_1160,395,arc_vir_44_44,1.0
ev_1160,395,arc_44_vir_22,1.0
ev_1160,395,arc_vir_22_22,1.0
ev_1161,395,157,1.0
ev_1161,395,arc_13_vir_44,1.0
ev_1161,395,arc_vir_44_44,1.0
ev_1161,395,83,1.0
ev_1161,395,arc_7_vir_22,1.0
ev_1161,395,arc_vir_22_22,1.0
ev_1163,396,157,1.0
ev_1163,396,89,1.0
ev_1163,396,arc_7_vir_22,1.0
ev_1163,396,arc_vir_22_22,1.0
ev_1163,396,57,1.0
ev_1164,396,157,1.0
ev_1164,396,arc_13_vir_44,1.0
ev_1164,396,arc_vir_44_44,1.0
ev_1164,396,59,1.0
ev_1165,397,arc_52_vir_63,1.0
ev_1165,397,arc_vir_63_63,1.0
ev_1165,397,409,1.0
ev_1165,397,389,1.0
ev_1165,397,213,1.0
ev_1165,397,206,1.0
ev_1166,397,arc_52_vir_63,1.0
ev_1166,397,arc_vir_63_63,1.0
ev_1166,397,41,1.0
ev_1166,397,36,1.0
ev_1166,397,213,1.0
ev_1166,397,206,1.0
ev_1167,397,arc_52_vir_63,1.0
ev_1167,397,arc_vir_63_63,1.0
ev_1167,397,409,1.0
ev_1167,397,389,1.0
ev_1167,397,373,1.0
ev_1167,397,211,1.0
ev_1167,397,206,1.0
ev_1168,398,arc_52_vir_63,1.0
ev_1168,398,arc_vir_63_63,1.0
ev_1168,398,409,1.0
ev_1168,398,389,1.0
ev_1168,398,213,1.0
ev_1168,398,206,1.0
ev_1169,398,arc_52_vir_63,1.0
ev_1169,398,arc_vir_63_63,1.0
ev_1169,398,41,1.0
ev_1169,398,36,1.0
ev_1169,398,213,1.0
ev_1169,398,206,1.0
ev_1170,398,arc_52_vir_63,1.0
ev_1170,398,arc_vir_63_63,1.0
ev_1170,398,409,1.0
ev_1170,398,389,1.0
ev_1170,398,373,1.0
ev_1170,398,211,1.0
ev_1170,398,206,1.0
ev_1174,400,arc_67_vir_33,1.0
ev_1174,400,arc_vir_33_33,1.0
ev_1174,400,320,1.0
ev_1177,401,arc_67_vir_33,1.0
ev_1177,401,arc_vir_33_33,1.0
ev_1177,401,320,1.0
ev_1184,404,arc_67_vir_33,1.0
ev_1184,404,arc_vir_33_33,1.0
ev_1185,404,375,1.0
ev_1185,404,arc_43_vir_33,1.0
ev_1185,404,arc_vir_33_33,1.0
ev_1186,404,133,1.0
ev_1186,404,arc_10_vir_33,1.0
ev_1186,404,arc_vir_33_33,1.0
ev_1187,405,arc_67_vir_33,1.0
ev_1187,405,arc_vir_33_33,1.0
ev_1188,405,375,1.0
ev_1188,405,arc_43_vir_33,1.0
ev_1188,405,arc_vir_33_33,1.0
ev_1189,405,133,1.0
ev_1189,405,arc_10_vir_33,1.0
ev_1189,405,arc_vir_33_33,1.0
ev_1192,406,arc_67_vir_33,1.0
ev_1192,406,arc_vir_33_33,1.0
ev_1192,406,127,1.0
ev_1196,408,arc_67_vir_33,1.0
ev_1196,408,arc_vir_33_33,1.0
ev_1196,408,324,1.0
ev_1198,408,375,1.0
ev_1198,408,arc_43_vir_33,1.0
ev_1198,408,arc_vir_33_33,1.0
ev_1198,408,324,1.0
ev_1199,409,arc_67_vir_33,1.0
ev_1199,409,arc_vir_33_33,1.0
ev_1199,409,324,1.0
ev_1201,409,375,1.0
ev_1201,409,arc_43_vir_33,1.0
ev_1201,409,arc_vir_33_33,1.0
ev_1201,409,324,1.0
ev_1205,411,arc_67_vir_33,1.0
ev_1205,411,arc_vir_33_33,1.0
ev_1205,411,arc_33_vir_14,1.0
ev_1205,411,arc_vir_14_14,1.0
ev_1206,411,arc_67_vir_33,1.0
ev_1206,411,arc_vir_33_33,1.0
ev_1206,411,324,1.0
ev_1206,411,arc_46_vir_14,1.0
ev_1206,411,arc_vir_14_14,1.0
ev_1207,411,375,1.0
ev_1207,411,376,1.0
ev_1207,411,arc_46_vir_14,1.0
ev_1207,411,arc_vir_14_14,1.0
ev_1217,415,arc_67_vir_33,1.0
ev_1217,415,arc_vir_33_33,1.0
ev_1217,415,arc_33_vir_14,1.0
ev_1217,415,arc_vir_14_14,1.0
ev_1217,415,arc_14_vir_34,1.0
ev_1217,415,arc_vir_34_34,1.0
ev_1218,415,arc_67_vir_33,1.0
ev_1218,415,arc_vir_33_33,1.0
ev_1218,415,324,1.0
ev_1218,415,arc_46_vir_14,1.0
ev_1218,415,arc_vir_14_14,1.0
ev_1218,415,arc_14_vir_34,1.0
ev_1218,415,arc_vir_34_34,1.0
ev_1219,415,375,1.0
ev_1219,415,376,1.0
ev_1219,415,arc_46_vir_14,1.0
ev_1219,415,arc_vir_14_14,1.0
ev_1219,415,arc_14_vir_34,1.0
ev_1219,415,arc_vir_34_34,1.0
ev_1220,416,arc_67_vir_33,1.0
ev_1220,416,arc_vir_33_33,1.0
ev_1220,416,arc_33_vir_14,1.0
ev_1220,416,arc_vir_14_14,1.0
ev_1220,416,162,1.0
ev_1221,416,arc_67_vir_33,1.0
ev_1221,416,arc_vir_33_33,1.0
ev_1221,416,324,1.0
ev_1221,416,arc_46_vir_14,1.0
ev_1221,416,arc_vir_14_14,1.0
ev_1221,416,162,1.0
ev_1222,416,arc_67_vir_33,1.0
ev_1222,416,arc_vir_33_33,1.0
ev_1222,416,arc_33_vir_14,1.0
ev_1222,416,arc_vir_14_14,1.0
ev_1222,416,arc_14_vir_34,1.0
ev_1222,416,arc_vir_34_34,1.0
ev_1222,416,328,1.0
ev_1223,417,arc_67_vir_33,1.0
ev_1223,417,arc_vir_33_33,1.0
ev_1223,417,arc_33_vir_14,1.0
ev_1223,417,arc_vir_14_14,1.0
ev_1223,417,162,1.0
ev_1224,417,arc_67_vir_33,1.0
ev_1224,417,arc_vir_33_33,1.0
ev_1224,417,324,1.0
ev_1224,417,arc_46_vir_14,1.0
ev_1224,417,arc_vir_14_14,1.0
ev_1224,417,162,1.0
ev_1225,417,arc_67_vir_33,1.0
ev_1225,417,arc_vir_33_33,1.0
ev_1225,417,arc_33_vir_14,1.0
ev_1225,417,arc_vir_14_14,1.0
ev_1225,417,arc_14_vir_34,1.0
ev_1225,417,arc_vir_34_34,1.0
ev_1225,417,328,1.0
ev_1226,418,arc_67_vir_33,1.0
ev_1226,418,arc_vir_33_33,1.0
ev_1226,418,arc_33_vir_14,1.0
ev_1226,418,arc_vir_14_14,1.0
ev_1226,418,162,1.0
ev_1227,418,arc_67_vir_33,1.0
ev_1227,418,arc_vir_33_33,1.0
ev_1227,418,324,1.0
ev_1227,418,arc_46_vir_14,1.0
ev_1227,418,arc_vir_14_14,1.0
ev_1227,418,162,1.0
ev_1228,418,arc_67_vir_33,1.0
ev_1228,418,arc_vir_33_33,1.0
ev_1228,418,arc_33_vir_14,1.0
ev_1228,418,arc_vir_14_14,1.0
ev_1228,418,arc_14_vir_34,1.0
ev_1228,418,arc_vir_34_34,1.0
ev_1228,418,328,1.0
ev_1232,420,arc_67_vir_33,1.0
ev_1232,420,arc_vir_33_33,1.0
ev_1232,420,320,1.0
ev_1235,421,arc_67_vir_33,1.0
ev_1235,421,arc_vir_33_33,1.0
ev_1235,421,320,1.0
ev_1242,424,arc_67_vir_33,1.0
ev_1242,424,arc_vir_33_33,1.0
ev_1243,424,375,1.0
ev_1243,424,arc_43_vir_33,1.0
ev_1243,424,arc_vir_33_33,1.0
ev_1244,424,133,1.0
ev_1244,424,arc_10_vir_33,1.0
ev_1244,424,arc_vir_33_33,1.0
ev_1245,425,arc_67_vir_33,1.0
ev_1245,425,arc_vir_33_33,1.0
ev_1246,425,375,1.0
ev_1246,425,arc_43_vir_33,1.0
ev_1246,425,arc_vir_33_33,1.0
ev_1247,425,133,1.0
ev_1247,425,arc_10_vir_33,1.0
ev_1247,425,arc_vir_33_33,1.0
ev_1250,426,arc_67_vir_33,1.0
ev_1250,426,arc_vir_33_33,1.0
ev_1250,426,127,1.0
ev_1254,428,arc_67_vir_33,1.0
ev_1254,428,arc_vir_33_33,1.0
ev_1254,428,324,1.0
ev_1256,428,375,1.0
ev_1256,428,arc_43_vir_33,1.0
ev_1256,428,arc_vir_33_33,1.0
ev_1256,428,324,1.0
ev_1257,429,arc_67_vir_33,1.0
ev_1257,429,arc_vir_33_33,1.0
ev_1257,429,324,1.0
ev_1259,429,375,1.0
ev_1259,429,arc_43_vir_33,1.0
ev_1259,429,arc_vir_33_33,1.0
ev_1259,429,324,1.0
ev_1263,431,arc_67_vir_33,1.0
ev_1263,431,arc_vir_33_33,1.0
ev_1263,431,arc_33_vir_14,1.0
ev_1263,431,arc_vir_14_14,1.0
ev_1264,431,arc_67_vir_33,1.0
ev_1264,431,arc_vir_33_33,1.0
ev_1264,431,324,1.0
ev_1264,431,arc_46_vir_14,1.0
ev_1264,431,arc_vir_14_14,1.0
ev_1265,431,375,1.0
ev_1265,431,376,1.0
ev_1265,431,arc_46_vir_14,1.0
ev_1265,431,arc_vir_14_14,1.0
ev_1275,435,arc_67_vir_33,1.0
ev_1275,435,arc_vir_33_33,1.0
ev_1275,435,arc_33_vir_14,1.0
ev_1275,435,arc_vir_14_14,1.0
ev_1275,435,arc_14_vir_34,1.0
ev_1275,435,arc_vir_34_34,1.0
ev_1276,435,arc_67_vir_33,1.0
ev_1276,435,arc_vir_33_33,1.0
ev_1276,435,324,1.0
ev_1276,435,arc_46_vir_14,1.0
ev_1276,435,arc_vir_14_14,1.0
ev_1276,435,arc_14_vir_34,1.0
ev_1276,435,arc_vir_34_34,1.0
ev_1277,435,375,1.0
ev_1277,435,376,1.0
ev_1277,435,arc_46_vir_14,1.0
ev_1277,435,arc_vir_14_14,1.0
ev_1277,435,arc_14_vir_34,1.0
ev_1277,435,arc_vir_34_34,1.0
ev_1278,436,arc_67_vir_33,1.0
ev_1278,436,arc_vir_33_33,1.0
ev_1278,436,arc_33_vir_14,1.0
ev_1278,436,arc_vir_14_14,1.0
ev_1278,436,162,1.0
ev_1279,436,arc_67_vir_33,1.0
ev_1279,436,arc_vir_33_33,1.0
ev_1279,436,324,1.0
ev_1279,436,arc_46_vir_14,1.0
ev_1279,436,arc_vir_14_14,1.0
ev_1279,436,162,1.0
ev_1280,436,arc_67_vir_33,1.0
ev_1280,436,arc_vir_33_33,1.0
ev_1280,436,arc_33_vir_14,1.0
ev_1280,436,arc_vir_14_14,1.0
ev_1280,436,arc_14_vir_34,1.0
ev_1280,436,arc_vir_34_34,1.0
ev_1280,436,328,1.0
ev_1281,437,arc_67_vir_33,1.0
ev_1281,437,arc_vir_33_33,1.0
ev_1281,437,arc_33_vir_14,1.0
ev_1281,437,arc_vir_14_14,1.0
ev_1281,437,162,1.0
ev_1282,437,arc_67_vir_33,1.0
ev_1282,437,arc_vir_33_33,1.0
ev_1282,437,324,1.0
ev_1282,437,arc_46_vir_14,1.0
ev_1282,437,arc_vir_14_14,1.0
ev_1282,437,162,1.0
ev_1283,437,arc_67_vir_33,1.0
ev_1283,437,arc_vir_33_33,1.0
ev_1283,437,arc_33_vir_14,1.0
ev_1283,437,arc_vir_14_14,1.0
ev_1283,437,arc_14_vir_34,1.0
ev_1283,437,arc_vir_34_34,1.0
ev_1283,437,328,1.0
ev_1284,438,arc_67_vir_33,1.0
ev_1284,438,arc_vir_33_33,1.0
ev_1284,438,arc_33_vir_14,1.0
ev_1284,438,arc_vir_14_14,1.0
ev_1284,438,162,1.0
ev_1285,438,arc_67_vir_33,1.0
ev_1285,438,arc_vir_33_33,1.0
ev_1285,438,324,1.0
ev_1285,438,arc_46_vir_14,1.0
ev_1285,438,arc_vir_14_14,1.0
ev_1285,438,162,1.0
ev_1286,438,arc_67_vir_33,1.0
ev_1286,438,arc_vir_33_33,1.0
ev_1286,438,arc_33_vir_14,1.0
ev_1286,438,arc_vir_14_14,1.0
ev_1286,438,arc_14_vir_34,1.0
ev_1286,438,arc_vir_34_34,1.0
ev_1286,438,328,1.0
ev_1287,439,arc_39_vir_64,1.0
ev_1287,439,arc_vir_64_64,1.0
ev_1288,439,360,1.0
ev_1288,439,arc_54_vir_64,1.0
ev_1288,439,arc_vir_64_64,1.0
ev_1289,439,147,1.0
ev_1289,439,arc_12_vir_64,1.0
ev_1289,439,arc_vir_64_64,1.0
ev_1290,440,arc_39_vir_64,1.0
ev_1290,440,arc_vir_64_64,1.0
ev_1291,440,360,1.0
ev_1291,440,arc_54_vir_64,1.0
ev_1291,440,arc_vir_64_64,1.0
ev_1292,440,147,1.0
ev_1292,440,arc_12_vir_64,1.0
ev_1292,440,arc_vir_64_64,1.0
ev_1293,441,arc_39_vir_64,1.0
ev_1293,441,arc_vir_64_64,1.0
ev_1294,441,360,1.0
ev_1294,441,arc_54_vir_64,1.0
ev_1294,441,arc_vir_64_64,1.0
ev_1295,441,147,1.0
ev_1295,441,arc_12_vir_64,1.0
ev_1295,441,arc_vir_64_64,1.0
ev_1296,442,arc_39_vir_64,1.0
ev_1296,442,arc_vir_64_64,1.0
ev_1297,442,360,1.0
ev_1297,442,arc_54_vir_64,1.0
ev_1297,442,arc_vir_64_64,1.0
ev_1298,442,147,1.0
ev_1298,442,arc_12_vir_64,1.0
ev_1298,442,arc_vir_64_64,1.0
ev_1299,443,arc_39_vir_64,1.0
ev_1299,443,arc_vir_64_64,1.0
ev_1299,443,219,1.0
ev_1301,443,arc_39_vir_64,1.0
ev_1301,443,arc_vir_64_64,1.0
ev_1301,443,411,1.0
ev_1301,443,217,1.0
ev_1302,444,arc_39_vir_64,1.0
ev_1302,444,arc_vir_64_64,1.0
ev_1302,444,303,1.0
ev_1302,444,300,1.0
ev_1307,445,arc_39_vir_64,1.0
ev_1307,445,arc_vir_64_64,1.0
ev_1307,445,303,1.0
ev_1307,445,arc_30_vir_63,1.0
ev_1307,445,arc_vir_63_63,1.0
ev_1307,445,403,1.0
ev_1310,446,arc_39_vir_64,1.0
ev_1310,446,arc_vir_64_64,1.0
ev_1310,446,303,1.0
ev_1310,446,arc_30_vir_63,1.0
ev_1310,446,arc_vir_63_63,1.0
ev_1310,446,403,1.0
ev_1313,447,arc_39_vir_64,1.0
ev_1313,447,arc_vir_64_64,1.0
ev_1313,447,303,1.0
ev_1313,447,arc_30_vir_63,1.0
ev_1313,447,arc_vir_63_63,1.0
ev_1313,447,403,1.0
ev_1316,448,arc_39_vir_64,1.0
ev_1316,448,arc_vir_64_64,1.0
ev_1316,448,303,1.0
ev_1316,448,arc_30_vir_63,1.0
ev_1316,448,arc_vir_63_63,1.0
ev_1316,448,403,1.0
ev_1317,449,arc_39_vir_64,1.0
ev_1317,449,arc_vir_64_64,1.0
ev_1317,449,303,1.0
ev_1317,449,33,1.0
ev_1319,449,arc_39_vir_64,1.0
ev_1319,449,arc_vir_64_64,1.0
ev_1319,449,141,1.0
ev_1319,449,148,1.0
ev_1319,449,33,1.0
ev_1320,450,arc_39_vir_64,1.0
ev_1320,450,arc_vir_64_64,1.0
ev_1320,450,303,1.0
ev_1320,450,arc_30_vir_63,1.0
ev_1320,450,arc_vir_63_63,1.0
ev_1321,450,147,1.0
ev_1321,450,148,1.0
ev_1321,450,arc_30_vir_63,1.0
ev_1321,450,arc_vir_63_63,1.0
ev_1322,450,147,1.0
ev_1322,450,150,1.0
ev_1322,450,arc_60_vir_63,1.0
ev_1322,450,arc_vir_63_63,1.0
ev_1332,454,arc_39_vir_64,1.0
ev_1332,454,arc_vir_64_64,1.0
ev_1332,454,452,1.0
ev_1332,454,427,1.0
ev_1335,455,arc_39_vir_64,1.0
ev_1335,455,arc_vir_64_64,1.0
ev_1335,455,452,1.0
ev_1335,455,427,1.0
ev_1335,455,185,1.0
ev_1338,456,arc_39_vir_64,1.0
ev_1338,456,arc_vir_64_64,1.0
ev_1338,456,452,1.0
ev_1338,456,427,1.0
ev_1338,456,185,1.0
ev_1341,457,arc_39_vir_64,1.0
ev_1341,457,arc_vir_64_64,1.0
ev_1341,457,303,1.0
ev_1341,457,33,1.0
ev_1341,457,36,1.0
ev_1342,457,arc_39_vir_64,1.0
ev_1342,457,arc_vir_64_64,1.0
ev_1342,457,303,1.0
ev_1342,457,300,1.0
ev_1342,457,389,1.0
ev_1344,458,arc_39_vir_64,1.0
ev_1344,458,arc_vir_64_64,1.0
ev_1344,458,452,1.0
ev_1344,458,427,1.0
ev_1344,458,430,1.0
ev_1346,458,arc_39_vir_64,1.0
ev_1346,458,arc_vir_64_64,1.0
ev_1346,458,452,1.0
ev_1346,458,427,1.0
ev_1346,458,185,1.0
ev_1346,458,186,1.0
ev_1349,459,arc_22_vir_44,1.0
ev_1349,459,arc_vir_44_44,1.0
ev_1349,459,59,1.0
ev_1351,460,arc_22_vir_44,1.0
ev_1351,460,arc_vir_44_44,1.0
ev_1351,460,83,1.0
ev_1356,462,arc_22_vir_68,1.0
ev_1356,462,arc_vir_68_68,1.0
ev_1357,462,57,1.0
ev_1357,462,arc_5_vir_68,1.0
ev_1357,462,arc_vir_68_68,1.0
ev_1358,462,57,1.0
ev_1358,462,64,1.0
ev_1358,462,arc_11_vir_68,1.0
ev_1358,462,arc_vir_68_68,1.0
ev_1367,465,arc_22_vir_68,1.0
ev_1367,465,arc_vir_68_68,1.0
ev_1367,465,277,1.0
ev_1369,466,arc_22_vir_68,1.0
ev_1369,466,arc_vir_68_68,1.0
ev_1369,466,135,1.0
ev_1370,466,57,1.0
ev_1370,466,arc_5_vir_68,1.0
ev_1370,466,arc_vir_68_68,1.0
ev_1370,466,135,1.0
ev_1371,467,87,1.0
ev_1371,467,84,1.0
ev_1371,467,arc_45_vir_63,1.0
ev_1371,467,arc_vir_63_63,1.0
ev_1372,467,87,1.0
ev_1372,467,88,1.0
ev_1372,467,arc_13_vir_63,1.0
ev_1372,467,arc_vir_63_63,1.0
ev_1373,467,arc_22_vir_44,1.0
ev_1373,467,arc_vir_44_44,1.0
ev_1373,467,159,1.0
ev_1373,467,arc_13_vir_63,1.0
ev_1373,467,arc_vir_63_63,1.0
ev_1377,469,238,1.0
ev_1377,469,311,1.0
ev_1377,469,arc_31_vir_8,1.0
ev_1377,469,arc_vir_8_8,1.0
ev_1378,469,238,1.0
ev_1378,469,458,1.0
ev_1378,469,arc_72_vir_8,1.0
ev_1378,469,arc_vir_8_8,1.0
ev_1379,469,238,1.0
ev_1379,469,215,1.0
ev_1379,469,arc_18_vir_8,1.0
ev_1379,469,arc_vir_8_8,1.0
ev_1380,470,238,1.0
ev_1380,470,311,1.0
ev_1380,470,arc_31_vir_8,1.0
ev_1380,470,arc_vir_8_8,1.0
ev_1381,470,238,1.0
ev_1381,470,458,1.0
ev_1381,470,arc_72_vir_8,1.0
ev_1381,470,arc_vir_8_8,1.0
ev_1382,470,238,1.0
ev_1382,470,215,1.0
ev_1382,470,arc_18_vir_8,1.0
ev_1382,470,arc_vir_8_8,1.0
ev_1383,471,238,1.0
ev_1383,471,311,1.0
ev_1383,471,arc_31_vir_8,1.0
ev_1383,471,arc_vir_8_8,1.0
ev_1384,471,238,1.0
ev_1384,471,458,1.0
ev_1384,471,arc_72_vir_8,1.0
ev_1384,471,arc_vir_8_8,1.0
ev_1385,471,238,1.0
ev_1385,471,215,1.0
ev_1385,471,arc_18_vir_8,1.0
ev_1385,471,arc_vir_8_8,1.0
ev_1387,472,87,1.0
ev_1387,472,84,1.0
ev_1387,472,arc_45_vir_63,1.0
ev_1387,472,arc_vir_63_63,1.0
ev_1387,472,409,1.0
ev_1387,472,389,1.0
ev_1390,473,238,1.0
ev_1390,473,458,1.0
ev_1390,473,arc_72_vir_74,1.0
ev_1390,473,arc_vir_74_74,1.0
ev_1391,473,238,1.0
ev_1391,473,275,1.0
ev_1391,473,270,1.0
ev_1391,473,arc_59_vir_74,1.0
ev_1391,473,arc_vir_74_74,1.0
ev_1392,473,238,1.0
ev_1392,473,443,1.0
ev_1392,473,arc_59_vir_74,1.0
ev_1392,473,arc_vir_74_74,1.0
ev_1393,473,57,1.0
ev_1393,473,54,1.0
ev_1393,473,458,1.0
ev_1393,473,arc_72_vir_74,1.0
ev_1393,473,arc_vir_74_74,1.0
ev_1394,474,238,1.0
ev_1394,474,458,1.0
ev_1394,474,arc_72_vir_74,1.0
ev_1394,474,arc_vir_74_74,1.0
ev_1395,474,238,1.0
ev_1395,474,275,1.0
ev_1395,474,270,1.0
ev_1395,474,arc_59_vir_74,1.0
ev_1395,474,arc_vir_74_74,1.0
ev_1396,474,238,1.0
ev_1396,474,443,1.0
ev_1396,474,arc_59_vir_74,1.0
ev_1396,474,arc_vir_74_74,1.0
ev_1397,474,57,1.0
ev_1397,474,54,1.0
ev_1397,474,458,1.0
ev_1397,474,arc_72_vir_74,1.0
ev_1397,474,arc_vir_74_74,1.0
ev_1398,475,238,1.0
ev_1398,475,458,1.0
ev_1398,475,arc_72_vir_74,1.0
ev_1398,475,arc_vir_74_74,1.0
ev_1399,475,238,1.0
ev_1399,475,275,1.0
ev_1399,475,270,1.0
ev_1399,475,arc_59_vir_74,1.0
ev_1399,475,arc_vir_74_74,1.0
ev_1400,475,238,1.0
ev_1400,475,443,1.0
ev_1400,475,arc_59_vir_74,1.0
ev_1400,475,arc_vir_74_74,1.0
ev_1401,475,57,1.0
ev_1401,475,54,1.0
ev_1401,475,458,1.0
ev_1401,475,arc_72_vir_74,1.0
ev_1401,475,arc_vir_74_74,1.0
ev_1411,479,arc_19_vir_64,1.0
ev_1411,479,arc_vir_64_64,1.0
ev_1412,479,216,1.0
ev_1412,479,arc_54_vir_64,1.0
ev_1412,479,arc_vir_64_64,1.0
ev_1413,479,220,1.0
ev_1413,479,arc_77_vir_64,1.0
ev_1413,479,arc_vir_64_64,1.0
ev_1414,480,arc_19_vir_64,1.0
ev_1414,480,arc_vir_64_64,1.0
ev_1415,480,216,1.0
ev_1415,480,arc_54_vir_64,1.0
ev_1415,480,arc_vir_64_64,1.0
ev_1416,480,220,1.0
ev_1416,480,arc_77_vir_64,1.0
ev_1416,480,arc_vir_64_64,1.0
ev_1417,481,arc_19_vir_64,1.0
ev_1417,481,arc_vir_64_64,1.0
ev_1418,481,216,1.0
ev_1418,481,arc_54_vir_64,1.0
ev_1418,481,arc_vir_64_64,1.0
ev_1419,481,220,1.0
ev_1419,481,arc_77_vir_64,1.0
ev_1419,481,arc_vir_64_64,1.0
ev_1420,482,arc_19_vir_64,1.0
ev_1420,482,arc_vir_64_64,1.0
ev_1421,482,216,1.0
ev_1421,482,arc_54_vir_64,1.0
ev_1421,482,arc_vir_64_64,1.0
ev_1422,482,220,1.0
ev_1422,482,arc_77_vir_64,1.0
ev_1422,482,arc_vir_64_64,1.0
ev_1423,483,arc_19_vir_64,1.0
ev_1423,483,arc_vir_64_64,1.0
ev_1423,483,359,1.0
ev_1425,483,216,1.0
ev_1425,483,arc_54_vir_64,1.0
ev_1425,483,arc_vir_64_64,1.0
ev_1425,483,359,1.0
ev_1428,484,arc_19_vir_64,1.0
ev_1428,484,arc_vir_64_64,1.0
ev_1428,484,452,1.0
ev_1428,484,427,1.0
ev_1428,484,185,1.0
ev_1431,485,arc_19_vir_64,1.0
ev_1431,485,arc_vir_64_64,1.0
ev_1431,485,452,1.0
ev_1431,485,427,1.0
ev_1431,485,185,1.0
ev_1434,486,arc_19_vir_64,1.0
ev_1434,486,arc_vir_64_64,1.0
ev_1434,486,452,1.0
ev_1434,486,427,1.0
ev_1435,487,arc_19_vir_64,1.0
ev_1435,487,arc_vir_64_64,1.0
ev_1435,487,303,1.0
ev_1435,487,33,1.0
ev_1436,487,216,1.0
ev_1436,487,arc_54_vir_64,1.0
ev_1436,487,arc_vir_64_64,1.0
ev_1436,487,303,1.0
ev_1436,487,33,1.0
ev_1437,487,arc_19_vir_64,1.0
ev_1437,487,arc_vir_64_64,1.0
ev_1437,487,141,1.0
ev_1437,487,148,1.0
ev_1437,487,33,1.0
ev_1438,488,arc_19_vir_64,1.0
ev_1438,488,arc_vir_64_64,1.0
ev_1438,488,303,1.0
ev_1438,488,300,1.0
ev_1439,488,216,1.0
ev_1439,488,arc_54_vir_64,1.0
ev_1439,488,arc_vir_64_64,1.0
ev_1439,488,303,1.0
ev_1439,488,300,1.0
ev_1440,488,arc_19_vir_64,1.0
ev_1440,488,arc_vir_64_64,1.0
ev_1440,488,141,1.0
ev_1440,488,148,1.0
ev_1440,488,300,1.0
ev_1447,491,arc_19_vir_64,1.0
ev_1447,491,arc_vir_64_64,1.0
ev_1447,491,303,1.0
ev_1447,491,arc_30_vir_63,1.0
ev_1447,491,arc_vir_63_63,1.0
ev_1448,491,216,1.0
ev_1448,491,arc_54_vir_64,1.0
ev_1448,491,arc_vir_64_64,1.0
ev_1448,491,303,1.0
ev_1448,491,arc_30_vir_63,1.0
ev_1448,491,arc_vir_63_63,1.0
ev_1449,491,arc_19_vir_64,1.0
ev_1449,491,arc_vir_64_64,1.0
ev_1449,491,141,1.0
ev_1449,491,148,1.0
ev_1449,491,arc_30_vir_63,1.0
ev_1449,491,arc_vir_63_63,1.0
ev_1459,495,arc_19_vir_64,1.0
ev_1459,495,arc_vir_64_64,1.0
ev_1459,495,359,1.0
ev_1459,495,362,1.0
ev_1459,495,405,1.0
ev_1461,495,216,1.0
ev_1461,495,arc_54_vir_64,1.0
ev_1461,495,arc_vir_64_64,1.0
ev_1461,495,359,1.0
ev_1461,495,362,1.0
ev_1461,495,405,1.0
ev_1462,496,arc_19_vir_64,1.0
ev_1462,496,arc_vir_64_64,1.0
ev_1462,496,359,1.0
ev_1462,496,362,1.0
ev_1462,496,405,1.0
ev_1464,496,216,1.0
ev_1464,496,arc_54_vir_64,1.0
ev_1464,496,arc_vir_64_64,1.0
ev_1464,496,359,1.0
ev_1464,496,362,1.0
ev_1464,496,405,1.0
ev_1465,497,arc_19_vir_64,1.0
ev_1465,497,arc_vir_64_64,1.0
ev_1465,497,359,1.0
ev_1465,497,362,1.0
ev_1465,497,405,1.0
ev_1467,497,216,1.0
ev_1467,497,arc_54_vir_64,1.0
ev_1467,497,arc_vir_64_64,1.0
ev_1467,497,359,1.0
ev_1467,497,362,1.0
ev_1467,497,405,1.0
ev_1468,498,arc_19_vir_64,1.0
ev_1468,498,arc_vir_64_64,1.0
ev_1468,498,359,1.0
ev_1468,498,362,1.0
ev_1468,498,405,1.0
ev_1470,498,216,1.0
ev_1470,498,arc_54_vir_64,1.0
ev_1470,498,arc_vir_64_64,1.0
ev_1470,498,359,1.0
ev_1470,498,362,1.0
ev_1470,498,405,1.0
ev_1472,500,arc_31_vir_8,1.0
ev_1472,500,arc_vir_8_8,1.0
ev_1473,500,207,1.0
ev_1473,500,arc_18_vir_8,1.0
ev_1473,500,arc_vir_8_8,1.0
ev_1474,500,306,1.0
ev_1474,500,arc_72_vir_8,1.0
ev_1474,500,arc_vir_8_8,1.0
ev_1475,501,arc_31_vir_8,1.0
ev_1475,501,arc_vir_8_8,1.0
ev_1476,501,207,1.0
ev_1476,501,arc_18_vir_8,1.0
ev_1476,501,arc_vir_8_8,1.0
ev_1477,501,306,1.0
ev_1477,501,arc_72_vir_8,1.0
ev_1477,501,arc_vir_8_8,1.0
ev_1478,502,arc_31_vir_8,1.0
ev_1478,502,arc_vir_8_8,1.0
ev_1479,502,207,1.0
ev_1479,502,arc_18_vir_8,1.0
ev_1479,502,arc_vir_8_8,1.0
ev_1480,502,306,1.0
ev_1480,502,arc_72_vir_8,1.0
ev_1480,502,arc_vir_8_8,1.0
ev_1483,503,arc_31_vir_8,1.0
ev_1483,503,arc_vir_8_8,1.0
ev_1483,503,94,1.0
ev_1486,504,arc_31_vir_8,1.0
ev_1486,504,arc_vir_8_8,1.0
ev_1486,504,96,1.0
ev_1489,505,arc_31_vir_8,1.0
ev_1489,505,arc_vir_8_8,1.0
ev_1489,505,96,1.0
ev_1492,506,arc_31_vir_8,1.0
ev_1492,506,arc_vir_8_8,1.0
ev_1492,506,96,1.0
ev_1493,507,arc_31_vir_74,1.0
ev_1493,507,arc_vir_74_74,1.0
ev_1494,507,306,1.0
ev_1494,507,arc_72_vir_74,1.0
ev_1494,507,arc_vir_74_74,1.0
ev_1495,507,207,1.0
ev_1495,507,208,1.0
ev_1495,507,arc_72_vir_74,1.0
ev_1495,507,arc_vir_74_74,1.0
ev_1496,508,arc_31_vir_74,1.0
ev_1496,508,arc_vir_74_74,1.0
ev_1497,508,306,1.0
ev_1497,508,arc_72_vir_74,1.0
ev_1497,508,arc_vir_74_74,1.0
ev_1498,508,207,1.0
ev_1498,508,208,1.0
ev_1498,508,arc_72_vir_74,1.0
ev_1498,508,arc_vir_74_74,1.0
ev_1499,509,arc_31_vir_74,1.0
ev_1499,509,arc_vir_74_74,1.0
ev_1500,509,306,1.0
ev_1500,509,arc_72_vir_74,1.0
ev_1500,509,arc_vir_74_74,1.0
ev_1501,509,207,1.0
ev_1501,509,208,1.0
ev_1501,509,arc_72_vir_74,1.0
ev_1501,509,arc_vir_74_74,1.0
ev_1504,510,arc_31_vir_8,1.0
ev_1504,510,arc_vir_8_8,1.0
ev_1504,510,43,1.0
ev_1508,512,arc_31_vir_8,1.0
ev_1508,512,arc_vir_8_8,1.0
ev_1508,512,102,1.0
ev_1509,512,arc_31_vir_74,1.0
ev_1509,512,arc_vir_74_74,1.0
ev_1509,512,415,1.0
ev_1510,512,207,1.0
ev_1510,512,arc_18_vir_8,1.0
ev_1510,512,arc_vir_8_8,1.0
ev_1510,512,102,1.0
ev_1514,514,310,1.0
ev_1514,514,arc_69_vir_22,1.0
ev_1514,514,arc_vir_22_22,1.0
ev_1514,514,87,1.0
ev_1515,514,207,1.0
ev_1515,514,214,1.0
ev_1515,514,arc_69_vir_22,1.0
ev_1515,514,arc_vir_22_22,1.0
ev_1515,514,87,1.0
ev_1517,515,310,1.0
ev_1517,515,arc_69_vir_22,1.0
ev_1517,515,arc_vir_22_22,1.0
ev_1518,515,207,1.0
ev_1518,515,214,1.0
ev_1518,515,arc_69_vir_22,1.0
ev_1518,515,arc_vir_22_22,1.0
ev_1519,515,310,1.0
ev_1519,515,55,1.0
ev_1519,515,arc_5_vir_22,1.0
ev_1519,515,arc_vir_22_22,1.0
ev_1520,516,arc_31_vir_74,1.0
ev_1520,516,arc_vir_74_74,1.0
ev_1520,516,285,1.0
ev_1526,517,310,1.0
ev_1526,517,arc_69_vir_22,1.0
ev_1526,517,arc_vir_22_22,1.0
ev_1526,517,57,1.0
ev_1529,518,arc_31_vir_74,1.0
ev_1529,518,arc_vir_74_74,1.0
ev_1529,518,279,1.0
ev_1552,527,arc_33_vir_14,1.0
ev_1552,527,arc_vir_14_14,1.0
ev_1553,527,324,1.0
ev_1553,527,arc_46_vir_14,1.0
ev_1553,527,arc_vir_14_14,1.0
ev_1554,527,127,1.0
ev_1554,527,124,1.0
ev_1554,527,arc_46_vir_14,1.0
ev_1554,527,arc_vir_14_14,1.0
ev_1564,531,arc_33_vir_14,1.0
ev_1564,531,arc_vir_14_14,1.0
ev_1564,531,arc_14_vir_34,1.0
ev_1564,531,arc_vir_34_34,1.0
ev_1565,531,324,1.0
ev_1565,531,arc_46_vir_14,1.0
ev_1565,531,arc_vir_14_14,1.0
ev_1565,531,arc_14_vir_34,1.0
ev_1565,531,arc_vir_34_34,1.0
ev_1566,531,arc_33_vir_14,1.0
ev_1566,531,arc_vir_14_14,1.0
ev_1566,531,162,1.0
ev_1566,531,arc_47_vir_34,1.0
ev_1566,531,arc_vir_34_34,1.0
ev_1567,532,arc_33_vir_14,1.0
ev_1567,532,arc_vir_14_14,1.0
ev_1567,532,162,1.0
ev_1568,532,324,1.0
ev_1568,532,arc_46_vir_14,1.0
ev_1568,532,arc_vir_14_14,1.0
ev_1568,532,162,1.0
ev_1569,532,arc_33_vir_14,1.0
ev_1569,532,arc_vir_14_14,1.0
ev_1569,532,arc_14_vir_34,1.0
ev_1569,532,arc_vir_34_34,1.0
ev_1569,532,328,1.0
ev_1570,533,arc_33_vir_14,1.0
ev_1570,533,arc_vir_14_14,1.0
ev_1570,533,162,1.0
ev_1571,533,324,1.0
ev_1571,533,arc_46_vir_14,1.0
ev_1571,533,arc_vir_14_14,1.0
ev_1571,533,162,1.0
ev_1572,533,arc_33_vir_14,1.0
ev_1572,533,arc_vir_14_14,1.0
ev_1572,533,arc_14_vir_34,1.0
ev_1572,533,arc_vir_34_34,1.0
ev_1572,533,328,1.0
ev_1573,534,arc_33_vir_14,1.0
ev_1573,534,arc_vir_14_14,1.0
ev_1573,534,162,1.0
ev_1574,534,324,1.0
ev_1574,534,arc_46_vir_14,1.0
ev_1574,534,arc_vir_14_14,1.0
ev_1574,534,162,1.0
ev_1575,534,arc_33_vir_14,1.0
ev_1575,534,arc_vir_14_14,1.0
ev_1575,534,arc_14_vir_34,1.0
ev_1575,534,arc_vir_34_34,1.0
ev_1575,534,328,1.0
ev_1579,536,arc_33_vir_14,1.0
ev_1579,536,arc_vir_14_14,1.0
ev_1579,536,164,1.0
ev_1580,536,324,1.0
ev_1580,536,arc_46_vir_14,1.0
ev_1580,536,arc_vir_14_14,1.0
ev_1580,536,164,1.0
ev_1581,536,arc_33_vir_14,1.0
ev_1581,536,arc_vir_14_14,1.0
ev_1581,536,arc_14_vir_34,1.0
ev_1581,536,arc_vir_34_34,1.0
ev_1581,536,267,1.0
ev_1582,537,arc_33_vir_14,1.0
ev_1582,537,arc_vir_14_14,1.0
ev_1582,537,164,1.0
ev_1582,537,109,1.0
ev_1583,537,324,1.0
ev_1583,537,arc_46_vir_14,1.0
ev_1583,537,arc_vir_14_14,1.0
ev_1583,537,164,1.0
ev_1583,537,109,1.0
ev_1584,537,arc_33_vir_14,1.0
ev_1584,537,arc_vir_14_14,1.0
ev_1584,537,162,1.0
ev_1584,537,113,1.0
ev_1608,546,184,1.0
ev_1608,546,426,1.0
ev_1608,546,arc_77_vir_64,1.0
ev_1608,546,arc_vir_64_64,1.0
ev_1608,546,303,1.0
ev_1608,546,33,1.0
ev_1609,546,184,1.0
ev_1609,546,426,1.0
ev_1609,546,arc_77_vir_64,1.0
ev_1609,546,arc_vir_64_64,1.0
ev_1609,546,141,1.0
ev_1609,546,148,1.0
ev_1609,546,33,1.0
ev_1610,547,184,1.0
ev_1610,547,426,1.0
ev_1610,547,arc_77_vir_64,1.0
ev_1610,547,arc_vir_64_64,1.0
ev_1611,547,184,1.0
ev_1611,547,426,1.0
ev_1611,547,413,1.0
ev_1611,547,arc_54_vir_64,1.0
ev_1611,547,arc_vir_64_64,1.0
ev_1612,547,184,1.0
ev_1612,547,426,1.0
ev_1612,547,145,1.0
ev_1612,547,arc_12_vir_64,1.0
ev_1612,547,arc_vir_64_64,1.0
ev_1613,548,184,1.0
ev_1613,548,426,1.0
ev_1613,548,arc_77_vir_64,1.0
ev_1613,548,arc_vir_64_64,1.0
ev_1614,548,184,1.0
ev_1614,548,426,1.0
ev_1614,548,413,1.0
ev_1614,548,arc_54_vir_64,1.0
ev_1614,548,arc_vir_64_64,1.0
ev_1615,548,184,1.0
ev_1615,548,426,1.0
ev_1615,548,145,1.0
ev_1615,548,arc_12_vir_64,1.0
ev_1615,548,arc_vir_64_64,1.0
ev_1616,549,184,1.0
ev_1616,549,426,1.0
ev_1616,549,arc_77_vir_64,1.0
ev_1616,549,arc_vir_64_64,1.0
ev_1617,549,184,1.0
ev_1617,549,426,1.0
ev_1617,549,413,1.0
ev_1617,549,arc_54_vir_64,1.0
ev_1617,549,arc_vir_64_64,1.0
ev_1618,549,184,1.0
ev_1618,549,426,1.0
ev_1618,549,145,1.0
ev_1618,549,arc_12_vir_64,1.0
ev_1618,549,arc_vir_64_64,1.0
ev_1619,550,184,1.0
ev_1619,550,426,1.0
ev_1619,550,arc_77_vir_64,1.0
ev_1619,550,arc_vir_64_64,1.0
ev_1620,550,184,1.0
ev_1620,550,426,1.0
ev_1620,550,413,1.0
ev_1620,550,arc_54_vir_64,1.0
ev_1620,550,arc_vir_64_64,1.0
ev_1621,550,184,1.0
ev_1621,550,426,1.0
ev_1621,550,145,1.0
ev_1621,550,arc_12_vir_64,1.0
ev_1621,550,arc_vir_64_64,1.0
ev_1633,554,184,1.0
ev_1633,554,426,1.0
ev_1633,554,arc_77_vir_64,1.0
ev_1633,554,arc_vir_64_64,1.0
ev_1633,554,219,1.0
ev_1643,558,188,1.0
ev_1643,558,11,1.0
ev_1643,558,12,1.0
ev_1643,558,arc_26_vir_34,1.0
ev_1643,558,arc_vir_34_34,1.0
ev_1644,558,188,1.0
ev_1644,558,11,1.0
ev_1644,558,14,1.0
ev_1644,558,arc_47_vir_34,1.0
ev_1644,558,arc_vir_34_34,1.0
ev_1645,558,184,1.0
ev_1645,558,428,1.0
ev_1645,558,11,1.0
ev_1645,558,12,1.0
ev_1645,558,arc_26_vir_34,1.0
ev_1645,558,arc_vir_34_34,1.0
ev_1649,561,arc_17_vir_8,1.0
ev_1649,561,arc_vir_8_8,1.0
ev_1649,561,43,1.0
ev_1651,562,arc_17_vir_8,1.0
ev_1651,562,arc_vir_8_8,1.0
ev_1652,562,51,1.0
ev_1652,562,arc_4_vir_8,1.0
ev_1652,562,arc_vir_8_8,1.0
ev_1653,562,196,1.0
ev_1653,562,arc_72_vir_8,1.0
ev_1653,562,arc_vir_8_8,1.0
ev_1654,563,arc_17_vir_8,1.0
ev_1654,563,arc_vir_8_8,1.0
ev_1655,563,51,1.0
ev_1655,563,arc_4_vir_8,1.0
ev_1655,563,arc_vir_8_8,1.0
ev_1656,563,196,1.0
ev_1656,563,arc_72_vir_8,1.0
ev_1656,563,arc_vir_8_8,1.0
ev_1657,564,arc_17_vir_8,1.0
ev_1657,564,arc_vir_8_8,1.0
ev_1658,564,51,1.0
ev_1658,564,arc_4_vir_8,1.0
ev_1658,564,arc_vir_8_8,1.0
ev_1659,564,196,1.0
ev_1659,564,arc_72_vir_8,1.0
ev_1659,564,arc_vir_8_8,1.0
ev_1662,565,arc_17_vir_8,1.0
ev_1662,565,arc_vir_8_8,1.0
ev_1662,565,94,1.0
ev_1665,566,arc_17_vir_74,1.0
ev_1665,566,arc_vir_74_74,1.0
ev_1665,566,415,1.0
ev_1666,567,arc_17_vir_74,1.0
ev_1666,567,arc_vir_74_74,1.0
ev_1667,567,196,1.0
ev_1667,567,arc_72_vir_74,1.0
ev_1667,567,arc_vir_74_74,1.0
ev_1668,567,51,1.0
ev_1668,567,48,1.0
ev_1668,567,arc_72_vir_74,1.0
ev_1668,567,arc_vir_74_74,1.0
ev_1669,568,arc_17_vir_74,1.0
ev_1669,568,arc_vir_74_74,1.0
ev_1670,568,196,1.0
ev_1670,568,arc_72_vir_74,1.0
ev_1670,568,arc_vir_74_74,1.0
ev_1671,568,51,1.0
ev_1671,568,48,1.0
ev_1671,568,arc_72_vir_74,1.0
ev_1671,568,arc_vir_74_74,1.0
ev_1672,569,arc_17_vir_74,1.0
ev_1672,569,arc_vir_74_74,1.0
ev_1673,569,196,1.0
ev_1673,569,arc_72_vir_74,1.0
ev_1673,569,arc_vir_74_74,1.0
ev_1674,569,51,1.0
ev_1674,569,48,1.0
ev_1674,569,arc_72_vir_74,1.0
ev_1674,569,arc_vir_74_74,1.0
ev_1677,570,arc_17_vir_8,1.0
ev_1677,570,arc_vir_8_8,1.0
ev_1677,570,92,1.0
ev_1680,571,arc_17_vir_8,1.0
ev_1680,571,arc_vir_8_8,1.0
ev_1680,571,92,1.0
ev_1684,573,198,1.0
ev_1684,573,395,1.0
ev_1684,573,385,1.0
ev_1684,573,arc_46_vir_14,1.0
ev_1684,573,arc_vir_14_14,1.0
ev_1684,573,arc_14_vir_34,1.0
ev_1684,573,arc_vir_34_34,1.0
ev_1685,573,51,1.0
ev_1685,573,46,1.0
ev_1685,573,395,1.0
ev_1685,573,385,1.0
ev_1685,573,arc_46_vir_14,1.0
ev_1685,573,arc_vir_14_14,1.0
ev_1685,573,arc_14_vir_34,1.0
ev_1685,573,arc_vir_34_34,1.0
ev_1686,573,arc_17_vir_74,1.0
ev_1686,573,arc_vir_74_74,1.0
ev_1686,573,397,1.0
ev_1686,573,385,1.0
ev_1686,573,arc_46_vir_14,1.0
ev_1686,573,arc_vir_14_14,1.0
ev_1686,573,arc_14_vir_34,1.0
ev_1686,573,arc_vir_34_34,1.0
ev_1687,574,198,1.0
ev_1687,574,395,1.0
ev_1687,574,385,1.0
ev_1687,574,arc_46_vir_14,1.0
ev_1687,574,arc_vir_14_14,1.0
ev_1687,574,162,1.0
ev_1688,574,51,1.0
ev_1688,574,46,1.0
ev_1688,574,395,1.0
ev_1688,574,385,1.0
ev_1688,574,arc_46_vir_14,1.0
ev_1688,574,arc_vir_14_14,1.0
ev_1688,574,162,1.0
ev_1689,574,arc_17_vir_74,1.0
ev_1689,574,arc_vir_74_74,1.0
ev_1689,574,397,1.0
ev_1689,574,385,1.0
ev_1689,574,arc_46_vir_14,1.0
ev_1689,574,arc_vir_14_14,1.0
ev_1689,574,162,1.0
ev_1690,575,198,1.0
ev_1690,575,395,1.0
ev_1690,575,385,1.0
ev_1690,575,arc_46_vir_14,1.0
ev_1690,575,arc_vir_14_14,1.0
ev_1690,575,162,1.0
ev_1691,575,51,1.0
ev_1691,575,46,1.0
ev_1691,575,395,1.0
ev_1691,575,385,1.0
ev_1691,575,arc_46_vir_14,1.0
ev_1691,575,arc_vir_14_14,1.0
ev_1691,575,162,1.0
ev_1692,575,arc_17_vir_74,1.0
ev_1692,575,arc_vir_74_74,1.0
ev_1692,575,397,1.0
ev_1692,575,385,1.0
ev_1692,575,arc_46_vir_14,1.0
ev_1692,575,arc_vir_14_14,1.0
ev_1692,575,162,1.0
ev_1693,576,198,1.0
ev_1693,576,395,1.0
ev_1693,576,385,1.0
ev_1693,576,arc_46_vir_14,1.0
ev_1693,576,arc_vir_14_14,1.0
ev_1693,576,162,1.0
ev_1694,576,51,1.0
ev_1694,576,46,1.0
ev_1694,576,395,1.0
ev_1694,576,385,1.0
ev_1694,576,arc_46_vir_14,1.0
ev_1694,576,arc_vir_14_14,1.0
ev_1694,576,162,1.0
ev_1695,576,arc_17_vir_74,1.0
ev_1695,576,arc_vir_74_74,1.0
ev_1695,576,397,1.0
ev_1695,576,385,1.0
ev_1695,576,arc_46_vir_14,1.0
ev_1695,576,arc_vir_14_14,1.0
ev_1695,576,162,1.0
ev_1699,578,198,1.0
ev_1699,578,395,1.0
ev_1699,578,385,1.0
ev_1699,578,arc_46_vir_14,1.0
ev_1699,578,arc_vir_14_14,1.0
ev_1700,578,51,1.0
ev_1700,578,46,1.0
ev_1700,578,395,1.0
ev_1700,578,385,1.0
ev_1700,578,arc_46_vir_14,1.0
ev_1700,578,arc_vir_14_14,1.0
ev_1701,578,arc_17_vir_74,1.0
ev_1701,578,arc_vir_74_74,1.0
ev_1701,578,397,1.0
ev_1701,578,385,1.0
ev_1701,578,arc_46_vir_14,1.0
ev_1701,578,arc_vir_14_14,1.0
ev_1704,581,arc_47_vir_34,1.0
ev_1704,581,arc_vir_34_34,1.0
ev_1705,581,386,1.0
ev_1705,581,arc_65_vir_34,1.0
ev_1705,581,arc_vir_34_34,1.0
ev_1706,581,263,1.0
ev_1706,581,arc_26_vir_34,1.0
ev_1706,581,arc_vir_34_34,1.0
ev_1708,582,arc_47_vir_34,1.0
ev_1708,582,arc_vir_34_34,1.0
ev_1708,582,267,1.0
ev_1710,583,arc_47_vir_14,1.0
ev_1710,583,arc_vir_14_14,1.0
ev_1711,583,arc_47_vir_34,1.0
ev_1711,583,arc_vir_34_34,1.0
ev_1711,583,arc_34_vir_14,1.0
ev_1711,583,arc_vir_14_14,1.0
ev_1712,583,386,1.0
ev_1712,583,arc_65_vir_14,1.0
ev_1712,583,arc_vir_14_14,1.0
ev_1715,584,arc_47_vir_34,1.0
ev_1715,584,arc_vir_34_34,1.0
ev_1715,584,111,1.0
ev_1719,586,arc_47_vir_14,1.0
ev_1719,586,arc_vir_14_14,1.0
ev_1719,586,170,1.0
ev_1719,586,384,1.0
ev_1719,586,394,1.0
ev_1719,586,47,1.0
ev_1720,586,arc_47_vir_34,1.0
ev_1720,586,arc_vir_34_34,1.0
ev_1720,586,arc_34_vir_14,1.0
ev_1720,586,arc_vir_14_14,1.0
ev_1720,586,170,1.0
ev_1720,586,384,1.0
ev_1720,586,394,1.0
ev_1720,586,47,1.0
ev_1721,586,arc_47_vir_14,1.0
ev_1721,586,arc_vir_14_14,1.0
ev_1721,586,170,1.0
ev_1721,586,384,1.0
ev_1721,586,394,1.0
ev_1721,586,199,1.0
ev_1721,586,51,1.0
ev_1722,587,arc_47_vir_14,1.0
ev_1722,587,arc_vir_14_14,1.0
ev_1722,587,170,1.0
ev_1723,587,arc_47_vir_34,1.0
ev_1723,587,arc_vir_34_34,1.0
ev_1723,587,arc_34_vir_14,1.0
ev_1723,587,arc_vir_14_14,1.0
ev_1723,587,170,1.0
ev_1724,587,386,1.0
ev_1724,587,arc_65_vir_14,1.0
ev_1724,587,arc_vir_14_14,1.0
ev_1724,587,170,1.0
ev_1725,588,arc_47_vir_14,1.0
ev_1725,588,arc_vir_14_14,1.0
ev_1725,588,170,1.0
ev_1726,588,arc_47_vir_34,1.0
ev_1726,588,arc_vir_34_34,1.0
ev_1726,588,arc_34_vir_14,1.0
ev_1726,588,arc_vir_14_14,1.0
ev_1726,588,170,1.0
ev_1727,588,386,1.0
ev_1727,588,arc_65_vir_14,1.0
ev_1727,588,arc_vir_14_14,1.0
ev_1727,588,170,1.0
ev_1728,589,arc_47_vir_14,1.0
ev_1728,589,arc_vir_14_14,1.0
ev_1728,589,170,1.0
ev_1728,589,384,1.0
ev_1728,589,394,1.0
ev_1728,589,199,1.0
ev_1729,589,arc_47_vir_14,1.0
ev_1729,589,arc_vir_14_14,1.0
ev_1729,589,170,1.0
ev_1729,589,384,1.0
ev_1729,589,394,1.0
ev_1729,589,47,1.0
ev_1729,589,50,1.0
ev_1730,589,arc_47_vir_14,1.0
ev_1730,589,arc_vir_14_14,1.0
ev_1730,589,170,1.0
ev_1730,589,384,1.0
ev_1730,589,arc_50_vir_74,1.0
ev_1730,589,arc_vir_74_74,1.0
ev_1730,589,205,1.0
ev_1731,590,arc_47_vir_14,1.0
ev_1731,590,arc_vir_14_14,1.0
ev_1731,590,170,1.0
ev_1731,590,384,1.0
ev_1731,590,394,1.0
ev_1731,590,199,1.0
ev_1732,590,arc_47_vir_14,1.0
ev_1732,590,arc_vir_14_14,1.0
ev_1732,590,170,1.0
ev_1732,590,384,1.0
ev_1732,590,394,1.0
ev_1732,590,47,1.0
ev_1732,590,50,1.0
ev_1733,590,arc_47_vir_14,1.0
ev_1733,590,arc_vir_14_14,1.0
ev_1733,590,170,1.0
ev_1733,590,384,1.0
ev_1733,590,arc_50_vir_74,1.0
ev_1733,590,arc_vir_74_74,1.0
ev_1733,590,205,1.0
ev_1734,591,arc_47_vir_14,1.0
ev_1734,591,arc_vir_14_14,1.0
ev_1734,591,170,1.0
ev_1734,591,384,1.0
ev_1734,591,394,1.0
ev_1734,591,199,1.0
ev_1735,591,arc_47_vir_14,1.0
ev_1735,591,arc_vir_14_14,1.0
ev_1735,591,170,1.0
ev_1735,591,384,1.0
ev_1735,591,394,1.0
ev_1735,591,47,1.0
ev_1735,591,50,1.0
ev_1736,591,arc_47_vir_14,1.0
ev_1736,591,arc_vir_14_14,1.0
ev_1736,591,170,1.0
ev_1736,591,384,1.0
ev_1736,591,arc_50_vir_74,1.0
ev_1736,591,arc_vir_74_74,1.0
ev_1736,591,205,1.0
ev_1737,592,arc_47_vir_14,1.0
ev_1737,592,arc_vir_14_14,1.0
ev_1737,592,170,1.0
ev_1737,592,384,1.0
ev_1737,592,394,1.0
ev_1738,592,arc_47_vir_34,1.0
ev_1738,592,arc_vir_34_34,1.0
ev_1738,592,arc_34_vir_14,1.0
ev_1738,592,arc_vir_14_14,1.0
ev_1738,592,170,1.0
ev_1738,592,384,1.0
ev_1738,592,394,1.0
ev_1739,592,arc_47_vir_14,1.0
ev_1739,592,arc_vir_14_14,1.0
ev_1739,592,170,1.0
ev_1739,592,125,1.0
ev_1739,592,120,1.0
ev_1739,592,394,1.0
ev_1740,593,arc_47_vir_14,1.0
ev_1740,593,arc_vir_14_14,1.0
ev_1740,593,arc_14_vir_33,1.0
ev_1740,593,arc_vir_33_33,1.0
ev_1741,593,arc_47_vir_14,1.0
ev_1741,593,arc_vir_14_14,1.0
ev_1741,593,170,1.0
ev_1741,593,arc_46_vir_33,1.0
ev_1741,593,arc_vir_33_33,1.0
ev_1742,593,arc_47_vir_34,1.0
ev_1742,593,arc_vir_34_34,1.0
ev_1742,593,arc_34_vir_14,1.0
ev_1742,593,arc_vir_14_14,1.0
ev_1742,593,arc_14_vir_33,1.0
ev_1742,593,arc_vir_33_33,1.0
ev_1743,594,arc_47_vir_14,1.0
ev_1743,594,arc_vir_14_14,1.0
ev_1743,594,arc_14_vir_33,1.0
ev_1743,594,arc_vir_33_33,1.0
ev_1744,594,arc_47_vir_14,1.0
ev_1744,594,arc_vir_14_14,1.0
ev_1744,594,170,1.0
ev_1744,594,arc_46_vir_33,1.0
ev_1744,594,arc_vir_33_33,1.0
ev_1745,594,arc_47_vir_34,1.0
ev_1745,594,arc_vir_34_34,1.0
ev_1745,594,arc_34_vir_14,1.0
ev_1745,594,arc_vir_14_14,1.0
ev_1745,594,arc_14_vir_33,1.0
ev_1745,594,arc_vir_33_33,1.0
ev_1752,597,arc_47_vir_14,1.0
ev_1752,597,arc_vir_14_14,1.0
ev_1752,597,170,1.0
ev_1752,597,384,1.0
ev_1752,597,394,1.0
ev_1752,597,47,1.0
ev_1752,597,52,1.0
ev_1754,597,arc_47_vir_34,1.0
ev_1754,597,arc_vir_34_34,1.0
ev_1754,597,arc_34_vir_14,1.0
ev_1754,597,arc_vir_14_14,1.0
ev_1754,597,170,1.0
ev_1754,597,384,1.0
ev_1754,597,394,1.0
ev_1754,597,47,1.0
ev_1754,597,52,1.0
ev_1755,597,arc_47_vir_14,1.0
ev_1755,597,arc_vir_14_14,1.0
ev_1755,597,170,1.0
ev_1755,597,384,1.0
ev_1755,597,394,1.0
ev_1755,597,199,1.0
ev_1755,597,51,1.0
ev_1755,597,52,1.0
ev_1756,598,arc_47_vir_14,1.0
ev_1756,598,arc_vir_14_14,1.0
ev_1756,598,170,1.0
ev_1756,598,384,1.0
ev_1756,598,394,1.0
ev_1756,598,arc_55_vir_8,1.0
ev_1756,598,arc_vir_8_8,1.0
ev_1757,598,arc_47_vir_34,1.0
ev_1757,598,arc_vir_34_34,1.0
ev_1757,598,arc_34_vir_14,1.0
ev_1757,598,arc_vir_14_14,1.0
ev_1757,598,170,1.0
ev_1757,598,384,1.0
ev_1757,598,394,1.0
ev_1757,598,arc_55_vir_8,1.0
ev_1757,598,arc_vir_8_8,1.0
ev_1758,598,arc_47_vir_14,1.0
ev_1758,598,arc_vir_14_14,1.0
ev_1758,598,170,1.0
ev_1758,598,384,1.0
ev_1758,598,arc_50_vir_74,1.0
ev_1758,598,arc_vir_74_74,1.0
ev_1758,598,arc_74_vir_8,1.0
ev_1758,598,arc_vir_8_8,1.0
ev_1762,601,arc_17_vir_8,1.0
ev_1762,601,arc_vir_8_8,1.0
ev_1762,601,43,1.0
ev_1764,602,arc_17_vir_8,1.0
ev_1764,602,arc_vir_8_8,1.0
ev_1765,602,51,1.0
ev_1765,602,arc_4_vir_8,1.0
ev_1765,602,arc_vir_8_8,1.0
ev_1766,602,196,1.0
ev_1766,602,arc_72_vir_8,1.0
ev_1766,602,arc_vir_8_8,1.0
ev_1767,603,arc_17_vir_8,1.0
ev_1767,603,arc_vir_8_8,1.0
ev_1768,603,51,1.0
ev_1768,603,arc_4_vir_8,1.0
ev_1768,603,arc_vir_8_8,1.0
ev_1769,603,196,1.0
ev_1769,603,arc_72_vir_8,1.0
ev_1769,603,arc_vir_8_8,1.0
ev_1770,604,arc_17_vir_8,1.0
ev_1770,604,arc_vir_8_8,1.0
ev_1771,604,51,1.0
ev_1771,604,arc_4_vir_8,1.0
ev_1771,604,arc_vir_8_8,1.0
ev_1772,604,196,1.0
ev_1772,604,arc_72_vir_8,1.0
ev_1772,604,arc_vir_8_8,1.0
ev_1775,605,arc_17_vir_8,1.0
ev_1775,605,arc_vir_8_8,1.0
ev_1775,605,94,1.0
ev_1778,606,arc_17_vir_74,1.0
ev_1778,606,arc_vir_74_74,1.0
ev_1778,606,415,1.0
ev_1779,607,arc_17_vir_74,1.0
ev_1779,607,arc_vir_74_74,1.0
ev_1780,607,196,1.0
ev_1780,607,arc_72_vir_74,1.0
ev_1780,607,arc_vir_74_74,1.0
ev_1781,607,51,1.0
ev_1781,607,48,1.0
ev_1781,607,arc_72_vir_74,1.0
ev_1781,607,arc_vir_74_74,1.0
ev_1782,608,arc_17_vir_74,1.0
ev_1782,608,arc_vir_74_74,1.0
ev_1783,608,196,1.0
ev_1783,608,arc_72_vir_74,1.0
ev_1783,608,arc_vir_74_74,1.0
ev_1784,608,51,1.0
ev_1784,608,48,1.0
ev_1784,608,arc_72_vir_74,1.0
ev_1784,608,arc_vir_74_74,1.0
ev_1785,609,arc_17_vir_74,1.0
ev_1785,609,arc_vir_74_74,1.0
ev_1786,609,196,1.0
ev_1786,609,arc_72_vir_74,1.0
ev_1786,609,arc_vir_74_74,1.0
ev_1787,609,51,1.0
ev_1787,609,48,1.0
ev_1787,609,arc_72_vir_74,1.0
ev_1787,609,arc_vir_74_74,1.0
ev_1790,610,arc_17_vir_8,1.0
ev_1790,610,arc_vir_8_8,1.0
ev_1790,610,92,1.0
ev_1793,611,arc_17_vir_8,1.0
ev_1793,611,arc_vir_8_8,1.0
ev_1793,611,92,1.0
ev_1797,613,198,1.0
ev_1797,613,395,1.0
ev_1797,613,385,1.0
ev_1797,613,arc_46_vir_14,1.0
ev_1797,613,arc_vir_14_14,1.0
ev_1797,613,arc_14_vir_34,1.0
ev_1797,613,arc_vir_34_34,1.0
ev_1798,613,51,1.0
ev_1798,613,46,1.0
ev_1798,613,395,1.0
ev_1798,613,385,1.0
ev_1798,613,arc_46_vir_14,1.0
ev_1798,613,arc_vir_14_14,1.0
ev_1798,613,arc_14_vir_34,1.0
ev_1798,613,arc_vir_34_34,1.0
ev_1799,613,arc_17_vir_74,1.0
ev_1799,613,arc_vir_74_74,1.0
ev_1799,613,397,1.0
ev_1799,613,385,1.0
ev_1799,613,arc_46_vir_14,1.0
ev_1799,613,arc_vir_14_14,1.0
ev_1799,613,arc_14_vir_34,1.0
ev_1799,613,arc_vir_34_34,1.0
ev_1800,614,198,1.0
ev_1800,614,395,1.0
ev_1800,614,385,1.0
ev_1800,614,arc_46_vir_14,1.0
ev_1800,614,arc_vir_14_14,1.0
ev_1800,614,162,1.0
ev_1801,614,51,1.0
ev_1801,614,46,1.0
ev_1801,614,395,1.0
ev_1801,614,385,1.0
ev_1801,614,arc_46_vir_14,1.0
ev_1801,614,arc_vir_14_14,1.0
ev_1801,614,162,1.0
ev_1802,614,arc_17_vir_74,1.0
ev_1802,614,arc_vir_74_74,1.0
ev_1802,614,397,1.0
ev_1802,614,385,1.0
ev_1802,614,arc_46_vir_14,1.0
ev_1802,614,arc_vir_14_14,1.0
ev_1802,614,162,1.0
ev_1803,615,198,1.0
ev_1803,615,395,1.0
ev_1803,615,385,1.0
ev_1803,615,arc_46_vir_14,1.0
ev_1803,615,arc_vir_14_14,1.0
ev_1803,615,162,1.0
ev_1804,615,51,1.0
ev_1804,615,46,1.0
ev_1804,615,395,1.0
ev_1804,615,385,1.0
ev_1804,615,arc_46_vir_14,1.0
ev_1804,615,arc_vir_14_14,1.0
ev_1804,615,162,1.0
ev_1805,615,arc_17_vir_74,1.0
ev_1805,615,arc_vir_74_74,1.0
ev_1805,615,397,1.0
ev_1805,615,385,1.0
ev_1805,615,arc_46_vir_14,1.0
ev_1805,615,arc_vir_14_14,1.0
ev_1805,615,162,1.0
ev_1806,616,198,1.0
ev_1806,616,395,1.0
ev_1806,616,385,1.0
ev_1806,616,arc_46_vir_14,1.0
ev_1806,616,arc_vir_14_14,1.0
ev_1806,616,162,1.0
ev_1807,616,51,1.0
ev_1807,616,46,1.0
ev_1807,616,395,1.0
ev_1807,616,385,1.0
ev_1807,616,arc_46_vir_14,1.0
ev_1807,616,arc_vir_14_14,1.0
ev_1807,616,162,1.0
ev_1808,616,arc_17_vir_74,1.0
ev_1808,616,arc_vir_74_74,1.0
ev_1808,616,397,1.0
ev_1808,616,385,1.0
ev_1808,616,arc_46_vir_14,1.0
ev_1808,616,arc_vir_14_14,1.0
ev_1808,616,162,1.0
ev_1812,618,198,1.0
ev_1812,618,395,1.0
ev_1812,618,385,1.0
ev_1812,618,arc_46_vir_14,1.0
ev_1812,618,arc_vir_14_14,1.0
ev_1813,618,51,1.0
ev_1813,618,46,1.0
ev_1813,618,395,1.0
ev_1813,618,385,1.0
ev_1813,618,arc_46_vir_14,1.0
ev_1813,618,arc_vir_14_14,1.0
ev_1814,618,arc_17_vir_74,1.0
ev_1814,618,arc_vir_74_74,1.0
ev_1814,618,397,1.0
ev_1814,618,385,1.0
ev_1814,618,arc_46_vir_14,1.0
ev_1814,618,arc_vir_14_14,1.0
ev_1816,620,arc_46_vir_33,1.0
ev_1816,620,arc_vir_33_33,1.0
ev_1817,620,125,1.0
ev_1817,620,arc_10_vir_33,1.0
ev_1817,620,arc_vir_33_33,1.0
ev_1818,620,377,1.0
ev_1818,620,arc_43_vir_33,1.0
ev_1818,620,arc_vir_33_33,1.0
ev_1819,621,arc_46_vir_33,1.0
ev_1819,621,arc_vir_33_33,1.0
ev_1820,621,125,1.0
ev_1820,621,arc_10_vir_33,1.0
ev_1820,621,arc_vir_33_33,1.0
ev_1821,621,377,1.0
ev_1821,621,arc_43_vir_33,1.0
ev_1821,621,arc_vir_33_33,1.0
ev_1823,622,arc_46_vir_33,1.0
ev_1823,622,arc_vir_33_33,1.0
ev_1823,622,127,1.0
ev_1825,623,arc_46_vir_14,1.0
ev_1825,623,arc_vir_14_14,1.0
ev_1826,623,arc_46_vir_33,1.0
ev_1826,623,arc_vir_33_33,1.0
ev_1826,623,arc_33_vir_14,1.0
ev_1826,623,arc_vir_14_14,1.0
ev_1827,623,125,1.0
ev_1827,623,arc_10_vir_33,1.0
ev_1827,623,arc_vir_33_33,1.0
ev_1827,623,arc_33_vir_14,1.0
ev_1827,623,arc_vir_14_14,1.0
ev_1829,624,arc_46_vir_33,1.0
ev_1829,624,arc_vir_33_33,1.0
ev_1829,624,320,1.0
ev_1832,625,arc_46_vir_33,1.0
ev_1832,625,arc_vir_33_33,1.0
ev_1832,625,320,1.0
ev_1834,626,arc_46_vir_14,1.0
ev_1834,626,arc_vir_14_14,1.0
ev_1834,626,arc_14_vir_34,1.0
ev_1834,626,arc_vir_34_34,1.0
ev_1835,626,arc_46_vir_14,1.0
ev_1835,626,arc_vir_14_14,1.0
ev_1835,626,162,1.0
ev_1835,626,arc_47_vir_34,1.0
ev_1835,626,arc_vir_34_34,1.0
ev_1836,626,arc_46_vir_14,1.0
ev_1836,626,arc_vir_14_14,1.0
ev_1836,626,164,1.0
ev_1836,626,arc_26_vir_34,1.0
ev_1836,626,arc_vir_34_34,1.0
ev_1837,627,arc_46_vir_33,1.0
ev_1837,627,arc_vir_33_33,1.0
ev_1837,627,322,1.0
ev_1839,627,arc_46_vir_33,1.0
ev_1839,627,arc_vir_33_33,1.0
ev_1839,627,320,1.0
ev_1839,627,374,1.0
ev_1840,628,arc_46_vir_33,1.0
ev_1840,628,arc_vir_33_33,1.0
ev_1840,628,322,1.0
ev_1842,628,arc_46_vir_33,1.0
ev_1842,628,arc_vir_33_33,1.0
ev_1842,628,320,1.0
ev_1842,628,374,1.0
ev_1845,629,arc_46_vir_33,1.0
ev_1845,629,arc_vir_33_33,1.0
ev_1845,629,127,1.0
ev_1845,629,118,1.0
ev_1846,630,arc_46_vir_14,1.0
ev_1846,630,arc_vir_14_14,1.0
ev_1846,630,162,1.0
ev_1847,630,arc_46_vir_14,1.0
ev_1847,630,arc_vir_14_14,1.0
ev_1847,630,arc_14_vir_34,1.0
ev_1847,630,arc_vir_34_34,1.0
ev_1847,630,328,1.0
ev_1848,630,arc_46_vir_14,1.0
ev_1848,630,arc_vir_14_14,1.0
ev_1848,630,166,1.0
ev_1848,630,387,1.0
ev_1849,631,arc_46_vir_14,1.0
ev_1849,631,arc_vir_14_14,1.0
ev_1849,631,162,1.0
ev_1850,631,arc_46_vir_14,1.0
ev_1850,631,arc_vir_14_14,1.0
ev_1850,631,arc_14_vir_34,1.0
ev_1850,631,arc_vir_34_34,1.0
ev_1850,631,328,1.0
ev_1851,631,arc_46_vir_14,1.0
ev_1851,631,arc_vir_14_14,1.0
ev_1851,631,166,1.0
ev_1851,631,387,1.0
ev_1852,632,arc_46_vir_14,1.0
ev_1852,632,arc_vir_14_14,1.0
ev_1852,632,162,1.0
ev_1853,632,arc_46_vir_14,1.0
ev_1853,632,arc_vir_14_14,1.0
ev_1853,632,arc_14_vir_34,1.0
ev_1853,632,arc_vir_34_34,1.0
ev_1853,632,328,1.0
ev_1854,632,arc_46_vir_14,1.0
ev_1854,632,arc_vir_14_14,1.0
ev_1854,632,166,1.0
ev_1854,632,387,1.0
ev_1857,633,384,1.0
ev_1857,633,arc_50_vir_74,1.0
ev_1857,633,arc_vir_74_74,1.0
ev_1857,633,415,1.0
ev_1860,634,arc_46_vir_33,1.0
ev_1860,634,arc_vir_33_33,1.0
ev_1860,634,320,1.0
ev_1860,634,351,1.0
ev_1863,635,arc_46_vir_33,1.0
ev_1863,635,arc_vir_33_33,1.0
ev_1863,635,320,1.0
ev_1863,635,351,1.0
ev_1864,636,arc_46_vir_14,1.0
ev_1864,636,arc_vir_14_14,1.0
ev_1864,636,164,1.0
ev_1865,636,arc_46_vir_14,1.0
ev_1865,636,arc_vir_14_14,1.0
ev_1865,636,arc_14_vir_34,1.0
ev_1865,636,arc_vir_34_34,1.0
ev_1865,636,267,1.0
ev_1866,636,arc_46_vir_14,1.0
ev_1866,636,arc_vir_14_14,1.0
ev_1866,636,162,1.0
ev_1866,636,263,1.0
ev_1867,637,arc_46_vir_14,1.0
ev_1867,637,arc_vir_14_14,1.0
ev_1867,637,164,1.0
ev_1867,637,109,1.0
ev_1868,637,arc_46_vir_14,1.0
ev_1868,637,arc_vir_14_14,1.0
ev_1868,637,162,1.0
ev_1868,637,113,1.0
ev_1869,637,arc_46_vir_14,1.0
ev_1869,637,arc_vir_14_14,1.0
ev_1869,637,arc_14_vir_34,1.0
ev_1869,637,arc_vir_34_34,1.0
ev_1869,637,111,1.0
ev_1872,638,384,1.0
ev_1872,638,arc_50_vir_74,1.0
ev_1872,638,arc_vir_74_74,1.0
ev_1872,638,205,1.0
ev_1872,638,51,1.0
ev_1874,639,arc_4_vir_8,1.0
ev_1874,639,arc_vir_8_8,1.0
ev_1874,639,96,1.0
ev_1877,640,arc_4_vir_8,1.0
ev_1877,640,arc_vir_8_8,1.0
ev_1877,640,96,1.0
ev_1880,641,arc_4_vir_8,1.0
ev_1880,641,arc_vir_8_8,1.0
ev_1880,641,96,1.0
ev_1882,642,arc_4_vir_8,1.0
ev_1882,642,arc_vir_8_8,1.0
ev_1883,642,50,1.0
ev_1883,642,arc_17_vir_8,1.0
ev_1883,642,arc_vir_8_8,1.0
ev_1884,642,48,1.0
ev_1884,642,arc_72_vir_8,1.0
ev_1884,642,arc_vir_8_8,1.0
ev_1885,643,arc_4_vir_8,1.0
ev_1885,643,arc_vir_8_8,1.0
ev_1886,643,50,1.0
ev_1886,643,arc_17_vir_8,1.0
ev_1886,643,arc_vir_8_8,1.0
ev_1887,643,48,1.0
ev_1887,643,arc_72_vir_8,1.0
ev_1887,643,arc_vir_8_8,1.0
ev_1888,644,arc_4_vir_8,1.0
ev_1888,644,arc_vir_8_8,1.0
ev_1889,644,50,1.0
ev_1889,644,arc_17_vir_8,1.0
ev_1889,644,arc_vir_8_8,1.0
ev_1890,644,48,1.0
ev_1890,644,arc_72_vir_8,1.0
ev_1890,644,arc_vir_8_8,1.0
ev_1893,645,50,1.0
ev_1893,645,arc_17_vir_74,1.0
ev_1893,645,arc_vir_74_74,1.0
ev_1893,645,415,1.0
ev_1896,646,arc_4_vir_8,1.0
ev_1896,646,arc_vir_8_8,1.0
ev_1896,646,94,1.0
ev_1897,647,50,1.0
ev_1897,647,arc_17_vir_74,1.0
ev_1897,647,arc_vir_74_74,1.0
ev_1898,647,48,1.0
ev_1898,647,arc_72_vir_74,1.0
ev_1898,647,arc_vir_74_74,1.0
ev_1899,647,46,1.0
ev_1899,647,arc_55_vir_74,1.0
ev_1899,647,arc_vir_74_74,1.0
ev_1900,648,50,1.0
ev_1900,648,arc_17_vir_74,1.0
ev_1900,648,arc_vir_74_74,1.0
ev_1901,648,48,1.0
ev_1901,648,arc_72_vir_74,1.0
ev_1901,648,arc_vir_74_74,1.0
ev_1902,648,46,1.0
ev_1902,648,arc_55_vir_74,1.0
ev_1902,648,arc_vir_74_74,1.0
ev_1903,649,50,1.0
ev_1903,649,arc_17_vir_74,1.0
ev_1903,649,arc_vir_74_74,1.0
ev_1904,649,48,1.0
ev_1904,649,arc_72_vir_74,1.0
ev_1904,649,arc_vir_74_74,1.0
ev_1905,649,46,1.0
ev_1905,649,arc_55_vir_74,1.0
ev_1905,649,arc_vir_74_74,1.0
ev_1908,650,arc_4_vir_8,1.0
ev_1908,650,arc_vir_8_8,1.0
ev_1908,650,92,1.0
ev_1911,651,arc_4_vir_8,1.0
ev_1911,651,arc_vir_8_8,1.0
ev_1911,651,92,1.0
ev_1915,653,46,1.0
ev_1915,653,395,1.0
ev_1915,653,385,1.0
ev_1915,653,arc_46_vir_14,1.0
ev_1915,653,arc_vir_14_14,1.0
ev_1915,653,arc_14_vir_34,1.0
ev_1915,653,arc_vir_34_34,1.0
ev_1916,653,50,1.0
ev_1916,653,198,1.0
ev_1916,653,395,1.0
ev_1916,653,385,1.0
ev_1916,653,arc_46_vir_14,1.0
ev_1916,653,arc_vir_14_14,1.0
ev_1916,653,arc_14_vir_34,1.0
ev_1916,653,arc_vir_34_34,1.0
ev_1917,653,46,1.0
ev_1917,653,395,1.0
ev_1917,653,385,1.0
ev_1917,653,arc_46_vir_14,1.0
ev_1917,653,arc_vir_14_14,1.0
ev_1917,653,162,1.0
ev_1917,653,arc_47_vir_34,1.0
ev_1917,653,arc_vir_34_34,1.0
ev_1918,654,46,1.0
ev_1918,654,395,1.0
ev_1918,654,385,1.0
ev_1918,654,arc_46_vir_14,1.0
ev_1918,654,arc_vir_14_14,1.0
ev_1918,654,162,1.0
ev_1919,654,46,1.0
ev_1919,654,395,1.0
ev_1919,654,385,1.0
ev_1919,654,arc_46_vir_14,1.0
ev_1919,654,arc_vir_14_14,1.0
ev_1919,654,arc_14_vir_34,1.0
ev_1919,654,arc_vir_34_34,1.0
ev_1919,654,328,1.0
ev_1920,654,50,1.0
ev_1920,654,198,1.0
ev_1920,654,395,1.0
ev_1920,654,385,1.0
ev_1920,654,arc_46_vir_14,1.0
ev_1920,654,arc_vir_14_14,1.0
ev_1920,654,162,1.0
ev_1921,655,46,1.0
ev_1921,655,395,1.0
ev_1921,655,385,1.0
ev_1921,655,arc_46_vir_14,1.0
ev_1921,655,arc_vir_14_14,1.0
ev_1921,655,162,1.0
ev_1922,655,46,1.0
ev_1922,655,395,1.0
ev_1922,655,385,1.0
ev_1922,655,arc_46_vir_14,1.0
ev_1922,655,arc_vir_14_14,1.0
ev_1922,655,arc_14_vir_34,1.0
ev_1922,655,arc_vir_34_34,1.0
ev_1922,655,328,1.0
ev_1923,655,50,1.0
ev_1923,655,198,1.0
ev_1923,655,395,1.0
ev_1923,655,385,1.0
ev_1923,655,arc_46_vir_14,1.0
ev_1923,655,arc_vir_14_14,1.0
ev_1923,655,162,1.0
ev_1924,656,46,1.0
ev_1924,656,395,1.0
ev_1924,656,385,1.0
ev_1924,656,arc_46_vir_14,1.0
ev_1924,656,arc_vir_14_14,1.0
ev_1924,656,162,1.0
ev_1925,656,46,1.0
ev_1925,656,395,1.0
ev_1925,656,385,1.0
ev_1925,656,arc_46_vir_14,1.0
ev_1925,656,arc_vir_14_14,1.0
ev_1925,656,arc_14_vir_34,1.0
ev_1925,656,arc_vir_34_34,1.0
ev_1925,656,328,1.0
ev_1926,656,50,1.0
ev_1926,656,198,1.0
ev_1926,656,395,1.0
ev_1926,656,385,1.0
ev_1926,656,arc_46_vir_14,1.0
ev_1926,656,arc_vir_14_14,1.0
ev_1926,656,162,1.0
ev_1927,657,46,1.0
ev_1927,657,395,1.0
ev_1927,657,385,1.0
ev_1927,657,arc_46_vir_14,1.0
ev_1927,657,arc_vir_14_14,1.0
ev_1928,657,50,1.0
ev_1928,657,198,1.0
ev_1928,657,395,1.0
ev_1928,657,385,1.0
ev_1928,657,arc_46_vir_14,1.0
ev_1928,657,arc_vir_14_14,1.0
ev_1929,657,50,1.0
ev_1929,657,arc_17_vir_74,1.0
ev_1929,657,arc_vir_74_74,1.0
ev_1929,657,397,1.0
ev_1929,657,385,1.0
ev_1929,657,arc_46_vir_14,1.0
ev_1929,657,arc_vir_14_14,1.0
ev_1963,669,431,1.0
ev_1963,669,426,1.0
ev_1963,669,arc_77_vir_64,1.0
ev_1963,669,arc_vir_64_64,1.0
ev_1963,669,303,1.0
ev_1963,669,33,1.0
ev_1964,670,23,1.0
ev_1964,670,12,1.0
ev_1964,670,arc_26_vir_34,1.0
ev_1964,670,arc_vir_34_34,1.0
ev_1965,670,23,1.0
ev_1965,670,14,1.0
ev_1965,670,arc_47_vir_34,1.0
ev_1965,670,arc_vir_34_34,1.0
ev_1966,670,23,1.0
ev_1966,670,16,1.0
ev_1966,670,arc_9_vir_34,1.0
ev_1966,670,arc_vir_34_34,1.0
ev_1967,671,23,1.0
ev_1967,671,12,1.0
ev_1967,671,arc_26_vir_14,1.0
ev_1967,671,arc_vir_14_14,1.0
ev_1968,671,23,1.0
ev_1968,671,16,1.0
ev_1968,671,108,1.0
ev_1968,671,arc_26_vir_14,1.0
ev_1968,671,arc_vir_14_14,1.0
ev_1969,671,447,1.0
ev_1969,671,11,1.0
ev_1969,671,12,1.0
ev_1969,671,arc_26_vir_14,1.0
ev_1969,671,arc_vir_14_14,1.0
ev_1973,673,431,1.0
ev_1973,673,426,1.0
ev_1973,673,arc_77_vir_64,1.0
ev_1973,673,arc_vir_64_64,1.0
ev_1974,673,187,1.0
ev_1974,673,184,1.0
ev_1974,673,426,1.0
ev_1974,673,arc_77_vir_64,1.0
ev_1974,673,arc_vir_64_64,1.0
ev_1975,673,431,1.0
ev_1975,673,426,1.0
ev_1975,673,413,1.0
ev_1975,673,arc_54_vir_64,1.0
ev_1975,673,arc_vir_64_64,1.0
ev_1976,674,431,1.0
ev_1976,674,426,1.0
ev_1976,674,arc_77_vir_64,1.0
ev_1976,674,arc_vir_64_64,1.0
ev_1977,674,187,1.0
ev_1977,674,184,1.0
ev_1977,674,426,1.0
ev_1977,674,arc_77_vir_64,1.0
ev_1977,674,arc_vir_64_64,1.0
ev_1978,674,431,1.0
ev_1978,674,426,1.0
ev_1978,674,413,1.0
ev_1978,674,arc_54_vir_64,1.0
ev_1978,674,arc_vir_64_64,1.0
ev_1979,675,431,1.0
ev_1979,675,426,1.0
ev_1979,675,arc_77_vir_64,1.0
ev_1979,675,arc_vir_64_64,1.0
ev_1980,675,187,1.0
ev_1980,675,184,1.0
ev_1980,675,426,1.0
ev_1980,675,arc_77_vir_64,1.0
ev_1980,675,arc_vir_64_64,1.0
ev_1981,675,431,1.0
ev_1981,675,426,1.0
ev_1981,675,413,1.0
ev_1981,675,arc_54_vir_64,1.0
ev_1981,675,arc_vir_64_64,1.0
ev_1982,676,431,1.0
ev_1982,676,426,1.0
ev_1982,676,arc_77_vir_64,1.0
ev_1982,676,arc_vir_64_64,1.0
ev_1983,676,187,1.0
ev_1983,676,184,1.0
ev_1983,676,426,1.0
ev_1983,676,arc_77_vir_64,1.0
ev_1983,676,arc_vir_64_64,1.0
ev_1984,676,431,1.0
ev_1984,676,426,1.0
ev_1984,676,413,1.0
ev_1984,676,arc_54_vir_64,1.0
ev_1984,676,arc_vir_64_64,1.0
ev_1988,678,23,1.0
ev_1988,678,12,1.0
ev_1988,678,arc_26_vir_14,1.0
ev_1988,678,arc_vir_14_14,1.0
ev_1988,678,170,1.0
ev_1988,678,384,1.0
ev_1988,678,394,1.0
ev_1988,678,47,1.0
ev_1989,678,23,1.0
ev_1989,678,16,1.0
ev_1989,678,108,1.0
ev_1989,678,arc_26_vir_14,1.0
ev_1989,678,arc_vir_14_14,1.0
ev_1989,678,170,1.0
ev_1989,678,384,1.0
ev_1989,678,394,1.0
ev_1989,678,47,1.0
ev_1990,678,23,1.0
ev_1990,678,12,1.0
ev_1990,678,arc_26_vir_14,1.0
ev_1990,678,arc_vir_14_14,1.0
ev_1990,678,170,1.0
ev_1990,678,384,1.0
ev_1990,678,394,1.0
ev_1990,678,199,1.0
ev_1990,678,51,1.0
ev_1994,681,arc_8_vir_74,1.0
ev_1994,681,arc_vir_74_74,1.0
ev_1994,681,461,1.0
ev_2014,688,arc_8_vir_74,1.0
ev_2014,688,arc_vir_74_74,1.0
ev_2015,688,94,1.0
ev_2015,688,arc_72_vir_74,1.0
ev_2015,688,arc_vir_74_74,1.0
ev_2016,688,102,1.0
ev_2016,688,arc_55_vir_74,1.0
ev_2016,688,arc_vir_74_74,1.0
ev_2017,689,arc_8_vir_74,1.0
ev_2017,689,arc_vir_74_74,1.0
ev_2018,689,94,1.0
ev_2018,689,arc_72_vir_74,1.0
ev_2018,689,arc_vir_74_74,1.0
ev_2019,689,102,1.0
ev_2019,689,arc_55_vir_74,1.0
ev_2019,689,arc_vir_74_74,1.0
ev_2020,690,arc_8_vir_74,1.0
ev_2020,690,arc_vir_74_74,1.0
ev_2021,690,94,1.0
ev_2021,690,arc_72_vir_74,1.0
ev_2021,690,arc_vir_74_74,1.0
ev_2022,690,102,1.0
ev_2022,690,arc_55_vir_74,1.0
ev_2022,690,arc_vir_74_74,1.0
ev_2025,691,arc_8_vir_74,1.0
ev_2025,691,arc_vir_74_74,1.0
ev_2025,691,415,1.0
ev_2032,694,102,1.0
ev_2032,694,395,1.0
ev_2032,694,385,1.0
ev_2032,694,arc_46_vir_14,1.0
ev_2032,694,arc_vir_14_14,1.0
ev_2032,694,arc_14_vir_34,1.0
ev_2032,694,arc_vir_34_34,1.0
ev_2033,694,102,1.0
ev_2033,694,395,1.0
ev_2033,694,385,1.0
ev_2033,694,arc_46_vir_14,1.0
ev_2033,694,arc_vir_14_14,1.0
ev_2033,694,162,1.0
ev_2033,694,arc_47_vir_34,1.0
ev_2033,694,arc_vir_34_34,1.0
ev_2034,694,arc_8_vir_74,1.0
ev_2034,694,arc_vir_74_74,1.0
ev_2034,694,397,1.0
ev_2034,694,385,1.0
ev_2034,694,arc_46_vir_14,1.0
ev_2034,694,arc_vir_14_14,1.0
ev_2034,694,arc_14_vir_34,1.0
ev_2034,694,arc_vir_34_34,1.0
ev_2038,695,arc_8_vir_74,1.0
ev_2038,695,arc_vir_74_74,1.0
ev_2038,695,285,1.0
ev_2039,696,92,1.0
ev_2039,696,310,1.0
ev_2039,696,arc_69_vir_22,1.0
ev_2039,696,arc_vir_22_22,1.0
ev_2039,696,87,1.0
ev_2040,696,94,1.0
ev_2040,696,459,1.0
ev_2040,696,arc_69_vir_22,1.0
ev_2040,696,arc_vir_22_22,1.0
ev_2040,696,87,1.0
ev_2041,696,98,1.0
ev_2041,696,214,1.0
ev_2041,696,arc_69_vir_22,1.0
ev_2041,696,arc_vir_22_22,1.0
ev_2041,696,87,1.0
ev_2045,698,102,1.0
ev_2045,698,395,1.0
ev_2045,698,385,1.0
ev_2045,698,arc_46_vir_14,1.0
ev_2045,698,arc_vir_14_14,1.0
ev_2045,698,162,1.0
ev_2046,698,102,1.0
ev_2046,698,395,1.0
ev_2046,698,385,1.0
ev_2046,698,arc_46_vir_14,1.0
ev_2046,698,arc_vir_14_14,1.0
ev_2046,698,arc_14_vir_34,1.0
ev_2046,698,arc_vir_34_34,1.0
ev_2046,698,328,1.0
ev_2047,698,arc_8_vir_74,1.0
ev_2047,698,arc_vir_74_74,1.0
ev_2047,698,397,1.0
ev_2047,698,385,1.0
ev_2047,698,arc_46_vir_14,1.0
ev_2047,698,arc_vir_14_14,1.0
ev_2047,698,162,1.0
ev_2050,701,arc_62_vir_56,1.0
ev_2050,701,arc_vir_56_56,1.0
ev_2051,701,450,1.0
ev_2051,701,arc_78_vir_56,1.0
ev_2051,701,arc_vir_56_56,1.0
ev_2052,701,193,1.0
ev_2052,701,190,1.0
ev_2052,701,arc_78_vir_56,1.0
ev_2052,701,arc_vir_56_56,1.0
ev_2053,702,arc_62_vir_56,1.0
ev_2053,702,arc_vir_56_56,1.0
ev_2054,702,450,1.0
ev_2054,702,arc_78_vir_56,1.0
ev_2054,702,arc_vir_56_56,1.0
ev_2055,702,193,1.0
ev_2055,702,190,1.0
ev_2055,702,arc_78_vir_56,1.0
ev_2055,702,arc_vir_56_56,1.0
ev_2080,711,433,1.0
ev_2080,711,426,1.0
ev_2080,711,arc_77_vir_64,1.0
ev_2080,711,arc_vir_64_64,1.0
ev_2081,711,450,1.0
ev_2081,711,435,1.0
ev_2081,711,426,1.0
ev_2081,711,arc_77_vir_64,1.0
ev_2081,711,arc_vir_64_64,1.0
ev_2082,711,193,1.0
ev_2082,711,184,1.0
ev_2082,711,426,1.0
ev_2082,711,arc_77_vir_64,1.0
ev_2082,711,arc_vir_64_64,1.0
ev_2083,712,433,1.0
ev_2083,712,426,1.0
ev_2083,712,arc_77_vir_64,1.0
ev_2083,712,arc_vir_64_64,1.0
ev_2084,712,450,1.0
ev_2084,712,435,1.0
ev_2084,712,426,1.0
ev_2084,712,arc_77_vir_64,1.0
ev_2084,712,arc_vir_64_64,1.0
ev_2085,712,193,1.0
ev_2085,712,184,1.0
ev_2085,712,426,1.0
ev_2085,712,arc_77_vir_64,1.0
ev_2085,712,arc_vir_64_64,1.0
ev_2086,713,433,1.0
ev_2086,713,426,1.0
ev_2086,713,arc_77_vir_64,1.0
ev_2086,713,arc_vir_64_64,1.0
ev_2087,713,450,1.0
ev_2087,713,435,1.0
ev_2087,713,426,1.0
ev_2087,713,arc_77_vir_64,1.0
ev_2087,713,arc_vir_64_64,1.0
ev_2088,713,193,1.0
ev_2088,713,184,1.0
ev_2088,713,426,1.0
ev_2088,713,arc_77_vir_64,1.0
ev_2088,713,arc_vir_64_64,1.0
ev_2089,714,433,1.0
ev_2089,714,426,1.0
ev_2089,714,arc_77_vir_64,1.0
ev_2089,714,arc_vir_64_64,1.0
ev_2090,714,450,1.0
ev_2090,714,435,1.0
ev_2090,714,426,1.0
ev_2090,714,arc_77_vir_64,1.0
ev_2090,714,arc_vir_64_64,1.0
ev_2091,714,193,1.0
ev_2091,714,184,1.0
ev_2091,714,426,1.0
ev_2091,714,arc_77_vir_64,1.0
ev_2091,714,arc_vir_64_64,1.0
ev_2098,717,433,1.0
ev_2098,717,426,1.0
ev_2098,717,arc_77_vir_64,1.0
ev_2098,717,arc_vir_64_64,1.0
ev_2098,717,359,1.0
ev_2099,717,450,1.0
ev_2099,717,435,1.0
ev_2099,717,426,1.0
ev_2099,717,arc_77_vir_64,1.0
ev_2099,717,arc_vir_64_64,1.0
ev_2099,717,359,1.0
ev_2100,717,193,1.0
ev_2100,717,184,1.0
ev_2100,717,426,1.0
ev_2100,717,arc_77_vir_64,1.0
ev_2100,717,arc_vir_64_64,1.0
ev_2100,717,359,1.0
ev_2105,719,arc_68_vir_51,1.0
ev_2105,719,arc_vir_51_51,1.0
ev_2105,719,137,1.0
ev_2109,720,arc_68_vir_22,1.0
ev_2109,720,arc_vir_22_22,1.0
ev_2109,720,238,1.0
ev_2109,720,275,1.0
ev_2111,721,arc_68_vir_22,1.0
ev_2111,721,arc_vir_22_22,1.0
ev_2111,721,57,1.0
ev_2113,722,arc_68_vir_22,1.0
ev_2113,722,arc_vir_22_22,1.0
ev_2114,722,63,1.0
ev_2114,722,arc_5_vir_22,1.0
ev_2114,722,arc_vir_22_22,1.0
ev_2115,722,135,1.0
ev_2115,722,65,1.0
ev_2115,722,arc_5_vir_22,1.0
ev_2115,722,arc_vir_22_22,1.0
ev_2117,723,arc_68_vir_22,1.0
ev_2117,723,arc_vir_22_22,1.0
ev_2117,723,238,1.0
ev_2122,725,arc_68_vir_22,1.0
ev_2122,725,arc_vir_22_22,1.0
ev_2122,725,87,1.0
ev_2124,725,63,1.0
ev_2124,725,arc_5_vir_22,1.0
ev_2124,725,arc_vir_22_22,1.0
ev_2124,725,87,1.0
ev_2127,726,arc_68_vir_22,1.0
ev_2127,726,arc_vir_22_22,1.0
ev_2127,726,238,1.0
ev_2127,726,311,1.0
ev_2130,727,arc_68_vir_22,1.0
ev_2130,727,arc_vir_22_22,1.0
ev_2130,727,238,1.0
ev_2130,727,311,1.0
ev_2132,728,277,1.0
ev_2132,728,arc_27_vir_74,1.0
ev_2132,728,arc_vir_74_74,1.0
ev_2132,728,461,1.0
ev_2134,729,277,1.0
ev_2134,729,arc_27_vir_74,1.0
ev_2134,729,arc_vir_74_74,1.0
ev_2135,729,277,1.0
ev_2135,729,270,1.0
ev_2135,729,arc_59_vir_74,1.0
ev_2135,729,arc_vir_74_74,1.0
ev_2136,729,277,1.0
ev_2136,729,272,1.0
ev_2136,729,arc_28_vir_74,1.0
ev_2136,729,arc_vir_74_74,1.0
ev_2137,730,277,1.0
ev_2137,730,arc_27_vir_74,1.0
ev_2137,730,arc_vir_74_74,1.0
ev_2138,730,277,1.0
ev_2138,730,270,1.0
ev_2138,730,arc_59_vir_74,1.0
ev_2138,730,arc_vir_74_74,1.0
ev_2139,730,277,1.0
ev_2139,730,272,1.0
ev_2139,730,arc_28_vir_74,1.0
ev_2139,730,arc_vir_74_74,1.0
ev_2140,731,277,1.0
ev_2140,731,arc_27_vir_74,1.0
ev_2140,731,arc_vir_74_74,1.0
ev_2141,731,277,1.0
ev_2141,731,270,1.0
ev_2141,731,arc_59_vir_74,1.0
ev_2141,731,arc_vir_74_74,1.0
ev_2142,731,277,1.0
ev_2142,731,272,1.0
ev_2142,731,arc_28_vir_74,1.0
ev_2142,731,arc_vir_74_74,1.0
ev_2143,732,277,1.0
ev_2143,732,270,1.0
ev_2143,732,arc_59_vir_8,1.0
ev_2143,732,arc_vir_8_8,1.0
ev_2144,732,277,1.0
ev_2144,732,270,1.0
ev_2144,732,440,1.0
ev_2144,732,arc_72_vir_8,1.0
ev_2144,732,arc_vir_8_8,1.0
ev_2145,732,277,1.0
ev_2145,732,arc_27_vir_74,1.0
ev_2145,732,arc_vir_74_74,1.0
ev_2145,732,arc_74_vir_8,1.0
ev_2145,732,arc_vir_8_8,1.0
ev_2146,733,277,1.0
ev_2146,733,270,1.0
ev_2146,733,arc_59_vir_8,1.0
ev_2146,733,arc_vir_8_8,1.0
ev_2147,733,277,1.0
ev_2147,733,270,1.0
ev_2147,733,440,1.0
ev_2147,733,arc_72_vir_8,1.0
ev_2147,733,arc_vir_8_8,1.0
ev_2148,733,277,1.0
ev_2148,733,arc_27_vir_74,1.0
ev_2148,733,arc_vir_74_74,1.0
ev_2148,733,arc_74_vir_8,1.0
ev_2148,733,arc_vir_8_8,1.0
ev_2149,734,277,1.0
ev_2149,734,270,1.0
ev_2149,734,arc_59_vir_8,1.0
ev_2149,734,arc_vir_8_8,1.0
ev_2150,734,277,1.0
ev_2150,734,270,1.0
ev_2150,734,440,1.0
ev_2150,734,arc_72_vir_8,1.0
ev_2150,734,arc_vir_8_8,1.0
ev_2151,734,277,1.0
ev_2151,734,arc_27_vir_74,1.0
ev_2151,734,arc_vir_74_74,1.0
ev_2151,734,arc_74_vir_8,1.0
ev_2151,734,arc_vir_8_8,1.0
ev_2153,735,277,1.0
ev_2153,735,arc_27_vir_74,1.0
ev_2153,735,arc_vir_74_74,1.0
ev_2153,735,415,1.0
ev_2154,735,277,1.0
ev_2154,735,270,1.0
ev_2154,735,arc_59_vir_74,1.0
ev_2154,735,arc_vir_74_74,1.0
ev_2154,735,415,1.0
ev_2155,736,277,1.0
ev_2155,736,arc_27_vir_74,1.0
ev_2155,736,arc_vir_74_74,1.0
ev_2155,736,205,1.0
ev_2156,736,277,1.0
ev_2156,736,270,1.0
ev_2156,736,arc_59_vir_74,1.0
ev_2156,736,arc_vir_74_74,1.0
ev_2156,736,205,1.0
ev_2157,736,277,1.0
ev_2157,736,270,1.0
ev_2157,736,arc_59_vir_8,1.0
ev_2157,736,arc_vir_8_8,1.0
ev_2157,736,96,1.0
ev_2158,737,277,1.0
ev_2158,737,arc_27_vir_74,1.0
ev_2158,737,arc_vir_74_74,1.0
ev_2158,737,205,1.0
ev_2159,737,277,1.0
ev_2159,737,270,1.0
ev_2159,737,arc_59_vir_74,1.0
ev_2159,737,arc_vir_74_74,1.0
ev_2159,737,205,1.0
ev_2160,737,277,1.0
ev_2160,737,270,1.0
ev_2160,737,arc_59_vir_8,1.0
ev_2160,737,arc_vir_8_8,1.0
ev_2160,737,96,1.0
ev_2161,738,277,1.0
ev_2161,738,arc_27_vir_74,1.0
ev_2161,738,arc_vir_74_74,1.0
ev_2161,738,205,1.0
ev_2162,738,277,1.0
ev_2162,738,270,1.0
ev_2162,738,arc_59_vir_74,1.0
ev_2162,738,arc_vir_74_74,1.0
ev_2162,738,205,1.0
ev_2163,738,277,1.0
ev_2163,738,270,1.0
ev_2163,738,arc_59_vir_8,1.0
ev_2163,738,arc_vir_8_8,1.0
ev_2163,738,96,1.0
ev_2164,739,arc_14_vir_34,1.0
ev_2164,739,arc_vir_34_34,1.0
ev_2165,739,162,1.0
ev_2165,739,arc_47_vir_34,1.0
ev_2165,739,arc_vir_34_34,1.0
ev_2166,739,164,1.0
ev_2166,739,arc_26_vir_34,1.0
ev_2166,739,arc_vir_34_34,1.0
ev_2168,740,arc_14_vir_34,1.0
ev_2168,740,arc_vir_34_34,1.0
ev_2168,740,328,1.0
ev_2171,741,arc_14_vir_34,1.0
ev_2171,741,arc_vir_34_34,1.0
ev_2171,741,328,1.0
ev_2174,742,arc_14_vir_34,1.0
ev_2174,742,arc_vir_34_34,1.0
ev_2174,742,328,1.0
ev_2177,743,arc_14_vir_34,1.0
ev_2177,743,arc_vir_34_34,1.0
ev_2177,743,267,1.0
ev_2180,744,arc_14_vir_33,1.0
ev_2180,744,arc_vir_33_33,1.0
ev_2180,744,324,1.0
ev_2181,744,arc_14_vir_33,1.0
ev_2181,744,arc_vir_33_33,1.0
ev_2181,744,127,1.0
ev_2181,744,124,1.0
ev_2183,745,arc_14_vir_33,1.0
ev_2183,745,arc_vir_33_33,1.0
ev_2183,745,324,1.0
ev_2184,745,arc_14_vir_33,1.0
ev_2184,745,arc_vir_33_33,1.0
ev_2184,745,127,1.0
ev_2184,745,124,1.0
ev_2187,746,arc_14_vir_34,1.0
ev_2187,746,arc_vir_34_34,1.0
ev_2187,746,111,1.0
ev_2188,747,arc_14_vir_33,1.0
ev_2188,747,arc_vir_33_33,1.0
ev_2189,747,170,1.0
ev_2189,747,arc_46_vir_33,1.0
ev_2189,747,arc_vir_33_33,1.0
ev_2190,747,170,1.0
ev_2190,747,125,1.0
ev_2190,747,arc_10_vir_33,1.0
ev_2190,747,arc_vir_33_33,1.0
ev_2191,748,arc_14_vir_33,1.0
ev_2191,748,arc_vir_33_33,1.0
ev_2192,748,170,1.0
ev_2192,748,arc_46_vir_33,1.0
ev_2192,748,arc_vir_33_33,1.0
ev_2193,748,170,1.0
ev_2193,748,125,1.0
ev_2193,748,arc_10_vir_33,1.0
ev_2193,748,arc_vir_33_33,1.0
ev_2198,750,arc_14_vir_33,1.0
ev_2198,750,arc_vir_33_33,1.0
ev_2198,750,127,1.0
ev_2199,750,170,1.0
ev_2199,750,arc_46_vir_33,1.0
ev_2199,750,arc_vir_33_33,1.0
ev_2199,750,127,1.0
ev_2202,751,170,1.0
ev_2202,751,384,1.0
ev_2202,751,arc_50_vir_74,1.0
ev_2202,751,arc_vir_74_74,1.0
ev_2202,751,205,1.0
ev_2202,751,51,1.0
ev_2205,752,170,1.0
ev_2205,752,384,1.0
ev_2205,752,arc_50_vir_74,1.0
ev_2205,752,arc_vir_74_74,1.0
ev_2205,752,205,1.0
ev_2208,753,170,1.0
ev_2208,753,384,1.0
ev_2208,753,arc_50_vir_74,1.0
ev_2208,753,arc_vir_74_74,1.0
ev_2208,753,205,1.0
ev_2211,754,170,1.0
ev_2211,754,384,1.0
ev_2211,754,arc_50_vir_74,1.0
ev_2211,754,arc_vir_74_74,1.0
ev_2211,754,205,1.0
ev_2214,755,170,1.0
ev_2214,755,384,1.0
ev_2214,755,arc_50_vir_74,1.0
ev_2214,755,arc_vir_74_74,1.0
ev_2214,755,415,1.0
ev_2217,756,arc_14_vir_33,1.0
ev_2217,756,arc_vir_33_33,1.0
ev_2217,756,127,1.0
ev_2217,756,118,1.0
ev_2219,757,arc_14_vir_33,1.0
ev_2219,757,arc_vir_33_33,1.0
ev_2219,757,320,1.0
ev_2220,757,170,1.0
ev_2220,757,arc_46_vir_33,1.0
ev_2220,757,arc_vir_33_33,1.0
ev_2220,757,320,1.0
ev_2222,758,arc_14_vir_33,1.0
ev_2222,758,arc_vir_33_33,1.0
ev_2222,758,320,1.0
ev_2223,758,170,1.0
ev_2223,758,arc_46_vir_33,1.0
ev_2223,758,arc_vir_33_33,1.0
ev_2223,758,320,1.0
ev_2255,770,180,1.0
ev_2255,770,455,1.0
ev_2255,770,arc_67_vir_33,1.0
ev_2255,770,arc_vir_33_33,1.0
ev_2256,770,180,1.0
ev_2256,770,455,1.0
ev_2256,770,375,1.0
ev_2256,770,arc_43_vir_33,1.0
ev_2256,770,arc_vir_33_33,1.0
ev_2257,770,180,1.0
ev_2257,770,357,1.0
ev_2257,770,350,1.0
ev_2257,770,arc_43_vir_33,1.0
ev_2257,770,arc_vir_33_33,1.0
ev_2258,771,180,1.0
ev_2258,771,455,1.0
ev_2258,771,arc_67_vir_33,1.0
ev_2258,771,arc_vir_33_33,1.0
ev_2259,771,180,1.0
ev_2259,771,455,1.0
ev_2259,771,375,1.0
ev_2259,771,arc_43_vir_33,1.0
ev_2259,771,arc_vir_33_33,1.0
ev_2260,771,180,1.0
ev_2260,771,357,1.0
ev_2260,771,350,1.0
ev_2260,771,arc_43_vir_33,1.0
ev_2260,771,arc_vir_33_33,1.0
ev_2261,772,180,1.0
ev_2261,772,455,1.0
ev_2261,772,arc_67_vir_33,1.0
ev_2261,772,arc_vir_33_33,1.0
ev_2261,772,324,1.0
ev_2263,772,180,1.0
ev_2263,772,455,1.0
ev_2263,772,375,1.0
ev_2263,772,arc_43_vir_33,1.0
ev_2263,772,arc_vir_33_33,1.0
ev_2263,772,324,1.0
ev_2264,773,180,1.0
ev_2264,773,455,1.0
ev_2264,773,arc_67_vir_33,1.0
ev_2264,773,arc_vir_33_33,1.0
ev_2264,773,324,1.0
ev_2266,773,180,1.0
ev_2266,773,455,1.0
ev_2266,773,375,1.0
ev_2266,773,arc_43_vir_33,1.0
ev_2266,773,arc_vir_33_33,1.0
ev_2266,773,324,1.0
ev_2273,776,174,1.0
ev_2273,776,arc_35_vir_36,1.0
ev_2273,776,arc_vir_36_36,1.0
ev_2274,776,182,1.0
ev_2274,776,arc_70_vir_36,1.0
ev_2274,776,arc_vir_36_36,1.0
ev_2275,776,178,1.0
ev_2275,776,256,1.0
ev_2275,776,arc_35_vir_36,1.0
ev_2275,776,arc_vir_36_36,1.0
ev_2276,777,174,1.0
ev_2276,777,arc_35_vir_36,1.0
ev_2276,777,arc_vir_36_36,1.0
ev_2277,777,182,1.0
ev_2277,777,arc_70_vir_36,1.0
ev_2277,777,arc_vir_36_36,1.0
ev_2278,777,178,1.0
ev_2278,777,256,1.0
ev_2278,777,arc_35_vir_36,1.0
ev_2278,777,arc_vir_36_36,1.0
ev_2312,789,342,1.0
ev_2312,789,291,1.0
ev_2312,789,273,1.0
ev_2312,789,arc_27_vir_68,1.0
ev_2312,789,arc_vir_68_68,1.0
ev_2312,789,135,1.0
ev_2319,793,arc_8_vir_74,1.0
ev_2319,793,arc_vir_74_74,1.0
ev_2319,793,461,1.0
ev_2339,800,arc_8_vir_74,1.0
ev_2339,800,arc_vir_74_74,1.0
ev_2340,800,94,1.0
ev_2340,800,arc_72_vir_74,1.0
ev_2340,800,arc_vir_74_74,1.0
ev_2341,800,102,1.0
ev_2341,800,arc_55_vir_74,1.0
ev_2341,800,arc_vir_74_74,1.0
ev_2342,801,arc_8_vir_74,1.0
ev_2342,801,arc_vir_74_74,1.0
ev_2343,801,94,1.0
ev_2343,801,arc_72_vir_74,1.0
ev_2343,801,arc_vir_74_74,1.0
ev_2344,801,102,1.0
ev_2344,801,arc_55_vir_74,1.0
ev_2344,801,arc_vir_74_74,1.0
ev_2345,802,arc_8_vir_74,1.0
ev_2345,802,arc_vir_74_74,1.0
ev_2346,802,94,1.0
ev_2346,802,arc_72_vir_74,1.0
ev_2346,802,arc_vir_74_74,1.0
ev_2347,802,102,1.0
ev_2347,802,arc_55_vir_74,1.0
ev_2347,802,arc_vir_74_74,1.0
ev_2350,803,arc_8_vir_74,1.0
ev_2350,803,arc_vir_74_74,1.0
ev_2350,803,415,1.0
ev_2357,806,102,1.0
ev_2357,806,395,1.0
ev_2357,806,385,1.0
ev_2357,806,arc_46_vir_14,1.0
ev_2357,806,arc_vir_14_14,1.0
ev_2357,806,arc_14_vir_34,1.0
ev_2357,806,arc_vir_34_34,1.0
ev_2358,806,102,1.0
ev_2358,806,395,1.0
ev_2358,806,385,1.0
ev_2358,806,arc_46_vir_14,1.0
ev_2358,806,arc_vir_14_14,1.0
ev_2358,806,162,1.0
ev_2358,806,arc_47_vir_34,1.0
ev_2358,806,arc_vir_34_34,1.0
ev_2359,806,arc_8_vir_74,1.0
ev_2359,806,arc_vir_74_74,1.0
ev_2359,806,397,1.0
ev_2359,806,385,1.0
ev_2359,806,arc_46_vir_14,1.0
ev_2359,806,arc_vir_14_14,1.0
ev_2359,806,arc_14_vir_34,1.0
ev_2359,806,arc_vir_34_34,1.0
ev_2363,807,arc_8_vir_74,1.0
ev_2363,807,arc_vir_74_74,1.0
ev_2363,807,285,1.0
ev_2364,808,92,1.0
ev_2364,808,310,1.0
ev_2364,808,arc_69_vir_22,1.0
ev_2364,808,arc_vir_22_22,1.0
ev_2364,808,87,1.0
ev_2365,808,94,1.0
ev_2365,808,459,1.0
ev_2365,808,arc_69_vir_22,1.0
ev_2365,808,arc_vir_22_22,1.0
ev_2365,808,87,1.0
ev_2366,808,98,1.0
ev_2366,808,214,1.0
ev_2366,808,arc_69_vir_22,1.0
ev_2366,808,arc_vir_22_22,1.0
ev_2366,808,87,1.0
ev_2370,810,102,1.0
ev_2370,810,395,1.0
ev_2370,810,385,1.0
ev_2370,810,arc_46_vir_14,1.0
ev_2370,810,arc_vir_14_14,1.0
ev_2370,810,162,1.0
ev_2371,810,102,1.0
ev_2371,810,395,1.0
ev_2371,810,385,1.0
ev_2371,810,arc_46_vir_14,1.0
ev_2371,810,arc_vir_14_14,1.0
ev_2371,810,arc_14_vir_34,1.0
ev_2371,810,arc_vir_34_34,1.0
ev_2371,810,328,1.0
ev_2372,810,arc_8_vir_74,1.0
ev_2372,810,arc_vir_74_74,1.0
ev_2372,810,397,1.0
ev_2372,810,385,1.0
ev_2372,810,arc_46_vir_14,1.0
ev_2372,810,arc_vir_14_14,1.0
ev_2372,810,162,1.0
ev_2376,813,arc_74_vir_8,1.0
ev_2376,813,arc_vir_8_8,1.0
ev_2376,813,94,1.0
ev_2381,815,arc_74_vir_8,1.0
ev_2381,815,arc_vir_8_8,1.0
ev_2382,815,461,1.0
ev_2382,815,arc_72_vir_8,1.0
ev_2382,815,arc_vir_8_8,1.0
ev_2383,815,415,1.0
ev_2383,815,arc_55_vir_8,1.0
ev_2383,815,arc_vir_8_8,1.0
ev_2384,816,arc_74_vir_8,1.0
ev_2384,816,arc_vir_8_8,1.0
ev_2385,816,461,1.0
ev_2385,816,arc_72_vir_8,1.0
ev_2385,816,arc_vir_8_8,1.0
ev_2386,816,415,1.0
ev_2386,816,arc_55_vir_8,1.0
ev_2386,816,arc_vir_8_8,1.0
ev_2387,817,arc_74_vir_8,1.0
ev_2387,817,arc_vir_8_8,1.0
ev_2388,817,461,1.0
ev_2388,817,arc_72_vir_8,1.0
ev_2388,817,arc_vir_8_8,1.0
ev_2389,817,415,1.0
ev_2389,817,arc_55_vir_8,1.0
ev_2389,817,arc_vir_8_8,1.0
ev_2425,829,397,1.0
ev_2425,829,385,1.0
ev_2425,829,arc_46_vir_14,1.0
ev_2425,829,arc_vir_14_14,1.0
ev_2425,829,arc_14_vir_34,1.0
ev_2425,829,arc_vir_34_34,1.0
ev_2426,829,415,1.0
ev_2426,829,395,1.0
ev_2426,829,385,1.0
ev_2426,829,arc_46_vir_14,1.0
ev_2426,829,arc_vir_14_14,1.0
ev_2426,829,arc_14_vir_34,1.0
ev_2426,829,arc_vir_34_34,1.0
ev_2427,829,397,1.0
ev_2427,829,385,1.0
ev_2427,829,arc_46_vir_14,1.0
ev_2427,829,arc_vir_14_14,1.0
ev_2427,829,162,1.0
ev_2427,829,arc_47_vir_34,1.0
ev_2427,829,arc_vir_34_34,1.0
ev_2434,832,arc_0_vir_2,1.0
ev_2434,832,arc_vir_2_2,1.0
ev_2434,832,26,1.0
ev_2437,833,arc_0_vir_2,1.0
ev_2437,833,arc_vir_2_2,1.0
ev_2437,833,28,1.0
ev_2440,834,arc_0_vir_2,1.0
ev_2440,834,arc_vir_2_2,1.0
ev_2440,834,28,1.0
ev_2443,835,arc_0_vir_2,1.0
ev_2443,835,arc_vir_2_2,1.0
ev_2443,835,28,1.0
ev_2446,836,arc_0_vir_2,1.0
ev_2446,836,arc_vir_2_2,1.0
ev_2446,836,28,1.0
ev_2447,837,0,1.0
ev_2447,837,arc_52_vir_63,1.0
ev_2447,837,arc_vir_63_63,1.0
ev_2448,837,0,1.0
ev_2448,837,157,1.0
ev_2448,837,arc_13_vir_63,1.0
ev_2448,837,arc_vir_63_63,1.0
ev_2449,837,2,1.0
ev_2449,837,250,1.0
ev_2449,837,arc_52_vir_63,1.0
ev_2449,837,arc_vir_63_63,1.0
ev_2452,838,0,1.0
ev_2452,838,157,1.0
ev_2452,838,arc_13_vir_44,1.0
ev_2452,838,arc_vir_44_44,1.0
ev_2452,838,83,1.0
ev_2453,839,0,1.0
ev_2453,839,arc_52_vir_63,1.0
ev_2453,839,arc_vir_63_63,1.0
ev_2453,839,409,1.0
ev_2454,839,0,1.0
ev_2454,839,157,1.0
ev_2454,839,arc_13_vir_63,1.0
ev_2454,839,arc_vir_63_63,1.0
ev_2454,839,409,1.0
ev_2455,839,0,1.0
ev_2455,839,arc_52_vir_63,1.0
ev_2455,839,arc_vir_63_63,1.0
ev_2455,839,445,1.0
ev_2455,839,407,1.0
ev_2459,841,6,1.0
ev_2459,841,arc_41_vir_22,1.0
ev_2459,841,arc_vir_22_22,1.0
ev_2460,841,6,1.0
ev_2460,841,69,1.0
ev_2460,841,arc_5_vir_22,1.0
ev_2460,841,arc_vir_22_22,1.0
ev_2461,841,6,1.0
ev_2461,841,91,1.0
ev_2461,841,arc_7_vir_22,1.0
ev_2461,841,arc_vir_22_22,1.0
ev_2463,842,6,1.0
ev_2463,842,arc_41_vir_22,1.0
ev_2463,842,arc_vir_22_22,1.0
ev_2463,842,57,1.0
ev_2464,842,arc_0_vir_2,1.0
ev_2464,842,arc_vir_2_2,1.0
ev_2464,842,24,1.0
ev_2464,842,69,1.0
ev_2465,843,0,1.0
ev_2465,843,404,1.0
ev_2465,843,363,1.0
ev_2465,843,arc_39_vir_64,1.0
ev_2465,843,arc_vir_64_64,1.0
ev_2466,843,0,1.0
ev_2466,843,arc_52_vir_63,1.0
ev_2466,843,arc_vir_63_63,1.0
ev_2466,843,305,1.0
ev_2466,843,arc_30_vir_64,1.0
ev_2466,843,arc_vir_64_64,1.0
ev_2467,843,0,1.0
ev_2467,843,404,1.0
ev_2467,843,363,1.0
ev_2467,843,360,1.0
ev_2467,843,arc_54_vir_64,1.0
ev_2467,843,arc_vir_64_64,1.0
ev_2468,844,0,1.0
ev_2468,844,404,1.0
ev_2468,844,363,1.0
ev_2468,844,arc_39_vir_64,1.0
ev_2468,844,arc_vir_64_64,1.0
ev_2469,844,0,1.0
ev_2469,844,arc_52_vir_63,1.0
ev_2469,844,arc_vir_63_63,1.0
ev_2469,844,305,1.0
ev_2469,844,arc_30_vir_64,1.0
ev_2469,844,arc_vir_64_64,1.0
ev_2470,844,0,1.0
ev_2470,844,404,1.0
ev_2470,844,363,1.0
ev_2470,844,360,1.0
ev_2470,844,arc_54_vir_64,1.0
ev_2470,844,arc_vir_64_64,1.0
ev_2471,845,0,1.0
ev_2471,845,404,1.0
ev_2471,845,363,1.0
ev_2471,845,arc_39_vir_64,1.0
ev_2471,845,arc_vir_64_64,1.0
ev_2472,845,0,1.0
ev_2472,845,arc_52_vir_63,1.0
ev_2472,845,arc_vir_63_63,1.0
ev_2472,845,305,1.0
ev_2472,845,arc_30_vir_64,1.0
ev_2472,845,arc_vir_64_64,1.0
ev_2473,845,0,1.0
ev_2473,845,404,1.0
ev_2473,845,363,1.0
ev_2473,845,360,1.0
ev_2473,845,arc_54_vir_64,1.0
ev_2473,845,arc_vir_64_64,1.0
ev_2474,846,0,1.0
ev_2474,846,404,1.0
ev_2474,846,363,1.0
ev_2474,846,arc_39_vir_64,1.0
ev_2474,846,arc_vir_64_64,1.0
ev_2475,846,0,1.0
ev_2475,846,arc_52_vir_63,1.0
ev_2475,846,arc_vir_63_63,1.0
ev_2475,846,305,1.0
ev_2475,846,arc_30_vir_64,1.0
ev_2475,846,arc_vir_64_64,1.0
ev_2476,846,0,1.0
ev_2476,846,404,1.0
ev_2476,846,363,1.0
ev_2476,846,360,1.0
ev_2476,846,arc_54_vir_64,1.0
ev_2476,846,arc_vir_64_64,1.0
ev_2477,847,0,1.0
ev_2477,847,arc_52_vir_63,1.0
ev_2477,847,arc_vir_63_63,1.0
ev_2477,847,41,1.0
ev_2478,847,0,1.0
ev_2478,847,arc_52_vir_63,1.0
ev_2478,847,arc_vir_63_63,1.0
ev_2478,847,409,1.0
ev_2478,847,35,1.0
ev_2479,847,0,1.0
ev_2479,847,157,1.0
ev_2479,847,arc_13_vir_63,1.0
ev_2479,847,arc_vir_63_63,1.0
ev_2479,847,41,1.0
ev_2480,848,0,1.0
ev_2480,848,arc_52_vir_63,1.0
ev_2480,848,arc_vir_63_63,1.0
ev_2480,848,409,1.0
ev_2480,848,389,1.0
ev_2481,848,0,1.0
ev_2481,848,arc_52_vir_63,1.0
ev_2481,848,arc_vir_63_63,1.0
ev_2481,848,41,1.0
ev_2481,848,36,1.0
ev_2482,848,0,1.0
ev_2482,848,157,1.0
ev_2482,848,arc_13_vir_63,1.0
ev_2482,848,arc_vir_63_63,1.0
ev_2482,848,409,1.0
ev_2482,848,389,1.0
ev_2483,849,6,1.0
ev_2483,849,arc_41_vir_22,1.0
ev_2483,849,arc_vir_22_22,1.0
ev_2483,849,238,1.0
ev_2483,849,311,1.0
ev_2485,849,6,1.0
ev_2485,849,arc_41_vir_22,1.0
ev_2485,849,arc_vir_22_22,1.0
ev_2485,849,238,1.0
ev_2485,849,215,1.0
ev_2485,849,206,1.0
ev_2486,850,6,1.0
ev_2486,850,arc_41_vir_22,1.0
ev_2486,850,arc_vir_22_22,1.0
ev_2486,850,238,1.0
ev_2486,850,311,1.0
ev_2488,850,6,1.0
ev_2488,850,arc_41_vir_22,1.0
ev_2488,850,arc_vir_22_22,1.0
ev_2488,850,238,1.0
ev_2488,850,215,1.0
ev_2488,850,206,1.0
ev_2519,861,342,1.0
ev_2519,861,291,1.0
ev_2519,861,273,1.0
ev_2519,861,arc_27_vir_68,1.0
ev_2519,861,arc_vir_68_68,1.0
ev_2519,861,135,1.0
ev_2569,879,367,1.0
ev_2569,879,269,1.0
ev_2569,879,arc_26_vir_14,1.0
ev_2569,879,arc_vir_14_14,1.0
ev_2570,879,367,1.0
ev_2570,879,19,1.0
ev_2570,879,12,1.0
ev_2570,879,arc_26_vir_14,1.0
ev_2570,879,arc_vir_14_14,1.0
ev_2571,879,367,1.0
ev_2571,879,117,1.0
ev_2571,879,108,1.0
ev_2571,879,arc_26_vir_14,1.0
ev_2571,879,arc_vir_14_14,1.0
ev_2572,880,367,1.0
ev_2572,880,117,1.0
ev_2572,880,arc_9_vir_34,1.0
ev_2572,880,arc_vir_34_34,1.0
ev_2573,880,367,1.0
ev_2573,880,269,1.0
ev_2573,880,arc_26_vir_34,1.0
ev_2573,880,arc_vir_34_34,1.0
ev_2574,880,367,1.0
ev_2574,880,19,1.0
ev_2574,880,12,1.0
ev_2574,880,arc_26_vir_34,1.0
ev_2574,880,arc_vir_34_34,1.0
ev_2581,884,arc_8_vir_74,1.0
ev_2581,884,arc_vir_74_74,1.0
ev_2581,884,461,1.0
ev_2601,891,arc_8_vir_74,1.0
ev_2601,891,arc_vir_74_74,1.0
ev_2602,891,94,1.0
ev_2602,891,arc_72_vir_74,1.0
ev_2602,891,arc_vir_74_74,1.0
ev_2603,891,102,1.0
ev_2603,891,arc_55_vir_74,1.0
ev_2603,891,arc_vir_74_74,1.0
ev_2604,892,arc_8_vir_74,1.0
ev_2604,892,arc_vir_74_74,1.0
ev_2605,892,94,1.0
ev_2605,892,arc_72_vir_74,1.0
ev_2605,892,arc_vir_74_74,1.0
ev_2606,892,102,1.0
ev_2606,892,arc_55_vir_74,1.0
ev_2606,892,arc_vir_74_74,1.0
ev_2607,893,arc_8_vir_74,1.0
ev_2607,893,arc_vir_74_74,1.0
ev_2608,893,94,1.0
ev_2608,893,arc_72_vir_74,1.0
ev_2608,893,arc_vir_74_74,1.0
ev_2609,893,102,1.0
ev_2609,893,arc_55_vir_74,1.0
ev_2609,893,arc_vir_74_74,1.0
ev_2612,894,arc_8_vir_74,1.0
ev_2612,894,arc_vir_74_74,1.0
ev_2612,894,415,1.0
ev_2619,897,102,1.0
ev_2619,897,395,1.0
ev_2619,897,385,1.0
ev_2619,897,arc_46_vir_14,1.0
ev_2619,897,arc_vir_14_14,1.0
ev_2619,897,arc_14_vir_34,1.0
ev_2619,897,arc_vir_34_34,1.0
ev_2620,897,102,1.0
ev_2620,897,395,1.0
ev_2620,897,385,1.0
ev_2620,897,arc_46_vir_14,1.0
ev_2620,897,arc_vir_14_14,1.0
ev_2620,897,162,1.0
ev_2620,897,arc_47_vir_34,1.0
ev_2620,897,arc_vir_34_34,1.0
ev_2621,897,arc_8_vir_74,1.0
ev_2621,897,arc_vir_74_74,1.0
ev_2621,897,397,1.0
ev_2621,897,385,1.0
ev_2621,897,arc_46_vir_14,1.0
ev_2621,897,arc_vir_14_14,1.0
ev_2621,897,arc_14_vir_34,1.0
ev_2621,897,arc_vir_34_34,1.0
ev_2625,898,arc_8_vir_74,1.0
ev_2625,898,arc_vir_74_74,1.0
ev_2625,898,285,1.0
ev_2626,899,92,1.0
ev_2626,899,310,1.0
ev_2626,899,arc_69_vir_22,1.0
ev_2626,899,arc_vir_22_22,1.0
ev_2626,899,87,1.0
ev_2627,899,94,1.0
ev_2627,899,459,1.0
ev_2627,899,arc_69_vir_22,1.0
ev_2627,899,arc_vir_22_22,1.0
ev_2627,899,87,1.0
ev_2628,899,98,1.0
ev_2628,899,214,1.0
ev_2628,899,arc_69_vir_22,1.0
ev_2628,899,arc_vir_22_22,1.0
ev_2628,899,87,1.0
ev_2632,901,102,1.0
ev_2632,901,395,1.0
ev_2632,901,385,1.0
ev_2632,901,arc_46_vir_14,1.0
ev_2632,901,arc_vir_14_14,1.0
ev_2632,901,162,1.0
ev_2633,901,102,1.0
ev_2633,901,395,1.0
ev_2633,901,385,1.0
ev_2633,901,arc_46_vir_14,1.0
ev_2633,901,arc_vir_14_14,1.0
ev_2633,901,arc_14_vir_34,1.0
ev_2633,901,arc_vir_34_34,1.0
ev_2633,901,328,1.0
ev_2634,901,arc_8_vir_74,1.0
ev_2634,901,arc_vir_74_74,1.0
ev_2634,901,397,1.0
ev_2634,901,385,1.0
ev_2634,901,arc_46_vir_14,1.0
ev_2634,901,arc_vir_14_14,1.0
ev_2634,901,162,1.0
ev_2638,904,arc_74_vir_8,1.0
ev_2638,904,arc_vir_8_8,1.0
ev_2638,904,94,1.0
ev_2643,906,arc_74_vir_8,1.0
ev_2643,906,arc_vir_8_8,1.0
ev_2644,906,461,1.0
ev_2644,906,arc_72_vir_8,1.0
ev_2644,906,arc_vir_8_8,1.0
ev_2645,906,415,1.0
ev_2645,906,arc_55_vir_8,1.0
ev_2645,906,arc_vir_8_8,1.0
ev_2646,907,arc_74_vir_8,1.0
ev_2646,907,arc_vir_8_8,1.0
ev_2647,907,461,1.0
ev_2647,907,arc_72_vir_8,1.0
ev_2647,907,arc_vir_8_8,1.0
ev_2648,907,415,1.0
ev_2648,907,arc_55_vir_8,1.0
ev_2648,907,arc_vir_8_8,1.0
ev_2649,908,arc_74_vir_8,1.0
ev_2649,908,arc_vir_8_8,1.0
ev_2650,908,461,1.0
ev_2650,908,arc_72_vir_8,1.0
ev_2650,908,arc_vir_8_8,1.0
ev_2651,908,415,1.0
ev_2651,908,arc_55_vir_8,1.0
ev_2651,908,arc_vir_8_8,1.0
ev_2687,920,397,1.0
ev_2687,920,385,1.0
ev_2687,920,arc_46_vir_14,1.0
ev_2687,920,arc_vir_14_14,1.0
ev_2687,920,arc_14_vir_34,1.0
ev_2687,920,arc_vir_34_34,1.0
ev_2688,920,415,1.0
ev_2688,920,395,1.0
ev_2688,920,385,1.0
ev_2688,920,arc_46_vir_14,1.0
ev_2688,920,arc_vir_14_14,1.0
ev_2688,920,arc_14_vir_34,1.0
ev_2688,920,arc_vir_34_34,1.0
ev_2689,920,397,1.0
ev_2689,920,385,1.0
ev_2689,920,arc_46_vir_14,1.0
ev_2689,920,arc_vir_14_14,1.0
ev_2689,920,162,1.0
ev_2689,920,arc_47_vir_34,1.0
ev_2689,920,arc_vir_34_34,1.0
ev_2695,922,arc_27_vir_74,1.0
ev_2695,922,arc_vir_74_74,1.0
ev_2695,922,285,1.0
ev_2699,924,arc_27_vir_68,1.0
ev_2699,924,arc_vir_68_68,1.0
ev_2700,924,139,1.0
ev_2700,924,arc_11_vir_68,1.0
ev_2700,924,arc_vir_68_68,1.0
ev_2701,924,274,1.0
ev_2701,924,arc_69_vir_22,1.0
ev_2701,924,arc_vir_22_22,1.0
ev_2701,924,arc_22_vir_68,1.0
ev_2701,924,arc_vir_68_68,1.0
ev_2702,925,arc_27_vir_74,1.0
ev_2702,925,arc_vir_74_74,1.0
ev_2703,925,270,1.0
ev_2703,925,arc_59_vir_74,1.0
ev_2703,925,arc_vir_74_74,1.0
ev_2704,925,272,1.0
ev_2704,925,arc_28_vir_74,1.0
ev_2704,925,arc_vir_74_74,1.0
ev_2705,926,arc_27_vir_74,1.0
ev_2705,926,arc_vir_74_74,1.0
ev_2706,926,270,1.0
ev_2706,926,arc_59_vir_74,1.0
ev_2706,926,arc_vir_74_74,1.0
ev_2707,926,272,1.0
ev_2707,926,arc_28_vir_74,1.0
ev_2707,926,arc_vir_74_74,1.0
ev_2708,927,arc_27_vir_74,1.0
ev_2708,927,arc_vir_74_74,1.0
ev_2709,927,270,1.0
ev_2709,927,arc_59_vir_74,1.0
ev_2709,927,arc_vir_74_74,1.0
ev_2710,927,272,1.0
ev_2710,927,arc_28_vir_74,1.0
ev_2710,927,arc_vir_74_74,1.0
ev_2712,928,arc_27_vir_74,1.0
ev_2712,928,arc_vir_74_74,1.0
ev_2712,928,461,1.0
ev_2715,929,arc_27_vir_68,1.0
ev_2715,929,arc_vir_68_68,1.0
ev_2715,929,135,1.0
ev_2716,929,arc_27_vir_51,1.0
ev_2716,929,arc_vir_51_51,1.0
ev_2716,929,137,1.0
ev_2719,930,arc_27_vir_74,1.0
ev_2719,930,arc_vir_74_74,1.0
ev_2719,930,309,1.0
ev_2722,931,arc_27_vir_74,1.0
ev_2722,931,arc_vir_74_74,1.0
ev_2722,931,309,1.0
ev_2723,932,270,1.0
ev_2723,932,arc_59_vir_8,1.0
ev_2723,932,arc_vir_8_8,1.0
ev_2724,932,270,1.0
ev_2724,932,440,1.0
ev_2724,932,arc_72_vir_8,1.0
ev_2724,932,arc_vir_8_8,1.0
ev_2725,932,arc_27_vir_74,1.0
ev_2725,932,arc_vir_74_74,1.0
ev_2725,932,arc_74_vir_8,1.0
ev_2725,932,arc_vir_8_8,1.0
ev_2726,933,270,1.0
ev_2726,933,arc_59_vir_8,1.0
ev_2726,933,arc_vir_8_8,1.0
ev_2727,933,270,1.0
ev_2727,933,440,1.0
ev_2727,933,arc_72_vir_8,1.0
ev_2727,933,arc_vir_8_8,1.0
ev_2728,933,arc_27_vir_74,1.0
ev_2728,933,arc_vir_74_74,1.0
ev_2728,933,arc_74_vir_8,1.0
ev_2728,933,arc_vir_8_8,1.0
ev_2729,934,270,1.0
ev_2729,934,arc_59_vir_8,1.0
ev_2729,934,arc_vir_8_8,1.0
ev_2730,934,270,1.0
ev_2730,934,440,1.0
ev_2730,934,arc_72_vir_8,1.0
ev_2730,934,arc_vir_8_8,1.0
ev_2731,934,arc_27_vir_74,1.0
ev_2731,934,arc_vir_74_74,1.0
ev_2731,934,arc_74_vir_8,1.0
ev_2731,934,arc_vir_8_8,1.0
ev_2733,935,arc_27_vir_74,1.0
ev_2733,935,arc_vir_74_74,1.0
ev_2733,935,415,1.0
ev_2734,935,270,1.0
ev_2734,935,arc_59_vir_74,1.0
ev_2734,935,arc_vir_74_74,1.0
ev_2734,935,415,1.0
ev_2735,936,274,1.0
ev_2735,936,arc_69_vir_22,1.0
ev_2735,936,arc_vir_22_22,1.0
ev_2736,936,274,1.0
ev_2736,936,55,1.0
ev_2736,936,arc_5_vir_22,1.0
ev_2736,936,arc_vir_22_22,1.0
ev_2737,936,arc_27_vir_68,1.0
ev_2737,936,arc_vir_68_68,1.0
ev_2737,936,arc_68_vir_22,1.0
ev_2737,936,arc_vir_22_22,1.0
ev_2739,937,274,1.0
ev_2739,937,arc_69_vir_22,1.0
ev_2739,937,arc_vir_22_22,1.0
ev_2739,937,57,1.0
ev_2740,937,arc_27_vir_68,1.0
ev_2740,937,arc_vir_68_68,1.0
ev_2740,937,63,1.0
ev_2743,938,arc_27_vir_74,1.0
ev_2743,938,arc_vir_74_74,1.0
ev_2743,938,415,1.0
ev_2743,938,317,1.0
ev_2744,939,arc_27_vir_74,1.0
ev_2744,939,arc_vir_74_74,1.0
ev_2744,939,205,1.0
ev_2745,939,270,1.0
ev_2745,939,arc_59_vir_74,1.0
ev_2745,939,arc_vir_74_74,1.0
ev_2745,939,205,1.0
ev_2746,939,270,1.0
ev_2746,939,arc_59_vir_8,1.0
ev_2746,939,arc_vir_8_8,1.0
ev_2746,939,96,1.0
ev_2747,940,arc_27_vir_74,1.0
ev_2747,940,arc_vir_74_74,1.0
ev_2747,940,205,1.0
ev_2748,940,270,1.0
ev_2748,940,arc_59_vir_74,1.0
ev_2748,940,arc_vir_74_74,1.0
ev_2748,940,205,1.0
ev_2749,940,270,1.0
ev_2749,940,arc_59_vir_8,1.0
ev_2749,940,arc_vir_8_8,1.0
ev_2749,940,96,1.0
ev_2750,941,arc_27_vir_74,1.0
ev_2750,941,arc_vir_74_74,1.0
ev_2750,941,205,1.0
ev_2751,941,270,1.0
ev_2751,941,arc_59_vir_74,1.0
ev_2751,941,arc_vir_74_74,1.0
ev_2751,941,205,1.0
ev_2752,941,270,1.0
ev_2752,941,arc_59_vir_8,1.0
ev_2752,941,arc_vir_8_8,1.0
ev_2752,941,96,1.0
ev_2754,943,arc_46_vir_33,1.0
ev_2754,943,arc_vir_33_33,1.0
ev_2755,943,125,1.0
ev_2755,943,arc_10_vir_33,1.0
ev_2755,943,arc_vir_33_33,1.0
ev_2756,943,377,1.0
ev_2756,943,arc_43_vir_33,1.0
ev_2756,943,arc_vir_33_33,1.0
ev_2757,944,arc_46_vir_33,1.0
ev_2757,944,arc_vir_33_33,1.0
ev_2758,944,125,1.0
ev_2758,944,arc_10_vir_33,1.0
ev_2758,944,arc_vir_33_33,1.0
ev_2759,944,377,1.0
ev_2759,944,arc_43_vir_33,1.0
ev_2759,944,arc_vir_33_33,1.0
ev_2761,945,arc_46_vir_33,1.0
ev_2761,945,arc_vir_33_33,1.0
ev_2761,945,127,1.0
ev_2763,946,arc_46_vir_14,1.0
ev_2763,946,arc_vir_14_14,1.0
ev_2764,946,arc_46_vir_33,1.0
ev_2764,946,arc_vir_33_33,1.0
ev_2764,946,arc_33_vir_14,1.0
ev_2764,946,arc_vir_14_14,1.0
ev_2765,946,125,1.0
ev_2765,946,arc_10_vir_33,1.0
ev_2765,946,arc_vir_33_33,1.0
ev_2765,946,arc_33_vir_14,1.0
ev_2765,946,arc_vir_14_14,1.0
ev_2767,947,arc_46_vir_33,1.0
ev_2767,947,arc_vir_33_33,1.0
ev_2767,947,320,1.0
ev_2770,948,arc_46_vir_33,1.0
ev_2770,948,arc_vir_33_33,1.0
ev_2770,948,320,1.0
ev_2772,949,arc_46_vir_14,1.0
ev_2772,949,arc_vir_14_14,1.0
ev_2772,949,arc_14_vir_34,1.0
ev_2772,949,arc_vir_34_34,1.0
ev_2773,949,arc_46_vir_14,1.0
ev_2773,949,arc_vir_14_14,1.0
ev_2773,949,162,1.0
ev_2773,949,arc_47_vir_34,1.0
ev_2773,949,arc_vir_34_34,1.0
ev_2774,949,arc_46_vir_14,1.0
ev_2774,949,arc_vir_14_14,1.0
ev_2774,949,164,1.0
ev_2774,949,arc_26_vir_34,1.0
ev_2774,949,arc_vir_34_34,1.0
ev_2775,950,arc_46_vir_33,1.0
ev_2775,950,arc_vir_33_33,1.0
ev_2775,950,322,1.0
ev_2777,950,arc_46_vir_33,1.0
ev_2777,950,arc_vir_33_33,1.0
ev_2777,950,320,1.0
ev_2777,950,374,1.0
ev_2778,951,arc_46_vir_33,1.0
ev_2778,951,arc_vir_33_33,1.0
ev_2778,951,322,1.0
ev_2780,951,arc_46_vir_33,1.0
ev_2780,951,arc_vir_33_33,1.0
ev_2780,951,320,1.0
ev_2780,951,374,1.0
ev_2783,952,arc_46_vir_33,1.0
ev_2783,952,arc_vir_33_33,1.0
ev_2783,952,127,1.0
ev_2783,952,118,1.0
ev_2784,953,arc_46_vir_14,1.0
ev_2784,953,arc_vir_14_14,1.0
ev_2784,953,162,1.0
ev_2785,953,arc_46_vir_14,1.0
ev_2785,953,arc_vir_14_14,1.0
ev_2785,953,arc_14_vir_34,1.0
ev_2785,953,arc_vir_34_34,1.0
ev_2785,953,328,1.0
ev_2786,953,arc_46_vir_14,1.0
ev_2786,953,arc_vir_14_14,1.0
ev_2786,953,166,1.0
ev_2786,953,387,1.0
ev_2787,954,arc_46_vir_14,1.0
ev_2787,954,arc_vir_14_14,1.0
ev_2787,954,162,1.0
ev_2788,954,arc_46_vir_14,1.0
ev_2788,954,arc_vir_14_14,1.0
ev_2788,954,arc_14_vir_34,1.0
ev_2788,954,arc_vir_34_34,1.0
ev_2788,954,328,1.0
ev_2789,954,arc_46_vir_14,1.0
ev_2789,954,arc_vir_14_14,1.0
ev_2789,954,166,1.0
ev_2789,954,387,1.0
ev_2790,955,arc_46_vir_14,1.0
ev_2790,955,arc_vir_14_14,1.0
ev_2790,955,162,1.0
ev_2791,955,arc_46_vir_14,1.0
ev_2791,955,arc_vir_14_14,1.0
ev_2791,955,arc_14_vir_34,1.0
ev_2791,955,arc_vir_34_34,1.0
ev_2791,955,328,1.0
ev_2792,955,arc_46_vir_14,1.0
ev_2792,955,arc_vir_14_14,1.0
ev_2792,955,166,1.0
ev_2792,955,387,1.0
ev_2795,956,384,1.0
ev_2795,956,arc_50_vir_74,1.0
ev_2795,956,arc_vir_74_74,1.0
ev_2795,956,415,1.0
ev_2798,957,arc_46_vir_33,1.0
ev_2798,957,arc_vir_33_33,1.0
ev_2798,957,320,1.0
ev_2798,957,351,1.0
ev_2801,958,arc_46_vir_33,1.0
ev_2801,958,arc_vir_33_33,1.0
ev_2801,958,320,1.0
ev_2801,958,351,1.0
ev_2802,959,arc_46_vir_14,1.0
ev_2802,959,arc_vir_14_14,1.0
ev_2802,959,164,1.0
ev_2803,959,arc_46_vir_14,1.0
ev_2803,959,arc_vir_14_14,1.0
ev_2803,959,arc_14_vir_34,1.0
ev_2803,959,arc_vir_34_34,1.0
ev_2803,959,267,1.0
ev_2804,959,arc_46_vir_14,1.0
ev_2804,959,arc_vir_14_14,1.0
ev_2804,959,162,1.0
ev_2804,959,263,1.0
ev_2805,960,arc_46_vir_14,1.0
ev_2805,960,arc_vir_14_14,1.0
ev_2805,960,164,1.0
ev_2805,960,109,1.0
ev_2806,960,arc_46_vir_14,1.0
ev_2806,960,arc_vir_14_14,1.0
ev_2806,960,162,1.0
ev_2806,960,113,1.0
ev_2807,960,arc_46_vir_14,1.0
ev_2807,960,arc_vir_14_14,1.0
ev_2807,960,arc_14_vir_34,1.0
ev_2807,960,arc_vir_34_34,1.0
ev_2807,960,111,1.0
ev_2810,961,384,1.0
ev_2810,961,arc_50_vir_74,1.0
ev_2810,961,arc_vir_74_74,1.0
ev_2810,961,205,1.0
ev_2810,961,51,1.0
ev_2815,963,arc_26_vir_34,1.0
ev_2815,963,arc_vir_34_34,1.0
ev_2815,963,328,1.0
ev_2818,964,arc_26_vir_34,1.0
ev_2818,964,arc_vir_34_34,1.0
ev_2818,964,328,1.0
ev_2821,965,arc_26_vir_34,1.0
ev_2821,965,arc_vir_34_34,1.0
ev_2821,965,328,1.0
ev_2826,967,arc_26_vir_34,1.0
ev_2826,967,arc_vir_34_34,1.0
ev_2827,967,262,1.0
ev_2827,967,arc_47_vir_34,1.0
ev_2827,967,arc_vir_34_34,1.0
ev_2828,967,109,1.0
ev_2828,967,arc_9_vir_34,1.0
ev_2828,967,arc_vir_34_34,1.0
ev_2829,968,arc_26_vir_14,1.0
ev_2829,968,arc_vir_14_14,1.0
ev_2830,968,arc_26_vir_34,1.0
ev_2830,968,arc_vir_34_34,1.0
ev_2830,968,arc_34_vir_14,1.0
ev_2830,968,arc_vir_14_14,1.0
ev_2831,968,262,1.0
ev_2831,968,arc_47_vir_14,1.0
ev_2831,968,arc_vir_14_14,1.0
ev_2838,971,arc_26_vir_14,1.0
ev_2838,971,arc_vir_14_14,1.0
ev_2838,971,170,1.0
ev_2839,971,arc_26_vir_34,1.0
ev_2839,971,arc_vir_34_34,1.0
ev_2839,971,arc_34_vir_14,1.0
ev_2839,971,arc_vir_14_14,1.0
ev_2839,971,170,1.0
ev_2840,971,262,1.0
ev_2840,971,arc_47_vir_14,1.0
ev_2840,971,arc_vir_14_14,1.0
ev_2840,971,170,1.0
ev_2841,972,arc_26_vir_14,1.0
ev_2841,972,arc_vir_14_14,1.0
ev_2841,972,170,1.0
ev_2842,972,arc_26_vir_34,1.0
ev_2842,972,arc_vir_34_34,1.0
ev_2842,972,arc_34_vir_14,1.0
ev_2842,972,arc_vir_14_14,1.0
ev_2842,972,170,1.0
ev_2843,972,262,1.0
ev_2843,972,arc_47_vir_14,1.0
ev_2843,972,arc_vir_14_14,1.0
ev_2843,972,170,1.0
ev_2844,973,arc_26_vir_14,1.0
ev_2844,973,arc_vir_14_14,1.0
ev_2844,973,170,1.0
ev_2844,973,384,1.0
ev_2844,973,394,1.0
ev_2844,973,47,1.0
ev_2845,973,arc_26_vir_14,1.0
ev_2845,973,arc_vir_14_14,1.0
ev_2845,973,170,1.0
ev_2845,973,384,1.0
ev_2845,973,394,1.0
ev_2845,973,199,1.0
ev_2845,973,51,1.0
ev_2846,973,arc_26_vir_14,1.0
ev_2846,973,arc_vir_14_14,1.0
ev_2846,973,170,1.0
ev_2846,973,384,1.0
ev_2846,973,arc_50_vir_74,1.0
ev_2846,973,arc_vir_74_74,1.0
ev_2846,973,205,1.0
ev_2846,973,51,1.0
ev_2850,975,arc_26_vir_14,1.0
ev_2850,975,arc_vir_14_14,1.0
ev_2850,975,170,1.0
ev_2850,975,384,1.0
ev_2850,975,394,1.0
ev_2850,975,199,1.0
ev_2851,975,arc_26_vir_14,1.0
ev_2851,975,arc_vir_14_14,1.0
ev_2851,975,170,1.0
ev_2851,975,384,1.0
ev_2851,975,394,1.0
ev_2851,975,47,1.0
ev_2851,975,50,1.0
ev_2852,975,arc_26_vir_14,1.0
ev_2852,975,arc_vir_14_14,1.0
ev_2852,975,170,1.0
ev_2852,975,384,1.0
ev_2852,975,arc_50_vir_74,1.0
ev_2852,975,arc_vir_74_74,1.0
ev_2852,975,205,1.0
ev_2853,976,arc_26_vir_14,1.0
ev_2853,976,arc_vir_14_14,1.0
ev_2853,976,170,1.0
ev_2853,976,384,1.0
ev_2853,976,394,1.0
ev_2853,976,199,1.0
ev_2854,976,arc_26_vir_14,1.0
ev_2854,976,arc_vir_14_14,1.0
ev_2854,976,170,1.0
ev_2854,976,384,1.0
ev_2854,976,394,1.0
ev_2854,976,47,1.0
ev_2854,976,50,1.0
ev_2855,976,arc_26_vir_14,1.0
ev_2855,976,arc_vir_14_14,1.0
ev_2855,976,170,1.0
ev_2855,976,384,1.0
ev_2855,976,arc_50_vir_74,1.0
ev_2855,976,arc_vir_74_74,1.0
ev_2855,976,205,1.0
ev_2856,977,arc_26_vir_14,1.0
ev_2856,977,arc_vir_14_14,1.0
ev_2856,977,170,1.0
ev_2856,977,384,1.0
ev_2856,977,394,1.0
ev_2856,977,199,1.0
ev_2857,977,arc_26_vir_14,1.0
ev_2857,977,arc_vir_14_14,1.0
ev_2857,977,170,1.0
ev_2857,977,384,1.0
ev_2857,977,394,1.0
ev_2857,977,47,1.0
ev_2857,977,50,1.0
ev_2858,977,arc_26_vir_14,1.0
ev_2858,977,arc_vir_14_14,1.0
ev_2858,977,170,1.0
ev_2858,977,384,1.0
ev_2858,977,arc_50_vir_74,1.0
ev_2858,977,arc_vir_74_74,1.0
ev_2858,977,205,1.0
ev_2865,980,arc_26_vir_14,1.0
ev_2865,980,arc_vir_14_14,1.0
ev_2865,980,arc_14_vir_33,1.0
ev_2865,980,arc_vir_33_33,1.0
ev_2866,980,arc_26_vir_14,1.0
ev_2866,980,arc_vir_14_14,1.0
ev_2866,980,170,1.0
ev_2866,980,arc_46_vir_33,1.0
ev_2866,980,arc_vir_33_33,1.0
ev_2867,980,arc_26_vir_34,1.0
ev_2867,980,arc_vir_34_34,1.0
ev_2867,980,arc_34_vir_14,1.0
ev_2867,980,arc_vir_14_14,1.0
ev_2867,980,arc_14_vir_33,1.0
ev_2867,980,arc_vir_33_33,1.0
ev_2868,981,arc_26_vir_14,1.0
ev_2868,981,arc_vir_14_14,1.0
ev_2868,981,arc_14_vir_33,1.0
ev_2868,981,arc_vir_33_33,1.0
ev_2869,981,arc_26_vir_14,1.0
ev_2869,981,arc_vir_14_14,1.0
ev_2869,981,170,1.0
ev_2869,981,arc_46_vir_33,1.0
ev_2869,981,arc_vir_33_33,1.0
ev_2870,981,arc_26_vir_34,1.0
ev_2870,981,arc_vir_34_34,1.0
ev_2870,981,arc_34_vir_14,1.0
ev_2870,981,arc_vir_14_14,1.0
ev_2870,981,arc_14_vir_33,1.0
ev_2870,981,arc_vir_33_33,1.0
ev_2875,983,arc_10_vir_33,1.0
ev_2875,983,arc_vir_33_33,1.0
ev_2875,983,324,1.0
ev_2878,984,arc_10_vir_33,1.0
ev_2878,984,arc_vir_33_33,1.0
ev_2878,984,324,1.0
ev_2880,985,arc_10_vir_33,1.0
ev_2880,985,arc_vir_33_33,1.0
ev_2881,985,124,1.0
ev_2881,985,arc_46_vir_33,1.0
ev_2881,985,arc_vir_33_33,1.0
ev_2882,985,130,1.0
ev_2882,985,arc_43_vir_33,1.0
ev_2882,985,arc_vir_33_33,1.0
ev_2883,986,arc_10_vir_33,1.0
ev_2883,986,arc_vir_33_33,1.0
ev_2884,986,124,1.0
ev_2884,986,arc_46_vir_33,1.0
ev_2884,986,arc_vir_33_33,1.0
ev_2885,986,130,1.0
ev_2885,986,arc_43_vir_33,1.0
ev_2885,986,arc_vir_33_33,1.0
ev_2888,987,arc_10_vir_33,1.0
ev_2888,987,arc_vir_33_33,1.0
ev_2888,987,320,1.0
ev_2891,988,arc_10_vir_33,1.0
ev_2891,988,arc_vir_33_33,1.0
ev_2891,988,320,1.0
ev_2900,991,arc_10_vir_33,1.0
ev_2900,991,arc_vir_33_33,1.0
ev_2900,991,322,1.0
ev_2903,992,arc_10_vir_33,1.0
ev_2903,992,arc_vir_33_33,1.0
ev_2903,992,322,1.0
ev_2907,994,124,1.0
ev_2907,994,arc_46_vir_14,1.0
ev_2907,994,arc_vir_14_14,1.0
ev_2908,994,arc_10_vir_33,1.0
ev_2908,994,arc_vir_33_33,1.0
ev_2908,994,arc_33_vir_14,1.0
ev_2908,994,arc_vir_14_14,1.0
ev_2909,994,arc_10_vir_33,1.0
ev_2909,994,arc_vir_33_33,1.0
ev_2909,994,324,1.0
ev_2909,994,arc_46_vir_14,1.0
ev_2909,994,arc_vir_14_14,1.0
ev_2910,995,120,1.0
ev_2910,995,arc_50_vir_74,1.0
ev_2910,995,arc_vir_74_74,1.0
ev_2911,995,120,1.0
ev_2911,995,394,1.0
ev_2911,995,arc_55_vir_74,1.0
ev_2911,995,arc_vir_74_74,1.0
ev_2912,995,118,1.0
ev_2912,995,316,1.0
ev_2912,995,arc_55_vir_74,1.0
ev_2912,995,arc_vir_74_74,1.0
ev_2913,996,120,1.0
ev_2913,996,arc_50_vir_74,1.0
ev_2913,996,arc_vir_74_74,1.0
ev_2914,996,120,1.0
ev_2914,996,394,1.0
ev_2914,996,arc_55_vir_74,1.0
ev_2914,996,arc_vir_74_74,1.0
ev_2915,996,118,1.0
ev_2915,996,316,1.0
ev_2915,996,arc_55_vir_74,1.0
ev_2915,996,arc_vir_74_74,1.0
ev_2916,997,120,1.0
ev_2916,997,arc_50_vir_74,1.0
ev_2916,997,arc_vir_74_74,1.0
ev_2917,997,120,1.0
ev_2917,997,394,1.0
ev_2917,997,arc_55_vir_74,1.0
ev_2917,997,arc_vir_74_74,1.0
ev_2918,997,118,1.0
ev_2918,997,316,1.0
ev_2918,997,arc_55_vir_74,1.0
ev_2918,997,arc_vir_74_74,1.0
ev_2919,998,124,1.0
ev_2919,998,arc_46_vir_14,1.0
ev_2919,998,arc_vir_14_14,1.0
ev_2919,998,arc_14_vir_34,1.0
ev_2919,998,arc_vir_34_34,1.0
ev_2920,998,arc_10_vir_33,1.0
ev_2920,998,arc_vir_33_33,1.0
ev_2920,998,arc_33_vir_14,1.0
ev_2920,998,arc_vir_14_14,1.0
ev_2920,998,arc_14_vir_34,1.0
ev_2920,998,arc_vir_34_34,1.0
ev_2921,998,124,1.0
ev_2921,998,arc_46_vir_14,1.0
ev_2921,998,arc_vir_14_14,1.0
ev_2921,998,162,1.0
ev_2921,998,arc_47_vir_34,1.0
ev_2921,998,arc_vir_34_34,1.0
ev_2924,999,120,1.0
ev_2924,999,arc_50_vir_74,1.0
ev_2924,999,arc_vir_74_74,1.0
ev_2924,999,205,1.0
ev_2927,1000,120,1.0
ev_2927,1000,arc_50_vir_74,1.0
ev_2927,1000,arc_vir_74_74,1.0
ev_2927,1000,205,1.0
ev_2930,1001,120,1.0
ev_2930,1001,arc_50_vir_74,1.0
ev_2930,1001,arc_vir_74_74,1.0
ev_2930,1001,205,1.0
ev_2934,1003,arc_43_vir_33,1.0
ev_2934,1003,arc_vir_33_33,1.0
ev_2934,1003,322,1.0
ev_2937,1004,arc_43_vir_33,1.0
ev_2937,1004,arc_vir_33_33,1.0
ev_2937,1004,322,1.0
ev_2946,1007,arc_43_vir_33,1.0
ev_2946,1007,arc_vir_33_33,1.0
ev_2946,1007,127,1.0
ev_2947,1008,arc_43_vir_33,1.0
ev_2947,1008,arc_vir_33_33,1.0
ev_2948,1008,374,1.0
ev_2948,1008,arc_67_vir_33,1.0
ev_2948,1008,arc_vir_33_33,1.0
ev_2949,1008,131,1.0
ev_2949,1008,arc_10_vir_33,1.0
ev_2949,1008,arc_vir_33_33,1.0
ev_2950,1009,arc_43_vir_33,1.0
ev_2950,1009,arc_vir_33_33,1.0
ev_2951,1009,374,1.0
ev_2951,1009,arc_67_vir_33,1.0
ev_2951,1009,arc_vir_33_33,1.0
ev_2952,1009,131,1.0
ev_2952,1009,arc_10_vir_33,1.0
ev_2952,1009,arc_vir_33_33,1.0
ev_2954,1010,arc_43_vir_33,1.0
ev_2954,1010,arc_vir_33_33,1.0
ev_2954,1010,324,1.0
ev_2957,1011,arc_43_vir_33,1.0
ev_2957,1011,arc_vir_33_33,1.0
ev_2957,1011,324,1.0
ev_2965,1014,376,1.0
ev_2965,1014,arc_46_vir_14,1.0
ev_2965,1014,arc_vir_14_14,1.0
ev_2966,1014,arc_43_vir_33,1.0
ev_2966,1014,arc_vir_33_33,1.0
ev_2966,1014,arc_33_vir_14,1.0
ev_2966,1014,arc_vir_14_14,1.0
ev_2967,1014,arc_43_vir_33,1.0
ev_2967,1014,arc_vir_33_33,1.0
ev_2967,1014,324,1.0
ev_2967,1014,arc_46_vir_14,1.0
ev_2967,1014,arc_vir_14_14,1.0
ev_2977,1018,376,1.0
ev_2977,1018,arc_46_vir_14,1.0
ev_2977,1018,arc_vir_14_14,1.0
ev_2977,1018,arc_14_vir_34,1.0
ev_2977,1018,arc_vir_34_34,1.0
ev_2978,1018,arc_43_vir_33,1.0
ev_2978,1018,arc_vir_33_33,1.0
ev_2978,1018,arc_33_vir_14,1.0
ev_2978,1018,arc_vir_14_14,1.0
ev_2978,1018,arc_14_vir_34,1.0
ev_2978,1018,arc_vir_34_34,1.0
ev_2979,1018,arc_43_vir_33,1.0
ev_2979,1018,arc_vir_33_33,1.0
ev_2979,1018,324,1.0
ev_2979,1018,arc_46_vir_14,1.0
ev_2979,1018,arc_vir_14_14,1.0
ev_2979,1018,arc_14_vir_34,1.0
ev_2979,1018,arc_vir_34_34,1.0
ev_2980,1019,131,1.0
ev_2980,1019,120,1.0
ev_2980,1019,arc_50_vir_74,1.0
ev_2980,1019,arc_vir_74_74,1.0
ev_2981,1019,131,1.0
ev_2981,1019,120,1.0
ev_2981,1019,394,1.0
ev_2981,1019,arc_55_vir_74,1.0
ev_2981,1019,arc_vir_74_74,1.0
ev_2982,1019,131,1.0
ev_2982,1019,118,1.0
ev_2982,1019,316,1.0
ev_2982,1019,arc_55_vir_74,1.0
ev_2982,1019,arc_vir_74_74,1.0
ev_2983,1020,131,1.0
ev_2983,1020,120,1.0
ev_2983,1020,arc_50_vir_74,1.0
ev_2983,1020,arc_vir_74_74,1.0
ev_2984,1020,131,1.0
ev_2984,1020,120,1.0
ev_2984,1020,394,1.0
ev_2984,1020,arc_55_vir_74,1.0
ev_2984,1020,arc_vir_74_74,1.0
ev_2985,1020,131,1.0
ev_2985,1020,118,1.0
ev_2985,1020,316,1.0
ev_2985,1020,arc_55_vir_74,1.0
ev_2985,1020,arc_vir_74_74,1.0
ev_2986,1021,131,1.0
ev_2986,1021,120,1.0
ev_2986,1021,arc_50_vir_74,1.0
ev_2986,1021,arc_vir_74_74,1.0
ev_2987,1021,131,1.0
ev_2987,1021,120,1.0
ev_2987,1021,394,1.0
ev_2987,1021,arc_55_vir_74,1.0
ev_2987,1021,arc_vir_74_74,1.0
ev_2988,1021,131,1.0
ev_2988,1021,118,1.0
ev_2988,1021,316,1.0
ev_2988,1021,arc_55_vir_74,1.0
ev_2988,1021,arc_vir_74_74,1.0
ev_2994,1025,arc_52_vir_2,1.0
ev_2994,1025,arc_vir_2_2,1.0
ev_2994,1025,5,1.0
ev_2997,1026,arc_52_vir_2,1.0
ev_2997,1026,arc_vir_2_2,1.0
ev_2997,1026,5,1.0
ev_3000,1027,arc_52_vir_2,1.0
ev_3000,1027,arc_vir_2_2,1.0
ev_3000,1027,26,1.0
ev_3001,1028,arc_52_vir_63,1.0
ev_3001,1028,arc_vir_63_63,1.0
ev_3002,1028,157,1.0
ev_3002,1028,arc_13_vir_63,1.0
ev_3002,1028,arc_vir_63_63,1.0
ev_3003,1028,157,1.0
ev_3003,1028,154,1.0
ev_3003,1028,arc_45_vir_63,1.0
ev_3003,1028,arc_vir_63_63,1.0
ev_3004,1029,arc_52_vir_63,1.0
ev_3004,1029,arc_vir_63_63,1.0
ev_3004,1029,409,1.0
ev_3005,1029,157,1.0
ev_3005,1029,arc_13_vir_63,1.0
ev_3005,1029,arc_vir_63_63,1.0
ev_3005,1029,409,1.0
ev_3006,1029,arc_52_vir_63,1.0
ev_3006,1029,arc_vir_63_63,1.0
ev_3006,1029,445,1.0
ev_3006,1029,407,1.0
ev_3009,1030,arc_52_vir_63,1.0
ev_3009,1030,arc_vir_63_63,1.0
ev_3009,1030,305,1.0
ev_3009,1030,arc_30_vir_64,1.0
ev_3009,1030,arc_vir_64_64,1.0
ev_3009,1030,359,1.0
ev_3011,1031,157,1.0
ev_3011,1031,arc_13_vir_44,1.0
ev_3011,1031,arc_vir_44_44,1.0
ev_3011,1031,83,1.0
ev_3013,1032,arc_52_vir_63,1.0
ev_3013,1032,arc_vir_63_63,1.0
ev_3013,1032,41,1.0
ev_3014,1032,arc_52_vir_63,1.0
ev_3014,1032,arc_vir_63_63,1.0
ev_3014,1032,409,1.0
ev_3014,1032,35,1.0
ev_3015,1032,157,1.0
ev_3015,1032,arc_13_vir_63,1.0
ev_3015,1032,arc_vir_63_63,1.0
ev_3015,1032,41,1.0
ev_3016,1033,404,1.0
ev_3016,1033,363,1.0
ev_3016,1033,arc_39_vir_64,1.0
ev_3016,1033,arc_vir_64_64,1.0
ev_3017,1033,arc_52_vir_63,1.0
ev_3017,1033,arc_vir_63_63,1.0
ev_3017,1033,305,1.0
ev_3017,1033,arc_30_vir_64,1.0
ev_3017,1033,arc_vir_64_64,1.0
ev_3018,1033,404,1.0
ev_3018,1033,363,1.0
ev_3018,1033,360,1.0
ev_3018,1033,arc_54_vir_64,1.0
ev_3018,1033,arc_vir_64_64,1.0
ev_3019,1034,404,1.0
ev_3019,1034,363,1.0
ev_3019,1034,arc_39_vir_64,1.0
ev_3019,1034,arc_vir_64_64,1.0
ev_3020,1034,arc_52_vir_63,1.0
ev_3020,1034,arc_vir_63_63,1.0
ev_3020,1034,305,1.0
ev_3020,1034,arc_30_vir_64,1.0
ev_3020,1034,arc_vir_64_64,1.0
ev_3021,1034,404,1.0
ev_3021,1034,363,1.0
ev_3021,1034,360,1.0
ev_3021,1034,arc_54_vir_64,1.0
ev_3021,1034,arc_vir_64_64,1.0
ev_3022,1035,404,1.0
ev_3022,1035,363,1.0
ev_3022,1035,arc_39_vir_64,1.0
ev_3022,1035,arc_vir_64_64,1.0
ev_3023,1035,arc_52_vir_63,1.0
ev_3023,1035,arc_vir_63_63,1.0
ev_3023,1035,305,1.0
ev_3023,1035,arc_30_vir_64,1.0
ev_3023,1035,arc_vir_64_64,1.0
ev_3024,1035,404,1.0
ev_3024,1035,363,1.0
ev_3024,1035,360,1.0
ev_3024,1035,arc_54_vir_64,1.0
ev_3024,1035,arc_vir_64_64,1.0
ev_3025,1036,404,1.0
ev_3025,1036,363,1.0
ev_3025,1036,arc_39_vir_64,1.0
ev_3025,1036,arc_vir_64_64,1.0
ev_3026,1036,arc_52_vir_63,1.0
ev_3026,1036,arc_vir_63_63,1.0
ev_3026,1036,305,1.0
ev_3026,1036,arc_30_vir_64,1.0
ev_3026,1036,arc_vir_64_64,1.0
ev_3027,1036,404,1.0
ev_3027,1036,363,1.0
ev_3027,1036,360,1.0
ev_3027,1036,arc_54_vir_64,1.0
ev_3027,1036,arc_vir_64_64,1.0
ev_3028,1037,arc_52_vir_63,1.0
ev_3028,1037,arc_vir_63_63,1.0
ev_3028,1037,409,1.0
ev_3028,1037,389,1.0
ev_3029,1037,arc_52_vir_63,1.0
ev_3029,1037,arc_vir_63_63,1.0
ev_3029,1037,41,1.0
ev_3029,1037,36,1.0
ev_3030,1037,157,1.0
ev_3030,1037,arc_13_vir_63,1.0
ev_3030,1037,arc_vir_63_63,1.0
ev_3030,1037,409,1.0
ev_3030,1037,389,1.0
ev_3031,1038,157,1.0
ev_3031,1038,89,1.0
ev_3031,1038,arc_7_vir_22,1.0
ev_3031,1038,arc_vir_22_22,1.0
ev_3032,1038,157,1.0
ev_3032,1038,arc_13_vir_44,1.0
ev_3032,1038,arc_vir_44_44,1.0
ev_3032,1038,arc_44_vir_22,1.0
ev_3032,1038,arc_vir_22_22,1.0
ev_3033,1038,157,1.0
ev_3033,1038,arc_13_vir_44,1.0
ev_3033,1038,arc_vir_44_44,1.0
ev_3033,1038,83,1.0
ev_3033,1038,arc_7_vir_22,1.0
ev_3033,1038,arc_vir_22_22,1.0
ev_3035,1039,157,1.0
ev_3035,1039,89,1.0
ev_3035,1039,arc_7_vir_22,1.0
ev_3035,1039,arc_vir_22_22,1.0
ev_3035,1039,57,1.0
ev_3036,1039,157,1.0
ev_3036,1039,arc_13_vir_44,1.0
ev_3036,1039,arc_vir_44_44,1.0
ev_3036,1039,59,1.0
ev_3037,1040,arc_52_vir_63,1.0
ev_3037,1040,arc_vir_63_63,1.0
ev_3037,1040,409,1.0
ev_3037,1040,389,1.0
ev_3037,1040,213,1.0
ev_3037,1040,206,1.0
ev_3038,1040,arc_52_vir_63,1.0
ev_3038,1040,arc_vir_63_63,1.0
ev_3038,1040,41,1.0
ev_3038,1040,36,1.0
ev_3038,1040,213,1.0
ev_3038,1040,206,1.0
ev_3039,1040,arc_52_vir_63,1.0
ev_3039,1040,arc_vir_63_63,1.0
ev_3039,1040,409,1.0
ev_3039,1040,389,1.0
ev_3039,1040,373,1.0
ev_3039,1040,211,1.0
ev_3039,1040,206,1.0
ev_3040,1041,arc_52_vir_63,1.0
ev_3040,1041,arc_vir_63_63,1.0
ev_3040,1041,409,1.0
ev_3040,1041,389,1.0
ev_3040,1041,213,1.0
ev_3040,1041,206,1.0
ev_3041,1041,arc_52_vir_63,1.0
ev_3041,1041,arc_vir_63_63,1.0
ev_3041,1041,41,1.0
ev_3041,1041,36,1.0
ev_3041,1041,213,1.0
ev_3041,1041,206,1.0
ev_3042,1041,arc_52_vir_63,1.0
ev_3042,1041,arc_vir_63_63,1.0
ev_3042,1041,409,1.0
ev_3042,1041,389,1.0
ev_3042,1041,373,1.0
ev_3042,1041,211,1.0
ev_3042,1041,206,1.0
ev_3055,1046,311,1.0
ev_3055,1046,arc_31_vir_8,1.0
ev_3055,1046,arc_vir_8_8,1.0
ev_3056,1046,458,1.0
ev_3056,1046,arc_72_vir_8,1.0
ev_3056,1046,arc_vir_8_8,1.0
ev_3057,1046,215,1.0
ev_3057,1046,arc_18_vir_8,1.0
ev_3057,1046,arc_vir_8_8,1.0
ev_3058,1047,311,1.0
ev_3058,1047,arc_31_vir_8,1.0
ev_3058,1047,arc_vir_8_8,1.0
ev_3059,1047,458,1.0
ev_3059,1047,arc_72_vir_8,1.0
ev_3059,1047,arc_vir_8_8,1.0
ev_3060,1047,215,1.0
ev_3060,1047,arc_18_vir_8,1.0
ev_3060,1047,arc_vir_8_8,1.0
ev_3061,1048,311,1.0
ev_3061,1048,arc_31_vir_8,1.0
ev_3061,1048,arc_vir_8_8,1.0
ev_3062,1048,458,1.0
ev_3062,1048,arc_72_vir_8,1.0
ev_3062,1048,arc_vir_8_8,1.0
ev_3063,1048,215,1.0
ev_3063,1048,arc_18_vir_8,1.0
ev_3063,1048,arc_vir_8_8,1.0
ev_3064,1049,arc_69_vir_22,1.0
ev_3064,1049,arc_vir_22_22,1.0
ev_3065,1049,55,1.0
ev_3065,1049,arc_5_vir_22,1.0
ev_3065,1049,arc_vir_22_22,1.0
ev_3066,1049,55,1.0
ev_3066,1049,60,1.0
ev_3066,1049,arc_7_vir_22,1.0
ev_3066,1049,arc_vir_22_22,1.0
ev_3067,1050,458,1.0
ev_3067,1050,arc_72_vir_74,1.0
ev_3067,1050,arc_vir_74_74,1.0
ev_3068,1050,275,1.0
ev_3068,1050,270,1.0
ev_3068,1050,arc_59_vir_74,1.0
ev_3068,1050,arc_vir_74_74,1.0
ev_3069,1050,443,1.0
ev_3069,1050,arc_59_vir_74,1.0
ev_3069,1050,arc_vir_74_74,1.0
ev_3070,1050,311,1.0
ev_3070,1050,arc_31_vir_74,1.0
ev_3070,1050,arc_vir_74_74,1.0
ev_3071,1051,458,1.0
ev_3071,1051,arc_72_vir_74,1.0
ev_3071,1051,arc_vir_74_74,1.0
ev_3072,1051,275,1.0
ev_3072,1051,270,1.0
ev_3072,1051,arc_59_vir_74,1.0
ev_3072,1051,arc_vir_74_74,1.0
ev_3073,1051,443,1.0
ev_3073,1051,arc_59_vir_74,1.0
ev_3073,1051,arc_vir_74_74,1.0
ev_3074,1051,311,1.0
ev_3074,1051,arc_31_vir_74,1.0
ev_3074,1051,arc_vir_74_74,1.0
ev_3075,1052,458,1.0
ev_3075,1052,arc_72_vir_74,1.0
ev_3075,1052,arc_vir_74_74,1.0
ev_3076,1052,275,1.0
ev_3076,1052,270,1.0
ev_3076,1052,arc_59_vir_74,1.0
ev_3076,1052,arc_vir_74_74,1.0
ev_3077,1052,443,1.0
ev_3077,1052,arc_59_vir_74,1.0
ev_3077,1052,arc_vir_74_74,1.0
ev_3078,1052,311,1.0
ev_3078,1052,arc_31_vir_74,1.0
ev_3078,1052,arc_vir_74_74,1.0
ev_3080,1053,arc_69_vir_22,1.0
ev_3080,1053,arc_vir_22_22,1.0
ev_3080,1053,57,1.0
ev_3081,1053,arc_69_vir_22,1.0
ev_3081,1053,arc_vir_22_22,1.0
ev_3081,1053,87,1.0
ev_3081,1053,61,1.0
ev_3082,1054,arc_69_vir_22,1.0
ev_3082,1054,arc_vir_22_22,1.0
ev_3082,1054,87,1.0
ev_3084,1054,55,1.0
ev_3084,1054,arc_5_vir_22,1.0
ev_3084,1054,arc_vir_22_22,1.0
ev_3084,1054,87,1.0
ev_3088,1056,275,1.0
ev_3088,1056,arc_27_vir_68,1.0
ev_3088,1056,arc_vir_68_68,1.0
ev_3089,1056,arc_69_vir_22,1.0
ev_3089,1056,arc_vir_22_22,1.0
ev_3089,1056,arc_22_vir_68,1.0
ev_3089,1056,arc_vir_68_68,1.0
ev_3090,1056,55,1.0
ev_3090,1056,arc_5_vir_68,1.0
ev_3090,1056,arc_vir_68_68,1.0
ev_3094,1057,458,1.0
ev_3094,1057,arc_72_vir_74,1.0
ev_3094,1057,arc_vir_74_74,1.0
ev_3094,1057,415,1.0
ev_3131,1070,373,1.0
ev_3131,1070,arc_42_vir_8,1.0
ev_3131,1070,arc_vir_8_8,1.0
ev_3132,1070,213,1.0
ev_3132,1070,arc_18_vir_8,1.0
ev_3132,1070,arc_vir_8_8,1.0
ev_3133,1070,213,1.0
ev_3133,1070,206,1.0
ev_3133,1070,arc_31_vir_8,1.0
ev_3133,1070,arc_vir_8_8,1.0
ev_3134,1071,373,1.0
ev_3134,1071,arc_42_vir_8,1.0
ev_3134,1071,arc_vir_8_8,1.0
ev_3135,1071,213,1.0
ev_3135,1071,arc_18_vir_8,1.0
ev_3135,1071,arc_vir_8_8,1.0
ev_3136,1071,213,1.0
ev_3136,1071,206,1.0
ev_3136,1071,arc_31_vir_8,1.0
ev_3136,1071,arc_vir_8_8,1.0
ev_3137,1072,373,1.0
ev_3137,1072,arc_42_vir_8,1.0
ev_3137,1072,arc_vir_8_8,1.0
ev_3138,1072,213,1.0
ev_3138,1072,arc_18_vir_8,1.0
ev_3138,1072,arc_vir_8_8,1.0
ev_3139,1072,213,1.0
ev_3139,1072,206,1.0
ev_3139,1072,arc_31_vir_8,1.0
ev_3139,1072,arc_vir_8_8,1.0
ev_3140,1073,388,1.0
ev_3140,1073,arc_53_vir_63,1.0
ev_3140,1073,arc_vir_63_63,1.0
ev_3141,1073,37,1.0
ev_3141,1073,arc_3_vir_63,1.0
ev_3141,1073,arc_vir_63_63,1.0
ev_3142,1073,37,1.0
ev_3142,1073,34,1.0
ev_3142,1073,arc_53_vir_63,1.0
ev_3142,1073,arc_vir_63_63,1.0
ev_3146,1075,388,1.0
ev_3146,1075,arc_53_vir_63,1.0
ev_3146,1075,arc_vir_63_63,1.0
ev_3146,1075,383,1.0
ev_3146,1075,85,1.0
ev_3147,1075,388,1.0
ev_3147,1075,arc_53_vir_63,1.0
ev_3147,1075,arc_vir_63_63,1.0
ev_3147,1075,153,1.0
ev_3147,1075,89,1.0
ev_3148,1075,388,1.0
ev_3148,1075,arc_53_vir_63,1.0
ev_3148,1075,arc_vir_63_63,1.0
ev_3148,1075,153,1.0
ev_3148,1075,arc_13_vir_44,1.0
ev_3148,1075,arc_vir_44_44,1.0
ev_3148,1075,83,1.0
ev_3149,1076,53,1.0
ev_3149,1076,46,1.0
ev_3149,1076,395,1.0
ev_3149,1076,385,1.0
ev_3149,1076,arc_46_vir_14,1.0
ev_3149,1076,arc_vir_14_14,1.0
ev_3149,1076,arc_14_vir_34,1.0
ev_3149,1076,arc_vir_34_34,1.0
ev_3150,1076,388,1.0
ev_3150,1076,301,1.0
ev_3150,1076,149,1.0
ev_3150,1076,144,1.0
ev_3150,1076,427,1.0
ev_3150,1076,428,1.0
ev_3150,1076,11,1.0
ev_3150,1076,12,1.0
ev_3150,1076,arc_26_vir_34,1.0
ev_3150,1076,arc_vir_34_34,1.0
ev_3151,1076,53,1.0
ev_3151,1076,50,1.0
ev_3151,1076,198,1.0
ev_3151,1076,395,1.0
ev_3151,1076,385,1.0
ev_3151,1076,arc_46_vir_14,1.0
ev_3151,1076,arc_vir_14_14,1.0
ev_3151,1076,arc_14_vir_34,1.0
ev_3151,1076,arc_vir_34_34,1.0
ev_3152,1076,53,1.0
ev_3152,1076,46,1.0
ev_3152,1076,395,1.0
ev_3152,1076,385,1.0
ev_3152,1076,arc_46_vir_14,1.0
ev_3152,1076,arc_vir_14_14,1.0
ev_3152,1076,162,1.0
ev_3152,1076,arc_47_vir_34,1.0
ev_3152,1076,arc_vir_34_34,1.0
ev_3153,1077,53,1.0
ev_3153,1077,50,1.0
ev_3153,1077,arc_17_vir_74,1.0
ev_3153,1077,arc_vir_74_74,1.0
ev_3154,1077,213,1.0
ev_3154,1077,206,1.0
ev_3154,1077,arc_31_vir_74,1.0
ev_3154,1077,arc_vir_74_74,1.0
ev_3155,1077,53,1.0
ev_3155,1077,48,1.0
ev_3155,1077,arc_72_vir_74,1.0
ev_3155,1077,arc_vir_74_74,1.0
ev_3156,1078,53,1.0
ev_3156,1078,50,1.0
ev_3156,1078,arc_17_vir_74,1.0
ev_3156,1078,arc_vir_74_74,1.0
ev_3157,1078,213,1.0
ev_3157,1078,206,1.0
ev_3157,1078,arc_31_vir_74,1.0
ev_3157,1078,arc_vir_74_74,1.0
ev_3158,1078,53,1.0
ev_3158,1078,48,1.0
ev_3158,1078,arc_72_vir_74,1.0
ev_3158,1078,arc_vir_74_74,1.0
ev_3159,1079,53,1.0
ev_3159,1079,50,1.0
ev_3159,1079,arc_17_vir_74,1.0
ev_3159,1079,arc_vir_74_74,1.0
ev_3160,1079,213,1.0
ev_3160,1079,206,1.0
ev_3160,1079,arc_31_vir_74,1.0
ev_3160,1079,arc_vir_74_74,1.0
ev_3161,1079,53,1.0
ev_3161,1079,48,1.0
ev_3161,1079,arc_72_vir_74,1.0
ev_3161,1079,arc_vir_74_74,1.0
ev_3164,1080,373,1.0
ev_3164,1080,arc_42_vir_8,1.0
ev_3164,1080,arc_vir_8_8,1.0
ev_3164,1080,102,1.0
ev_3165,1081,53,1.0
ev_3165,1081,46,1.0
ev_3165,1081,395,1.0
ev_3165,1081,385,1.0
ev_3165,1081,arc_46_vir_14,1.0
ev_3165,1081,arc_vir_14_14,1.0
ev_3165,1081,162,1.0
ev_3167,1081,53,1.0
ev_3167,1081,46,1.0
ev_3167,1081,395,1.0
ev_3167,1081,385,1.0
ev_3167,1081,arc_46_vir_14,1.0
ev_3167,1081,arc_vir_14_14,1.0
ev_3167,1081,arc_14_vir_34,1.0
ev_3167,1081,arc_vir_34_34,1.0
ev_3167,1081,328,1.0
ev_3168,1081,53,1.0
ev_3168,1081,50,1.0
ev_3168,1081,198,1.0
ev_3168,1081,395,1.0
ev_3168,1081,385,1.0
ev_3168,1081,arc_46_vir_14,1.0
ev_3168,1081,arc_vir_14_14,1.0
ev_3168,1081,162,1.0
ev_3193,1092,303,1.0
ev_3193,1092,arc_30_vir_63,1.0
ev_3193,1092,arc_vir_63_63,1.0
ev_3194,1092,141,1.0
ev_3194,1092,148,1.0
ev_3194,1092,arc_30_vir_63,1.0
ev_3194,1092,arc_vir_63_63,1.0
ev_3195,1092,141,1.0
ev_3195,1092,150,1.0
ev_3195,1092,arc_60_vir_63,1.0
ev_3195,1092,arc_vir_63_63,1.0
ev_3203,1095,303,1.0
ev_3203,1095,arc_30_vir_63,1.0
ev_3203,1095,arc_vir_63_63,1.0
ev_3203,1095,403,1.0
ev_3206,1096,303,1.0
ev_3206,1096,arc_30_vir_63,1.0
ev_3206,1096,arc_vir_63_63,1.0
ev_3206,1096,403,1.0
ev_3209,1097,303,1.0
ev_3209,1097,arc_30_vir_63,1.0
ev_3209,1097,arc_vir_63_63,1.0
ev_3209,1097,403,1.0
ev_3212,1098,303,1.0
ev_3212,1098,arc_30_vir_63,1.0
ev_3212,1098,arc_vir_63_63,1.0
ev_3212,1098,403,1.0
ev_3221,1101,303,1.0
ev_3221,1101,arc_30_vir_63,1.0
ev_3221,1101,arc_vir_63_63,1.0
ev_3221,1101,403,1.0
ev_3221,1101,1,1.0
ev_3224,1103,arc_58_vir_36,1.0
ev_3224,1103,arc_vir_36_36,1.0
ev_3225,1103,436,1.0
ev_3225,1103,arc_70_vir_36,1.0
ev_3225,1103,arc_vir_36_36,1.0
ev_3226,1103,337,1.0
ev_3226,1103,arc_35_vir_36,1.0
ev_3226,1103,arc_vir_36_36,1.0
ev_3227,1104,arc_58_vir_36,1.0
ev_3227,1104,arc_vir_36_36,1.0
ev_3228,1104,436,1.0
ev_3228,1104,arc_70_vir_36,1.0
ev_3228,1104,arc_vir_36_36,1.0
ev_3229,1104,337,1.0
ev_3229,1104,arc_35_vir_36,1.0
ev_3229,1104,arc_vir_36_36,1.0
ev_3231,1105,arc_58_vir_36,1.0
ev_3231,1105,arc_vir_36_36,1.0
ev_3231,1105,335,1.0
ev_3246,1110,393,1.0
ev_3246,1110,291,1.0
ev_3246,1110,273,1.0
ev_3246,1110,arc_27_vir_68,1.0
ev_3246,1110,arc_vir_68_68,1.0
ev_3246,1110,135,1.0
ev_3254,1113,393,1.0
ev_3254,1113,291,1.0
ev_3254,1113,273,1.0
ev_3254,1113,arc_27_vir_68,1.0
ev_3254,1113,arc_vir_68_68,1.0
ev_3255,1113,393,1.0
ev_3255,1113,291,1.0
ev_3255,1113,273,1.0
ev_3255,1113,139,1.0
ev_3255,1113,arc_11_vir_68,1.0
ev_3255,1113,arc_vir_68_68,1.0
ev_3256,1113,393,1.0
ev_3256,1113,291,1.0
ev_3256,1113,282,1.0
ev_3256,1113,271,1.0
ev_3256,1113,arc_27_vir_68,1.0
ev_3256,1113,arc_vir_68_68,1.0
ev_3266,1117,393,1.0
ev_3266,1117,291,1.0
ev_3266,1117,arc_28_vir_74,1.0
ev_3266,1117,arc_vir_74_74,1.0
ev_3267,1117,393,1.0
ev_3267,1117,291,1.0
ev_3267,1117,282,1.0
ev_3267,1117,arc_59_vir_74,1.0
ev_3267,1117,arc_vir_74_74,1.0
ev_3268,1117,393,1.0
ev_3268,1117,291,1.0
ev_3268,1117,286,1.0
ev_3268,1117,arc_72_vir_74,1.0
ev_3268,1117,arc_vir_74_74,1.0
ev_3269,1118,393,1.0
ev_3269,1118,291,1.0
ev_3269,1118,arc_28_vir_74,1.0
ev_3269,1118,arc_vir_74_74,1.0
ev_3270,1118,393,1.0
ev_3270,1118,291,1.0
ev_3270,1118,282,1.0
ev_3270,1118,arc_59_vir_74,1.0
ev_3270,1118,arc_vir_74_74,1.0
ev_3271,1118,393,1.0
ev_3271,1118,291,1.0
ev_3271,1118,286,1.0
ev_3271,1118,arc_72_vir_74,1.0
ev_3271,1118,arc_vir_74_74,1.0
ev_3272,1119,393,1.0
ev_3272,1119,291,1.0
ev_3272,1119,arc_28_vir_74,1.0
ev_3272,1119,arc_vir_74_74,1.0
ev_3273,1119,393,1.0
ev_3273,1119,291,1.0
ev_3273,1119,282,1.0
ev_3273,1119,arc_59_vir_74,1.0
ev_3273,1119,arc_vir_74_74,1.0
ev_3274,1119,393,1.0
ev_3274,1119,291,1.0
ev_3274,1119,286,1.0
ev_3274,1119,arc_72_vir_74,1.0
ev_3274,1119,arc_vir_74_74,1.0
ev_3284,1123,arc_43_vir_33,1.0
ev_3284,1123,arc_vir_33_33,1.0
ev_3284,1123,322,1.0
ev_3287,1124,arc_43_vir_33,1.0
ev_3287,1124,arc_vir_33_33,1.0
ev_3287,1124,322,1.0
ev_3296,1127,arc_43_vir_33,1.0
ev_3296,1127,arc_vir_33_33,1.0
ev_3296,1127,127,1.0
ev_3297,1128,arc_43_vir_33,1.0
ev_3297,1128,arc_vir_33_33,1.0
ev_3298,1128,374,1.0
ev_3298,1128,arc_67_vir_33,1.0
ev_3298,1128,arc_vir_33_33,1.0
ev_3299,1128,131,1.0
ev_3299,1128,arc_10_vir_33,1.0
ev_3299,1128,arc_vir_33_33,1.0
ev_3300,1129,arc_43_vir_33,1.0
ev_3300,1129,arc_vir_33_33,1.0
ev_3301,1129,374,1.0
ev_3301,1129,arc_67_vir_33,1.0
ev_3301,1129,arc_vir_33_33,1.0
ev_3302,1129,131,1.0
ev_3302,1129,arc_10_vir_33,1.0
ev_3302,1129,arc_vir_33_33,1.0
ev_3304,1130,arc_43_vir_33,1.0
ev_3304,1130,arc_vir_33_33,1.0
ev_3304,1130,324,1.0
ev_3307,1131,arc_43_vir_33,1.0
ev_3307,1131,arc_vir_33_33,1.0
ev_3307,1131,324,1.0
ev_3315,1134,376,1.0
ev_3315,1134,arc_46_vir_14,1.0
ev_3315,1134,arc_vir_14_14,1.0
ev_3316,1134,arc_43_vir_33,1.0
ev_3316,1134,arc_vir_33_33,1.0
ev_3316,1134,arc_33_vir_14,1.0
ev_3316,1134,arc_vir_14_14,1.0
ev_3317,1134,arc_43_vir_33,1.0
ev_3317,1134,arc_vir_33_33,1.0
ev_3317,1134,324,1.0
ev_3317,1134,arc_46_vir_14,1.0
ev_3317,1134,arc_vir_14_14,1.0
ev_3327,1138,376,1.0
ev_3327,1138,arc_46_vir_14,1.0
ev_3327,1138,arc_vir_14_14,1.0
ev_3327,1138,arc_14_vir_34,1.0
ev_3327,1138,arc_vir_34_34,1.0
ev_3328,1138,arc_43_vir_33,1.0
ev_3328,1138,arc_vir_33_33,1.0
ev_3328,1138,arc_33_vir_14,1.0
ev_3328,1138,arc_vir_14_14,1.0
ev_3328,1138,arc_14_vir_34,1.0
ev_3328,1138,arc_vir_34_34,1.0
ev_3329,1138,arc_43_vir_33,1.0
ev_3329,1138,arc_vir_33_33,1.0
ev_3329,1138,324,1.0
ev_3329,1138,arc_46_vir_14,1.0
ev_3329,1138,arc_vir_14_14,1.0
ev_3329,1138,arc_14_vir_34,1.0
ev_3329,1138,arc_vir_34_34,1.0
ev_3330,1139,131,1.0
ev_3330,1139,120,1.0
ev_3330,1139,arc_50_vir_74,1.0
ev_3330,1139,arc_vir_74_74,1.0
ev_3331,1139,131,1.0
ev_3331,1139,120,1.0
ev_3331,1139,394,1.0
ev_3331,1139,arc_55_vir_74,1.0
ev_3331,1139,arc_vir_74_74,1.0
ev_3332,1139,131,1.0
ev_3332,1139,118,1.0
ev_3332,1139,316,1.0
ev_3332,1139,arc_55_vir_74,1.0
ev_3332,1139,arc_vir_74_74,1.0
ev_3333,1140,131,1.0
ev_3333,1140,120,1.0
ev_3333,1140,arc_50_vir_74,1.0
ev_3333,1140,arc_vir_74_74,1.0
ev_3334,1140,131,1.0
ev_3334,1140,120,1.0
ev_3334,1140,394,1.0
ev_3334,1140,arc_55_vir_74,1.0
ev_3334,1140,arc_vir_74_74,1.0
ev_3335,1140,131,1.0
ev_3335,1140,118,1.0
ev_3335,1140,316,1.0
ev_3335,1140,arc_55_vir_74,1.0
ev_3335,1140,arc_vir_74_74,1.0
ev_3336,1141,131,1.0
ev_3336,1141,120,1.0
ev_3336,1141,arc_50_vir_74,1.0
ev_3336,1141,arc_vir_74_74,1.0
ev_3337,1141,131,1.0
ev_3337,1141,120,1.0
ev_3337,1141,394,1.0
ev_3337,1141,arc_55_vir_74,1.0
ev_3337,1141,arc_vir_74_74,1.0
ev_3338,1141,131,1.0
ev_3338,1141,118,1.0
ev_3338,1141,316,1.0
ev_3338,1141,arc_55_vir_74,1.0
ev_3338,1141,arc_vir_74_74,1.0
ev_3341,1144,arc_62_vir_56,1.0
ev_3341,1144,arc_vir_56_56,1.0
ev_3342,1144,450,1.0
ev_3342,1144,arc_78_vir_56,1.0
ev_3342,1144,arc_vir_56_56,1.0
ev_3343,1144,193,1.0
ev_3343,1144,190,1.0
ev_3343,1144,arc_78_vir_56,1.0
ev_3343,1144,arc_vir_56_56,1.0
ev_3344,1145,arc_62_vir_56,1.0
ev_3344,1145,arc_vir_56_56,1.0
ev_3345,1145,450,1.0
ev_3345,1145,arc_78_vir_56,1.0
ev_3345,1145,arc_vir_56_56,1.0
ev_3346,1145,193,1.0
ev_3346,1145,190,1.0
ev_3346,1145,arc_78_vir_56,1.0
ev_3346,1145,arc_vir_56_56,1.0
ev_3371,1154,433,1.0
ev_3371,1154,426,1.0
ev_3371,1154,arc_77_vir_64,1.0
ev_3371,1154,arc_vir_64_64,1.0
ev_3372,1154,450,1.0
ev_3372,1154,435,1.0
ev_3372,1154,426,1.0
ev_3372,1154,arc_77_vir_64,1.0
ev_3372,1154,arc_vir_64_64,1.0
ev_3373,1154,193,1.0
ev_3373,1154,184,1.0
ev_3373,1154,426,1.0
ev_3373,1154,arc_77_vir_64,1.0
ev_3373,1154,arc_vir_64_64,1.0
ev_3374,1155,433,1.0
ev_3374,1155,426,1.0
ev_3374,1155,arc_77_vir_64,1.0
ev_3374,1155,arc_vir_64_64,1.0
ev_3375,1155,450,1.0
ev_3375,1155,435,1.0
ev_3375,1155,426,1.0
ev_3375,1155,arc_77_vir_64,1.0
ev_3375,1155,arc_vir_64_64,1.0
ev_3376,1155,193,1.0
ev_3376,1155,184,1.0
ev_3376,1155,426,1.0
ev_3376,1155,arc_77_vir_64,1.0
ev_3376,1155,arc_vir_64_64,1.0
ev_3377,1156,433,1.0
ev_3377,1156,426,1.0
ev_3377,1156,arc_77_vir_64,1.0
ev_3377,1156,arc_vir_64_64,1.0
ev_3378,1156,450,1.0
ev_3378,1156,435,1.0
ev_3378,1156,426,1.0
ev_3378,1156,arc_77_vir_64,1.0
ev_3378,1156,arc_vir_64_64,1.0
ev_3379,1156,193,1.0
ev_3379,1156,184,1.0
ev_3379,1156,426,1.0
ev_3379,1156,arc_77_vir_64,1.0
ev_3379,1156,arc_vir_64_64,1.0
ev_3380,1157,433,1.0
ev_3380,1157,426,1.0
ev_3380,1157,arc_77_vir_64,1.0
ev_3380,1157,arc_vir_64_64,1.0
ev_3381,1157,450,1.0
ev_3381,1157,435,1.0
ev_3381,1157,426,1.0
ev_3381,1157,arc_77_vir_64,1.0
ev_3381,1157,arc_vir_64_64,1.0
ev_3382,1157,193,1.0
ev_3382,1157,184,1.0
ev_3382,1157,426,1.0
ev_3382,1157,arc_77_vir_64,1.0
ev_3382,1157,arc_vir_64_64,1.0
ev_3389,1160,433,1.0
ev_3389,1160,426,1.0
ev_3389,1160,arc_77_vir_64,1.0
ev_3389,1160,arc_vir_64_64,1.0
ev_3389,1160,359,1.0
ev_3390,1160,450,1.0
ev_3390,1160,435,1.0
ev_3390,1160,426,1.0
ev_3390,1160,arc_77_vir_64,1.0
ev_3390,1160,arc_vir_64_64,1.0
ev_3390,1160,359,1.0
ev_3391,1160,193,1.0
ev_3391,1160,184,1.0
ev_3391,1160,426,1.0
ev_3391,1160,arc_77_vir_64,1.0
ev_3391,1160,arc_vir_64_64,1.0
ev_3391,1160,359,1.0
ev_3397,1164,arc_47_vir_34,1.0
ev_3397,1164,arc_vir_34_34,1.0
ev_3398,1164,386,1.0
ev_3398,1164,arc_65_vir_34,1.0
ev_3398,1164,arc_vir_34_34,1.0
ev_3399,1164,263,1.0
ev_3399,1164,arc_26_vir_34,1.0
ev_3399,1164,arc_vir_34_34,1.0
ev_3401,1165,arc_47_vir_34,1.0
ev_3401,1165,arc_vir_34_34,1.0
ev_3401,1165,267,1.0
ev_3403,1166,arc_47_vir_14,1.0
ev_3403,1166,arc_vir_14_14,1.0
ev_3404,1166,arc_47_vir_34,1.0
ev_3404,1166,arc_vir_34_34,1.0
ev_3404,1166,arc_34_vir_14,1.0
ev_3404,1166,arc_vir_14_14,1.0
ev_3405,1166,386,1.0
ev_3405,1166,arc_65_vir_14,1.0
ev_3405,1166,arc_vir_14_14,1.0
ev_3408,1167,arc_47_vir_34,1.0
ev_3408,1167,arc_vir_34_34,1.0
ev_3408,1167,111,1.0
ev_3412,1169,arc_47_vir_14,1.0
ev_3412,1169,arc_vir_14_14,1.0
ev_3412,1169,170,1.0
ev_3412,1169,384,1.0
ev_3412,1169,394,1.0
ev_3412,1169,47,1.0
ev_3413,1169,arc_47_vir_34,1.0
ev_3413,1169,arc_vir_34_34,1.0
ev_3413,1169,arc_34_vir_14,1.0
ev_3413,1169,arc_vir_14_14,1.0
ev_3413,1169,170,1.0
ev_3413,1169,384,1.0
ev_3413,1169,394,1.0
ev_3413,1169,47,1.0
ev_3414,1169,arc_47_vir_14,1.0
ev_3414,1169,arc_vir_14_14,1.0
ev_3414,1169,170,1.0
ev_3414,1169,384,1.0
ev_3414,1169,394,1.0
ev_3414,1169,199,1.0
ev_3414,1169,51,1.0
ev_3415,1170,arc_47_vir_14,1.0
ev_3415,1170,arc_vir_14_14,1.0
ev_3415,1170,170,1.0
ev_3416,1170,arc_47_vir_34,1.0
ev_3416,1170,arc_vir_34_34,1.0
ev_3416,1170,arc_34_vir_14,1.0
ev_3416,1170,arc_vir_14_14,1.0
ev_3416,1170,170,1.0
ev_3417,1170,386,1.0
ev_3417,1170,arc_65_vir_14,1.0
ev_3417,1170,arc_vir_14_14,1.0
ev_3417,1170,170,1.0
ev_3418,1171,arc_47_vir_14,1.0
ev_3418,1171,arc_vir_14_14,1.0
ev_3418,1171,170,1.0
ev_3419,1171,arc_47_vir_34,1.0
ev_3419,1171,arc_vir_34_34,1.0
ev_3419,1171,arc_34_vir_14,1.0
ev_3419,1171,arc_vir_14_14,1.0
ev_3419,1171,170,1.0
ev_3420,1171,386,1.0
ev_3420,1171,arc_65_vir_14,1.0
ev_3420,1171,arc_vir_14_14,1.0
ev_3420,1171,170,1.0
ev_3421,1172,arc_47_vir_14,1.0
ev_3421,1172,arc_vir_14_14,1.0
ev_3421,1172,170,1.0
ev_3421,1172,384,1.0
ev_3421,1172,394,1.0
ev_3421,1172,199,1.0
ev_3422,1172,arc_47_vir_14,1.0
ev_3422,1172,arc_vir_14_14,1.0
ev_3422,1172,170,1.0
ev_3422,1172,384,1.0
ev_3422,1172,394,1.0
ev_3422,1172,47,1.0
ev_3422,1172,50,1.0
ev_3423,1172,arc_47_vir_14,1.0
ev_3423,1172,arc_vir_14_14,1.0
ev_3423,1172,170,1.0
ev_3423,1172,384,1.0
ev_3423,1172,arc_50_vir_74,1.0
ev_3423,1172,arc_vir_74_74,1.0
ev_3423,1172,205,1.0
ev_3424,1173,arc_47_vir_14,1.0
ev_3424,1173,arc_vir_14_14,1.0
ev_3424,1173,170,1.0
ev_3424,1173,384,1.0
ev_3424,1173,394,1.0
ev_3424,1173,199,1.0
ev_3425,1173,arc_47_vir_14,1.0
ev_3425,1173,arc_vir_14_14,1.0
ev_3425,1173,170,1.0
ev_3425,1173,384,1.0
ev_3425,1173,394,1.0
ev_3425,1173,47,1.0
ev_3425,1173,50,1.0
ev_3426,1173,arc_47_vir_14,1.0
ev_3426,1173,arc_vir_14_14,1.0
ev_3426,1173,170,1.0
ev_3426,1173,384,1.0
ev_3426,1173,arc_50_vir_74,1.0
ev_3426,1173,arc_vir_74_74,1.0
ev_3426,1173,205,1.0
ev_3427,1174,arc_47_vir_14,1.0
ev_3427,1174,arc_vir_14_14,1.0
ev_3427,1174,170,1.0
ev_3427,1174,384,1.0
ev_3427,1174,394,1.0
ev_3427,1174,199,1.0
ev_3428,1174,arc_47_vir_14,1.0
ev_3428,1174,arc_vir_14_14,1.0
ev_3428,1174,170,1.0
ev_3428,1174,384,1.0
ev_3428,1174,394,1.0
ev_3428,1174,47,1.0
ev_3428,1174,50,1.0
ev_3429,1174,arc_47_vir_14,1.0
ev_3429,1174,arc_vir_14_14,1.0
ev_3429,1174,170,1.0
ev_3429,1174,384,1.0
ev_3429,1174,arc_50_vir_74,1.0
ev_3429,1174,arc_vir_74_74,1.0
ev_3429,1174,205,1.0
ev_3430,1175,arc_47_vir_14,1.0
ev_3430,1175,arc_vir_14_14,1.0
ev_3430,1175,170,1.0
ev_3430,1175,384,1.0
ev_3430,1175,394,1.0
ev_3431,1175,arc_47_vir_34,1.0
ev_3431,1175,arc_vir_34_34,1.0
ev_3431,1175,arc_34_vir_14,1.0
ev_3431,1175,arc_vir_14_14,1.0
ev_3431,1175,170,1.0
ev_3431,1175,384,1.0
ev_3431,1175,394,1.0
ev_3432,1175,arc_47_vir_14,1.0
ev_3432,1175,arc_vir_14_14,1.0
ev_3432,1175,170,1.0
ev_3432,1175,125,1.0
ev_3432,1175,120,1.0
ev_3432,1175,394,1.0
ev_3433,1176,arc_47_vir_14,1.0
ev_3433,1176,arc_vir_14_14,1.0
ev_3433,1176,arc_14_vir_33,1.0
ev_3433,1176,arc_vir_33_33,1.0
ev_3434,1176,arc_47_vir_14,1.0
ev_3434,1176,arc_vir_14_14,1.0
ev_3434,1176,170,1.0
ev_3434,1176,arc_46_vir_33,1.0
ev_3434,1176,arc_vir_33_33,1.0
ev_3435,1176,arc_47_vir_34,1.0
ev_3435,1176,arc_vir_34_34,1.0
ev_3435,1176,arc_34_vir_14,1.0
ev_3435,1176,arc_vir_14_14,1.0
ev_3435,1176,arc_14_vir_33,1.0
ev_3435,1176,arc_vir_33_33,1.0
ev_3436,1177,arc_47_vir_14,1.0
ev_3436,1177,arc_vir_14_14,1.0
ev_3436,1177,arc_14_vir_33,1.0
ev_3436,1177,arc_vir_33_33,1.0
ev_3437,1177,arc_47_vir_14,1.0
ev_3437,1177,arc_vir_14_14,1.0
ev_3437,1177,170,1.0
ev_3437,1177,arc_46_vir_33,1.0
ev_3437,1177,arc_vir_33_33,1.0
ev_3438,1177,arc_47_vir_34,1.0
ev_3438,1177,arc_vir_34_34,1.0
ev_3438,1177,arc_34_vir_14,1.0
ev_3438,1177,arc_vir_14_14,1.0
ev_3438,1177,arc_14_vir_33,1.0
ev_3438,1177,arc_vir_33_33,1.0
ev_3445,1180,arc_47_vir_14,1.0
ev_3445,1180,arc_vir_14_14,1.0
ev_3445,1180,170,1.0
ev_3445,1180,384,1.0
ev_3445,1180,394,1.0
ev_3445,1180,47,1.0
ev_3445,1180,52,1.0
ev_3447,1180,arc_47_vir_34,1.0
ev_3447,1180,arc_vir_34_34,1.0
ev_3447,1180,arc_34_vir_14,1.0
ev_3447,1180,arc_vir_14_14,1.0
ev_3447,1180,170,1.0
ev_3447,1180,384,1.0
ev_3447,1180,394,1.0
ev_3447,1180,47,1.0
ev_3447,1180,52,1.0
ev_3448,1180,arc_47_vir_14,1.0
ev_3448,1180,arc_vir_14_14,1.0
ev_3448,1180,170,1.0
ev_3448,1180,384,1.0
ev_3448,1180,394,1.0
ev_3448,1180,199,1.0
ev_3448,1180,51,1.0
ev_3448,1180,52,1.0
ev_3449,1181,arc_47_vir_14,1.0
ev_3449,1181,arc_vir_14_14,1.0
ev_3449,1181,170,1.0
ev_3449,1181,384,1.0
ev_3449,1181,394,1.0
ev_3449,1181,arc_55_vir_8,1.0
ev_3449,1181,arc_vir_8_8,1.0
ev_3450,1181,arc_47_vir_34,1.0
ev_3450,1181,arc_vir_34_34,1.0
ev_3450,1181,arc_34_vir_14,1.0
ev_3450,1181,arc_vir_14_14,1.0
ev_3450,1181,170,1.0
ev_3450,1181,384,1.0
ev_3450,1181,394,1.0
ev_3450,1181,arc_55_vir_8,1.0
ev_3450,1181,arc_vir_8_8,1.0
ev_3451,1181,arc_47_vir_14,1.0
ev_3451,1181,arc_vir_14_14,1.0
ev_3451,1181,170,1.0
ev_3451,1181,384,1.0
ev_3451,1181,arc_50_vir_74,1.0
ev_3451,1181,arc_vir_74_74,1.0
ev_3451,1181,arc_74_vir_8,1.0
ev_3451,1181,arc_vir_8_8,1.0
ev_3455,1183,246,1.0
ev_3455,1183,arc_41_vir_22,1.0
ev_3455,1183,arc_vir_22_22,1.0
ev_3455,1183,57,1.0
ev_3456,1184,arc_23_vir_51,1.0
ev_3456,1184,arc_vir_51_51,1.0
ev_3456,1184,137,1.0
ev_3458,1184,67,1.0
ev_3458,1184,arc_5_vir_68,1.0
ev_3458,1184,arc_vir_68_68,1.0
ev_3458,1184,135,1.0
ev_3459,1185,67,1.0
ev_3459,1185,arc_5_vir_22,1.0
ev_3459,1185,arc_vir_22_22,1.0
ev_3460,1185,246,1.0
ev_3460,1185,arc_41_vir_22,1.0
ev_3460,1185,arc_vir_22_22,1.0
ev_3461,1185,246,1.0
ev_3461,1185,69,1.0
ev_3461,1185,arc_5_vir_22,1.0
ev_3461,1185,arc_vir_22_22,1.0
ev_3462,1186,arc_23_vir_2,1.0
ev_3462,1186,arc_vir_2_2,1.0
ev_3462,1186,5,1.0
ev_3464,1186,arc_23_vir_2,1.0
ev_3464,1186,arc_vir_2_2,1.0
ev_3464,1186,26,1.0
ev_3464,1186,3,1.0
ev_3465,1187,arc_23_vir_2,1.0
ev_3465,1187,arc_vir_2_2,1.0
ev_3465,1187,5,1.0
ev_3467,1187,arc_23_vir_2,1.0
ev_3467,1187,arc_vir_2_2,1.0
ev_3467,1187,26,1.0
ev_3467,1187,3,1.0
ev_3468,1188,67,1.0
ev_3468,1188,arc_5_vir_68,1.0
ev_3468,1188,arc_vir_68_68,1.0
ev_3469,1188,67,1.0
ev_3469,1188,arc_5_vir_22,1.0
ev_3469,1188,arc_vir_22_22,1.0
ev_3469,1188,arc_22_vir_68,1.0
ev_3469,1188,arc_vir_68_68,1.0
ev_3470,1188,arc_23_vir_51,1.0
ev_3470,1188,arc_vir_51_51,1.0
ev_3470,1188,arc_51_vir_68,1.0
ev_3470,1188,arc_vir_68_68,1.0
ev_3471,1189,arc_23_vir_2,1.0
ev_3471,1189,arc_vir_2_2,1.0
ev_3471,1189,26,1.0
ev_3472,1189,arc_23_vir_2,1.0
ev_3472,1189,arc_vir_2_2,1.0
ev_3472,1189,5,1.0
ev_3472,1189,2,1.0
ev_3476,1190,67,1.0
ev_3476,1190,arc_5_vir_22,1.0
ev_3476,1190,arc_vir_22_22,1.0
ev_3476,1190,87,1.0
ev_3477,1191,arc_23_vir_2,1.0
ev_3477,1191,arc_vir_2_2,1.0
ev_3477,1191,28,1.0
ev_3478,1191,arc_23_vir_2,1.0
ev_3478,1191,arc_vir_2_2,1.0
ev_3478,1191,5,1.0
ev_3478,1191,0,1.0
ev_3479,1191,arc_23_vir_2,1.0
ev_3479,1191,arc_vir_2_2,1.0
ev_3479,1191,26,1.0
ev_3479,1191,250,1.0
ev_3480,1192,arc_23_vir_2,1.0
ev_3480,1192,arc_vir_2_2,1.0
ev_3480,1192,28,1.0
ev_3481,1192,arc_23_vir_2,1.0
ev_3481,1192,arc_vir_2_2,1.0
ev_3481,1192,5,1.0
ev_3481,1192,0,1.0
ev_3482,1192,arc_23_vir_2,1.0
ev_3482,1192,arc_vir_2_2,1.0
ev_3482,1192,26,1.0
ev_3482,1192,250,1.0
ev_3483,1193,arc_23_vir_2,1.0
ev_3483,1193,arc_vir_2_2,1.0
ev_3483,1193,28,1.0
ev_3484,1193,arc_23_vir_2,1.0
ev_3484,1193,arc_vir_2_2,1.0
ev_3484,1193,5,1.0
ev_3484,1193,0,1.0
ev_3485,1193,arc_23_vir_2,1.0
ev_3485,1193,arc_vir_2_2,1.0
ev_3485,1193,26,1.0
ev_3485,1193,250,1.0
ev_3486,1194,arc_23_vir_2,1.0
ev_3486,1194,arc_vir_2_2,1.0
ev_3486,1194,28,1.0
ev_3487,1194,arc_23_vir_2,1.0
ev_3487,1194,arc_vir_2_2,1.0
ev_3487,1194,5,1.0
ev_3487,1194,0,1.0
ev_3488,1194,arc_23_vir_2,1.0
ev_3488,1194,arc_vir_2_2,1.0
ev_3488,1194,26,1.0
ev_3488,1194,250,1.0
ev_3491,1197,arc_62_vir_56,1.0
ev_3491,1197,arc_vir_56_56,1.0
ev_3492,1197,450,1.0
ev_3492,1197,arc_78_vir_56,1.0
ev_3492,1197,arc_vir_56_56,1.0
ev_3493,1197,193,1.0
ev_3493,1197,190,1.0
ev_3493,1197,arc_78_vir_56,1.0
ev_3493,1197,arc_vir_56_56,1.0
ev_3494,1198,arc_62_vir_56,1.0
ev_3494,1198,arc_vir_56_56,1.0
ev_3495,1198,450,1.0
ev_3495,1198,arc_78_vir_56,1.0
ev_3495,1198,arc_vir_56_56,1.0
ev_3496,1198,193,1.0
ev_3496,1198,190,1.0
ev_3496,1198,arc_78_vir_56,1.0
ev_3496,1198,arc_vir_56_56,1.0
ev_3521,1207,433,1.0
ev_3521,1207,426,1.0
ev_3521,1207,arc_77_vir_64,1.0
ev_3521,1207,arc_vir_64_64,1.0
ev_3522,1207,450,1.0
ev_3522,1207,435,1.0
ev_3522,1207,426,1.0
ev_3522,1207,arc_77_vir_64,1.0
ev_3522,1207,arc_vir_64_64,1.0
ev_3523,1207,193,1.0
ev_3523,1207,184,1.0
ev_3523,1207,426,1.0
ev_3523,1207,arc_77_vir_64,1.0
ev_3523,1207,arc_vir_64_64,1.0
ev_3524,1208,433,1.0
ev_3524,1208,426,1.0
ev_3524,1208,arc_77_vir_64,1.0
ev_3524,1208,arc_vir_64_64,1.0
ev_3525,1208,450,1.0
ev_3525,1208,435,1.0
ev_3525,1208,426,1.0
ev_3525,1208,arc_77_vir_64,1.0
ev_3525,1208,arc_vir_64_64,1.0
ev_3526,1208,193,1.0
ev_3526,1208,184,1.0
ev_3526,1208,426,1.0
ev_3526,1208,arc_77_vir_64,1.0
ev_3526,1208,arc_vir_64_64,1.0
ev_3527,1209,433,1.0
ev_3527,1209,426,1.0
ev_3527,1209,arc_77_vir_64,1.0
ev_3527,1209,arc_vir_64_64,1.0
ev_3528,1209,450,1.0
ev_3528,1209,435,1.0
ev_3528,1209,426,1.0
ev_3528,1209,arc_77_vir_64,1.0
ev_3528,1209,arc_vir_64_64,1.0
ev_3529,1209,193,1.0
ev_3529,1209,184,1.0
ev_3529,1209,426,1.0
ev_3529,1209,arc_77_vir_64,1.0
ev_3529,1209,arc_vir_64_64,1.0
ev_3530,1210,433,1.0
ev_3530,1210,426,1.0
ev_3530,1210,arc_77_vir_64,1.0
ev_3530,1210,arc_vir_64_64,1.0
ev_3531,1210,450,1.0
ev_3531,1210,435,1.0
ev_3531,1210,426,1.0
ev_3531,1210,arc_77_vir_64,1.0
ev_3531,1210,arc_vir_64_64,1.0
ev_3532,1210,193,1.0
ev_3532,1210,184,1.0
ev_3532,1210,426,1.0
ev_3532,1210,arc_77_vir_64,1.0
ev_3532,1210,arc_vir_64_64,1.0
ev_3539,1213,433,1.0
ev_3539,1213,426,1.0
ev_3539,1213,arc_77_vir_64,1.0
ev_3539,1213,arc_vir_64_64,1.0
ev_3539,1213,359,1.0
ev_3540,1213,450,1.0
ev_3540,1213,435,1.0
ev_3540,1213,426,1.0
ev_3540,1213,arc_77_vir_64,1.0
ev_3540,1213,arc_vir_64_64,1.0
ev_3540,1213,359,1.0
ev_3541,1213,193,1.0
ev_3541,1213,184,1.0
ev_3541,1213,426,1.0
ev_3541,1213,arc_77_vir_64,1.0
ev_3541,1213,arc_vir_64_64,1.0
ev_3541,1213,359,1.0
ev_3569,1225,303,1.0
ev_3569,1225,arc_30_vir_63,1.0
ev_3569,1225,arc_vir_63_63,1.0
ev_3570,1225,141,1.0
ev_3570,1225,148,1.0
ev_3570,1225,arc_30_vir_63,1.0
ev_3570,1225,arc_vir_63_63,1.0
ev_3571,1225,141,1.0
ev_3571,1225,150,1.0
ev_3571,1225,arc_60_vir_63,1.0
ev_3571,1225,arc_vir_63_63,1.0
ev_3579,1228,303,1.0
ev_3579,1228,arc_30_vir_63,1.0
ev_3579,1228,arc_vir_63_63,1.0
ev_3579,1228,403,1.0
ev_3582,1229,303,1.0
ev_3582,1229,arc_30_vir_63,1.0
ev_3582,1229,arc_vir_63_63,1.0
ev_3582,1229,403,1.0
ev_3585,1230,303,1.0
ev_3585,1230,arc_30_vir_63,1.0
ev_3585,1230,arc_vir_63_63,1.0
ev_3585,1230,403,1.0
ev_3588,1231,303,1.0
ev_3588,1231,arc_30_vir_63,1.0
ev_3588,1231,arc_vir_63_63,1.0
ev_3588,1231,403,1.0
ev_3597,1234,303,1.0
ev_3597,1234,arc_30_vir_63,1.0
ev_3597,1234,arc_vir_63_63,1.0
ev_3597,1234,403,1.0
ev_3597,1234,1,1.0
ev_3623,1245,303,1.0
ev_3623,1245,arc_30_vir_63,1.0
ev_3623,1245,arc_vir_63_63,1.0
ev_3624,1245,141,1.0
ev_3624,1245,148,1.0
ev_3624,1245,arc_30_vir_63,1.0
ev_3624,1245,arc_vir_63_63,1.0
ev_3625,1245,141,1.0
ev_3625,1245,150,1.0
ev_3625,1245,arc_60_vir_63,1.0
ev_3625,1245,arc_vir_63_63,1.0
ev_3633,1248,303,1.0
ev_3633,1248,arc_30_vir_63,1.0
ev_3633,1248,arc_vir_63_63,1.0
ev_3633,1248,403,1.0
ev_3636,1249,303,1.0
ev_3636,1249,arc_30_vir_63,1.0
ev_3636,1249,arc_vir_63_63,1.0
ev_3636,1249,403,1.0
ev_3639,1250,303,1.0
ev_3639,1250,arc_30_vir_63,1.0
ev_3639,1250,arc_vir_63_63,1.0
ev_3639,1250,403,1.0
ev_3642,1251,303,1.0
ev_3642,1251,arc_30_vir_63,1.0
ev_3642,1251,arc_vir_63_63,1.0
ev_3642,1251,403,1.0
ev_3651,1254,303,1.0
ev_3651,1254,arc_30_vir_63,1.0
ev_3651,1254,arc_vir_63_63,1.0
ev_3651,1254,403,1.0
ev_3651,1254,1,1.0
ev_3655,1257,arc_47_vir_34,1.0
ev_3655,1257,arc_vir_34_34,1.0
ev_3656,1257,386,1.0
ev_3656,1257,arc_65_vir_34,1.0
ev_3656,1257,arc_vir_34_34,1.0
ev_3657,1257,263,1.0
ev_3657,1257,arc_26_vir_34,1.0
ev_3657,1257,arc_vir_34_34,1.0
ev_3659,1258,arc_47_vir_34,1.0
ev_3659,1258,arc_vir_34_34,1.0
ev_3659,1258,267,1.0
ev_3661,1259,arc_47_vir_14,1.0
ev_3661,1259,arc_vir_14_14,1.0
ev_3662,1259,arc_47_vir_34,1.0
ev_3662,1259,arc_vir_34_34,1.0
ev_3662,1259,arc_34_vir_14,1.0
ev_3662,1259,arc_vir_14_14,1.0
ev_3663,1259,386,1.0
ev_3663,1259,arc_65_vir_14,1.0
ev_3663,1259,arc_vir_14_14,1.0
ev_3666,1260,arc_47_vir_34,1.0
ev_3666,1260,arc_vir_34_34,1.0
ev_3666,1260,111,1.0
ev_3670,1262,arc_47_vir_14,1.0
ev_3670,1262,arc_vir_14_14,1.0
ev_3670,1262,170,1.0
ev_3670,1262,384,1.0
ev_3670,1262,394,1.0
ev_3670,1262,47,1.0
ev_3671,1262,arc_47_vir_34,1.0
ev_3671,1262,arc_vir_34_34,1.0
ev_3671,1262,arc_34_vir_14,1.0
ev_3671,1262,arc_vir_14_14,1.0
ev_3671,1262,170,1.0
ev_3671,1262,384,1.0
ev_3671,1262,394,1.0
ev_3671,1262,47,1.0
ev_3672,1262,arc_47_vir_14,1.0
ev_3672,1262,arc_vir_14_14,1.0
ev_3672,1262,170,1.0
ev_3672,1262,384,1.0
ev_3672,1262,394,1.0
ev_3672,1262,199,1.0
ev_3672,1262,51,1.0
ev_3673,1263,arc_47_vir_14,1.0
ev_3673,1263,arc_vir_14_14,1.0
ev_3673,1263,170,1.0
ev_3674,1263,arc_47_vir_34,1.0
ev_3674,1263,arc_vir_34_34,1.0
ev_3674,1263,arc_34_vir_14,1.0
ev_3674,1263,arc_vir_14_14,1.0
ev_3674,1263,170,1.0
ev_3675,1263,386,1.0
ev_3675,1263,arc_65_vir_14,1.0
ev_3675,1263,arc_vir_14_14,1.0
ev_3675,1263,170,1.0
ev_3676,1264,arc_47_vir_14,1.0
ev_3676,1264,arc_vir_14_14,1.0
ev_3676,1264,170,1.0
ev_3677,1264,arc_47_vir_34,1.0
ev_3677,1264,arc_vir_34_34,1.0
ev_3677,1264,arc_34_vir_14,1.0
ev_3677,1264,arc_vir_14_14,1.0
ev_3677,1264,170,1.0
ev_3678,1264,386,1.0
ev_3678,1264,arc_65_vir_14,1.0
ev_3678,1264,arc_vir_14_14,1.0
ev_3678,1264,170,1.0
ev_3679,1265,arc_47_vir_14,1.0
ev_3679,1265,arc_vir_14_14,1.0
ev_3679,1265,170,1.0
ev_3679,1265,384,1.0
ev_3679,1265,394,1.0
ev_3679,1265,199,1.0
ev_3680,1265,arc_47_vir_14,1.0
ev_3680,1265,arc_vir_14_14,1.0
ev_3680,1265,170,1.0
ev_3680,1265,384,1.0
ev_3680,1265,394,1.0
ev_3680,1265,47,1.0
ev_3680,1265,50,1.0
ev_3681,1265,arc_47_vir_14,1.0
ev_3681,1265,arc_vir_14_14,1.0
ev_3681,1265,170,1.0
ev_3681,1265,384,1.0
ev_3681,1265,arc_50_vir_74,1.0
ev_3681,1265,arc_vir_74_74,1.0
ev_3681,1265,205,1.0
ev_3682,1266,arc_47_vir_14,1.0
ev_3682,1266,arc_vir_14_14,1.0
ev_3682,1266,170,1.0
ev_3682,1266,384,1.0
ev_3682,1266,394,1.0
ev_3682,1266,199,1.0
ev_3683,1266,arc_47_vir_14,1.0
ev_3683,1266,arc_vir_14_14,1.0
ev_3683,1266,170,1.0
ev_3683,1266,384,1.0
ev_3683,1266,394,1.0
ev_3683,1266,47,1.0
ev_3683,1266,50,1.0
ev_3684,1266,arc_47_vir_14,1.0
ev_3684,1266,arc_vir_14_14,1.0
ev_3684,1266,170,1.0
ev_3684,1266,384,1.0
ev_3684,1266,arc_50_vir_74,1.0
ev_3684,1266,arc_vir_74_74,1.0
ev_3684,1266,205,1.0
ev_3685,1267,arc_47_vir_14,1.0
ev_3685,1267,arc_vir_14_14,1.0
ev_3685,1267,170,1.0
ev_3685,1267,384,1.0
ev_3685,1267,394,1.0
ev_3685,1267,199,1.0
ev_3686,1267,arc_47_vir_14,1.0
ev_3686,1267,arc_vir_14_14,1.0
ev_3686,1267,170,1.0
ev_3686,1267,384,1.0
ev_3686,1267,394,1.0
ev_3686,1267,47,1.0
ev_3686,1267,50,1.0
ev_3687,1267,arc_47_vir_14,1.0
ev_3687,1267,arc_vir_14_14,1.0
ev_3687,1267,170,1.0
ev_3687,1267,384,1.0
ev_3687,1267,arc_50_vir_74,1.0
ev_3687,1267,arc_vir_74_74,1.0
ev_3687,1267,205,1.0
ev_3688,1268,arc_47_vir_14,1.0
ev_3688,1268,arc_vir_14_14,1.0
ev_3688,1268,170,1.0
ev_3688,1268,384,1.0
ev_3688,1268,394,1.0
ev_3689,1268,arc_47_vir_34,1.0
ev_3689,1268,arc_vir_34_34,1.0
ev_3689,1268,arc_34_vir_14,1.0
ev_3689,1268,arc_vir_14_14,1.0
ev_3689,1268,170,1.0
ev_3689,1268,384,1.0
ev_3689,1268,394,1.0
ev_3690,1268,arc_47_vir_14,1.0
ev_3690,1268,arc_vir_14_14,1.0
ev_3690,1268,170,1.0
ev_3690,1268,125,1.0
ev_3690,1268,120,1.0
ev_3690,1268,394,1.0
ev_3691,1269,arc_47_vir_14,1.0
ev_3691,1269,arc_vir_14_14,1.0
ev_3691,1269,arc_14_vir_33,1.0
ev_3691,1269,arc_vir_33_33,1.0
ev_3692,1269,arc_47_vir_14,1.0
ev_3692,1269,arc_vir_14_14,1.0
ev_3692,1269,170,1.0
ev_3692,1269,arc_46_vir_33,1.0
ev_3692,1269,arc_vir_33_33,1.0
ev_3693,1269,arc_47_vir_34,1.0
ev_3693,1269,arc_vir_34_34,1.0
ev_3693,1269,arc_34_vir_14,1.0
ev_3693,1269,arc_vir_14_14,1.0
ev_3693,1269,arc_14_vir_33,1.0
ev_3693,1269,arc_vir_33_33,1.0
ev_3694,1270,arc_47_vir_14,1.0
ev_3694,1270,arc_vir_14_14,1.0
ev_3694,1270,arc_14_vir_33,1.0
ev_3694,1270,arc_vir_33_33,1.0
ev_3695,1270,arc_47_vir_14,1.0
ev_3695,1270,arc_vir_14_14,1.0
ev_3695,1270,170,1.0
ev_3695,1270,arc_46_vir_33,1.0
ev_3695,1270,arc_vir_33_33,1.0
ev_3696,1270,arc_47_vir_34,1.0
ev_3696,1270,arc_vir_34_34,1.0
ev_3696,1270,arc_34_vir_14,1.0
ev_3696,1270,arc_vir_14_14,1.0
ev_3696,1270,arc_14_vir_33,1.0
ev_3696,1270,arc_vir_33_33,1.0
ev_3703,1273,arc_47_vir_14,1.0
ev_3703,1273,arc_vir_14_14,1.0
ev_3703,1273,170,1.0
ev_3703,1273,384,1.0
ev_3703,1273,394,1.0
ev_3703,1273,47,1.0
ev_3703,1273,52,1.0
ev_3705,1273,arc_47_vir_34,1.0
ev_3705,1273,arc_vir_34_34,1.0
ev_3705,1273,arc_34_vir_14,1.0
ev_3705,1273,arc_vir_14_14,1.0
ev_3705,1273,170,1.0
ev_3705,1273,384,1.0
ev_3705,1273,394,1.0
ev_3705,1273,47,1.0
ev_3705,1273,52,1.0
ev_3706,1273,arc_47_vir_14,1.0
ev_3706,1273,arc_vir_14_14,1.0
ev_3706,1273,170,1.0
ev_3706,1273,384,1.0
ev_3706,1273,394,1.0
ev_3706,1273,199,1.0
ev_3706,1273,51,1.0
ev_3706,1273,52,1.0
ev_3707,1274,arc_47_vir_14,1.0
ev_3707,1274,arc_vir_14_14,1.0
ev_3707,1274,170,1.0
ev_3707,1274,384,1.0
ev_3707,1274,394,1.0
ev_3707,1274,arc_55_vir_8,1.0
ev_3707,1274,arc_vir_8_8,1.0
ev_3708,1274,arc_47_vir_34,1.0
ev_3708,1274,arc_vir_34_34,1.0
ev_3708,1274,arc_34_vir_14,1.0
ev_3708,1274,arc_vir_14_14,1.0
ev_3708,1274,170,1.0
ev_3708,1274,384,1.0
ev_3708,1274,394,1.0
ev_3708,1274,arc_55_vir_8,1.0
ev_3708,1274,arc_vir_8_8,1.0
ev_3709,1274,arc_47_vir_14,1.0
ev_3709,1274,arc_vir_14_14,1.0
ev_3709,1274,170,1.0
ev_3709,1274,384,1.0
ev_3709,1274,arc_50_vir_74,1.0
ev_3709,1274,arc_vir_74_74,1.0
ev_3709,1274,arc_74_vir_8,1.0
ev_3709,1274,arc_vir_8_8,1.0
ev_3730,1282,184,1.0
ev_3730,1282,426,1.0
ev_3730,1282,arc_77_vir_64,1.0
ev_3730,1282,arc_vir_64_64,1.0
ev_3730,1282,303,1.0
ev_3730,1282,33,1.0
ev_3731,1282,184,1.0
ev_3731,1282,426,1.0
ev_3731,1282,arc_77_vir_64,1.0
ev_3731,1282,arc_vir_64_64,1.0
ev_3731,1282,141,1.0
ev_3731,1282,148,1.0
ev_3731,1282,33,1.0
ev_3732,1283,184,1.0
ev_3732,1283,426,1.0
ev_3732,1283,arc_77_vir_64,1.0
ev_3732,1283,arc_vir_64_64,1.0
ev_3733,1283,184,1.0
ev_3733,1283,426,1.0
ev_3733,1283,413,1.0
ev_3733,1283,arc_54_vir_64,1.0
ev_3733,1283,arc_vir_64_64,1.0
ev_3734,1283,184,1.0
ev_3734,1283,426,1.0
ev_3734,1283,145,1.0
ev_3734,1283,arc_12_vir_64,1.0
ev_3734,1283,arc_vir_64_64,1.0
ev_3735,1284,184,1.0
ev_3735,1284,426,1.0
ev_3735,1284,arc_77_vir_64,1.0
ev_3735,1284,arc_vir_64_64,1.0
ev_3736,1284,184,1.0
ev_3736,1284,426,1.0
ev_3736,1284,413,1.0
ev_3736,1284,arc_54_vir_64,1.0
ev_3736,1284,arc_vir_64_64,1.0
ev_3737,1284,184,1.0
ev_3737,1284,426,1.0
ev_3737,1284,145,1.0
ev_3737,1284,arc_12_vir_64,1.0
ev_3737,1284,arc_vir_64_64,1.0
ev_3738,1285,184,1.0
ev_3738,1285,426,1.0
ev_3738,1285,arc_77_vir_64,1.0
ev_3738,1285,arc_vir_64_64,1.0
ev_3739,1285,184,1.0
ev_3739,1285,426,1.0
ev_3739,1285,413,1.0
ev_3739,1285,arc_54_vir_64,1.0
ev_3739,1285,arc_vir_64_64,1.0
ev_3740,1285,184,1.0
ev_3740,1285,426,1.0
ev_3740,1285,145,1.0
ev_3740,1285,arc_12_vir_64,1.0
ev_3740,1285,arc_vir_64_64,1.0
ev_3741,1286,184,1.0
ev_3741,1286,426,1.0
ev_3741,1286,arc_77_vir_64,1.0
ev_3741,1286,arc_vir_64_64,1.0
ev_3742,1286,184,1.0
ev_3742,1286,426,1.0
ev_3742,1286,413,1.0
ev_3742,1286,arc_54_vir_64,1.0
ev_3742,1286,arc_vir_64_64,1.0
ev_3743,1286,184,1.0
ev_3743,1286,426,1.0
ev_3743,1286,145,1.0
ev_3743,1286,arc_12_vir_64,1.0
ev_3743,1286,arc_vir_64_64,1.0
ev_3755,1290,184,1.0
ev_3755,1290,426,1.0
ev_3755,1290,arc_77_vir_64,1.0
ev_3755,1290,arc_vir_64_64,1.0
ev_3755,1290,219,1.0
ev_3765,1294,188,1.0
ev_3765,1294,11,1.0
ev_3765,1294,12,1.0
ev_3765,1294,arc_26_vir_34,1.0
ev_3765,1294,arc_vir_34_34,1.0
ev_3766,1294,188,1.0
ev_3766,1294,11,1.0
ev_3766,1294,14,1.0
ev_3766,1294,arc_47_vir_34,1.0
ev_3766,1294,arc_vir_34_34,1.0
ev_3767,1294,184,1.0
ev_3767,1294,428,1.0
ev_3767,1294,11,1.0
ev_3767,1294,12,1.0
ev_3767,1294,arc_26_vir_34,1.0
ev_3767,1294,arc_vir_34_34,1.0
ev_3769,1296,arc_31_vir_8,1.0
ev_3769,1296,arc_vir_8_8,1.0
ev_3770,1296,207,1.0
ev_3770,1296,arc_18_vir_8,1.0
ev_3770,1296,arc_vir_8_8,1.0
ev_3771,1296,306,1.0
ev_3771,1296,arc_72_vir_8,1.0
ev_3771,1296,arc_vir_8_8,1.0
ev_3772,1297,arc_31_vir_8,1.0
ev_3772,1297,arc_vir_8_8,1.0
ev_3773,1297,207,1.0
ev_3773,1297,arc_18_vir_8,1.0
ev_3773,1297,arc_vir_8_8,1.0
ev_3774,1297,306,1.0
ev_3774,1297,arc_72_vir_8,1.0
ev_3774,1297,arc_vir_8_8,1.0
ev_3775,1298,arc_31_vir_8,1.0
ev_3775,1298,arc_vir_8_8,1.0
ev_3776,1298,207,1.0
ev_3776,1298,arc_18_vir_8,1.0
ev_3776,1298,arc_vir_8_8,1.0
ev_3777,1298,306,1.0
ev_3777,1298,arc_72_vir_8,1.0
ev_3777,1298,arc_vir_8_8,1.0
ev_3780,1299,arc_31_vir_8,1.0
ev_3780,1299,arc_vir_8_8,1.0
ev_3780,1299,94,1.0
ev_3783,1300,arc_31_vir_8,1.0
ev_3783,1300,arc_vir_8_8,1.0
ev_3783,1300,96,1.0
ev_3786,1301,arc_31_vir_8,1.0
ev_3786,1301,arc_vir_8_8,1.0
ev_3786,1301,96,1.0
ev_3789,1302,arc_31_vir_8,1.0
ev_3789,1302,arc_vir_8_8,1.0
ev_3789,1302,96,1.0
ev_3790,1303,arc_31_vir_74,1.0
ev_3790,1303,arc_vir_74_74,1.0
ev_3791,1303,306,1.0
ev_3791,1303,arc_72_vir_74,1.0
ev_3791,1303,arc_vir_74_74,1.0
ev_3792,1303,207,1.0
ev_3792,1303,208,1.0
ev_3792,1303,arc_72_vir_74,1.0
ev_3792,1303,arc_vir_74_74,1.0
ev_3793,1304,arc_31_vir_74,1.0
ev_3793,1304,arc_vir_74_74,1.0
ev_3794,1304,306,1.0
ev_3794,1304,arc_72_vir_74,1.0
ev_3794,1304,arc_vir_74_74,1.0
ev_3795,1304,207,1.0
ev_3795,1304,208,1.0
ev_3795,1304,arc_72_vir_74,1.0
ev_3795,1304,arc_vir_74_74,1.0
ev_3796,1305,arc_31_vir_74,1.0
ev_3796,1305,arc_vir_74_74,1.0
ev_3797,1305,306,1.0
ev_3797,1305,arc_72_vir_74,1.0
ev_3797,1305,arc_vir_74_74,1.0
ev_3798,1305,207,1.0
ev_3798,1305,208,1.0
ev_3798,1305,arc_72_vir_74,1.0
ev_3798,1305,arc_vir_74_74,1.0
ev_3801,1306,arc_31_vir_8,1.0
ev_3801,1306,arc_vir_8_8,1.0
ev_3801,1306,43,1.0
ev_3805,1308,arc_31_vir_8,1.0
ev_3805,1308,arc_vir_8_8,1.0
ev_3805,1308,102,1.0
ev_3806,1308,arc_31_vir_74,1.0
ev_3806,1308,arc_vir_74_74,1.0
ev_3806,1308,415,1.0
ev_3807,1308,207,1.0
ev_3807,1308,arc_18_vir_8,1.0
ev_3807,1308,arc_vir_8_8,1.0
ev_3807,1308,102,1.0
ev_3811,1310,310,1.0
ev_3811,1310,arc_69_vir_22,1.0
ev_3811,1310,arc_vir_22_22,1.0
ev_3811,1310,87,1.0
ev_3812,1310,207,1.0
ev_3812,1310,214,1.0
ev_3812,1310,arc_69_vir_22,1.0
ev_3812,1310,arc_vir_22_22,1.0
ev_3812,1310,87,1.0
ev_3814,1311,310,1.0
ev_3814,1311,arc_69_vir_22,1.0
ev_3814,1311,arc_vir_22_22,1.0
ev_3815,1311,207,1.0
ev_3815,1311,214,1.0
ev_3815,1311,arc_69_vir_22,1.0
ev_3815,1311,arc_vir_22_22,1.0
ev_3816,1311,310,1.0
ev_3816,1311,55,1.0
ev_3816,1311,arc_5_vir_22,1.0
ev_3816,1311,arc_vir_22_22,1.0
ev_3817,1312,arc_31_vir_74,1.0
ev_3817,1312,arc_vir_74_74,1.0
ev_3817,1312,285,1.0
ev_3823,1313,310,1.0
ev_3823,1313,arc_69_vir_22,1.0
ev_3823,1313,arc_vir_22_22,1.0
ev_3823,1313,57,1.0
ev_3826,1314,arc_31_vir_74,1.0
ev_3826,1314,arc_vir_74_74,1.0
ev_3826,1314,279,1.0
ev_3830,1316,246,1.0
ev_3830,1316,arc_41_vir_22,1.0
ev_3830,1316,arc_vir_22_22,1.0
ev_3830,1316,57,1.0
ev_3831,1317,arc_23_vir_51,1.0
ev_3831,1317,arc_vir_51_51,1.0
ev_3831,1317,137,1.0
ev_3833,1317,67,1.0
ev_3833,1317,arc_5_vir_68,1.0
ev_3833,1317,arc_vir_68_68,1.0
ev_3833,1317,135,1.0
ev_3834,1318,67,1.0
ev_3834,1318,arc_5_vir_22,1.0
ev_3834,1318,arc_vir_22_22,1.0
ev_3835,1318,246,1.0
ev_3835,1318,arc_41_vir_22,1.0
ev_3835,1318,arc_vir_22_22,1.0
ev_3836,1318,246,1.0
ev_3836,1318,69,1.0
ev_3836,1318,arc_5_vir_22,1.0
ev_3836,1318,arc_vir_22_22,1.0
ev_3837,1319,arc_23_vir_2,1.0
ev_3837,1319,arc_vir_2_2,1.0
ev_3837,1319,5,1.0
ev_3839,1319,arc_23_vir_2,1.0
ev_3839,1319,arc_vir_2_2,1.0
ev_3839,1319,26,1.0
ev_3839,1319,3,1.0
ev_3840,1320,arc_23_vir_2,1.0
ev_3840,1320,arc_vir_2_2,1.0
ev_3840,1320,5,1.0
ev_3842,1320,arc_23_vir_2,1.0
ev_3842,1320,arc_vir_2_2,1.0
ev_3842,1320,26,1.0
ev_3842,1320,3,1.0
ev_3843,1321,67,1.0
ev_3843,1321,arc_5_vir_68,1.0
ev_3843,1321,arc_vir_68_68,1.0
ev_3844,1321,67,1.0
ev_3844,1321,arc_5_vir_22,1.0
ev_3844,1321,arc_vir_22_22,1.0
ev_3844,1321,arc_22_vir_68,1.0
ev_3844,1321,arc_vir_68_68,1.0
ev_3845,1321,arc_23_vir_51,1.0
ev_3845,1321,arc_vir_51_51,1.0
ev_3845,1321,arc_51_vir_68,1.0
ev_3845,1321,arc_vir_68_68,1.0
ev_3846,1322,arc_23_vir_2,1.0
ev_3846,1322,arc_vir_2_2,1.0
ev_3846,1322,26,1.0
ev_3847,1322,arc_23_vir_2,1.0
ev_3847,1322,arc_vir_2_2,1.0
ev_3847,1322,5,1.0
ev_3847,1322,2,1.0
ev_3851,1323,67,1.0
ev_3851,1323,arc_5_vir_22,1.0
ev_3851,1323,arc_vir_22_22,1.0
ev_3851,1323,87,1.0
ev_3852,1324,arc_23_vir_2,1.0
ev_3852,1324,arc_vir_2_2,1.0
ev_3852,1324,28,1.0
ev_3853,1324,arc_23_vir_2,1.0
ev_3853,1324,arc_vir_2_2,1.0
ev_3853,1324,5,1.0
ev_3853,1324,0,1.0
ev_3854,1324,arc_23_vir_2,1.0
ev_3854,1324,arc_vir_2_2,1.0
ev_3854,1324,26,1.0
ev_3854,1324,250,1.0
ev_3855,1325,arc_23_vir_2,1.0
ev_3855,1325,arc_vir_2_2,1.0
ev_3855,1325,28,1.0
ev_3856,1325,arc_23_vir_2,1.0
ev_3856,1325,arc_vir_2_2,1.0
ev_3856,1325,5,1.0
ev_3856,1325,0,1.0
ev_3857,1325,arc_23_vir_2,1.0
ev_3857,1325,arc_vir_2_2,1.0
ev_3857,1325,26,1.0
ev_3857,1325,250,1.0
ev_3858,1326,arc_23_vir_2,1.0
ev_3858,1326,arc_vir_2_2,1.0
ev_3858,1326,28,1.0
ev_3859,1326,arc_23_vir_2,1.0
ev_3859,1326,arc_vir_2_2,1.0
ev_3859,1326,5,1.0
ev_3859,1326,0,1.0
ev_3860,1326,arc_23_vir_2,1.0
ev_3860,1326,arc_vir_2_2,1.0
ev_3860,1326,26,1.0
ev_3860,1326,250,1.0
ev_3861,1327,arc_23_vir_2,1.0
ev_3861,1327,arc_vir_2_2,1.0
ev_3861,1327,28,1.0
ev_3862,1327,arc_23_vir_2,1.0
ev_3862,1327,arc_vir_2_2,1.0
ev_3862,1327,5,1.0
ev_3862,1327,0,1.0
ev_3863,1327,arc_23_vir_2,1.0
ev_3863,1327,arc_vir_2_2,1.0
ev_3863,1327,26,1.0
ev_3863,1327,250,1.0
ev_3872,1330,arc_9_vir_34,1.0
ev_3872,1330,arc_vir_34_34,1.0
ev_3872,1330,328,1.0
ev_3875,1331,arc_9_vir_34,1.0
ev_3875,1331,arc_vir_34_34,1.0
ev_3875,1331,328,1.0
ev_3878,1332,arc_9_vir_34,1.0
ev_3878,1332,arc_vir_34_34,1.0
ev_3878,1332,328,1.0
ev_3879,1333,arc_9_vir_34,1.0
ev_3879,1333,arc_vir_34_34,1.0
ev_3880,1333,112,1.0
ev_3880,1333,arc_47_vir_34,1.0
ev_3880,1333,arc_vir_34_34,1.0
ev_3881,1333,108,1.0
ev_3881,1333,arc_26_vir_34,1.0
ev_3881,1333,arc_vir_34_34,1.0
ev_3882,1334,108,1.0
ev_3882,1334,arc_26_vir_14,1.0
ev_3882,1334,arc_vir_14_14,1.0
ev_3883,1334,112,1.0
ev_3883,1334,arc_47_vir_14,1.0
ev_3883,1334,arc_vir_14_14,1.0
ev_3884,1334,arc_9_vir_34,1.0
ev_3884,1334,arc_vir_34_34,1.0
ev_3884,1334,arc_34_vir_14,1.0
ev_3884,1334,arc_vir_14_14,1.0
ev_3900,1340,108,1.0
ev_3900,1340,arc_26_vir_14,1.0
ev_3900,1340,arc_vir_14_14,1.0
ev_3900,1340,170,1.0
ev_3901,1340,112,1.0
ev_3901,1340,arc_47_vir_14,1.0
ev_3901,1340,arc_vir_14_14,1.0
ev_3901,1340,170,1.0
ev_3902,1340,arc_9_vir_34,1.0
ev_3902,1340,arc_vir_34_34,1.0
ev_3902,1340,arc_34_vir_14,1.0
ev_3902,1340,arc_vir_14_14,1.0
ev_3902,1340,170,1.0
ev_3903,1341,108,1.0
ev_3903,1341,arc_26_vir_14,1.0
ev_3903,1341,arc_vir_14_14,1.0
ev_3903,1341,170,1.0
ev_3904,1341,112,1.0
ev_3904,1341,arc_47_vir_14,1.0
ev_3904,1341,arc_vir_14_14,1.0
ev_3904,1341,170,1.0
ev_3905,1341,arc_9_vir_34,1.0
ev_3905,1341,arc_vir_34_34,1.0
ev_3905,1341,arc_34_vir_14,1.0
ev_3905,1341,arc_vir_14_14,1.0
ev_3905,1341,170,1.0
ev_3906,1342,108,1.0
ev_3906,1342,arc_26_vir_14,1.0
ev_3906,1342,arc_vir_14_14,1.0
ev_3906,1342,170,1.0
ev_3906,1342,384,1.0
ev_3906,1342,394,1.0
ev_3906,1342,47,1.0
ev_3907,1342,108,1.0
ev_3907,1342,arc_26_vir_14,1.0
ev_3907,1342,arc_vir_14_14,1.0
ev_3907,1342,170,1.0
ev_3907,1342,384,1.0
ev_3907,1342,394,1.0
ev_3907,1342,199,1.0
ev_3907,1342,51,1.0
ev_3908,1342,112,1.0
ev_3908,1342,arc_47_vir_14,1.0
ev_3908,1342,arc_vir_14_14,1.0
ev_3908,1342,170,1.0
ev_3908,1342,384,1.0
ev_3908,1342,394,1.0
ev_3908,1342,47,1.0
ev_3909,1343,108,1.0
ev_3909,1343,arc_26_vir_14,1.0
ev_3909,1343,arc_vir_14_14,1.0
ev_3909,1343,arc_14_vir_33,1.0
ev_3909,1343,arc_vir_33_33,1.0
ev_3910,1343,108,1.0
ev_3910,1343,arc_26_vir_14,1.0
ev_3910,1343,arc_vir_14_14,1.0
ev_3910,1343,170,1.0
ev_3910,1343,arc_46_vir_33,1.0
ev_3910,1343,arc_vir_33_33,1.0
ev_3911,1343,112,1.0
ev_3911,1343,arc_47_vir_14,1.0
ev_3911,1343,arc_vir_14_14,1.0
ev_3911,1343,arc_14_vir_33,1.0
ev_3911,1343,arc_vir_33_33,1.0
ev_3912,1344,108,1.0
ev_3912,1344,arc_26_vir_14,1.0
ev_3912,1344,arc_vir_14_14,1.0
ev_3912,1344,arc_14_vir_33,1.0
ev_3912,1344,arc_vir_33_33,1.0
ev_3913,1344,108,1.0
ev_3913,1344,arc_26_vir_14,1.0
ev_3913,1344,arc_vir_14_14,1.0
ev_3913,1344,170,1.0
ev_3913,1344,arc_46_vir_33,1.0
ev_3913,1344,arc_vir_33_33,1.0
ev_3914,1344,112,1.0
ev_3914,1344,arc_47_vir_14,1.0
ev_3914,1344,arc_vir_14_14,1.0
ev_3914,1344,arc_14_vir_33,1.0
ev_3914,1344,arc_vir_33_33,1.0
ev_3915,1345,108,1.0
ev_3915,1345,arc_26_vir_14,1.0
ev_3915,1345,arc_vir_14_14,1.0
ev_3915,1345,170,1.0
ev_3915,1345,384,1.0
ev_3915,1345,394,1.0
ev_3915,1345,199,1.0
ev_3916,1345,108,1.0
ev_3916,1345,arc_26_vir_14,1.0
ev_3916,1345,arc_vir_14_14,1.0
ev_3916,1345,170,1.0
ev_3916,1345,384,1.0
ev_3916,1345,394,1.0
ev_3916,1345,47,1.0
ev_3916,1345,50,1.0
ev_3917,1345,108,1.0
ev_3917,1345,arc_26_vir_14,1.0
ev_3917,1345,arc_vir_14_14,1.0
ev_3917,1345,170,1.0
ev_3917,1345,384,1.0
ev_3917,1345,arc_50_vir_74,1.0
ev_3917,1345,arc_vir_74_74,1.0
ev_3917,1345,205,1.0
ev_3918,1346,108,1.0
ev_3918,1346,arc_26_vir_14,1.0
ev_3918,1346,arc_vir_14_14,1.0
ev_3918,1346,170,1.0
ev_3918,1346,384,1.0
ev_3918,1346,394,1.0
ev_3918,1346,199,1.0
ev_3919,1346,108,1.0
ev_3919,1346,arc_26_vir_14,1.0
ev_3919,1346,arc_vir_14_14,1.0
ev_3919,1346,170,1.0
ev_3919,1346,384,1.0
ev_3919,1346,394,1.0
ev_3919,1346,47,1.0
ev_3919,1346,50,1.0
ev_3920,1346,108,1.0
ev_3920,1346,arc_26_vir_14,1.0
ev_3920,1346,arc_vir_14_14,1.0
ev_3920,1346,170,1.0
ev_3920,1346,384,1.0
ev_3920,1346,arc_50_vir_74,1.0
ev_3920,1346,arc_vir_74_74,1.0
ev_3920,1346,205,1.0
ev_3921,1347,108,1.0
ev_3921,1347,arc_26_vir_14,1.0
ev_3921,1347,arc_vir_14_14,1.0
ev_3921,1347,170,1.0
ev_3921,1347,384,1.0
ev_3921,1347,394,1.0
ev_3921,1347,199,1.0
ev_3922,1347,108,1.0
ev_3922,1347,arc_26_vir_14,1.0
ev_3922,1347,arc_vir_14_14,1.0
ev_3922,1347,170,1.0
ev_3922,1347,384,1.0
ev_3922,1347,394,1.0
ev_3922,1347,47,1.0
ev_3922,1347,50,1.0
ev_3923,1347,108,1.0
ev_3923,1347,arc_26_vir_14,1.0
ev_3923,1347,arc_vir_14_14,1.0
ev_3923,1347,170,1.0
ev_3923,1347,384,1.0
ev_3923,1347,arc_50_vir_74,1.0
ev_3923,1347,arc_vir_74_74,1.0
ev_3923,1347,205,1.0
ev_3927,1349,arc_53_vir_63,1.0
ev_3927,1349,arc_vir_63_63,1.0
ev_3928,1349,406,1.0
ev_3928,1349,arc_60_vir_63,1.0
ev_3928,1349,arc_vir_63_63,1.0
ev_3929,1349,301,1.0
ev_3929,1349,arc_30_vir_63,1.0
ev_3929,1349,arc_vir_63_63,1.0
ev_3933,1351,301,1.0
ev_3933,1351,arc_30_vir_64,1.0
ev_3933,1351,arc_vir_64_64,1.0
ev_3934,1351,301,1.0
ev_3934,1351,149,1.0
ev_3934,1351,arc_12_vir_64,1.0
ev_3934,1351,arc_vir_64_64,1.0
ev_3935,1351,406,1.0
ev_3935,1351,151,1.0
ev_3935,1351,arc_12_vir_64,1.0
ev_3935,1351,arc_vir_64_64,1.0
ev_3936,1352,301,1.0
ev_3936,1352,arc_30_vir_64,1.0
ev_3936,1352,arc_vir_64_64,1.0
ev_3937,1352,301,1.0
ev_3937,1352,149,1.0
ev_3937,1352,arc_12_vir_64,1.0
ev_3937,1352,arc_vir_64_64,1.0
ev_3938,1352,406,1.0
ev_3938,1352,151,1.0
ev_3938,1352,arc_12_vir_64,1.0
ev_3938,1352,arc_vir_64_64,1.0
ev_3939,1353,301,1.0
ev_3939,1353,arc_30_vir_64,1.0
ev_3939,1353,arc_vir_64_64,1.0
ev_3940,1353,301,1.0
ev_3940,1353,149,1.0
ev_3940,1353,arc_12_vir_64,1.0
ev_3940,1353,arc_vir_64_64,1.0
ev_3941,1353,406,1.0
ev_3941,1353,151,1.0
ev_3941,1353,arc_12_vir_64,1.0
ev_3941,1353,arc_vir_64_64,1.0
ev_3942,1354,301,1.0
ev_3942,1354,arc_30_vir_64,1.0
ev_3942,1354,arc_vir_64_64,1.0
ev_3943,1354,301,1.0
ev_3943,1354,149,1.0
ev_3943,1354,arc_12_vir_64,1.0
ev_3943,1354,arc_vir_64_64,1.0
ev_3944,1354,406,1.0
ev_3944,1354,151,1.0
ev_3944,1354,arc_12_vir_64,1.0
ev_3944,1354,arc_vir_64_64,1.0
ev_3945,1355,arc_53_vir_63,1.0
ev_3945,1355,arc_vir_63_63,1.0
ev_3945,1355,403,1.0
ev_3946,1355,arc_53_vir_63,1.0
ev_3946,1355,arc_vir_63_63,1.0
ev_3946,1355,153,1.0
ev_3946,1355,156,1.0
ev_3947,1355,406,1.0
ev_3947,1355,arc_60_vir_63,1.0
ev_3947,1355,arc_vir_63_63,1.0
ev_3947,1355,403,1.0
ev_3948,1356,arc_53_vir_63,1.0
ev_3948,1356,arc_vir_63_63,1.0
ev_3948,1356,403,1.0
ev_3949,1356,arc_53_vir_63,1.0
ev_3949,1356,arc_vir_63_63,1.0
ev_3949,1356,153,1.0
ev_3949,1356,156,1.0
ev_3950,1356,406,1.0
ev_3950,1356,arc_60_vir_63,1.0
ev_3950,1356,arc_vir_63_63,1.0
ev_3950,1356,403,1.0
ev_3951,1357,arc_53_vir_63,1.0
ev_3951,1357,arc_vir_63_63,1.0
ev_3951,1357,403,1.0
ev_3952,1357,arc_53_vir_63,1.0
ev_3952,1357,arc_vir_63_63,1.0
ev_3952,1357,153,1.0
ev_3952,1357,156,1.0
ev_3953,1357,406,1.0
ev_3953,1357,arc_60_vir_63,1.0
ev_3953,1357,arc_vir_63_63,1.0
ev_3953,1357,403,1.0
ev_3954,1358,arc_53_vir_63,1.0
ev_3954,1358,arc_vir_63_63,1.0
ev_3954,1358,403,1.0
ev_3955,1358,arc_53_vir_63,1.0
ev_3955,1358,arc_vir_63_63,1.0
ev_3955,1358,153,1.0
ev_3955,1358,156,1.0
ev_3956,1358,406,1.0
ev_3956,1358,arc_60_vir_63,1.0
ev_3956,1358,arc_vir_63_63,1.0
ev_3956,1358,403,1.0
ev_3957,1359,301,1.0
ev_3957,1359,arc_30_vir_64,1.0
ev_3957,1359,arc_vir_64_64,1.0
ev_3957,1359,359,1.0
ev_3960,1360,arc_53_vir_63,1.0
ev_3960,1360,arc_vir_63_63,1.0
ev_3960,1360,383,1.0
ev_3960,1360,85,1.0
ev_3961,1360,arc_53_vir_63,1.0
ev_3961,1360,arc_vir_63_63,1.0
ev_3961,1360,153,1.0
ev_3961,1360,89,1.0
ev_3962,1360,arc_53_vir_63,1.0
ev_3962,1360,arc_vir_63_63,1.0
ev_3962,1360,153,1.0
ev_3962,1360,arc_13_vir_44,1.0
ev_3962,1360,arc_vir_44_44,1.0
ev_3962,1360,83,1.0
ev_3981,1367,389,1.0
ev_3981,1367,373,1.0
ev_3981,1367,arc_42_vir_8,1.0
ev_3981,1367,arc_vir_8_8,1.0
ev_3982,1367,389,1.0
ev_3982,1367,213,1.0
ev_3982,1367,arc_18_vir_8,1.0
ev_3982,1367,arc_vir_8_8,1.0
ev_3983,1367,389,1.0
ev_3983,1367,213,1.0
ev_3983,1367,206,1.0
ev_3983,1367,arc_31_vir_8,1.0
ev_3983,1367,arc_vir_8_8,1.0
ev_3996,1372,316,1.0
ev_3996,1372,arc_55_vir_74,1.0
ev_3996,1372,arc_vir_74_74,1.0
ev_3997,1372,119,1.0
ev_3997,1372,120,1.0
ev_3997,1372,arc_50_vir_74,1.0
ev_3997,1372,arc_vir_74_74,1.0
ev_3998,1372,318,1.0
ev_3998,1372,arc_50_vir_74,1.0
ev_3998,1372,arc_vir_74_74,1.0
ev_3999,1372,318,1.0
ev_3999,1372,394,1.0
ev_3999,1372,arc_55_vir_74,1.0
ev_3999,1372,arc_vir_74_74,1.0
ev_4000,1373,316,1.0
ev_4000,1373,arc_55_vir_74,1.0
ev_4000,1373,arc_vir_74_74,1.0
ev_4001,1373,119,1.0
ev_4001,1373,120,1.0
ev_4001,1373,arc_50_vir_74,1.0
ev_4001,1373,arc_vir_74_74,1.0
ev_4002,1373,318,1.0
ev_4002,1373,arc_50_vir_74,1.0
ev_4002,1373,arc_vir_74_74,1.0
ev_4003,1373,318,1.0
ev_4003,1373,394,1.0
ev_4003,1373,arc_55_vir_74,1.0
ev_4003,1373,arc_vir_74_74,1.0
ev_4004,1374,316,1.0
ev_4004,1374,arc_55_vir_74,1.0
ev_4004,1374,arc_vir_74_74,1.0
ev_4005,1374,119,1.0
ev_4005,1374,120,1.0
ev_4005,1374,arc_50_vir_74,1.0
ev_4005,1374,arc_vir_74_74,1.0
ev_4006,1374,318,1.0
ev_4006,1374,arc_50_vir_74,1.0
ev_4006,1374,arc_vir_74_74,1.0
ev_4007,1374,318,1.0
ev_4007,1374,394,1.0
ev_4007,1374,arc_55_vir_74,1.0
ev_4007,1374,arc_vir_74_74,1.0
ev_4016,1377,119,1.0
ev_4016,1377,arc_10_vir_33,1.0
ev_4016,1377,arc_vir_33_33,1.0
ev_4016,1377,324,1.0
ev_4019,1378,119,1.0
ev_4019,1378,arc_10_vir_33,1.0
ev_4019,1378,arc_vir_33_33,1.0
ev_4019,1378,324,1.0
ev_4022,1379,316,1.0
ev_4022,1379,arc_55_vir_74,1.0
ev_4022,1379,arc_vir_74_74,1.0
ev_4022,1379,285,1.0
ev_4023,1380,119,1.0
ev_4023,1380,arc_10_vir_33,1.0
ev_4023,1380,arc_vir_33_33,1.0
ev_4024,1380,119,1.0
ev_4024,1380,124,1.0
ev_4024,1380,arc_46_vir_33,1.0
ev_4024,1380,arc_vir_33_33,1.0
ev_4025,1380,314,1.0
ev_4025,1380,123,1.0
ev_4025,1380,arc_10_vir_33,1.0
ev_4025,1380,arc_vir_33_33,1.0
ev_4026,1381,119,1.0
ev_4026,1381,arc_10_vir_33,1.0
ev_4026,1381,arc_vir_33_33,1.0
ev_4027,1381,119,1.0
ev_4027,1381,124,1.0
ev_4027,1381,arc_46_vir_33,1.0
ev_4027,1381,arc_vir_33_33,1.0
ev_4028,1381,314,1.0
ev_4028,1381,123,1.0
ev_4028,1381,arc_10_vir_33,1.0
ev_4028,1381,arc_vir_33_33,1.0
ev_4031,1382,316,1.0
ev_4031,1382,arc_55_vir_74,1.0
ev_4031,1382,arc_vir_74_74,1.0
ev_4031,1382,461,1.0
ev_4032,1382,316,1.0
ev_4032,1382,arc_55_vir_8,1.0
ev_4032,1382,arc_vir_8_8,1.0
ev_4032,1382,94,1.0
ev_4050,1388,arc_24_vir_2,1.0
ev_4050,1388,arc_vir_2_2,1.0
ev_4050,1388,5,1.0
ev_4053,1389,arc_24_vir_2,1.0
ev_4053,1389,arc_vir_2_2,1.0
ev_4053,1389,5,1.0
ev_4056,1390,arc_24_vir_2,1.0
ev_4056,1390,arc_vir_2_2,1.0
ev_4056,1390,28,1.0
ev_4059,1391,arc_24_vir_2,1.0
ev_4059,1391,arc_vir_2_2,1.0
ev_4059,1391,28,1.0
ev_4062,1392,arc_24_vir_2,1.0
ev_4062,1392,arc_vir_2_2,1.0
ev_4062,1392,28,1.0
ev_4065,1393,arc_24_vir_2,1.0
ev_4065,1393,arc_vir_2_2,1.0
ev_4065,1393,28,1.0
ev_4066,1394,250,1.0
ev_4066,1394,arc_52_vir_63,1.0
ev_4066,1394,arc_vir_63_63,1.0
ev_4067,1394,3,1.0
ev_4067,1394,0,1.0
ev_4067,1394,arc_52_vir_63,1.0
ev_4067,1394,arc_vir_63_63,1.0
ev_4068,1394,250,1.0
ev_4068,1394,157,1.0
ev_4068,1394,arc_13_vir_63,1.0
ev_4068,1394,arc_vir_63_63,1.0
ev_4072,1396,250,1.0
ev_4072,1396,arc_52_vir_63,1.0
ev_4072,1396,arc_vir_63_63,1.0
ev_4072,1396,409,1.0
ev_4073,1396,3,1.0
ev_4073,1396,0,1.0
ev_4073,1396,arc_52_vir_63,1.0
ev_4073,1396,arc_vir_63_63,1.0
ev_4073,1396,409,1.0
ev_4074,1396,250,1.0
ev_4074,1396,157,1.0
ev_4074,1396,arc_13_vir_63,1.0
ev_4074,1396,arc_vir_63_63,1.0
ev_4074,1396,409,1.0
ev_4075,1397,79,1.0
ev_4075,1397,80,1.0
ev_4075,1397,arc_39_vir_64,1.0
ev_4075,1397,arc_vir_64_64,1.0
ev_4076,1397,79,1.0
ev_4076,1397,76,1.0
ev_4076,1397,363,1.0
ev_4076,1397,arc_39_vir_64,1.0
ev_4076,1397,arc_vir_64_64,1.0
ev_4077,1397,227,1.0
ev_4077,1397,224,1.0
ev_4077,1397,363,1.0
ev_4077,1397,arc_39_vir_64,1.0
ev_4077,1397,arc_vir_64_64,1.0
ev_4078,1398,79,1.0
ev_4078,1398,80,1.0
ev_4078,1398,arc_39_vir_64,1.0
ev_4078,1398,arc_vir_64_64,1.0
ev_4079,1398,79,1.0
ev_4079,1398,76,1.0
ev_4079,1398,363,1.0
ev_4079,1398,arc_39_vir_64,1.0
ev_4079,1398,arc_vir_64_64,1.0
ev_4080,1398,227,1.0
ev_4080,1398,224,1.0
ev_4080,1398,363,1.0
ev_4080,1398,arc_39_vir_64,1.0
ev_4080,1398,arc_vir_64_64,1.0
ev_4081,1399,79,1.0
ev_4081,1399,80,1.0
ev_4081,1399,arc_39_vir_64,1.0
ev_4081,1399,arc_vir_64_64,1.0
ev_4082,1399,79,1.0
ev_4082,1399,76,1.0
ev_4082,1399,363,1.0
ev_4082,1399,arc_39_vir_64,1.0
ev_4082,1399,arc_vir_64_64,1.0
ev_4083,1399,227,1.0
ev_4083,1399,224,1.0
ev_4083,1399,363,1.0
ev_4083,1399,arc_39_vir_64,1.0
ev_4083,1399,arc_vir_64_64,1.0
ev_4084,1400,79,1.0
ev_4084,1400,80,1.0
ev_4084,1400,arc_39_vir_64,1.0
ev_4084,1400,arc_vir_64_64,1.0
ev_4085,1400,79,1.0
ev_4085,1400,76,1.0
ev_4085,1400,363,1.0
ev_4085,1400,arc_39_vir_64,1.0
ev_4085,1400,arc_vir_64_64,1.0
ev_4086,1400,227,1.0
ev_4086,1400,224,1.0
ev_4086,1400,363,1.0
ev_4086,1400,arc_39_vir_64,1.0
ev_4086,1400,arc_vir_64_64,1.0
ev_4088,1401,250,1.0
ev_4088,1401,157,1.0
ev_4088,1401,arc_13_vir_44,1.0
ev_4088,1401,arc_vir_44_44,1.0
ev_4088,1401,83,1.0
ev_4090,1402,250,1.0
ev_4090,1402,arc_52_vir_63,1.0
ev_4090,1402,arc_vir_63_63,1.0
ev_4090,1402,41,1.0
ev_4091,1402,250,1.0
ev_4091,1402,arc_52_vir_63,1.0
ev_4091,1402,arc_vir_63_63,1.0
ev_4091,1402,409,1.0
ev_4091,1402,35,1.0
ev_4092,1402,3,1.0
ev_4092,1402,0,1.0
ev_4092,1402,arc_52_vir_63,1.0
ev_4092,1402,arc_vir_63_63,1.0
ev_4092,1402,41,1.0
ev_4093,1403,3,1.0
ev_4093,1403,6,1.0
ev_4093,1403,arc_41_vir_22,1.0
ev_4093,1403,arc_vir_22_22,1.0
ev_4094,1403,3,1.0
ev_4094,1403,6,1.0
ev_4094,1403,69,1.0
ev_4094,1403,arc_5_vir_22,1.0
ev_4094,1403,arc_vir_22_22,1.0
ev_4095,1403,250,1.0
ev_4095,1403,157,1.0
ev_4095,1403,89,1.0
ev_4095,1403,arc_7_vir_22,1.0
ev_4095,1403,arc_vir_22_22,1.0
ev_4097,1404,3,1.0
ev_4097,1404,6,1.0
ev_4097,1404,arc_41_vir_22,1.0
ev_4097,1404,arc_vir_22_22,1.0
ev_4097,1404,57,1.0
ev_4098,1404,arc_24_vir_2,1.0
ev_4098,1404,arc_vir_2_2,1.0
ev_4098,1404,24,1.0
ev_4098,1404,69,1.0
ev_4099,1405,79,1.0
ev_4099,1405,80,1.0
ev_4099,1405,arc_39_vir_64,1.0
ev_4099,1405,arc_vir_64_64,1.0
ev_4099,1405,219,1.0
ev_4101,1405,79,1.0
ev_4101,1405,80,1.0
ev_4101,1405,arc_39_vir_64,1.0
ev_4101,1405,arc_vir_64_64,1.0
ev_4101,1405,411,1.0
ev_4101,1405,217,1.0
ev_4102,1406,250,1.0
ev_4102,1406,arc_52_vir_63,1.0
ev_4102,1406,arc_vir_63_63,1.0
ev_4102,1406,409,1.0
ev_4102,1406,389,1.0
ev_4103,1406,3,1.0
ev_4103,1406,0,1.0
ev_4103,1406,arc_52_vir_63,1.0
ev_4103,1406,arc_vir_63_63,1.0
ev_4103,1406,409,1.0
ev_4103,1406,389,1.0
ev_4104,1406,250,1.0
ev_4104,1406,arc_52_vir_63,1.0
ev_4104,1406,arc_vir_63_63,1.0
ev_4104,1406,41,1.0
ev_4104,1406,36,1.0
ev_4105,1407,arc_24_vir_2,1.0
ev_4105,1407,arc_vir_2_2,1.0
ev_4105,1407,30,1.0
ev_4106,1407,3,1.0
ev_4106,1407,arc_0_vir_2,1.0
ev_4106,1407,arc_vir_2_2,1.0
ev_4106,1407,30,1.0
ev_4138,1418,431,1.0
ev_4138,1418,426,1.0
ev_4138,1418,arc_77_vir_64,1.0
ev_4138,1418,arc_vir_64_64,1.0
ev_4138,1418,303,1.0
ev_4138,1418,33,1.0
ev_4139,1419,23,1.0
ev_4139,1419,12,1.0
ev_4139,1419,arc_26_vir_34,1.0
ev_4139,1419,arc_vir_34_34,1.0
ev_4140,1419,23,1.0
ev_4140,1419,14,1.0
ev_4140,1419,arc_47_vir_34,1.0
ev_4140,1419,arc_vir_34_34,1.0
ev_4141,1419,23,1.0
ev_4141,1419,16,1.0
ev_4141,1419,arc_9_vir_34,1.0
ev_4141,1419,arc_vir_34_34,1.0
ev_4142,1420,23,1.0
ev_4142,1420,12,1.0
ev_4142,1420,arc_26_vir_14,1.0
ev_4142,1420,arc_vir_14_14,1.0
ev_4143,1420,23,1.0
ev_4143,1420,16,1.0
ev_4143,1420,108,1.0
ev_4143,1420,arc_26_vir_14,1.0
ev_4143,1420,arc_vir_14_14,1.0
ev_4144,1420,447,1.0
ev_4144,1420,11,1.0
ev_4144,1420,12,1.0
ev_4144,1420,arc_26_vir_14,1.0
ev_4144,1420,arc_vir_14_14,1.0
ev_4148,1422,431,1.0
ev_4148,1422,426,1.0
ev_4148,1422,arc_77_vir_64,1.0
ev_4148,1422,arc_vir_64_64,1.0
ev_4149,1422,187,1.0
ev_4149,1422,184,1.0
ev_4149,1422,426,1.0
ev_4149,1422,arc_77_vir_64,1.0
ev_4149,1422,arc_vir_64_64,1.0
ev_4150,1422,431,1.0
ev_4150,1422,426,1.0
ev_4150,1422,413,1.0
ev_4150,1422,arc_54_vir_64,1.0
ev_4150,1422,arc_vir_64_64,1.0
ev_4151,1423,431,1.0
ev_4151,1423,426,1.0
ev_4151,1423,arc_77_vir_64,1.0
ev_4151,1423,arc_vir_64_64,1.0
ev_4152,1423,187,1.0
ev_4152,1423,184,1.0
ev_4152,1423,426,1.0
ev_4152,1423,arc_77_vir_64,1.0
ev_4152,1423,arc_vir_64_64,1.0
ev_4153,1423,431,1.0
ev_4153,1423,426,1.0
ev_4153,1423,413,1.0
ev_4153,1423,arc_54_vir_64,1.0
ev_4153,1423,arc_vir_64_64,1.0
ev_4154,1424,431,1.0
ev_4154,1424,426,1.0
ev_4154,1424,arc_77_vir_64,1.0
ev_4154,1424,arc_vir_64_64,1.0
ev_4155,1424,187,1.0
ev_4155,1424,184,1.0
ev_4155,1424,426,1.0
ev_4155,1424,arc_77_vir_64,1.0
ev_4155,1424,arc_vir_64_64,1.0
ev_4156,1424,431,1.0
ev_4156,1424,426,1.0
ev_4156,1424,413,1.0
ev_4156,1424,arc_54_vir_64,1.0
ev_4156,1424,arc_vir_64_64,1.0
ev_4157,1425,431,1.0
ev_4157,1425,426,1.0
ev_4157,1425,arc_77_vir_64,1.0
ev_4157,1425,arc_vir_64_64,1.0
ev_4158,1425,187,1.0
ev_4158,1425,184,1.0
ev_4158,1425,426,1.0
ev_4158,1425,arc_77_vir_64,1.0
ev_4158,1425,arc_vir_64_64,1.0
ev_4159,1425,431,1.0
ev_4159,1425,426,1.0
ev_4159,1425,413,1.0
ev_4159,1425,arc_54_vir_64,1.0
ev_4159,1425,arc_vir_64_64,1.0
ev_4163,1427,23,1.0
ev_4163,1427,12,1.0
ev_4163,1427,arc_26_vir_14,1.0
ev_4163,1427,arc_vir_14_14,1.0
ev_4163,1427,170,1.0
ev_4163,1427,384,1.0
ev_4163,1427,394,1.0
ev_4163,1427,47,1.0
ev_4164,1427,23,1.0
ev_4164,1427,16,1.0
ev_4164,1427,108,1.0
ev_4164,1427,arc_26_vir_14,1.0
ev_4164,1427,arc_vir_14_14,1.0
ev_4164,1427,170,1.0
ev_4164,1427,384,1.0
ev_4164,1427,394,1.0
ev_4164,1427,47,1.0
ev_4165,1427,23,1.0
ev_4165,1427,12,1.0
ev_4165,1427,arc_26_vir_14,1.0
ev_4165,1427,arc_vir_14_14,1.0
ev_4165,1427,170,1.0
ev_4165,1427,384,1.0
ev_4165,1427,394,1.0
ev_4165,1427,199,1.0
ev_4165,1427,51,1.0
ev_4188,1436,350,1.0
ev_4188,1436,arc_43_vir_33,1.0
ev_4188,1436,arc_vir_33_33,1.0
ev_4189,1436,352,1.0
ev_4189,1436,arc_67_vir_33,1.0
ev_4189,1436,arc_vir_33_33,1.0
ev_4190,1436,129,1.0
ev_4190,1436,arc_10_vir_33,1.0
ev_4190,1436,arc_vir_33_33,1.0
ev_4191,1437,350,1.0
ev_4191,1437,arc_43_vir_33,1.0
ev_4191,1437,arc_vir_33_33,1.0
ev_4192,1437,352,1.0
ev_4192,1437,arc_67_vir_33,1.0
ev_4192,1437,arc_vir_33_33,1.0
ev_4193,1437,129,1.0
ev_4193,1437,arc_10_vir_33,1.0
ev_4193,1437,arc_vir_33_33,1.0
ev_4196,1438,350,1.0
ev_4196,1438,arc_43_vir_33,1.0
ev_4196,1438,arc_vir_33_33,1.0
ev_4196,1438,324,1.0
ev_4199,1439,350,1.0
ev_4199,1439,arc_43_vir_33,1.0
ev_4199,1439,arc_vir_33_33,1.0
ev_4199,1439,324,1.0
ev_4215,1445,313,1.0
ev_4215,1445,316,1.0
ev_4215,1445,arc_55_vir_74,1.0
ev_4215,1445,arc_vir_74_74,1.0
ev_4216,1445,129,1.0
ev_4216,1445,120,1.0
ev_4216,1445,arc_50_vir_74,1.0
ev_4216,1445,arc_vir_74_74,1.0
ev_4217,1445,313,1.0
ev_4217,1445,318,1.0
ev_4217,1445,arc_50_vir_74,1.0
ev_4217,1445,arc_vir_74_74,1.0
ev_4218,1446,313,1.0
ev_4218,1446,316,1.0
ev_4218,1446,arc_55_vir_74,1.0
ev_4218,1446,arc_vir_74_74,1.0
ev_4219,1446,129,1.0
ev_4219,1446,120,1.0
ev_4219,1446,arc_50_vir_74,1.0
ev_4219,1446,arc_vir_74_74,1.0
ev_4220,1446,313,1.0
ev_4220,1446,318,1.0
ev_4220,1446,arc_50_vir_74,1.0
ev_4220,1446,arc_vir_74_74,1.0
ev_4221,1447,313,1.0
ev_4221,1447,316,1.0
ev_4221,1447,arc_55_vir_74,1.0
ev_4221,1447,arc_vir_74_74,1.0
ev_4222,1447,129,1.0
ev_4222,1447,120,1.0
ev_4222,1447,arc_50_vir_74,1.0
ev_4222,1447,arc_vir_74_74,1.0
ev_4223,1447,313,1.0
ev_4223,1447,318,1.0
ev_4223,1447,arc_50_vir_74,1.0
ev_4223,1447,arc_vir_74_74,1.0
ev_4255,1459,180,1.0
ev_4255,1459,455,1.0
ev_4255,1459,arc_67_vir_33,1.0
ev_4255,1459,arc_vir_33_33,1.0
ev_4256,1459,180,1.0
ev_4256,1459,455,1.0
ev_4256,1459,375,1.0
ev_4256,1459,arc_43_vir_33,1.0
ev_4256,1459,arc_vir_33_33,1.0
ev_4257,1459,180,1.0
ev_4257,1459,357,1.0
ev_4257,1459,350,1.0
ev_4257,1459,arc_43_vir_33,1.0
ev_4257,1459,arc_vir_33_33,1.0
ev_4258,1460,180,1.0
ev_4258,1460,455,1.0
ev_4258,1460,arc_67_vir_33,1.0
ev_4258,1460,arc_vir_33_33,1.0
ev_4259,1460,180,1.0
ev_4259,1460,455,1.0
ev_4259,1460,375,1.0
ev_4259,1460,arc_43_vir_33,1.0
ev_4259,1460,arc_vir_33_33,1.0
ev_4260,1460,180,1.0
ev_4260,1460,357,1.0
ev_4260,1460,350,1.0
ev_4260,1460,arc_43_vir_33,1.0
ev_4260,1460,arc_vir_33_33,1.0
ev_4261,1461,180,1.0
ev_4261,1461,455,1.0
ev_4261,1461,arc_67_vir_33,1.0
ev_4261,1461,arc_vir_33_33,1.0
ev_4261,1461,324,1.0
ev_4263,1461,180,1.0
ev_4263,1461,455,1.0
ev_4263,1461,375,1.0
ev_4263,1461,arc_43_vir_33,1.0
ev_4263,1461,arc_vir_33_33,1.0
ev_4263,1461,324,1.0
ev_4264,1462,180,1.0
ev_4264,1462,455,1.0
ev_4264,1462,arc_67_vir_33,1.0
ev_4264,1462,arc_vir_33_33,1.0
ev_4264,1462,324,1.0
ev_4266,1462,180,1.0
ev_4266,1462,455,1.0
ev_4266,1462,375,1.0
ev_4266,1462,arc_43_vir_33,1.0
ev_4266,1462,arc_vir_33_33,1.0
ev_4266,1462,324,1.0
ev_4273,1465,174,1.0
ev_4273,1465,arc_35_vir_36,1.0
ev_4273,1465,arc_vir_36_36,1.0
ev_4274,1465,182,1.0
ev_4274,1465,arc_70_vir_36,1.0
ev_4274,1465,arc_vir_36_36,1.0
ev_4275,1465,178,1.0
ev_4275,1465,256,1.0
ev_4275,1465,arc_35_vir_36,1.0
ev_4275,1465,arc_vir_36_36,1.0
ev_4276,1466,174,1.0
ev_4276,1466,arc_35_vir_36,1.0
ev_4276,1466,arc_vir_36_36,1.0
ev_4277,1466,182,1.0
ev_4277,1466,arc_70_vir_36,1.0
ev_4277,1466,arc_vir_36_36,1.0
ev_4278,1466,178,1.0
ev_4278,1466,256,1.0
ev_4278,1466,arc_35_vir_36,1.0
ev_4278,1466,arc_vir_36_36,1.0
ev_4285,1469,arc_0_vir_2,1.0
ev_4285,1469,arc_vir_2_2,1.0
ev_4285,1469,26,1.0
ev_4288,1470,arc_0_vir_2,1.0
ev_4288,1470,arc_vir_2_2,1.0
ev_4288,1470,28,1.0
ev_4291,1471,arc_0_vir_2,1.0
ev_4291,1471,arc_vir_2_2,1.0
ev_4291,1471,28,1.0
ev_4294,1472,arc_0_vir_2,1.0
ev_4294,1472,arc_vir_2_2,1.0
ev_4294,1472,28,1.0
ev_4297,1473,arc_0_vir_2,1.0
ev_4297,1473,arc_vir_2_2,1.0
ev_4297,1473,28,1.0
ev_4298,1474,0,1.0
ev_4298,1474,arc_52_vir_63,1.0
ev_4298,1474,arc_vir_63_63,1.0
ev_4299,1474,0,1.0
ev_4299,1474,157,1.0
ev_4299,1474,arc_13_vir_63,1.0
ev_4299,1474,arc_vir_63_63,1.0
ev_4300,1474,2,1.0
ev_4300,1474,250,1.0
ev_4300,1474,arc_52_vir_63,1.0
ev_4300,1474,arc_vir_63_63,1.0
ev_4303,1475,0,1.0
ev_4303,1475,157,1.0
ev_4303,1475,arc_13_vir_44,1.0
ev_4303,1475,arc_vir_44_44,1.0
ev_4303,1475,83,1.0
ev_4304,1476,0,1.0
ev_4304,1476,arc_52_vir_63,1.0
ev_4304,1476,arc_vir_63_63,1.0
ev_4304,1476,409,1.0
ev_4305,1476,0,1.0
ev_4305,1476,157,1.0
ev_4305,1476,arc_13_vir_63,1.0
ev_4305,1476,arc_vir_63_63,1.0
ev_4305,1476,409,1.0
ev_4306,1476,0,1.0
ev_4306,1476,arc_52_vir_63,1.0
ev_4306,1476,arc_vir_63_63,1.0
ev_4306,1476,445,1.0
ev_4306,1476,407,1.0
ev_4310,1478,6,1.0
ev_4310,1478,arc_41_vir_22,1.0
ev_4310,1478,arc_vir_22_22,1.0
ev_4311,1478,6,1.0
ev_4311,1478,69,1.0
ev_4311,1478,arc_5_vir_22,1.0
ev_4311,1478,arc_vir_22_22,1.0
ev_4312,1478,6,1.0
ev_4312,1478,91,1.0
ev_4312,1478,arc_7_vir_22,1.0
ev_4312,1478,arc_vir_22_22,1.0
ev_4314,1479,6,1.0
ev_4314,1479,arc_41_vir_22,1.0
ev_4314,1479,arc_vir_22_22,1.0
ev_4314,1479,57,1.0
ev_4315,1479,arc_0_vir_2,1.0
ev_4315,1479,arc_vir_2_2,1.0
ev_4315,1479,24,1.0
ev_4315,1479,69,1.0
ev_4316,1480,0,1.0
ev_4316,1480,404,1.0
ev_4316,1480,363,1.0
ev_4316,1480,arc_39_vir_64,1.0
ev_4316,1480,arc_vir_64_64,1.0
ev_4317,1480,0,1.0
ev_4317,1480,arc_52_vir_63,1.0
ev_4317,1480,arc_vir_63_63,1.0
ev_4317,1480,305,1.0
ev_4317,1480,arc_30_vir_64,1.0
ev_4317,1480,arc_vir_64_64,1.0
ev_4318,1480,0,1.0
ev_4318,1480,404,1.0
ev_4318,1480,363,1.0
ev_4318,1480,360,1.0
ev_4318,1480,arc_54_vir_64,1.0
ev_4318,1480,arc_vir_64_64,1.0
ev_4319,1481,0,1.0
ev_4319,1481,404,1.0
ev_4319,1481,363,1.0
ev_4319,1481,arc_39_vir_64,1.0
ev_4319,1481,arc_vir_64_64,1.0
ev_4320,1481,0,1.0
ev_4320,1481,arc_52_vir_63,1.0
ev_4320,1481,arc_vir_63_63,1.0
ev_4320,1481,305,1.0
ev_4320,1481,arc_30_vir_64,1.0
ev_4320,1481,arc_vir_64_64,1.0
ev_4321,1481,0,1.0
ev_4321,1481,404,1.0
ev_4321,1481,363,1.0
ev_4321,1481,360,1.0
ev_4321,1481,arc_54_vir_64,1.0
ev_4321,1481,arc_vir_64_64,1.0
ev_4322,1482,0,1.0
ev_4322,1482,404,1.0
ev_4322,1482,363,1.0
ev_4322,1482,arc_39_vir_64,1.0
ev_4322,1482,arc_vir_64_64,1.0
ev_4323,1482,0,1.0
ev_4323,1482,arc_52_vir_63,1.0
ev_4323,1482,arc_vir_63_63,1.0
ev_4323,1482,305,1.0
ev_4323,1482,arc_30_vir_64,1.0
ev_4323,1482,arc_vir_64_64,1.0
ev_4324,1482,0,1.0
ev_4324,1482,404,1.0
ev_4324,1482,363,1.0
ev_4324,1482,360,1.0
ev_4324,1482,arc_54_vir_64,1.0
ev_4324,1482,arc_vir_64_64,1.0
ev_4325,1483,0,1.0
ev_4325,1483,404,1.0
ev_4325,1483,363,1.0
ev_4325,1483,arc_39_vir_64,1.0
ev_4325,1483,arc_vir_64_64,1.0
ev_4326,1483,0,1.0
ev_4326,1483,arc_52_vir_63,1.0
ev_4326,1483,arc_vir_63_63,1.0
ev_4326,1483,305,1.0
ev_4326,1483,arc_30_vir_64,1.0
ev_4326,1483,arc_vir_64_64,1.0
ev_4327,1483,0,1.0
ev_4327,1483,404,1.0
ev_4327,1483,363,1.0
ev_4327,1483,360,1.0
ev_4327,1483,arc_54_vir_64,1.0
ev_4327,1483,arc_vir_64_64,1.0
ev_4328,1484,0,1.0
ev_4328,1484,arc_52_vir_63,1.0
ev_4328,1484,arc_vir_63_63,1.0
ev_4328,1484,41,1.0
ev_4329,1484,0,1.0
ev_4329,1484,arc_52_vir_63,1.0
ev_4329,1484,arc_vir_63_63,1.0
ev_4329,1484,409,1.0
ev_4329,1484,35,1.0
ev_4330,1484,0,1.0
ev_4330,1484,157,1.0
ev_4330,1484,arc_13_vir_63,1.0
ev_4330,1484,arc_vir_63_63,1.0
ev_4330,1484,41,1.0
ev_4331,1485,0,1.0
ev_4331,1485,arc_52_vir_63,1.0
ev_4331,1485,arc_vir_63_63,1.0
ev_4331,1485,409,1.0
ev_4331,1485,389,1.0
ev_4332,1485,0,1.0
ev_4332,1485,arc_52_vir_63,1.0
ev_4332,1485,arc_vir_63_63,1.0
ev_4332,1485,41,1.0
ev_4332,1485,36,1.0
ev_4333,1485,0,1.0
ev_4333,1485,157,1.0
ev_4333,1485,arc_13_vir_63,1.0
ev_4333,1485,arc_vir_63_63,1.0
ev_4333,1485,409,1.0
ev_4333,1485,389,1.0
ev_4334,1486,6,1.0
ev_4334,1486,arc_41_vir_22,1.0
ev_4334,1486,arc_vir_22_22,1.0
ev_4334,1486,238,1.0
ev_4334,1486,311,1.0
ev_4336,1486,6,1.0
ev_4336,1486,arc_41_vir_22,1.0
ev_4336,1486,arc_vir_22_22,1.0
ev_4336,1486,238,1.0
ev_4336,1486,215,1.0
ev_4336,1486,206,1.0
ev_4337,1487,6,1.0
ev_4337,1487,arc_41_vir_22,1.0
ev_4337,1487,arc_vir_22_22,1.0
ev_4337,1487,238,1.0
ev_4337,1487,311,1.0
ev_4339,1487,6,1.0
ev_4339,1487,arc_41_vir_22,1.0
ev_4339,1487,arc_vir_22_22,1.0
ev_4339,1487,238,1.0
ev_4339,1487,215,1.0
ev_4339,1487,206,1.0
ev_4342,1488,arc_28_vir_74,1.0
ev_4342,1488,arc_vir_74_74,1.0
ev_4342,1488,279,1.0
ev_4343,1489,arc_28_vir_74,1.0
ev_4343,1489,arc_vir_74_74,1.0
ev_4344,1489,282,1.0
ev_4344,1489,arc_59_vir_74,1.0
ev_4344,1489,arc_vir_74_74,1.0
ev_4345,1489,286,1.0
ev_4345,1489,arc_72_vir_74,1.0
ev_4345,1489,arc_vir_74_74,1.0
ev_4346,1490,arc_28_vir_74,1.0
ev_4346,1490,arc_vir_74_74,1.0
ev_4347,1490,282,1.0
ev_4347,1490,arc_59_vir_74,1.0
ev_4347,1490,arc_vir_74_74,1.0
ev_4348,1490,286,1.0
ev_4348,1490,arc_72_vir_74,1.0
ev_4348,1490,arc_vir_74_74,1.0
ev_4349,1491,arc_28_vir_74,1.0
ev_4349,1491,arc_vir_74_74,1.0
ev_4350,1491,282,1.0
ev_4350,1491,arc_59_vir_74,1.0
ev_4350,1491,arc_vir_74_74,1.0
ev_4351,1491,286,1.0
ev_4351,1491,arc_72_vir_74,1.0
ev_4351,1491,arc_vir_74_74,1.0
ev_4354,1492,arc_28_vir_74,1.0
ev_4354,1492,arc_vir_74_74,1.0
ev_4354,1492,461,1.0
ev_4357,1493,arc_28_vir_74,1.0
ev_4357,1493,arc_vir_74_74,1.0
ev_4357,1493,415,1.0
ev_4357,1493,317,1.0
ev_4363,1495,arc_28_vir_74,1.0
ev_4363,1495,arc_vir_74_74,1.0
ev_4363,1495,415,1.0
ev_4364,1495,282,1.0
ev_4364,1495,arc_59_vir_74,1.0
ev_4364,1495,arc_vir_74_74,1.0
ev_4364,1495,415,1.0
ev_4365,1496,282,1.0
ev_4365,1496,arc_59_vir_8,1.0
ev_4365,1496,arc_vir_8_8,1.0
ev_4366,1496,273,1.0
ev_4366,1496,270,1.0
ev_4366,1496,arc_59_vir_8,1.0
ev_4366,1496,arc_vir_8_8,1.0
ev_4367,1496,286,1.0
ev_4367,1496,arc_72_vir_8,1.0
ev_4367,1496,arc_vir_8_8,1.0
ev_4368,1496,arc_28_vir_74,1.0
ev_4368,1496,arc_vir_74_74,1.0
ev_4368,1496,arc_74_vir_8,1.0
ev_4368,1496,arc_vir_8_8,1.0
ev_4369,1497,282,1.0
ev_4369,1497,arc_59_vir_8,1.0
ev_4369,1497,arc_vir_8_8,1.0
ev_4370,1497,273,1.0
ev_4370,1497,270,1.0
ev_4370,1497,arc_59_vir_8,1.0
ev_4370,1497,arc_vir_8_8,1.0
ev_4371,1497,286,1.0
ev_4371,1497,arc_72_vir_8,1.0
ev_4371,1497,arc_vir_8_8,1.0
ev_4372,1497,arc_28_vir_74,1.0
ev_4372,1497,arc_vir_74_74,1.0
ev_4372,1497,arc_74_vir_8,1.0
ev_4372,1497,arc_vir_8_8,1.0
ev_4373,1498,282,1.0
ev_4373,1498,arc_59_vir_8,1.0
ev_4373,1498,arc_vir_8_8,1.0
ev_4374,1498,273,1.0
ev_4374,1498,270,1.0
ev_4374,1498,arc_59_vir_8,1.0
ev_4374,1498,arc_vir_8_8,1.0
ev_4375,1498,286,1.0
ev_4375,1498,arc_72_vir_8,1.0
ev_4375,1498,arc_vir_8_8,1.0
ev_4376,1498,arc_28_vir_74,1.0
ev_4376,1498,arc_vir_74_74,1.0
ev_4376,1498,arc_74_vir_8,1.0
ev_4376,1498,arc_vir_8_8,1.0
ev_4377,1499,arc_28_vir_74,1.0
ev_4377,1499,arc_vir_74_74,1.0
ev_4377,1499,309,1.0
ev_4381,1500,arc_28_vir_74,1.0
ev_4381,1500,arc_vir_74_74,1.0
ev_4381,1500,309,1.0
ev_4385,1501,arc_28_vir_74,1.0
ev_4385,1501,arc_vir_74_74,1.0
ev_4385,1501,205,1.0
ev_4386,1501,282,1.0
ev_4386,1501,arc_59_vir_74,1.0
ev_4386,1501,arc_vir_74_74,1.0
ev_4386,1501,205,1.0
ev_4388,1502,arc_28_vir_74,1.0
ev_4388,1502,arc_vir_74_74,1.0
ev_4388,1502,205,1.0
ev_4389,1502,282,1.0
ev_4389,1502,arc_59_vir_74,1.0
ev_4389,1502,arc_vir_74_74,1.0
ev_4389,1502,205,1.0
ev_4391,1503,arc_28_vir_74,1.0
ev_4391,1503,arc_vir_74_74,1.0
ev_4391,1503,205,1.0
ev_4392,1503,282,1.0
ev_4392,1503,arc_59_vir_74,1.0
ev_4392,1503,arc_vir_74_74,1.0
ev_4392,1503,205,1.0
ev_4394,1504,273,1.0
ev_4394,1504,arc_27_vir_68,1.0
ev_4394,1504,arc_vir_68_68,1.0
ev_4395,1504,273,1.0
ev_4395,1504,139,1.0
ev_4395,1504,arc_11_vir_68,1.0
ev_4395,1504,arc_vir_68_68,1.0
ev_4396,1504,282,1.0
ev_4396,1504,271,1.0
ev_4396,1504,arc_27_vir_68,1.0
ev_4396,1504,arc_vir_68_68,1.0
ev_4400,1506,arc_28_vir_74,1.0
ev_4400,1506,arc_vir_74_74,1.0
ev_4400,1506,205,1.0
ev_4400,1506,51,1.0
ev_4407,1509,arc_58_vir_36,1.0
ev_4407,1509,arc_vir_36_36,1.0
ev_4408,1509,436,1.0
ev_4408,1509,arc_70_vir_36,1.0
ev_4408,1509,arc_vir_36_36,1.0
ev_4409,1509,337,1.0
ev_4409,1509,arc_35_vir_36,1.0
ev_4409,1509,arc_vir_36_36,1.0
ev_4410,1510,arc_58_vir_36,1.0
ev_4410,1510,arc_vir_36_36,1.0
ev_4411,1510,436,1.0
ev_4411,1510,arc_70_vir_36,1.0
ev_4411,1510,arc_vir_36_36,1.0
ev_4412,1510,337,1.0
ev_4412,1510,arc_35_vir_36,1.0
ev_4412,1510,arc_vir_36_36,1.0
ev_4414,1511,arc_58_vir_36,1.0
ev_4414,1511,arc_vir_36_36,1.0
ev_4414,1511,335,1.0
ev_4429,1516,393,1.0
ev_4429,1516,291,1.0
ev_4429,1516,273,1.0
ev_4429,1516,arc_27_vir_68,1.0
ev_4429,1516,arc_vir_68_68,1.0
ev_4429,1516,135,1.0
ev_4437,1519,393,1.0
ev_4437,1519,291,1.0
ev_4437,1519,273,1.0
ev_4437,1519,arc_27_vir_68,1.0
ev_4437,1519,arc_vir_68_68,1.0
ev_4438,1519,393,1.0
ev_4438,1519,291,1.0
ev_4438,1519,273,1.0
ev_4438,1519,139,1.0
ev_4438,1519,arc_11_vir_68,1.0
ev_4438,1519,arc_vir_68_68,1.0
ev_4439,1519,393,1.0
ev_4439,1519,291,1.0
ev_4439,1519,282,1.0
ev_4439,1519,271,1.0
ev_4439,1519,arc_27_vir_68,1.0
ev_4439,1519,arc_vir_68_68,1.0
ev_4449,1523,393,1.0
ev_4449,1523,291,1.0
ev_4449,1523,arc_28_vir_74,1.0
ev_4449,1523,arc_vir_74_74,1.0
ev_4450,1523,393,1.0
ev_4450,1523,291,1.0
ev_4450,1523,282,1.0
ev_4450,1523,arc_59_vir_74,1.0
ev_4450,1523,arc_vir_74_74,1.0
ev_4451,1523,393,1.0
ev_4451,1523,291,1.0
ev_4451,1523,286,1.0
ev_4451,1523,arc_72_vir_74,1.0
ev_4451,1523,arc_vir_74_74,1.0
ev_4452,1524,393,1.0
ev_4452,1524,291,1.0
ev_4452,1524,arc_28_vir_74,1.0
ev_4452,1524,arc_vir_74_74,1.0
ev_4453,1524,393,1.0
ev_4453,1524,291,1.0
ev_4453,1524,282,1.0
ev_4453,1524,arc_59_vir_74,1.0
ev_4453,1524,arc_vir_74_74,1.0
ev_4454,1524,393,1.0
ev_4454,1524,291,1.0
ev_4454,1524,286,1.0
ev_4454,1524,arc_72_vir_74,1.0
ev_4454,1524,arc_vir_74_74,1.0
ev_4455,1525,393,1.0
ev_4455,1525,291,1.0
ev_4455,1525,arc_28_vir_74,1.0
ev_4455,1525,arc_vir_74_74,1.0
ev_4456,1525,393,1.0
ev_4456,1525,291,1.0
ev_4456,1525,282,1.0
ev_4456,1525,arc_59_vir_74,1.0
ev_4456,1525,arc_vir_74_74,1.0
ev_4457,1525,393,1.0
ev_4457,1525,291,1.0
ev_4457,1525,286,1.0
ev_4457,1525,arc_72_vir_74,1.0
ev_4457,1525,arc_vir_74_74,1.0
ev_4486,1536,arc_33_vir_14,1.0
ev_4486,1536,arc_vir_14_14,1.0
ev_4487,1536,324,1.0
ev_4487,1536,arc_46_vir_14,1.0
ev_4487,1536,arc_vir_14_14,1.0
ev_4488,1536,127,1.0
ev_4488,1536,124,1.0
ev_4488,1536,arc_46_vir_14,1.0
ev_4488,1536,arc_vir_14_14,1.0
ev_4498,1540,arc_33_vir_14,1.0
ev_4498,1540,arc_vir_14_14,1.0
ev_4498,1540,arc_14_vir_34,1.0
ev_4498,1540,arc_vir_34_34,1.0
ev_4499,1540,324,1.0
ev_4499,1540,arc_46_vir_14,1.0
ev_4499,1540,arc_vir_14_14,1.0
ev_4499,1540,arc_14_vir_34,1.0
ev_4499,1540,arc_vir_34_34,1.0
ev_4500,1540,arc_33_vir_14,1.0
ev_4500,1540,arc_vir_14_14,1.0
ev_4500,1540,162,1.0
ev_4500,1540,arc_47_vir_34,1.0
ev_4500,1540,arc_vir_34_34,1.0
ev_4501,1541,arc_33_vir_14,1.0
ev_4501,1541,arc_vir_14_14,1.0
ev_4501,1541,162,1.0
ev_4502,1541,324,1.0
ev_4502,1541,arc_46_vir_14,1.0
ev_4502,1541,arc_vir_14_14,1.0
ev_4502,1541,162,1.0
ev_4503,1541,arc_33_vir_14,1.0
ev_4503,1541,arc_vir_14_14,1.0
ev_4503,1541,arc_14_vir_34,1.0
ev_4503,1541,arc_vir_34_34,1.0
ev_4503,1541,328,1.0
ev_4504,1542,arc_33_vir_14,1.0
ev_4504,1542,arc_vir_14_14,1.0
ev_4504,1542,162,1.0
ev_4505,1542,324,1.0
ev_4505,1542,arc_46_vir_14,1.0
ev_4505,1542,arc_vir_14_14,1.0
ev_4505,1542,162,1.0
ev_4506,1542,arc_33_vir_14,1.0
ev_4506,1542,arc_vir_14_14,1.0
ev_4506,1542,arc_14_vir_34,1.0
ev_4506,1542,arc_vir_34_34,1.0
ev_4506,1542,328,1.0
ev_4507,1543,arc_33_vir_14,1.0
ev_4507,1543,arc_vir_14_14,1.0
ev_4507,1543,162,1.0
ev_4508,1543,324,1.0
ev_4508,1543,arc_46_vir_14,1.0
ev_4508,1543,arc_vir_14_14,1.0
ev_4508,1543,162,1.0
ev_4509,1543,arc_33_vir_14,1.0
ev_4509,1543,arc_vir_14_14,1.0
ev_4509,1543,arc_14_vir_34,1.0
ev_4509,1543,arc_vir_34_34,1.0
ev_4509,1543,328,1.0
ev_4513,1545,arc_33_vir_14,1.0
ev_4513,1545,arc_vir_14_14,1.0
ev_4513,1545,164,1.0
ev_4514,1545,324,1.0
ev_4514,1545,arc_46_vir_14,1.0
ev_4514,1545,arc_vir_14_14,1.0
ev_4514,1545,164,1.0
ev_4515,1545,arc_33_vir_14,1.0
ev_4515,1545,arc_vir_14_14,1.0
ev_4515,1545,arc_14_vir_34,1.0
ev_4515,1545,arc_vir_34_34,1.0
ev_4515,1545,267,1.0
ev_4516,1546,arc_33_vir_14,1.0
ev_4516,1546,arc_vir_14_14,1.0
ev_4516,1546,164,1.0
ev_4516,1546,109,1.0
ev_4517,1546,324,1.0
ev_4517,1546,arc_46_vir_14,1.0
ev_4517,1546,arc_vir_14_14,1.0
ev_4517,1546,164,1.0
ev_4517,1546,109,1.0
ev_4518,1546,arc_33_vir_14,1.0
ev_4518,1546,arc_vir_14_14,1.0
ev_4518,1546,162,1.0
ev_4518,1546,113,1.0
ev_4528,1550,arc_3_vir_63,1.0
ev_4528,1550,arc_vir_63_63,1.0
ev_4529,1550,34,1.0
ev_4529,1550,arc_53_vir_63,1.0
ev_4529,1550,arc_vir_63_63,1.0
ev_4530,1550,32,1.0
ev_4530,1550,arc_30_vir_63,1.0
ev_4530,1550,arc_vir_63_63,1.0
ev_4531,1551,32,1.0
ev_4531,1551,arc_30_vir_64,1.0
ev_4531,1551,arc_vir_64_64,1.0
ev_4532,1551,32,1.0
ev_4532,1551,149,1.0
ev_4532,1551,arc_12_vir_64,1.0
ev_4532,1551,arc_vir_64_64,1.0
ev_4533,1551,32,1.0
ev_4533,1551,149,1.0
ev_4533,1551,142,1.0
ev_4533,1551,arc_54_vir_64,1.0
ev_4533,1551,arc_vir_64_64,1.0
ev_4534,1552,32,1.0
ev_4534,1552,arc_30_vir_64,1.0
ev_4534,1552,arc_vir_64_64,1.0
ev_4535,1552,32,1.0
ev_4535,1552,149,1.0
ev_4535,1552,arc_12_vir_64,1.0
ev_4535,1552,arc_vir_64_64,1.0
ev_4536,1552,32,1.0
ev_4536,1552,149,1.0
ev_4536,1552,142,1.0
ev_4536,1552,arc_54_vir_64,1.0
ev_4536,1552,arc_vir_64_64,1.0
ev_4537,1553,32,1.0
ev_4537,1553,arc_30_vir_64,1.0
ev_4537,1553,arc_vir_64_64,1.0
ev_4538,1553,32,1.0
ev_4538,1553,149,1.0
ev_4538,1553,arc_12_vir_64,1.0
ev_4538,1553,arc_vir_64_64,1.0
ev_4539,1553,32,1.0
ev_4539,1553,149,1.0
ev_4539,1553,142,1.0
ev_4539,1553,arc_54_vir_64,1.0
ev_4539,1553,arc_vir_64_64,1.0
ev_4540,1554,32,1.0
ev_4540,1554,arc_30_vir_64,1.0
ev_4540,1554,arc_vir_64_64,1.0
ev_4541,1554,32,1.0
ev_4541,1554,149,1.0
ev_4541,1554,arc_12_vir_64,1.0
ev_4541,1554,arc_vir_64_64,1.0
ev_4542,1554,32,1.0
ev_4542,1554,149,1.0
ev_4542,1554,142,1.0
ev_4542,1554,arc_54_vir_64,1.0
ev_4542,1554,arc_vir_64_64,1.0
ev_4545,1555,32,1.0
ev_4545,1555,arc_30_vir_64,1.0
ev_4545,1555,arc_vir_64_64,1.0
ev_4545,1555,452,1.0
ev_4545,1555,427,1.0
ev_4545,1555,430,1.0
ev_4548,1556,32,1.0
ev_4548,1556,arc_30_vir_64,1.0
ev_4548,1556,arc_vir_64_64,1.0
ev_4548,1556,452,1.0
ev_4548,1556,427,1.0
ev_4548,1556,430,1.0
ev_4554,1558,32,1.0
ev_4554,1558,arc_30_vir_64,1.0
ev_4554,1558,arc_vir_64_64,1.0
ev_4554,1558,452,1.0
ev_4554,1558,427,1.0
ev_4555,1558,32,1.0
ev_4555,1558,149,1.0
ev_4555,1558,arc_12_vir_64,1.0
ev_4555,1558,arc_vir_64_64,1.0
ev_4555,1558,452,1.0
ev_4555,1558,427,1.0
ev_4557,1559,32,1.0
ev_4557,1559,arc_30_vir_64,1.0
ev_4557,1559,arc_vir_64_64,1.0
ev_4557,1559,452,1.0
ev_4557,1559,427,1.0
ev_4557,1559,185,1.0
ev_4558,1559,32,1.0
ev_4558,1559,149,1.0
ev_4558,1559,arc_12_vir_64,1.0
ev_4558,1559,arc_vir_64_64,1.0
ev_4558,1559,452,1.0
ev_4558,1559,427,1.0
ev_4558,1559,185,1.0
ev_4560,1560,32,1.0
ev_4560,1560,arc_30_vir_64,1.0
ev_4560,1560,arc_vir_64_64,1.0
ev_4560,1560,452,1.0
ev_4560,1560,427,1.0
ev_4560,1560,185,1.0
ev_4561,1560,32,1.0
ev_4561,1560,149,1.0
ev_4561,1560,arc_12_vir_64,1.0
ev_4561,1560,arc_vir_64_64,1.0
ev_4561,1560,452,1.0
ev_4561,1560,427,1.0
ev_4561,1560,185,1.0
ev_4574,1564,32,1.0
ev_4574,1564,arc_30_vir_64,1.0
ev_4574,1564,arc_vir_64_64,1.0
ev_4574,1564,359,1.0
ev_4576,1564,32,1.0
ev_4576,1564,149,1.0
ev_4576,1564,arc_12_vir_64,1.0
ev_4576,1564,arc_vir_64_64,1.0
ev_4576,1564,359,1.0
ev_4585,1567,36,1.0
ev_4585,1567,53,1.0
ev_4585,1567,46,1.0
ev_4585,1567,395,1.0
ev_4585,1567,385,1.0
ev_4585,1567,arc_46_vir_14,1.0
ev_4585,1567,arc_vir_14_14,1.0
ev_4585,1567,162,1.0
ev_4587,1567,36,1.0
ev_4587,1567,53,1.0
ev_4587,1567,46,1.0
ev_4587,1567,395,1.0
ev_4587,1567,385,1.0
ev_4587,1567,arc_46_vir_14,1.0
ev_4587,1567,arc_vir_14_14,1.0
ev_4587,1567,arc_14_vir_34,1.0
ev_4587,1567,arc_vir_34_34,1.0
ev_4587,1567,328,1.0
ev_4588,1567,36,1.0
ev_4588,1567,53,1.0
ev_4588,1567,50,1.0
ev_4588,1567,198,1.0
ev_4588,1567,395,1.0
ev_4588,1567,385,1.0
ev_4588,1567,arc_46_vir_14,1.0
ev_4588,1567,arc_vir_14_14,1.0
ev_4588,1567,162,1.0
