path_id,od_id,arc_id,value
1,1,358,1.0
2,1,360,1.0
2,1,410,1.0
3,1,147,1.0
3,1,140,1.0
4,2,147,1.0
5,2,358,1.0
5,2,141,1.0
6,2,360,1.0
6,2,143,1.0
7,3,147,1.0
8,3,358,1.0
8,3,141,1.0
9,3,360,1.0
9,3,143,1.0
10,4,293,1.0
11,4,358,1.0
11,4,295,1.0
12,4,360,1.0
12,4,297,1.0
13,5,362,1.0
14,5,81,1.0
14,5,76,1.0
15,5,81,1.0
15,5,74,1.0
15,5,224,1.0
16,6,358,1.0
16,6,219,1.0
17,6,360,1.0
17,6,217,1.0
18,6,358,1.0
18,6,411,1.0
18,6,217,1.0
19,7,358,1.0
19,7,219,1.0
20,7,360,1.0
20,7,217,1.0
21,7,358,1.0
21,7,411,1.0
21,7,217,1.0
22,8,358,1.0
22,8,452,1.0
23,8,147,1.0
23,8,144,1.0
24,8,360,1.0
24,8,412,1.0
25,9,358,1.0
25,9,452,1.0
26,9,147,1.0
26,9,144,1.0
27,9,360,1.0
27,9,412,1.0
28,10,358,1.0
28,10,452,1.0
29,10,147,1.0
29,10,144,1.0
30,10,360,1.0
30,10,412,1.0
31,11,81,1.0
32,11,362,1.0
32,11,77,1.0
33,11,362,1.0
33,11,225,1.0
33,11,75,1.0
34,12,358,1.0
34,12,303,1.0
34,12,300,1.0
35,12,147,1.0
35,12,148,1.0
35,12,300,1.0
36,12,147,1.0
36,12,150,1.0
36,12,407,1.0
37,13,358,1.0
37,13,303,1.0
37,13,300,1.0
38,13,147,1.0
38,13,148,1.0
38,13,300,1.0
39,13,147,1.0
39,13,150,1.0
39,13,407,1.0
40,14,362,1.0
40,14,225,1.0
41,14,81,1.0
41,14,74,1.0
42,14,362,1.0
42,14,77,1.0
42,14,74,1.0
43,15,362,1.0
43,15,405,1.0
43,15,157,1.0
44,15,358,1.0
44,15,303,1.0
44,15,304,1.0
44,15,153,1.0
45,15,147,1.0
45,15,148,1.0
45,15,304,1.0
45,15,153,1.0
46,16,362,1.0
46,16,405,1.0
46,16,157,1.0
47,16,358,1.0
47,16,303,1.0
47,16,304,1.0
47,16,153,1.0
48,16,147,1.0
48,16,148,1.0
48,16,304,1.0
48,16,153,1.0
49,17,81,1.0
49,17,78,1.0
50,17,362,1.0
50,17,77,1.0
50,17,78,1.0
51,17,362,1.0
51,17,225,1.0
51,17,226,1.0
52,18,81,1.0
52,18,78,1.0
53,18,362,1.0
53,18,77,1.0
53,18,78,1.0
54,18,362,1.0
54,18,225,1.0
54,18,226,1.0
55,19,362,1.0
55,19,405,1.0
55,19,1,1.0
56,19,81,1.0
56,19,78,1.0
56,19,3,1.0
57,19,362,1.0
57,19,77,1.0
57,19,78,1.0
57,19,3,1.0
60,22,59,1.0
61,22,83,1.0
61,22,61,1.0
62,22,241,1.0
62,22,57,1.0
63,23,159,1.0
64,23,83,1.0
64,23,88,1.0
65,23,380,1.0
65,23,155,1.0
66,24,159,1.0
67,24,83,1.0
67,24,88,1.0
68,24,380,1.0
68,24,155,1.0
69,25,241,1.0
69,25,238,1.0
69,25,215,1.0
70,25,83,1.0
70,25,86,1.0
70,25,238,1.0
70,25,215,1.0
71,25,241,1.0
71,25,238,1.0
71,25,311,1.0
71,25,207,1.0
72,26,241,1.0
72,26,238,1.0
72,26,311,1.0
73,26,83,1.0
73,26,86,1.0
73,26,238,1.0
73,26,311,1.0
74,26,241,1.0
74,26,238,1.0
74,26,215,1.0
74,26,206,1.0
75,27,241,1.0
75,27,238,1.0
75,27,215,1.0
75,27,210,1.0
76,27,159,1.0
76,27,152,1.0
76,27,409,1.0
76,27,389,1.0
76,27,373,1.0
77,27,83,1.0
77,27,86,1.0
77,27,238,1.0
77,27,215,1.0
77,27,210,1.0
78,27,241,1.0
78,27,238,1.0
78,27,311,1.0
78,27,207,1.0
78,27,210,1.0
79,28,159,1.0
79,28,152,1.0
79,28,409,1.0
80,28,380,1.0
80,28,382,1.0
80,28,409,1.0
81,28,83,1.0
81,28,84,1.0
81,28,382,1.0
81,28,409,1.0
82,29,159,1.0
82,29,152,1.0
82,29,409,1.0
83,29,380,1.0
83,29,382,1.0
83,29,409,1.0
84,29,83,1.0
84,29,84,1.0
84,29,382,1.0
84,29,409,1.0
85,30,241,1.0
85,30,238,1.0
85,30,311,1.0
85,30,203,1.0
86,30,241,1.0
86,30,238,1.0
86,30,215,1.0
86,30,201,1.0
87,30,83,1.0
87,30,86,1.0
87,30,238,1.0
87,30,311,1.0
87,30,203,1.0
88,31,241,1.0
88,31,238,1.0
88,31,458,1.0
88,31,460,1.0
89,31,241,1.0
89,31,238,1.0
89,31,275,1.0
89,31,270,1.0
89,31,438,1.0
90,31,83,1.0
90,31,86,1.0
90,31,238,1.0
90,31,458,1.0
90,31,460,1.0
91,31,241,1.0
91,31,238,1.0
91,31,443,1.0
91,31,438,1.0
92,32,241,1.0
92,32,244,1.0
93,32,83,1.0
93,32,86,1.0
93,32,244,1.0
94,32,59,1.0
94,32,62,1.0
95,33,241,1.0
95,33,244,1.0
96,33,83,1.0
96,33,86,1.0
96,33,244,1.0
97,33,59,1.0
97,33,62,1.0
98,34,241,1.0
98,34,244,1.0
99,34,83,1.0
99,34,86,1.0
99,34,244,1.0
100,34,59,1.0
100,34,62,1.0
101,35,241,1.0
101,35,238,1.0
101,35,275,1.0
102,35,83,1.0
102,35,86,1.0
102,35,238,1.0
102,35,275,1.0
103,35,59,1.0
103,35,54,1.0
103,35,275,1.0
104,36,159,1.0
104,36,156,1.0
104,36,1,1.0
105,36,83,1.0
105,36,90,1.0
105,36,7,1.0
106,36,83,1.0
106,36,88,1.0
106,36,156,1.0
106,36,1,1.0
107,37,241,1.0
107,37,238,1.0
107,37,443,1.0
107,37,419,1.0
107,37,395,1.0
107,37,385,1.0
107,37,171,1.0
107,37,166,1.0
108,37,241,1.0
108,37,238,1.0
108,37,275,1.0
108,37,272,1.0
108,37,288,1.0
108,37,119,1.0
108,37,124,1.0
108,37,171,1.0
108,37,166,1.0
109,37,83,1.0
109,37,86,1.0
109,37,238,1.0
109,37,443,1.0
109,37,419,1.0
109,37,395,1.0
109,37,385,1.0
109,37,171,1.0
109,37,166,1.0
110,37,241,1.0
110,37,238,1.0
110,37,458,1.0
110,37,460,1.0
110,37,397,1.0
110,37,385,1.0
110,37,171,1.0
110,37,166,1.0
111,38,241,1.0
111,38,238,1.0
111,38,443,1.0
111,38,419,1.0
111,38,395,1.0
111,38,385,1.0
111,38,171,1.0
111,38,168,1.0
112,38,241,1.0
112,38,238,1.0
112,38,275,1.0
112,38,272,1.0
112,38,288,1.0
112,38,119,1.0
112,38,124,1.0
112,38,171,1.0
112,38,168,1.0
113,38,83,1.0
113,38,86,1.0
113,38,238,1.0
113,38,443,1.0
113,38,419,1.0
113,38,395,1.0
113,38,385,1.0
113,38,171,1.0
113,38,168,1.0
114,38,241,1.0
114,38,238,1.0
114,38,458,1.0
114,38,460,1.0
114,38,397,1.0
114,38,385,1.0
114,38,171,1.0
114,38,168,1.0
115,39,159,1.0
115,39,156,1.0
115,39,251,1.0
116,39,83,1.0
116,39,88,1.0
116,39,156,1.0
116,39,251,1.0
117,39,159,1.0
117,39,156,1.0
117,39,1,1.0
117,39,2,1.0
120,42,145,1.0
121,42,453,1.0
121,42,141,1.0
122,42,413,1.0
122,42,143,1.0
123,43,145,1.0
124,43,453,1.0
124,43,141,1.0
125,43,413,1.0
125,43,143,1.0
126,44,453,1.0
127,44,413,1.0
127,44,410,1.0
128,44,145,1.0
128,44,140,1.0
129,45,221,1.0
130,45,413,1.0
130,45,217,1.0
131,45,453,1.0
131,45,219,1.0
132,46,221,1.0
133,46,413,1.0
133,46,217,1.0
134,46,453,1.0
134,46,219,1.0
135,47,427,1.0
136,47,145,1.0
136,47,148,1.0
136,47,33,1.0
136,47,36,1.0
136,47,53,1.0
136,47,46,1.0
136,47,395,1.0
136,47,385,1.0
136,47,171,1.0
136,47,164,1.0
136,47,13,1.0
136,47,10,1.0
136,47,429,1.0
137,47,145,1.0
137,47,148,1.0
137,47,300,1.0
137,47,389,1.0
137,47,53,1.0
137,47,46,1.0
137,47,395,1.0
137,47,385,1.0
137,47,171,1.0
137,47,164,1.0
137,47,13,1.0
137,47,10,1.0
137,47,429,1.0
138,48,453,1.0
138,48,359,1.0
139,48,145,1.0
139,48,146,1.0
140,48,413,1.0
140,48,361,1.0
141,49,453,1.0
141,49,359,1.0
142,49,145,1.0
142,49,146,1.0
143,49,413,1.0
143,49,361,1.0
144,50,427,1.0
144,50,430,1.0
145,50,427,1.0
145,50,185,1.0
145,50,186,1.0
146,50,427,1.0
146,50,428,1.0
146,50,446,1.0
147,51,427,1.0
147,51,430,1.0
148,51,427,1.0
148,51,185,1.0
148,51,186,1.0
149,51,427,1.0
149,51,428,1.0
149,51,446,1.0
150,52,221,1.0
150,52,222,1.0
151,52,413,1.0
151,52,297,1.0
152,52,453,1.0
152,52,295,1.0
153,53,145,1.0
153,53,148,1.0
153,53,300,1.0
154,53,145,1.0
154,53,150,1.0
154,53,407,1.0
155,53,453,1.0
155,53,303,1.0
155,53,300,1.0
156,54,145,1.0
156,54,148,1.0
156,54,300,1.0
157,54,145,1.0
157,54,150,1.0
157,54,407,1.0
158,54,453,1.0
158,54,303,1.0
158,54,300,1.0
159,55,427,1.0
159,55,434,1.0
160,55,427,1.0
160,55,185,1.0
160,55,190,1.0
161,55,427,1.0
161,55,428,1.0
161,55,448,1.0
162,56,427,1.0
162,56,434,1.0
163,56,427,1.0
163,56,185,1.0
163,56,190,1.0
164,56,427,1.0
164,56,428,1.0
164,56,448,1.0
165,57,427,1.0
165,57,428,1.0
166,57,427,1.0
166,57,185,1.0
166,57,188,1.0
167,57,427,1.0
167,57,430,1.0
167,57,447,1.0
168,58,427,1.0
168,58,428,1.0
169,58,427,1.0
169,58,185,1.0
169,58,188,1.0
170,58,427,1.0
170,58,430,1.0
170,58,447,1.0
171,59,453,1.0
171,59,359,1.0
171,59,362,1.0
172,59,145,1.0
172,59,146,1.0
172,59,362,1.0
173,59,413,1.0
173,59,361,1.0
173,59,362,1.0
176,62,59,1.0
177,62,83,1.0
177,62,61,1.0
178,62,241,1.0
178,62,57,1.0
179,63,159,1.0
180,63,83,1.0
180,63,88,1.0
181,63,380,1.0
181,63,155,1.0
182,64,159,1.0
183,64,83,1.0
183,64,88,1.0
184,64,380,1.0
184,64,155,1.0
185,65,241,1.0
185,65,238,1.0
185,65,215,1.0
186,65,83,1.0
186,65,86,1.0
186,65,238,1.0
186,65,215,1.0
187,65,241,1.0
187,65,238,1.0
187,65,311,1.0
187,65,207,1.0
188,66,241,1.0
188,66,238,1.0
188,66,311,1.0
189,66,83,1.0
189,66,86,1.0
189,66,238,1.0
189,66,311,1.0
190,66,241,1.0
190,66,238,1.0
190,66,215,1.0
190,66,206,1.0
191,67,241,1.0
191,67,238,1.0
191,67,215,1.0
191,67,210,1.0
192,67,159,1.0
192,67,152,1.0
192,67,409,1.0
192,67,389,1.0
192,67,373,1.0
193,67,83,1.0
193,67,86,1.0
193,67,238,1.0
193,67,215,1.0
193,67,210,1.0
194,67,241,1.0
194,67,238,1.0
194,67,311,1.0
194,67,207,1.0
194,67,210,1.0
195,68,159,1.0
195,68,152,1.0
195,68,409,1.0
196,68,380,1.0
196,68,382,1.0
196,68,409,1.0
197,68,83,1.0
197,68,84,1.0
197,68,382,1.0
197,68,409,1.0
198,69,159,1.0
198,69,152,1.0
198,69,409,1.0
199,69,380,1.0
199,69,382,1.0
199,69,409,1.0
200,69,83,1.0
200,69,84,1.0
200,69,382,1.0
200,69,409,1.0
201,70,241,1.0
201,70,238,1.0
201,70,311,1.0
201,70,203,1.0
202,70,241,1.0
202,70,238,1.0
202,70,215,1.0
202,70,201,1.0
203,70,83,1.0
203,70,86,1.0
203,70,238,1.0
203,70,311,1.0
203,70,203,1.0
204,71,241,1.0
204,71,238,1.0
204,71,458,1.0
204,71,460,1.0
205,71,241,1.0
205,71,238,1.0
205,71,275,1.0
205,71,270,1.0
205,71,438,1.0
206,71,83,1.0
206,71,86,1.0
206,71,238,1.0
206,71,458,1.0
206,71,460,1.0
207,71,241,1.0
207,71,238,1.0
207,71,443,1.0
207,71,438,1.0
208,72,241,1.0
208,72,244,1.0
209,72,83,1.0
209,72,86,1.0
209,72,244,1.0
210,72,59,1.0
210,72,62,1.0
211,73,241,1.0
211,73,244,1.0
212,73,83,1.0
212,73,86,1.0
212,73,244,1.0
213,73,59,1.0
213,73,62,1.0
214,74,241,1.0
214,74,244,1.0
215,74,83,1.0
215,74,86,1.0
215,74,244,1.0
216,74,59,1.0
216,74,62,1.0
217,75,241,1.0
217,75,238,1.0
217,75,275,1.0
218,75,83,1.0
218,75,86,1.0
218,75,238,1.0
218,75,275,1.0
219,75,59,1.0
219,75,54,1.0
219,75,275,1.0
220,76,159,1.0
220,76,156,1.0
220,76,1,1.0
221,76,83,1.0
221,76,90,1.0
221,76,7,1.0
222,76,83,1.0
222,76,88,1.0
222,76,156,1.0
222,76,1,1.0
223,77,241,1.0
223,77,238,1.0
223,77,443,1.0
223,77,419,1.0
223,77,395,1.0
223,77,385,1.0
223,77,171,1.0
223,77,166,1.0
224,77,241,1.0
224,77,238,1.0
224,77,275,1.0
224,77,272,1.0
224,77,288,1.0
224,77,119,1.0
224,77,124,1.0
224,77,171,1.0
224,77,166,1.0
225,77,83,1.0
225,77,86,1.0
225,77,238,1.0
225,77,443,1.0
225,77,419,1.0
225,77,395,1.0
225,77,385,1.0
225,77,171,1.0
225,77,166,1.0
226,77,241,1.0
226,77,238,1.0
226,77,458,1.0
226,77,460,1.0
226,77,397,1.0
226,77,385,1.0
226,77,171,1.0
226,77,166,1.0
227,78,241,1.0
227,78,238,1.0
227,78,443,1.0
227,78,419,1.0
227,78,395,1.0
227,78,385,1.0
227,78,171,1.0
227,78,168,1.0
228,78,241,1.0
228,78,238,1.0
228,78,275,1.0
228,78,272,1.0
228,78,288,1.0
228,78,119,1.0
228,78,124,1.0
228,78,171,1.0
228,78,168,1.0
229,78,83,1.0
229,78,86,1.0
229,78,238,1.0
229,78,443,1.0
229,78,419,1.0
229,78,395,1.0
229,78,385,1.0
229,78,171,1.0
229,78,168,1.0
230,78,241,1.0
230,78,238,1.0
230,78,458,1.0
230,78,460,1.0
230,78,397,1.0
230,78,385,1.0
230,78,171,1.0
230,78,168,1.0
231,79,159,1.0
231,79,156,1.0
231,79,251,1.0
232,79,83,1.0
232,79,88,1.0
232,79,156,1.0
232,79,251,1.0
233,79,159,1.0
233,79,156,1.0
233,79,1,1.0
233,79,2,1.0
235,81,220,1.0
236,81,216,1.0
236,81,412,1.0
237,81,218,1.0
237,81,452,1.0
238,82,220,1.0
239,82,216,1.0
239,82,412,1.0
240,82,218,1.0
240,82,452,1.0
241,83,220,1.0
242,83,216,1.0
242,83,412,1.0
243,83,218,1.0
243,83,452,1.0
244,84,218,1.0
245,84,216,1.0
245,84,410,1.0
246,84,220,1.0
246,84,453,1.0
247,85,222,1.0
248,85,216,1.0
248,85,297,1.0
249,85,218,1.0
249,85,295,1.0
250,86,218,1.0
250,86,141,1.0
251,86,216,1.0
251,86,143,1.0
252,86,216,1.0
252,86,410,1.0
252,86,141,1.0
253,87,218,1.0
253,87,141,1.0
254,87,216,1.0
254,87,143,1.0
255,87,216,1.0
255,87,410,1.0
255,87,141,1.0
256,88,218,1.0
256,88,359,1.0
257,88,216,1.0
257,88,361,1.0
258,88,216,1.0
258,88,410,1.0
258,88,359,1.0
259,89,218,1.0
259,89,359,1.0
260,89,216,1.0
260,89,361,1.0
261,89,216,1.0
261,89,410,1.0
261,89,359,1.0
262,90,218,1.0
262,90,359,1.0
262,90,362,1.0
263,90,216,1.0
263,90,361,1.0
263,90,362,1.0
264,90,216,1.0
264,90,410,1.0
264,90,359,1.0
264,90,362,1.0
265,91,220,1.0
265,91,427,1.0
266,91,216,1.0
266,91,412,1.0
266,91,427,1.0
267,91,218,1.0
267,91,452,1.0
267,91,427,1.0
268,92,218,1.0
268,92,303,1.0
268,92,300,1.0
269,92,216,1.0
269,92,410,1.0
269,92,303,1.0
269,92,300,1.0
270,92,218,1.0
270,92,141,1.0
270,92,148,1.0
270,92,300,1.0
271,93,218,1.0
271,93,303,1.0
271,93,300,1.0
272,93,216,1.0
272,93,410,1.0
272,93,303,1.0
272,93,300,1.0
273,93,218,1.0
273,93,141,1.0
273,93,148,1.0
273,93,300,1.0
274,94,220,1.0
274,94,427,1.0
274,94,434,1.0
275,94,220,1.0
275,94,427,1.0
275,94,185,1.0
275,94,190,1.0
276,94,216,1.0
276,94,412,1.0
276,94,427,1.0
276,94,434,1.0
277,95,220,1.0
277,95,427,1.0
277,95,434,1.0
278,95,220,1.0
278,95,427,1.0
278,95,185,1.0
278,95,190,1.0
279,95,216,1.0
279,95,412,1.0
279,95,427,1.0
279,95,434,1.0
280,96,220,1.0
280,96,427,1.0
280,96,430,1.0
281,96,220,1.0
281,96,427,1.0
281,96,185,1.0
281,96,186,1.0
282,96,216,1.0
282,96,412,1.0
282,96,427,1.0
282,96,430,1.0
283,97,220,1.0
283,97,427,1.0
283,97,430,1.0
284,97,220,1.0
284,97,427,1.0
284,97,185,1.0
284,97,186,1.0
285,97,216,1.0
285,97,412,1.0
285,97,427,1.0
285,97,430,1.0
286,98,218,1.0
286,98,359,1.0
286,98,81,1.0
287,98,216,1.0
287,98,361,1.0
287,98,81,1.0
288,98,216,1.0
288,98,410,1.0
288,98,359,1.0
288,98,81,1.0
289,99,220,1.0
289,99,427,1.0
289,99,428,1.0
290,99,220,1.0
290,99,427,1.0
290,99,185,1.0
290,99,188,1.0
291,99,220,1.0
291,99,427,1.0
291,99,430,1.0
291,99,447,1.0
294,102,420,1.0
295,102,422,1.0
295,102,450,1.0
296,102,367,1.0
296,102,364,1.0
296,102,448,1.0
297,103,420,1.0
298,103,422,1.0
298,103,450,1.0
299,103,367,1.0
299,103,364,1.0
299,103,448,1.0
300,104,367,1.0
301,104,345,1.0
301,104,346,1.0
302,104,420,1.0
302,104,449,1.0
302,104,365,1.0
303,105,367,1.0
304,105,345,1.0
304,105,346,1.0
305,105,420,1.0
305,105,449,1.0
305,105,365,1.0
306,106,367,1.0
306,106,364,1.0
307,106,420,1.0
307,106,449,1.0
308,106,367,1.0
308,106,19,1.0
308,106,10,1.0
309,107,367,1.0
309,107,364,1.0
310,107,420,1.0
310,107,449,1.0
311,107,367,1.0
311,107,19,1.0
311,107,10,1.0
312,108,420,1.0
312,108,435,1.0
313,108,420,1.0
313,108,191,1.0
313,108,184,1.0
314,108,422,1.0
314,108,433,1.0
315,109,420,1.0
315,109,191,1.0
315,109,186,1.0
316,109,420,1.0
316,109,435,1.0
316,109,430,1.0
317,109,420,1.0
317,109,191,1.0
317,109,184,1.0
317,109,430,1.0
318,110,420,1.0
318,110,191,1.0
318,110,186,1.0
319,110,420,1.0
319,110,435,1.0
319,110,430,1.0
320,110,420,1.0
320,110,191,1.0
320,110,184,1.0
320,110,430,1.0
321,111,367,1.0
321,111,117,1.0
321,111,114,1.0
322,111,367,1.0
322,111,19,1.0
322,111,16,1.0
322,111,114,1.0
323,111,367,1.0
323,111,269,1.0
323,111,264,1.0
324,112,420,1.0
324,112,435,1.0
324,112,426,1.0
325,112,420,1.0
325,112,191,1.0
325,112,184,1.0
325,112,426,1.0
326,112,422,1.0
326,112,433,1.0
326,112,426,1.0
327,113,420,1.0
327,113,435,1.0
327,113,426,1.0
328,113,420,1.0
328,113,191,1.0
328,113,184,1.0
328,113,426,1.0
329,113,422,1.0
329,113,433,1.0
329,113,426,1.0
330,114,420,1.0
330,114,435,1.0
330,114,426,1.0
331,114,420,1.0
331,114,191,1.0
331,114,184,1.0
331,114,426,1.0
332,114,422,1.0
332,114,433,1.0
332,114,426,1.0
333,115,367,1.0
333,115,117,1.0
333,115,112,1.0
334,115,367,1.0
334,115,19,1.0
334,115,14,1.0
335,115,367,1.0
335,115,19,1.0
335,115,16,1.0
335,115,112,1.0
336,116,367,1.0
336,116,117,1.0
336,116,110,1.0
337,116,367,1.0
337,116,269,1.0
337,116,266,1.0
338,116,367,1.0
338,116,19,1.0
338,116,12,1.0
338,116,266,1.0
339,117,420,1.0
339,117,435,1.0
339,117,426,1.0
339,117,221,1.0
340,117,420,1.0
340,117,191,1.0
340,117,184,1.0
340,117,426,1.0
340,117,221,1.0
341,117,422,1.0
341,117,433,1.0
341,117,426,1.0
341,117,221,1.0
342,118,420,1.0
342,118,435,1.0
342,118,426,1.0
342,118,221,1.0
343,118,420,1.0
343,118,191,1.0
343,118,184,1.0
343,118,426,1.0
343,118,221,1.0
344,118,422,1.0
344,118,433,1.0
344,118,426,1.0
344,118,221,1.0
345,119,420,1.0
345,119,435,1.0
345,119,426,1.0
345,119,145,1.0
346,119,420,1.0
346,119,191,1.0
346,119,184,1.0
346,119,426,1.0
346,119,145,1.0
347,119,420,1.0
347,119,435,1.0
347,119,426,1.0
347,119,453,1.0
347,119,141,1.0
349,121,435,1.0
350,121,191,1.0
350,121,184,1.0
351,121,449,1.0
351,121,429,1.0
352,122,449,1.0
353,122,191,1.0
353,122,188,1.0
354,122,435,1.0
354,122,428,1.0
355,123,449,1.0
356,123,191,1.0
356,123,188,1.0
357,123,435,1.0
357,123,428,1.0
358,124,421,1.0
359,124,451,1.0
359,124,423,1.0
360,124,449,1.0
360,124,365,1.0
360,124,366,1.0
361,125,421,1.0
362,125,451,1.0
362,125,423,1.0
363,125,449,1.0
363,125,365,1.0
363,125,366,1.0
364,126,421,1.0
365,126,451,1.0
365,126,423,1.0
366,126,449,1.0
366,126,365,1.0
366,126,366,1.0
367,127,191,1.0
367,127,186,1.0
368,127,435,1.0
368,127,430,1.0
369,127,191,1.0
369,127,184,1.0
369,127,430,1.0
370,128,191,1.0
370,128,186,1.0
371,128,435,1.0
371,128,430,1.0
372,128,191,1.0
372,128,184,1.0
372,128,430,1.0
373,129,435,1.0
373,129,426,1.0
374,129,191,1.0
374,129,184,1.0
374,129,426,1.0
375,129,449,1.0
375,129,429,1.0
375,129,426,1.0
376,130,435,1.0
376,130,426,1.0
377,130,191,1.0
377,130,184,1.0
377,130,426,1.0
378,130,449,1.0
378,130,429,1.0
378,130,426,1.0
379,131,435,1.0
379,131,426,1.0
380,131,191,1.0
380,131,184,1.0
380,131,426,1.0
381,131,449,1.0
381,131,429,1.0
381,131,426,1.0
382,132,449,1.0
382,132,365,1.0
383,132,449,1.0
383,132,11,1.0
383,132,18,1.0
384,132,191,1.0
384,132,188,1.0
384,132,365,1.0
385,133,449,1.0
385,133,365,1.0
386,133,449,1.0
386,133,11,1.0
386,133,18,1.0
387,133,191,1.0
387,133,188,1.0
387,133,365,1.0
388,134,435,1.0
388,134,426,1.0
388,134,221,1.0
389,134,191,1.0
389,134,184,1.0
389,134,426,1.0
389,134,221,1.0
390,134,435,1.0
390,134,426,1.0
390,134,413,1.0
390,134,217,1.0
391,135,435,1.0
391,135,426,1.0
391,135,221,1.0
392,135,191,1.0
392,135,184,1.0
392,135,426,1.0
392,135,221,1.0
393,135,435,1.0
393,135,426,1.0
393,135,413,1.0
393,135,217,1.0
394,136,435,1.0
394,136,426,1.0
394,136,145,1.0
395,136,191,1.0
395,136,184,1.0
395,136,426,1.0
395,136,145,1.0
396,136,435,1.0
396,136,426,1.0
396,136,453,1.0
396,136,141,1.0
397,137,435,1.0
397,137,426,1.0
397,137,145,1.0
398,137,191,1.0
398,137,184,1.0
398,137,426,1.0
398,137,145,1.0
399,137,435,1.0
399,137,426,1.0
399,137,453,1.0
399,137,141,1.0
400,138,435,1.0
400,138,426,1.0
400,138,453,1.0
401,138,191,1.0
401,138,184,1.0
401,138,426,1.0
401,138,453,1.0
402,138,435,1.0
402,138,426,1.0
402,138,413,1.0
402,138,410,1.0
403,139,449,1.0
403,139,11,1.0
403,139,16,1.0
403,139,114,1.0
404,139,449,1.0
404,139,11,1.0
404,139,12,1.0
404,139,264,1.0
405,139,449,1.0
405,139,11,1.0
405,139,16,1.0
405,139,108,1.0
405,139,264,1.0
407,141,158,1.0
408,141,89,1.0
408,141,82,1.0
409,141,154,1.0
409,141,381,1.0
410,142,158,1.0
411,142,89,1.0
411,142,82,1.0
412,142,154,1.0
412,142,381,1.0
413,143,158,1.0
414,143,89,1.0
414,143,82,1.0
415,143,154,1.0
415,143,381,1.0
416,144,152,1.0
416,144,409,1.0
417,144,154,1.0
417,144,382,1.0
417,144,409,1.0
418,144,152,1.0
418,144,445,1.0
418,144,407,1.0
419,145,152,1.0
419,145,409,1.0
420,145,154,1.0
420,145,382,1.0
420,145,409,1.0
421,145,152,1.0
421,145,445,1.0
421,145,407,1.0
422,146,156,1.0
422,146,1,1.0
423,146,152,1.0
423,146,403,1.0
423,146,1,1.0
424,146,160,1.0
424,146,7,1.0
425,147,89,1.0
425,147,61,1.0
426,147,89,1.0
426,147,86,1.0
426,147,57,1.0
427,147,158,1.0
427,147,59,1.0
428,148,152,1.0
428,148,409,1.0
428,148,389,1.0
428,148,213,1.0
429,148,89,1.0
429,148,86,1.0
429,148,238,1.0
429,148,215,1.0
430,148,89,1.0
430,148,86,1.0
430,148,238,1.0
430,148,311,1.0
430,148,207,1.0
431,149,156,1.0
431,149,404,1.0
432,149,152,1.0
432,149,403,1.0
432,149,404,1.0
433,149,154,1.0
433,149,382,1.0
433,149,403,1.0
433,149,404,1.0
434,150,156,1.0
434,150,251,1.0
435,150,156,1.0
435,150,1,1.0
435,150,2,1.0
436,150,152,1.0
436,150,403,1.0
436,150,251,1.0
437,151,156,1.0
437,151,251,1.0
438,151,156,1.0
438,151,1,1.0
438,151,2,1.0
439,151,152,1.0
439,151,403,1.0
439,151,251,1.0
440,152,152,1.0
440,152,409,1.0
440,152,389,1.0
440,152,213,1.0
440,152,206,1.0
441,152,89,1.0
441,152,86,1.0
441,152,238,1.0
441,152,311,1.0
442,152,158,1.0
442,152,241,1.0
442,152,238,1.0
442,152,311,1.0
443,153,152,1.0
443,153,409,1.0
443,153,389,1.0
443,153,373,1.0
444,153,152,1.0
444,153,41,1.0
444,153,36,1.0
444,153,373,1.0
445,153,152,1.0
445,153,409,1.0
445,153,35,1.0
445,153,36,1.0
445,153,373,1.0
446,154,156,1.0
446,154,404,1.0
446,154,363,1.0
447,154,152,1.0
447,154,305,1.0
447,154,302,1.0
447,154,359,1.0
448,154,152,1.0
448,154,305,1.0
448,154,149,1.0
448,154,146,1.0
449,155,156,1.0
449,155,404,1.0
449,155,363,1.0
450,155,152,1.0
450,155,305,1.0
450,155,302,1.0
450,155,359,1.0
451,155,152,1.0
451,155,305,1.0
451,155,149,1.0
451,155,146,1.0
452,156,152,1.0
452,156,305,1.0
452,156,149,1.0
453,156,152,1.0
453,156,445,1.0
453,156,151,1.0
454,156,152,1.0
454,156,445,1.0
454,156,299,1.0
454,156,149,1.0
455,157,152,1.0
455,157,305,1.0
455,157,149,1.0
456,157,152,1.0
456,157,445,1.0
456,157,151,1.0
457,157,152,1.0
457,157,445,1.0
457,157,299,1.0
457,157,149,1.0
458,158,152,1.0
458,158,305,1.0
458,158,302,1.0
459,158,152,1.0
459,158,305,1.0
459,158,149,1.0
459,158,140,1.0
460,158,152,1.0
460,158,445,1.0
460,158,151,1.0
460,158,140,1.0
461,159,152,1.0
461,159,409,1.0
461,159,389,1.0
461,159,53,1.0
461,159,50,1.0
462,159,152,1.0
462,159,409,1.0
462,159,389,1.0
462,159,373,1.0
462,159,195,1.0
463,159,152,1.0
463,159,41,1.0
463,159,36,1.0
463,159,53,1.0
463,159,50,1.0
465,161,358,1.0
466,161,360,1.0
466,161,410,1.0
467,161,147,1.0
467,161,140,1.0
468,162,147,1.0
469,162,358,1.0
469,162,141,1.0
470,162,360,1.0
470,162,143,1.0
471,163,147,1.0
472,163,358,1.0
472,163,141,1.0
473,163,360,1.0
473,163,143,1.0
474,164,293,1.0
475,164,358,1.0
475,164,295,1.0
476,164,360,1.0
476,164,297,1.0
477,165,362,1.0
478,165,81,1.0
478,165,76,1.0
479,165,81,1.0
479,165,74,1.0
479,165,224,1.0
480,166,358,1.0
480,166,219,1.0
481,166,360,1.0
481,166,217,1.0
482,166,358,1.0
482,166,411,1.0
482,166,217,1.0
483,167,358,1.0
483,167,219,1.0
484,167,360,1.0
484,167,217,1.0
485,167,358,1.0
485,167,411,1.0
485,167,217,1.0
486,168,358,1.0
486,168,452,1.0
487,168,147,1.0
487,168,144,1.0
488,168,360,1.0
488,168,412,1.0
489,169,358,1.0
489,169,452,1.0
490,169,147,1.0
490,169,144,1.0
491,169,360,1.0
491,169,412,1.0
492,170,358,1.0
492,170,452,1.0
493,170,147,1.0
493,170,144,1.0
494,170,360,1.0
494,170,412,1.0
495,171,81,1.0
496,171,362,1.0
496,171,77,1.0
497,171,362,1.0
497,171,225,1.0
497,171,75,1.0
498,172,358,1.0
498,172,303,1.0
498,172,300,1.0
499,172,147,1.0
499,172,148,1.0
499,172,300,1.0
500,172,147,1.0
500,172,150,1.0
500,172,407,1.0
501,173,358,1.0
501,173,303,1.0
501,173,300,1.0
502,173,147,1.0
502,173,148,1.0
502,173,300,1.0
503,173,147,1.0
503,173,150,1.0
503,173,407,1.0
504,174,362,1.0
504,174,225,1.0
505,174,81,1.0
505,174,74,1.0
506,174,362,1.0
506,174,77,1.0
506,174,74,1.0
507,175,362,1.0
507,175,405,1.0
507,175,157,1.0
508,175,358,1.0
508,175,303,1.0
508,175,304,1.0
508,175,153,1.0
509,175,147,1.0
509,175,148,1.0
509,175,304,1.0
509,175,153,1.0
510,176,362,1.0
510,176,405,1.0
510,176,157,1.0
511,176,358,1.0
511,176,303,1.0
511,176,304,1.0
511,176,153,1.0
512,176,147,1.0
512,176,148,1.0
512,176,304,1.0
512,176,153,1.0
513,177,81,1.0
513,177,78,1.0
514,177,362,1.0
514,177,77,1.0
514,177,78,1.0
515,177,362,1.0
515,177,225,1.0
515,177,226,1.0
516,178,81,1.0
516,178,78,1.0
517,178,362,1.0
517,178,77,1.0
517,178,78,1.0
518,178,362,1.0
518,178,225,1.0
518,178,226,1.0
519,179,362,1.0
519,179,405,1.0
519,179,1,1.0
520,179,81,1.0
520,179,78,1.0
520,179,3,1.0
521,179,362,1.0
521,179,77,1.0
521,179,78,1.0
521,179,3,1.0
522,180,292,1.0
523,180,294,1.0
523,180,359,1.0
524,180,296,1.0
524,180,361,1.0
525,181,292,1.0
526,181,294,1.0
526,181,359,1.0
527,181,296,1.0
527,181,361,1.0
528,182,223,1.0
529,182,296,1.0
529,182,217,1.0
530,182,294,1.0
530,182,219,1.0
531,183,223,1.0
532,183,296,1.0
532,183,217,1.0
533,183,294,1.0
533,183,219,1.0
534,184,294,1.0
535,184,296,1.0
535,184,410,1.0
536,184,292,1.0
536,184,358,1.0
537,185,292,1.0
537,185,362,1.0
538,185,294,1.0
538,185,359,1.0
538,185,362,1.0
539,185,296,1.0
539,185,361,1.0
539,185,362,1.0
540,186,294,1.0
540,186,141,1.0
541,186,296,1.0
541,186,143,1.0
542,186,296,1.0
542,186,410,1.0
542,186,141,1.0
543,187,294,1.0
543,187,141,1.0
544,187,296,1.0
544,187,143,1.0
545,187,296,1.0
545,187,410,1.0
545,187,141,1.0
546,188,292,1.0
546,188,81,1.0
547,188,292,1.0
547,188,362,1.0
547,188,77,1.0
548,188,294,1.0
548,188,359,1.0
548,188,81,1.0
549,189,223,1.0
549,189,220,1.0
550,189,296,1.0
550,189,412,1.0
551,189,294,1.0
551,189,452,1.0
552,190,223,1.0
552,190,220,1.0
553,190,296,1.0
553,190,412,1.0
554,190,294,1.0
554,190,452,1.0
555,191,223,1.0
555,191,220,1.0
556,191,296,1.0
556,191,412,1.0
557,191,294,1.0
557,191,452,1.0
558,192,292,1.0
558,192,362,1.0
558,192,225,1.0
559,192,292,1.0
559,192,81,1.0
559,192,74,1.0
560,192,292,1.0
560,192,362,1.0
560,192,77,1.0
560,192,74,1.0
561,193,294,1.0
561,193,303,1.0
561,193,300,1.0
562,193,296,1.0
562,193,410,1.0
562,193,303,1.0
562,193,300,1.0
563,193,294,1.0
563,193,141,1.0
563,193,148,1.0
563,193,300,1.0
564,194,294,1.0
564,194,303,1.0
564,194,300,1.0
565,194,296,1.0
565,194,410,1.0
565,194,303,1.0
565,194,300,1.0
566,194,294,1.0
566,194,141,1.0
566,194,148,1.0
566,194,300,1.0
567,195,292,1.0
567,195,81,1.0
567,195,78,1.0
568,195,292,1.0
568,195,362,1.0
568,195,77,1.0
568,195,78,1.0
569,195,292,1.0
569,195,362,1.0
569,195,225,1.0
569,195,226,1.0
570,196,292,1.0
570,196,81,1.0
570,196,78,1.0
571,196,292,1.0
571,196,362,1.0
571,196,77,1.0
571,196,78,1.0
572,196,292,1.0
572,196,362,1.0
572,196,225,1.0
572,196,226,1.0
573,197,292,1.0
573,197,362,1.0
573,197,405,1.0
573,197,1,1.0
574,197,292,1.0
574,197,81,1.0
574,197,78,1.0
574,197,3,1.0
575,197,292,1.0
575,197,362,1.0
575,197,77,1.0
575,197,78,1.0
575,197,3,1.0
576,198,223,1.0
576,198,220,1.0
576,198,427,1.0
577,198,296,1.0
577,198,412,1.0
577,198,427,1.0
578,198,294,1.0
578,198,452,1.0
578,198,427,1.0
579,199,294,1.0
579,199,303,1.0
579,199,304,1.0
579,199,153,1.0
580,199,296,1.0
580,199,410,1.0
580,199,303,1.0
580,199,304,1.0
580,199,153,1.0
581,199,294,1.0
581,199,141,1.0
581,199,148,1.0
581,199,304,1.0
581,199,153,1.0
582,200,124,1.0
583,200,126,1.0
583,200,324,1.0
584,200,120,1.0
584,200,385,1.0
585,201,130,1.0
586,201,132,1.0
586,201,375,1.0
587,201,126,1.0
587,201,320,1.0
588,202,128,1.0
589,202,130,1.0
589,202,351,1.0
590,202,122,1.0
590,202,355,1.0
591,203,132,1.0
592,203,130,1.0
592,203,374,1.0
593,203,126,1.0
593,203,322,1.0
594,204,120,1.0
594,204,396,1.0
595,204,120,1.0
595,204,394,1.0
595,204,414,1.0
596,204,118,1.0
596,204,316,1.0
596,204,414,1.0
597,205,124,1.0
597,205,171,1.0
597,205,168,1.0
598,205,126,1.0
598,205,173,1.0
598,205,168,1.0
599,205,124,1.0
599,205,171,1.0
599,205,162,1.0
599,205,329,1.0
600,206,120,1.0
600,206,394,1.0
600,206,199,1.0
601,206,120,1.0
601,206,394,1.0
601,206,47,1.0
601,206,50,1.0
602,206,120,1.0
602,206,396,1.0
602,206,205,1.0
603,207,124,1.0
603,207,171,1.0
603,207,162,1.0
604,207,124,1.0
604,207,171,1.0
604,207,168,1.0
604,207,328,1.0
605,207,126,1.0
605,207,173,1.0
605,207,162,1.0
606,208,128,1.0
606,208,356,1.0
607,208,132,1.0
607,208,454,1.0
608,208,130,1.0
608,208,374,1.0
608,208,454,1.0
609,209,128,1.0
609,209,356,1.0
610,209,132,1.0
610,209,454,1.0
611,209,130,1.0
611,209,374,1.0
611,209,454,1.0
612,210,124,1.0
612,210,171,1.0
612,210,166,1.0
613,210,126,1.0
613,210,173,1.0
613,210,166,1.0
614,210,124,1.0
614,210,171,1.0
614,210,162,1.0
614,210,386,1.0
615,211,120,1.0
615,211,394,1.0
615,211,103,1.0
615,211,100,1.0
616,211,120,1.0
616,211,394,1.0
616,211,47,1.0
616,211,44,1.0
617,211,120,1.0
617,211,394,1.0
617,211,199,1.0
617,211,194,1.0
618,212,120,1.0
618,212,396,1.0
618,212,309,1.0
619,212,120,1.0
619,212,394,1.0
619,212,103,1.0
619,212,92,1.0
620,212,120,1.0
620,212,394,1.0
620,212,414,1.0
620,212,309,1.0
621,213,120,1.0
621,213,396,1.0
621,213,309,1.0
621,213,207,1.0
622,213,120,1.0
622,213,394,1.0
622,213,103,1.0
622,213,98,1.0
623,213,120,1.0
623,213,394,1.0
623,213,103,1.0
623,213,92,1.0
623,213,207,1.0
624,214,118,1.0
624,214,289,1.0
624,214,273,1.0
625,214,122,1.0
625,214,315,1.0
625,214,289,1.0
625,214,273,1.0
626,214,120,1.0
626,214,396,1.0
626,214,279,1.0
627,215,128,1.0
627,215,356,1.0
627,215,181,1.0
628,215,132,1.0
628,215,454,1.0
628,215,181,1.0
629,215,130,1.0
629,215,374,1.0
629,215,454,1.0
629,215,181,1.0
630,216,128,1.0
630,216,356,1.0
630,216,462,1.0
631,216,132,1.0
631,216,456,1.0
632,216,132,1.0
632,216,454,1.0
632,216,462,1.0
633,217,128,1.0
633,217,356,1.0
633,217,462,1.0
634,217,132,1.0
634,217,456,1.0
635,217,132,1.0
635,217,454,1.0
635,217,462,1.0
636,218,124,1.0
636,218,171,1.0
636,218,164,1.0
636,218,268,1.0
637,218,124,1.0
637,218,171,1.0
637,218,164,1.0
637,218,13,1.0
637,218,18,1.0
638,218,124,1.0
638,218,171,1.0
638,218,164,1.0
638,218,109,1.0
638,218,116,1.0
639,219,124,1.0
639,219,171,1.0
639,219,164,1.0
639,219,268,1.0
640,219,124,1.0
640,219,171,1.0
640,219,164,1.0
640,219,13,1.0
640,219,18,1.0
641,219,124,1.0
641,219,171,1.0
641,219,164,1.0
641,219,109,1.0
641,219,116,1.0
642,220,375,1.0
643,220,353,1.0
643,220,350,1.0
644,220,323,1.0
644,220,320,1.0
645,221,353,1.0
646,221,375,1.0
646,221,351,1.0
647,221,133,1.0
647,221,128,1.0
648,222,133,1.0
649,222,375,1.0
649,222,131,1.0
650,222,323,1.0
650,222,127,1.0
651,223,454,1.0
652,223,353,1.0
652,223,356,1.0
653,223,375,1.0
653,223,351,1.0
653,223,356,1.0
654,224,454,1.0
655,224,353,1.0
655,224,356,1.0
656,224,375,1.0
656,224,351,1.0
656,224,356,1.0
657,225,323,1.0
657,225,324,1.0
658,225,375,1.0
658,225,376,1.0
659,225,375,1.0
659,225,321,1.0
659,225,324,1.0
660,226,456,1.0
661,226,454,1.0
661,226,462,1.0
662,226,353,1.0
662,226,356,1.0
662,226,462,1.0
663,227,456,1.0
664,227,454,1.0
664,227,462,1.0
665,227,353,1.0
665,227,356,1.0
665,227,462,1.0
666,228,454,1.0
666,228,181,1.0
667,228,456,1.0
667,228,177,1.0
668,228,454,1.0
668,228,462,1.0
668,228,177,1.0
669,229,323,1.0
669,229,173,1.0
669,229,168,1.0
670,229,323,1.0
670,229,324,1.0
670,229,171,1.0
670,229,168,1.0
671,229,375,1.0
671,229,376,1.0
671,229,171,1.0
671,229,168,1.0
672,230,323,1.0
672,230,173,1.0
672,230,162,1.0
673,230,323,1.0
673,230,324,1.0
673,230,171,1.0
673,230,162,1.0
674,230,323,1.0
674,230,173,1.0
674,230,168,1.0
674,230,328,1.0
675,231,133,1.0
675,231,120,1.0
675,231,396,1.0
676,231,375,1.0
676,231,131,1.0
676,231,120,1.0
676,231,396,1.0
677,231,133,1.0
677,231,120,1.0
677,231,394,1.0
677,231,414,1.0
678,232,133,1.0
678,232,120,1.0
678,232,394,1.0
678,232,199,1.0
679,232,133,1.0
679,232,120,1.0
679,232,394,1.0
679,232,47,1.0
679,232,50,1.0
680,232,375,1.0
680,232,131,1.0
680,232,120,1.0
680,232,394,1.0
680,232,199,1.0
681,233,323,1.0
681,233,173,1.0
681,233,166,1.0
682,233,323,1.0
682,233,324,1.0
682,233,171,1.0
682,233,166,1.0
683,233,375,1.0
683,233,376,1.0
683,233,171,1.0
683,233,166,1.0
684,234,323,1.0
684,234,173,1.0
684,234,164,1.0
684,234,268,1.0
685,234,323,1.0
685,234,173,1.0
685,234,164,1.0
685,234,13,1.0
685,234,18,1.0
686,234,323,1.0
686,234,173,1.0
686,234,164,1.0
686,234,109,1.0
686,234,116,1.0
687,235,323,1.0
687,235,173,1.0
687,235,164,1.0
687,235,268,1.0
688,235,323,1.0
688,235,173,1.0
688,235,164,1.0
688,235,13,1.0
688,235,18,1.0
689,235,323,1.0
689,235,173,1.0
689,235,164,1.0
689,235,109,1.0
689,235,116,1.0
690,236,133,1.0
690,236,120,1.0
690,236,394,1.0
690,236,103,1.0
690,236,100,1.0
691,236,133,1.0
691,236,120,1.0
691,236,394,1.0
691,236,47,1.0
691,236,44,1.0
692,236,375,1.0
692,236,131,1.0
692,236,120,1.0
692,236,394,1.0
692,236,103,1.0
692,236,100,1.0
693,237,133,1.0
693,237,120,1.0
693,237,396,1.0
693,237,309,1.0
694,237,133,1.0
694,237,120,1.0
694,237,394,1.0
694,237,103,1.0
694,237,92,1.0
695,237,375,1.0
695,237,131,1.0
695,237,120,1.0
695,237,396,1.0
695,237,309,1.0
696,238,133,1.0
696,238,120,1.0
696,238,396,1.0
696,238,309,1.0
696,238,207,1.0
697,238,133,1.0
697,238,120,1.0
697,238,394,1.0
697,238,103,1.0
697,238,98,1.0
698,238,133,1.0
698,238,120,1.0
698,238,394,1.0
698,238,103,1.0
698,238,92,1.0
698,238,207,1.0
699,239,133,1.0
699,239,118,1.0
699,239,289,1.0
699,239,273,1.0
700,239,375,1.0
700,239,131,1.0
700,239,118,1.0
700,239,289,1.0
700,239,273,1.0
701,239,353,1.0
701,239,313,1.0
701,239,289,1.0
701,239,273,1.0
703,241,446,1.0
704,241,429,1.0
704,241,430,1.0
705,241,189,1.0
705,241,186,1.0
706,242,446,1.0
707,242,429,1.0
707,242,430,1.0
708,242,189,1.0
708,242,186,1.0
709,243,429,1.0
710,243,189,1.0
710,243,184,1.0
711,243,446,1.0
711,243,431,1.0
712,244,365,1.0
713,244,11,1.0
713,244,18,1.0
714,244,11,1.0
714,244,16,1.0
714,244,116,1.0
715,245,365,1.0
716,245,11,1.0
716,245,18,1.0
717,245,11,1.0
717,245,16,1.0
717,245,116,1.0
718,246,11,1.0
718,246,16,1.0
718,246,114,1.0
719,246,11,1.0
719,246,12,1.0
719,246,264,1.0
720,246,11,1.0
720,246,16,1.0
720,246,108,1.0
720,246,264,1.0
721,247,448,1.0
722,247,189,1.0
722,247,190,1.0
723,247,429,1.0
723,247,434,1.0
724,248,448,1.0
725,248,189,1.0
725,248,190,1.0
726,248,429,1.0
726,248,434,1.0
727,249,11,1.0
727,249,14,1.0
728,249,11,1.0
728,249,16,1.0
728,249,112,1.0
729,249,11,1.0
729,249,12,1.0
729,249,262,1.0
730,250,11,1.0
730,250,12,1.0
730,250,266,1.0
731,250,11,1.0
731,250,14,1.0
731,250,329,1.0
732,250,11,1.0
732,250,16,1.0
732,250,110,1.0
733,251,429,1.0
733,251,426,1.0
734,251,189,1.0
734,251,184,1.0
734,251,426,1.0
735,251,446,1.0
735,251,431,1.0
735,251,426,1.0
736,252,429,1.0
736,252,426,1.0
737,252,189,1.0
737,252,184,1.0
737,252,426,1.0
738,252,446,1.0
738,252,431,1.0
738,252,426,1.0
739,253,429,1.0
739,253,426,1.0
740,253,189,1.0
740,253,184,1.0
740,253,426,1.0
741,253,446,1.0
741,253,431,1.0
741,253,426,1.0
742,254,365,1.0
742,254,366,1.0
743,254,448,1.0
743,254,421,1.0
744,254,11,1.0
744,254,18,1.0
744,254,366,1.0
745,255,365,1.0
745,255,366,1.0
746,255,448,1.0
746,255,421,1.0
747,255,11,1.0
747,255,18,1.0
747,255,366,1.0
748,256,365,1.0
748,256,366,1.0
749,256,448,1.0
749,256,421,1.0
750,256,11,1.0
750,256,18,1.0
750,256,366,1.0
751,257,429,1.0
751,257,426,1.0
751,257,145,1.0
752,257,189,1.0
752,257,184,1.0
752,257,426,1.0
752,257,145,1.0
753,257,429,1.0
753,257,426,1.0
753,257,453,1.0
753,257,141,1.0
754,258,429,1.0
754,258,426,1.0
754,258,145,1.0
755,258,189,1.0
755,258,184,1.0
755,258,426,1.0
755,258,145,1.0
756,258,429,1.0
756,258,426,1.0
756,258,453,1.0
756,258,141,1.0
757,259,11,1.0
757,259,12,1.0
757,259,165,1.0
757,259,170,1.0
757,259,384,1.0
757,259,394,1.0
757,259,103,1.0
757,259,100,1.0
758,259,429,1.0
758,259,426,1.0
758,259,145,1.0
758,259,148,1.0
758,259,300,1.0
758,259,389,1.0
758,259,373,1.0
759,259,11,1.0
759,259,12,1.0
759,259,165,1.0
759,259,170,1.0
759,259,384,1.0
759,259,394,1.0
759,259,47,1.0
759,259,44,1.0
760,259,429,1.0
760,259,426,1.0
760,259,145,1.0
760,259,148,1.0
760,259,33,1.0
760,259,36,1.0
760,259,373,1.0
761,260,74,1.0
762,260,76,1.0
762,260,225,1.0
763,260,78,1.0
763,260,227,1.0
764,261,76,1.0
765,261,74,1.0
765,261,224,1.0
766,261,80,1.0
766,261,362,1.0
767,262,78,1.0
768,262,74,1.0
768,262,226,1.0
769,262,76,1.0
769,262,225,1.0
769,262,226,1.0
770,263,78,1.0
771,263,74,1.0
771,263,226,1.0
772,263,76,1.0
772,263,225,1.0
772,263,226,1.0
773,264,80,1.0
774,264,76,1.0
774,264,363,1.0
775,264,74,1.0
775,264,224,1.0
775,264,363,1.0
776,265,80,1.0
777,265,76,1.0
777,265,363,1.0
778,265,74,1.0
778,265,224,1.0
778,265,363,1.0
779,266,80,1.0
779,266,293,1.0
780,266,76,1.0
780,266,363,1.0
780,266,293,1.0
781,266,80,1.0
781,266,358,1.0
781,266,295,1.0
782,267,78,1.0
782,267,3,1.0
783,267,74,1.0
783,267,9,1.0
784,267,74,1.0
784,267,226,1.0
784,267,3,1.0
785,268,80,1.0
785,268,358,1.0
786,268,76,1.0
786,268,363,1.0
786,268,358,1.0
787,268,80,1.0
787,268,360,1.0
787,268,410,1.0
788,269,80,1.0
788,269,147,1.0
789,269,80,1.0
789,269,358,1.0
789,269,141,1.0
790,269,76,1.0
790,269,363,1.0
790,269,147,1.0
791,270,80,1.0
791,270,147,1.0
792,270,80,1.0
792,270,358,1.0
792,270,141,1.0
793,270,76,1.0
793,270,363,1.0
793,270,147,1.0
794,271,80,1.0
794,271,358,1.0
794,271,219,1.0
795,271,80,1.0
795,271,360,1.0
795,271,217,1.0
796,271,80,1.0
796,271,358,1.0
796,271,411,1.0
796,271,217,1.0
797,272,80,1.0
797,272,358,1.0
797,272,219,1.0
798,272,80,1.0
798,272,360,1.0
798,272,217,1.0
799,272,80,1.0
799,272,358,1.0
799,272,411,1.0
799,272,217,1.0
800,273,76,1.0
800,273,405,1.0
800,273,157,1.0
801,273,78,1.0
801,273,250,1.0
801,273,157,1.0
802,273,78,1.0
802,273,3,1.0
802,273,0,1.0
802,273,157,1.0
803,274,76,1.0
803,274,405,1.0
803,274,157,1.0
804,274,78,1.0
804,274,250,1.0
804,274,157,1.0
805,274,78,1.0
805,274,3,1.0
805,274,0,1.0
805,274,157,1.0
806,275,76,1.0
806,275,405,1.0
806,275,402,1.0
806,275,409,1.0
807,275,80,1.0
807,275,358,1.0
807,275,303,1.0
807,275,300,1.0
808,275,78,1.0
808,275,250,1.0
808,275,402,1.0
808,275,409,1.0
809,276,76,1.0
809,276,405,1.0
809,276,402,1.0
809,276,409,1.0
810,276,80,1.0
810,276,358,1.0
810,276,303,1.0
810,276,300,1.0
811,276,78,1.0
811,276,250,1.0
811,276,402,1.0
811,276,409,1.0
812,277,80,1.0
812,277,358,1.0
812,277,452,1.0
813,277,80,1.0
813,277,147,1.0
813,277,144,1.0
814,277,76,1.0
814,277,363,1.0
814,277,358,1.0
814,277,452,1.0
815,278,80,1.0
815,278,358,1.0
815,278,452,1.0
816,278,80,1.0
816,278,147,1.0
816,278,144,1.0
817,278,76,1.0
817,278,363,1.0
817,278,358,1.0
817,278,452,1.0
818,279,80,1.0
818,279,358,1.0
818,279,452,1.0
819,279,80,1.0
819,279,147,1.0
819,279,144,1.0
820,279,76,1.0
820,279,363,1.0
820,279,358,1.0
820,279,452,1.0
821,280,205,1.0
822,280,461,1.0
822,280,197,1.0
823,280,461,1.0
823,280,49,1.0
823,280,50,1.0
824,281,309,1.0
825,281,461,1.0
825,281,307,1.0
826,281,461,1.0
826,281,209,1.0
826,281,206,1.0
827,282,309,1.0
827,282,207,1.0
828,282,461,1.0
828,282,209,1.0
829,282,461,1.0
829,282,307,1.0
829,282,207,1.0
830,283,107,1.0
830,283,100,1.0
831,283,205,1.0
831,283,194,1.0
832,283,461,1.0
832,283,95,1.0
832,283,100,1.0
833,284,279,1.0
834,284,439,1.0
834,284,271,1.0
835,284,285,1.0
835,284,273,1.0
836,285,397,1.0
836,285,121,1.0
837,285,415,1.0
837,285,395,1.0
837,285,121,1.0
838,285,415,1.0
838,285,317,1.0
838,285,119,1.0
839,286,397,1.0
839,286,385,1.0
839,286,171,1.0
839,286,168,1.0
840,286,415,1.0
840,286,395,1.0
840,286,385,1.0
840,286,171,1.0
840,286,168,1.0
841,286,397,1.0
841,286,385,1.0
841,286,171,1.0
841,286,162,1.0
841,286,329,1.0
842,287,397,1.0
842,287,385,1.0
842,287,171,1.0
842,287,162,1.0
843,287,415,1.0
843,287,395,1.0
843,287,385,1.0
843,287,171,1.0
843,287,162,1.0
844,287,397,1.0
844,287,385,1.0
844,287,171,1.0
844,287,168,1.0
844,287,328,1.0
845,288,397,1.0
845,288,385,1.0
846,288,415,1.0
846,288,395,1.0
846,288,385,1.0
847,288,397,1.0
847,288,121,1.0
847,288,124,1.0
848,289,397,1.0
848,289,385,1.0
848,289,171,1.0
848,289,166,1.0
849,289,415,1.0
849,289,395,1.0
849,289,385,1.0
849,289,171,1.0
849,289,166,1.0
850,289,397,1.0
850,289,385,1.0
850,289,171,1.0
850,289,162,1.0
850,289,386,1.0
851,290,461,1.0
851,290,459,1.0
851,290,239,1.0
851,290,240,1.0
852,290,439,1.0
852,290,271,1.0
852,290,274,1.0
852,290,239,1.0
852,290,240,1.0
853,290,461,1.0
853,290,459,1.0
853,290,239,1.0
853,290,87,1.0
853,290,82,1.0
854,290,439,1.0
854,290,442,1.0
854,290,239,1.0
854,290,240,1.0
855,291,461,1.0
855,291,459,1.0
855,291,239,1.0
855,291,240,1.0
856,291,439,1.0
856,291,271,1.0
856,291,274,1.0
856,291,239,1.0
856,291,240,1.0
857,291,461,1.0
857,291,459,1.0
857,291,239,1.0
857,291,87,1.0
857,291,82,1.0
858,291,439,1.0
858,291,442,1.0
858,291,239,1.0
858,291,240,1.0
859,292,461,1.0
859,292,459,1.0
859,292,239,1.0
859,292,240,1.0
860,292,439,1.0
860,292,271,1.0
860,292,274,1.0
860,292,239,1.0
860,292,240,1.0
861,292,461,1.0
861,292,459,1.0
861,292,239,1.0
861,292,87,1.0
861,292,82,1.0
862,292,439,1.0
862,292,442,1.0
862,292,239,1.0
862,292,240,1.0
863,293,415,1.0
863,293,317,1.0
863,293,312,1.0
864,293,397,1.0
864,293,121,1.0
864,293,128,1.0
865,293,397,1.0
865,293,319,1.0
865,293,312,1.0
866,294,461,1.0
866,294,459,1.0
866,294,55,1.0
867,294,439,1.0
867,294,271,1.0
867,294,274,1.0
867,294,55,1.0
868,294,439,1.0
868,294,442,1.0
868,294,55,1.0
869,294,461,1.0
869,294,459,1.0
869,294,239,1.0
869,294,57,1.0
870,295,397,1.0
870,295,121,1.0
870,295,130,1.0
871,295,415,1.0
871,295,395,1.0
871,295,121,1.0
871,295,130,1.0
872,295,415,1.0
872,295,317,1.0
872,295,119,1.0
872,295,130,1.0
873,296,279,1.0
873,296,276,1.0
874,296,439,1.0
874,296,271,1.0
874,296,276,1.0
875,296,285,1.0
875,296,273,1.0
875,296,276,1.0
876,297,279,1.0
876,297,276,1.0
877,297,439,1.0
877,297,271,1.0
877,297,276,1.0
878,297,285,1.0
878,297,273,1.0
878,297,276,1.0
879,298,279,1.0
879,298,276,1.0
880,298,439,1.0
880,298,271,1.0
880,298,276,1.0
881,298,285,1.0
881,298,273,1.0
881,298,276,1.0
882,299,397,1.0
882,299,121,1.0
882,299,132,1.0
883,299,397,1.0
883,299,121,1.0
883,299,130,1.0
883,299,374,1.0
884,299,415,1.0
884,299,395,1.0
884,299,121,1.0
884,299,132,1.0
885,300,206,1.0
886,300,99,1.0
886,300,92,1.0
887,300,208,1.0
887,300,307,1.0
888,301,201,1.0
889,301,206,1.0
889,301,203,1.0
890,301,99,1.0
890,301,96,1.0
891,302,210,1.0
892,302,99,1.0
892,302,100,1.0
893,302,206,1.0
893,302,93,1.0
893,302,100,1.0
894,303,206,1.0
894,303,308,1.0
895,303,208,1.0
895,303,460,1.0
896,303,206,1.0
896,303,306,1.0
896,303,460,1.0
897,304,214,1.0
897,304,239,1.0
897,304,240,1.0
898,304,214,1.0
898,304,239,1.0
898,304,87,1.0
898,304,82,1.0
899,304,206,1.0
899,304,310,1.0
899,304,239,1.0
899,304,240,1.0
900,305,214,1.0
900,305,239,1.0
900,305,240,1.0
901,305,214,1.0
901,305,239,1.0
901,305,87,1.0
901,305,82,1.0
902,305,206,1.0
902,305,310,1.0
902,305,239,1.0
902,305,240,1.0
903,306,214,1.0
903,306,239,1.0
903,306,240,1.0
904,306,214,1.0
904,306,239,1.0
904,306,87,1.0
904,306,82,1.0
905,306,206,1.0
905,306,310,1.0
905,306,239,1.0
905,306,240,1.0
906,307,214,1.0
906,307,55,1.0
907,307,206,1.0
907,307,310,1.0
907,307,55,1.0
908,307,214,1.0
908,307,239,1.0
908,307,57,1.0
909,308,214,1.0
909,308,275,1.0
910,308,206,1.0
910,308,310,1.0
910,308,275,1.0
911,308,206,1.0
911,308,308,1.0
911,308,279,1.0
912,309,206,1.0
912,309,308,1.0
912,309,397,1.0
912,309,385,1.0
912,309,171,1.0
912,309,168,1.0
913,309,99,1.0
913,309,102,1.0
913,309,395,1.0
913,309,385,1.0
913,309,171,1.0
913,309,168,1.0
914,309,206,1.0
914,309,93,1.0
914,309,102,1.0
914,309,395,1.0
914,309,385,1.0
914,309,171,1.0
914,309,168,1.0
915,310,212,1.0
915,310,388,1.0
916,310,210,1.0
916,310,372,1.0
916,310,388,1.0
917,310,212,1.0
917,310,37,1.0
917,310,34,1.0
918,311,212,1.0
918,311,388,1.0
919,311,210,1.0
919,311,372,1.0
919,311,388,1.0
920,311,212,1.0
920,311,37,1.0
920,311,34,1.0
921,312,212,1.0
921,312,388,1.0
921,312,408,1.0
921,312,153,1.0
922,312,214,1.0
922,312,239,1.0
922,312,87,1.0
922,312,88,1.0
923,312,206,1.0
923,312,310,1.0
923,312,239,1.0
923,312,87,1.0
923,312,88,1.0
924,313,212,1.0
924,313,388,1.0
924,313,408,1.0
924,313,153,1.0
925,313,214,1.0
925,313,239,1.0
925,313,87,1.0
925,313,88,1.0
926,313,206,1.0
926,313,310,1.0
926,313,239,1.0
926,313,87,1.0
926,313,88,1.0
927,314,206,1.0
927,314,308,1.0
927,314,397,1.0
927,314,385,1.0
927,314,171,1.0
927,314,166,1.0
928,314,99,1.0
928,314,102,1.0
928,314,395,1.0
928,314,385,1.0
928,314,171,1.0
928,314,166,1.0
929,314,206,1.0
929,314,93,1.0
929,314,102,1.0
929,314,395,1.0
929,314,385,1.0
929,314,171,1.0
929,314,166,1.0
930,315,206,1.0
930,315,308,1.0
930,315,397,1.0
930,315,385,1.0
930,315,171,1.0
930,315,162,1.0
931,315,99,1.0
931,315,102,1.0
931,315,395,1.0
931,315,385,1.0
931,315,171,1.0
931,315,162,1.0
932,315,206,1.0
932,315,93,1.0
932,315,102,1.0
932,315,395,1.0
932,315,385,1.0
932,315,171,1.0
932,315,162,1.0
933,316,214,1.0
933,316,275,1.0
933,316,276,1.0
934,316,206,1.0
934,316,310,1.0
934,316,275,1.0
934,316,276,1.0
935,316,214,1.0
935,316,239,1.0
935,316,244,1.0
936,317,214,1.0
936,317,275,1.0
936,317,276,1.0
937,317,206,1.0
937,317,310,1.0
937,317,275,1.0
937,317,276,1.0
938,317,214,1.0
938,317,239,1.0
938,317,244,1.0
939,318,214,1.0
939,318,275,1.0
939,318,276,1.0
940,318,206,1.0
940,318,310,1.0
940,318,275,1.0
940,318,276,1.0
941,318,214,1.0
941,318,239,1.0
941,318,244,1.0
942,319,206,1.0
942,319,308,1.0
942,319,397,1.0
942,319,121,1.0
943,319,99,1.0
943,319,102,1.0
943,319,395,1.0
943,319,121,1.0
944,319,206,1.0
944,319,93,1.0
944,319,102,1.0
944,319,395,1.0
944,319,121,1.0
946,321,364,1.0
947,321,19,1.0
947,321,10,1.0
948,321,117,1.0
948,321,17,1.0
948,321,10,1.0
949,322,364,1.0
950,322,19,1.0
950,322,10,1.0
951,322,117,1.0
951,322,17,1.0
951,322,10,1.0
952,323,364,1.0
952,323,446,1.0
953,323,19,1.0
953,323,22,1.0
954,323,19,1.0
954,323,10,1.0
954,323,446,1.0
955,324,364,1.0
955,324,446,1.0
956,324,19,1.0
956,324,22,1.0
957,324,19,1.0
957,324,10,1.0
957,324,446,1.0
958,325,117,1.0
958,325,112,1.0
959,325,19,1.0
959,325,14,1.0
960,325,19,1.0
960,325,16,1.0
960,325,112,1.0
961,326,117,1.0
961,326,114,1.0
962,326,19,1.0
962,326,16,1.0
962,326,114,1.0
963,326,269,1.0
963,326,264,1.0
964,327,364,1.0
964,327,429,1.0
965,327,364,1.0
965,327,189,1.0
965,327,184,1.0
966,327,19,1.0
966,327,10,1.0
966,327,429,1.0
967,328,117,1.0
967,328,110,1.0
968,328,269,1.0
968,328,266,1.0
969,328,19,1.0
969,328,12,1.0
969,328,266,1.0
970,329,366,1.0
971,329,347,1.0
971,329,344,1.0
972,329,364,1.0
972,329,448,1.0
972,329,421,1.0
973,330,366,1.0
974,330,347,1.0
974,330,344,1.0
975,330,364,1.0
975,330,448,1.0
975,330,421,1.0
976,331,366,1.0
977,331,347,1.0
977,331,344,1.0
978,331,364,1.0
978,331,448,1.0
978,331,421,1.0
979,332,364,1.0
979,332,448,1.0
980,332,19,1.0
980,332,10,1.0
980,332,448,1.0
981,332,364,1.0
981,332,189,1.0
981,332,190,1.0
982,333,364,1.0
982,333,448,1.0
983,333,19,1.0
983,333,10,1.0
983,333,448,1.0
984,333,364,1.0
984,333,189,1.0
984,333,190,1.0
985,334,269,1.0
985,334,165,1.0
985,334,170,1.0
986,334,19,1.0
986,334,12,1.0
986,334,165,1.0
986,334,170,1.0
987,334,117,1.0
987,334,108,1.0
987,334,165,1.0
987,334,170,1.0
988,335,269,1.0
988,335,165,1.0
988,335,170,1.0
988,335,125,1.0
989,335,19,1.0
989,335,12,1.0
989,335,165,1.0
989,335,170,1.0
989,335,125,1.0
990,335,117,1.0
990,335,108,1.0
990,335,165,1.0
990,335,170,1.0
990,335,125,1.0
991,336,269,1.0
991,336,165,1.0
991,336,170,1.0
991,336,384,1.0
991,336,394,1.0
991,336,199,1.0
992,336,269,1.0
992,336,165,1.0
992,336,170,1.0
992,336,384,1.0
992,336,394,1.0
992,336,47,1.0
992,336,50,1.0
993,336,19,1.0
993,336,12,1.0
993,336,165,1.0
993,336,170,1.0
993,336,384,1.0
993,336,394,1.0
993,336,199,1.0
994,337,269,1.0
994,337,165,1.0
994,337,170,1.0
994,337,384,1.0
994,337,394,1.0
994,337,103,1.0
994,337,100,1.0
995,337,364,1.0
995,337,429,1.0
995,337,426,1.0
995,337,145,1.0
995,337,148,1.0
995,337,300,1.0
995,337,389,1.0
995,337,373,1.0
996,337,19,1.0
996,337,12,1.0
996,337,165,1.0
996,337,170,1.0
996,337,384,1.0
996,337,394,1.0
996,337,103,1.0
996,337,100,1.0
997,337,269,1.0
997,337,165,1.0
997,337,170,1.0
997,337,384,1.0
997,337,394,1.0
997,337,47,1.0
997,337,44,1.0
998,338,269,1.0
998,338,165,1.0
998,338,172,1.0
998,338,322,1.0
999,338,19,1.0
999,338,12,1.0
999,338,165,1.0
999,338,172,1.0
999,338,322,1.0
1000,338,117,1.0
1000,338,108,1.0
1000,338,165,1.0
1000,338,172,1.0
1000,338,322,1.0
1001,339,269,1.0
1001,339,165,1.0
1001,339,170,1.0
1001,339,377,1.0
1002,339,19,1.0
1002,339,12,1.0
1002,339,165,1.0
1002,339,170,1.0
1002,339,377,1.0
1003,339,269,1.0
1003,339,165,1.0
1003,339,172,1.0
1003,339,320,1.0
1005,341,408,1.0
1005,341,153,1.0
1006,341,408,1.0
1006,341,383,1.0
1006,341,155,1.0
1007,341,406,1.0
1007,341,444,1.0
1007,341,153,1.0
1008,342,408,1.0
1008,342,153,1.0
1009,342,408,1.0
1009,342,383,1.0
1009,342,155,1.0
1010,342,406,1.0
1010,342,444,1.0
1010,342,153,1.0
1011,343,301,1.0
1011,343,149,1.0
1012,343,406,1.0
1012,343,151,1.0
1013,343,406,1.0
1013,343,299,1.0
1013,343,149,1.0
1014,344,301,1.0
1014,344,149,1.0
1015,344,406,1.0
1015,344,151,1.0
1016,344,406,1.0
1016,344,299,1.0
1016,344,149,1.0
1017,345,301,1.0
1017,345,302,1.0
1018,345,301,1.0
1018,345,149,1.0
1018,345,140,1.0
1019,345,406,1.0
1019,345,151,1.0
1019,345,140,1.0
1020,346,389,1.0
1020,346,373,1.0
1021,346,35,1.0
1021,346,36,1.0
1021,346,373,1.0
1022,346,389,1.0
1022,346,53,1.0
1022,346,44,1.0
1023,347,408,1.0
1023,347,153,1.0
1023,347,158,1.0
1024,347,408,1.0
1024,347,383,1.0
1024,347,381,1.0
1025,347,408,1.0
1025,347,383,1.0
1025,347,85,1.0
1025,347,82,1.0
1026,348,408,1.0
1026,348,153,1.0
1026,348,158,1.0
1027,348,408,1.0
1027,348,383,1.0
1027,348,381,1.0
1028,348,408,1.0
1028,348,383,1.0
1028,348,85,1.0
1028,348,82,1.0
1029,349,408,1.0
1029,349,153,1.0
1029,349,158,1.0
1030,349,408,1.0
1030,349,383,1.0
1030,349,381,1.0
1031,349,408,1.0
1031,349,383,1.0
1031,349,85,1.0
1031,349,82,1.0
1032,350,301,1.0
1032,350,302,1.0
1032,350,359,1.0
1033,350,301,1.0
1033,350,149,1.0
1033,350,146,1.0
1034,350,406,1.0
1034,350,151,1.0
1034,350,146,1.0
1035,351,301,1.0
1035,351,302,1.0
1035,351,359,1.0
1036,351,301,1.0
1036,351,149,1.0
1036,351,146,1.0
1037,351,406,1.0
1037,351,151,1.0
1037,351,146,1.0
1038,352,301,1.0
1038,352,149,1.0
1038,352,144,1.0
1039,352,406,1.0
1039,352,151,1.0
1039,352,144,1.0
1040,352,301,1.0
1040,352,302,1.0
1040,352,452,1.0
1041,353,301,1.0
1041,353,149,1.0
1041,353,144,1.0
1042,353,406,1.0
1042,353,151,1.0
1042,353,144,1.0
1043,353,301,1.0
1043,353,302,1.0
1043,353,452,1.0
1044,354,301,1.0
1044,354,149,1.0
1044,354,144,1.0
1045,354,406,1.0
1045,354,151,1.0
1045,354,144,1.0
1046,354,301,1.0
1046,354,302,1.0
1046,354,452,1.0
1047,355,389,1.0
1047,355,213,1.0
1048,355,389,1.0
1048,355,373,1.0
1048,355,211,1.0
1049,355,35,1.0
1049,355,36,1.0
1049,355,213,1.0
1050,356,389,1.0
1050,356,213,1.0
1050,356,206,1.0
1051,356,389,1.0
1051,356,373,1.0
1051,356,211,1.0
1051,356,206,1.0
1052,356,35,1.0
1052,356,36,1.0
1052,356,213,1.0
1052,356,206,1.0
1053,357,408,1.0
1053,357,403,1.0
1053,357,404,1.0
1054,357,301,1.0
1054,357,302,1.0
1054,357,359,1.0
1054,357,362,1.0
1055,357,301,1.0
1055,357,149,1.0
1055,357,146,1.0
1055,357,362,1.0
1056,358,389,1.0
1056,358,53,1.0
1056,358,50,1.0
1057,358,389,1.0
1057,358,373,1.0
1057,358,195,1.0
1058,358,389,1.0
1058,358,373,1.0
1058,358,45,1.0
1058,358,50,1.0
1059,359,389,1.0
1059,359,53,1.0
1059,359,46,1.0
1059,359,395,1.0
1059,359,385,1.0
1059,359,171,1.0
1059,359,166,1.0
1060,359,301,1.0
1060,359,149,1.0
1060,359,144,1.0
1060,359,427,1.0
1060,359,428,1.0
1060,359,11,1.0
1060,359,16,1.0
1060,359,114,1.0
1061,359,389,1.0
1061,359,53,1.0
1061,359,50,1.0
1061,359,198,1.0
1061,359,395,1.0
1061,359,385,1.0
1061,359,171,1.0
1061,359,166,1.0
1062,359,389,1.0
1062,359,53,1.0
1062,359,46,1.0
1062,359,395,1.0
1062,359,385,1.0
1062,359,171,1.0
1062,359,162,1.0
1062,359,386,1.0
1063,360,430,1.0
1064,360,185,1.0
1064,360,186,1.0
1065,360,428,1.0
1065,360,446,1.0
1066,361,430,1.0
1067,361,185,1.0
1067,361,186,1.0
1068,361,428,1.0
1068,361,446,1.0
1069,362,428,1.0
1070,362,185,1.0
1070,362,188,1.0
1071,362,430,1.0
1071,362,447,1.0
1072,363,428,1.0
1073,363,185,1.0
1073,363,188,1.0
1074,363,430,1.0
1074,363,447,1.0
1075,364,426,1.0
1076,364,428,1.0
1076,364,11,1.0
1076,364,12,1.0
1076,364,165,1.0
1076,364,170,1.0
1076,364,384,1.0
1076,364,394,1.0
1076,364,47,1.0
1076,364,52,1.0
1076,364,37,1.0
1076,364,32,1.0
1076,364,149,1.0
1076,364,144,1.0
1077,364,428,1.0
1077,364,11,1.0
1077,364,12,1.0
1077,364,165,1.0
1077,364,170,1.0
1077,364,384,1.0
1077,364,394,1.0
1077,364,47,1.0
1077,364,52,1.0
1077,364,388,1.0
1077,364,301,1.0
1077,364,149,1.0
1077,364,144,1.0
1078,365,426,1.0
1079,365,428,1.0
1079,365,11,1.0
1079,365,12,1.0
1079,365,165,1.0
1079,365,170,1.0
1079,365,384,1.0
1079,365,394,1.0
1079,365,47,1.0
1079,365,52,1.0
1079,365,37,1.0
1079,365,32,1.0
1079,365,149,1.0
1079,365,144,1.0
1080,365,428,1.0
1080,365,11,1.0
1080,365,12,1.0
1080,365,165,1.0
1080,365,170,1.0
1080,365,384,1.0
1080,365,394,1.0
1080,365,47,1.0
1080,365,52,1.0
1080,365,388,1.0
1080,365,301,1.0
1080,365,149,1.0
1080,365,144,1.0
1081,366,426,1.0
1082,366,428,1.0
1082,366,11,1.0
1082,366,12,1.0
1082,366,165,1.0
1082,366,170,1.0
1082,366,384,1.0
1082,366,394,1.0
1082,366,47,1.0
1082,366,52,1.0
1082,366,37,1.0
1082,366,32,1.0
1082,366,149,1.0
1082,366,144,1.0
1083,366,428,1.0
1083,366,11,1.0
1083,366,12,1.0
1083,366,165,1.0
1083,366,170,1.0
1083,366,384,1.0
1083,366,394,1.0
1083,366,47,1.0
1083,366,52,1.0
1083,366,388,1.0
1083,366,301,1.0
1083,366,149,1.0
1083,366,144,1.0
1084,367,434,1.0
1085,367,185,1.0
1085,367,190,1.0
1086,367,428,1.0
1086,367,448,1.0
1087,368,434,1.0
1088,368,185,1.0
1088,368,190,1.0
1089,368,428,1.0
1089,368,448,1.0
1090,369,428,1.0
1090,369,11,1.0
1090,369,16,1.0
1090,369,114,1.0
1091,369,428,1.0
1091,369,11,1.0
1091,369,12,1.0
1091,369,264,1.0
1092,369,185,1.0
1092,369,188,1.0
1092,369,11,1.0
1092,369,16,1.0
1092,369,114,1.0
1093,370,426,1.0
1093,370,145,1.0
1094,370,426,1.0
1094,370,453,1.0
1094,370,141,1.0
1095,370,426,1.0
1095,370,413,1.0
1095,370,143,1.0
1096,371,426,1.0
1096,371,145,1.0
1097,371,426,1.0
1097,371,453,1.0
1097,371,141,1.0
1098,371,426,1.0
1098,371,413,1.0
1098,371,143,1.0
1099,372,426,1.0
1099,372,453,1.0
1100,372,426,1.0
1100,372,413,1.0
1100,372,410,1.0
1101,372,426,1.0
1101,372,145,1.0
1101,372,140,1.0
1102,373,428,1.0
1102,373,365,1.0
1103,373,185,1.0
1103,373,188,1.0
1103,373,365,1.0
1104,373,428,1.0
1104,373,11,1.0
1104,373,18,1.0
1105,374,428,1.0
1105,374,365,1.0
1106,374,185,1.0
1106,374,188,1.0
1106,374,365,1.0
1107,374,428,1.0
1107,374,11,1.0
1107,374,18,1.0
1108,375,428,1.0
1108,375,11,1.0
1108,375,14,1.0
1109,375,185,1.0
1109,375,188,1.0
1109,375,11,1.0
1109,375,14,1.0
1110,375,430,1.0
1110,375,23,1.0
1110,375,14,1.0
1111,376,426,1.0
1111,376,221,1.0
1112,376,426,1.0
1112,376,413,1.0
1112,376,217,1.0
1113,376,426,1.0
1113,376,453,1.0
1113,376,219,1.0
1114,377,426,1.0
1114,377,221,1.0
1115,377,426,1.0
1115,377,413,1.0
1115,377,217,1.0
1116,377,426,1.0
1116,377,453,1.0
1116,377,219,1.0
1117,378,428,1.0
1117,378,11,1.0
1117,378,12,1.0
1117,378,266,1.0
1118,378,428,1.0
1118,378,11,1.0
1118,378,14,1.0
1118,378,329,1.0
1119,378,185,1.0
1119,378,188,1.0
1119,378,11,1.0
1119,378,12,1.0
1119,378,266,1.0
1120,379,426,1.0
1120,379,145,1.0
1120,379,148,1.0
1120,379,300,1.0
1121,379,426,1.0
1121,379,145,1.0
1121,379,150,1.0
1121,379,407,1.0
1122,379,426,1.0
1122,379,453,1.0
1122,379,303,1.0
1122,379,300,1.0
1124,381,140,1.0
1125,381,142,1.0
1125,381,410,1.0
1126,381,144,1.0
1126,381,453,1.0
1127,382,144,1.0
1128,382,140,1.0
1128,382,452,1.0
1129,382,142,1.0
1129,382,412,1.0
1130,383,144,1.0
1131,383,140,1.0
1131,383,452,1.0
1132,383,142,1.0
1132,383,412,1.0
1133,384,144,1.0
1134,384,140,1.0
1134,384,452,1.0
1135,384,142,1.0
1135,384,412,1.0
1136,385,146,1.0
1137,385,140,1.0
1137,385,359,1.0
1138,385,142,1.0
1138,385,361,1.0
1139,386,146,1.0
1140,386,140,1.0
1140,386,359,1.0
1141,386,142,1.0
1141,386,361,1.0
1142,387,140,1.0
1142,387,219,1.0
1143,387,142,1.0
1143,387,217,1.0
1144,387,140,1.0
1144,387,411,1.0
1144,387,217,1.0
1145,388,140,1.0
1145,388,219,1.0
1146,388,142,1.0
1146,388,217,1.0
1147,388,140,1.0
1147,388,411,1.0
1147,388,217,1.0
1148,389,148,1.0
1148,389,300,1.0
1149,389,150,1.0
1149,389,407,1.0
1150,389,148,1.0
1150,389,298,1.0
1150,389,407,1.0
1151,390,148,1.0
1151,390,300,1.0
1152,390,150,1.0
1152,390,407,1.0
1153,390,148,1.0
1153,390,298,1.0
1153,390,407,1.0
1154,391,140,1.0
1154,391,295,1.0
1155,391,142,1.0
1155,391,297,1.0
1156,391,140,1.0
1156,391,411,1.0
1156,391,297,1.0
1157,392,146,1.0
1157,392,362,1.0
1158,392,140,1.0
1158,392,359,1.0
1158,392,362,1.0
1159,392,142,1.0
1159,392,361,1.0
1159,392,362,1.0
1160,393,144,1.0
1160,393,427,1.0
1161,393,140,1.0
1161,393,452,1.0
1161,393,427,1.0
1162,393,142,1.0
1162,393,412,1.0
1162,393,427,1.0
1163,394,144,1.0
1163,394,427,1.0
1163,394,430,1.0
1164,394,144,1.0
1164,394,427,1.0
1164,394,185,1.0
1164,394,186,1.0
1165,394,140,1.0
1165,394,452,1.0
1165,394,427,1.0
1165,394,430,1.0
1166,395,144,1.0
1166,395,427,1.0
1166,395,430,1.0
1167,395,144,1.0
1167,395,427,1.0
1167,395,185,1.0
1167,395,186,1.0
1168,395,140,1.0
1168,395,452,1.0
1168,395,427,1.0
1168,395,430,1.0
1169,396,148,1.0
1169,396,304,1.0
1169,396,153,1.0
1170,396,150,1.0
1170,396,444,1.0
1170,396,153,1.0
1171,396,148,1.0
1171,396,298,1.0
1171,396,444,1.0
1171,396,153,1.0
1172,397,148,1.0
1172,397,304,1.0
1172,397,153,1.0
1173,397,150,1.0
1173,397,444,1.0
1173,397,153,1.0
1174,397,148,1.0
1174,397,298,1.0
1174,397,444,1.0
1174,397,153,1.0
1175,398,146,1.0
1175,398,81,1.0
1176,398,140,1.0
1176,398,359,1.0
1176,398,81,1.0
1177,398,146,1.0
1177,398,362,1.0
1177,398,77,1.0
1178,399,144,1.0
1178,399,427,1.0
1178,399,428,1.0
1179,399,144,1.0
1179,399,427,1.0
1179,399,185,1.0
1179,399,188,1.0
1180,399,140,1.0
1180,399,452,1.0
1180,399,427,1.0
1180,399,428,1.0
1182,401,3,1.0
1183,401,250,1.0
1183,401,1,1.0
1184,401,27,1.0
1184,401,5,1.0
1185,402,227,1.0
1186,402,79,1.0
1186,402,74,1.0
1187,402,3,1.0
1187,402,8,1.0
1188,403,79,1.0
1189,403,227,1.0
1189,403,75,1.0
1190,403,227,1.0
1190,403,224,1.0
1190,403,77,1.0
1191,404,79,1.0
1191,404,76,1.0
1192,404,227,1.0
1192,404,224,1.0
1193,404,250,1.0
1193,404,404,1.0
1194,405,250,1.0
1194,405,157,1.0
1195,405,3,1.0
1195,405,0,1.0
1195,405,157,1.0
1196,405,250,1.0
1196,405,402,1.0
1196,405,153,1.0
1197,406,250,1.0
1197,406,157,1.0
1198,406,3,1.0
1198,406,0,1.0
1198,406,157,1.0
1199,406,250,1.0
1199,406,402,1.0
1199,406,153,1.0
1200,407,79,1.0
1200,407,80,1.0
1201,407,79,1.0
1201,407,76,1.0
1201,407,363,1.0
1202,407,227,1.0
1202,407,224,1.0
1202,407,363,1.0
1203,408,79,1.0
1203,408,80,1.0
1204,408,79,1.0
1204,408,76,1.0
1204,408,363,1.0
1205,408,227,1.0
1205,408,224,1.0
1205,408,363,1.0
1206,409,79,1.0
1206,409,80,1.0
1206,409,293,1.0
1207,409,79,1.0
1207,409,76,1.0
1207,409,363,1.0
1207,409,293,1.0
1208,409,227,1.0
1208,409,224,1.0
1208,409,363,1.0
1208,409,293,1.0
1209,410,250,1.0
1209,410,402,1.0
1209,410,409,1.0
1210,410,3,1.0
1210,410,0,1.0
1210,410,402,1.0
1210,410,409,1.0
1211,410,250,1.0
1211,410,157,1.0
1211,410,152,1.0
1211,410,409,1.0
1212,411,250,1.0
1212,411,402,1.0
1212,411,409,1.0
1213,411,3,1.0
1213,411,0,1.0
1213,411,402,1.0
1213,411,409,1.0
1214,411,250,1.0
1214,411,157,1.0
1214,411,152,1.0
1214,411,409,1.0
1215,412,79,1.0
1215,412,80,1.0
1215,412,358,1.0
1216,412,79,1.0
1216,412,76,1.0
1216,412,363,1.0
1216,412,358,1.0
1217,412,227,1.0
1217,412,224,1.0
1217,412,363,1.0
1217,412,358,1.0
1218,413,79,1.0
1218,413,80,1.0
1218,413,147,1.0
1219,413,79,1.0
1219,413,80,1.0
1219,413,358,1.0
1219,413,141,1.0
1220,413,79,1.0
1220,413,76,1.0
1220,413,363,1.0
1220,413,147,1.0
1221,414,79,1.0
1221,414,80,1.0
1221,414,147,1.0
1222,414,79,1.0
1222,414,80,1.0
1222,414,358,1.0
1222,414,141,1.0
1223,414,79,1.0
1223,414,76,1.0
1223,414,363,1.0
1223,414,147,1.0
1224,415,250,1.0
1224,415,157,1.0
1224,415,158,1.0
1225,415,250,1.0
1225,415,157,1.0
1225,415,89,1.0
1225,415,82,1.0
1226,415,3,1.0
1226,415,0,1.0
1226,415,157,1.0
1226,415,158,1.0
1227,416,250,1.0
1227,416,157,1.0
1227,416,158,1.0
1228,416,250,1.0
1228,416,157,1.0
1228,416,89,1.0
1228,416,82,1.0
1229,416,3,1.0
1229,416,0,1.0
1229,416,157,1.0
1229,416,158,1.0
1230,417,250,1.0
1230,417,157,1.0
1230,417,158,1.0
1231,417,250,1.0
1231,417,157,1.0
1231,417,89,1.0
1231,417,82,1.0
1232,417,3,1.0
1232,417,0,1.0
1232,417,157,1.0
1232,417,158,1.0
1233,418,3,1.0
1233,418,6,1.0
1233,418,69,1.0
1234,418,3,1.0
1234,418,6,1.0
1234,418,243,1.0
1234,418,57,1.0
1235,418,27,1.0
1235,418,24,1.0
1235,418,69,1.0
1236,419,79,1.0
1236,419,80,1.0
1236,419,358,1.0
1236,419,219,1.0
1237,419,79,1.0
1237,419,80,1.0
1237,419,360,1.0
1237,419,217,1.0
1238,419,79,1.0
1238,419,80,1.0
1238,419,358,1.0
1238,419,411,1.0
1238,419,217,1.0
1239,420,387,1.0
1240,420,327,1.0
1240,420,328,1.0
1241,420,265,1.0
1241,420,262,1.0
1242,421,327,1.0
1243,421,265,1.0
1243,421,266,1.0
1244,421,387,1.0
1244,421,329,1.0
1245,422,167,1.0
1245,422,170,1.0
1245,422,384,1.0
1245,422,394,1.0
1245,422,103,1.0
1245,422,100,1.0
1246,422,167,1.0
1246,422,170,1.0
1246,422,384,1.0
1246,422,394,1.0
1246,422,47,1.0
1246,422,44,1.0
1247,422,167,1.0
1247,422,170,1.0
1247,422,384,1.0
1247,422,394,1.0
1247,422,199,1.0
1247,422,194,1.0
1248,423,167,1.0
1248,423,170,1.0
1248,423,384,1.0
1248,423,394,1.0
1248,423,199,1.0
1249,423,167,1.0
1249,423,170,1.0
1249,423,384,1.0
1249,423,394,1.0
1249,423,47,1.0
1249,423,50,1.0
1250,423,167,1.0
1250,423,170,1.0
1250,423,384,1.0
1250,423,396,1.0
1250,423,205,1.0
1251,424,115,1.0
1251,424,17,1.0
1251,424,22,1.0
1252,424,265,1.0
1252,424,13,1.0
1252,424,22,1.0
1253,424,265,1.0
1253,424,109,1.0
1253,424,17,1.0
1253,424,22,1.0
1254,425,115,1.0
1254,425,17,1.0
1254,425,22,1.0
1255,425,265,1.0
1255,425,13,1.0
1255,425,22,1.0
1256,425,265,1.0
1256,425,109,1.0
1256,425,17,1.0
1256,425,22,1.0
1257,426,115,1.0
1257,426,17,1.0
1257,426,10,1.0
1258,426,265,1.0
1258,426,13,1.0
1258,426,10,1.0
1259,426,265,1.0
1259,426,109,1.0
1259,426,17,1.0
1259,426,10,1.0
1260,427,115,1.0
1260,427,17,1.0
1260,427,10,1.0
1261,427,265,1.0
1261,427,13,1.0
1261,427,10,1.0
1262,427,265,1.0
1262,427,109,1.0
1262,427,17,1.0
1262,427,10,1.0
1263,428,167,1.0
1263,428,170,1.0
1264,428,387,1.0
1264,428,163,1.0
1264,428,170,1.0
1265,428,327,1.0
1265,428,169,1.0
1265,428,170,1.0
1266,429,115,1.0
1266,429,17,1.0
1266,429,10,1.0
1266,429,429,1.0
1267,429,265,1.0
1267,429,13,1.0
1267,429,10,1.0
1267,429,429,1.0
1268,429,115,1.0
1268,429,17,1.0
1268,429,10,1.0
1268,429,189,1.0
1268,429,184,1.0
1269,430,115,1.0
1269,430,116,1.0
1270,430,115,1.0
1270,430,17,1.0
1270,430,18,1.0
1271,430,265,1.0
1271,430,268,1.0
1272,431,115,1.0
1272,431,116,1.0
1273,431,115,1.0
1273,431,17,1.0
1273,431,18,1.0
1274,431,265,1.0
1274,431,268,1.0
1275,432,167,1.0
1275,432,170,1.0
1275,432,384,1.0
1275,432,396,1.0
1276,432,167,1.0
1276,432,170,1.0
1276,432,384,1.0
1276,432,394,1.0
1276,432,414,1.0
1277,432,387,1.0
1277,432,163,1.0
1277,432,170,1.0
1277,432,384,1.0
1277,432,396,1.0
1278,433,167,1.0
1278,433,170,1.0
1278,433,384,1.0
1278,433,396,1.0
1278,433,309,1.0
1279,433,167,1.0
1279,433,170,1.0
1279,433,384,1.0
1279,433,394,1.0
1279,433,103,1.0
1279,433,92,1.0
1280,433,167,1.0
1280,433,170,1.0
1280,433,384,1.0
1280,433,394,1.0
1280,433,414,1.0
1280,433,309,1.0
1281,434,167,1.0
1281,434,170,1.0
1281,434,384,1.0
1281,434,396,1.0
1281,434,309,1.0
1281,434,207,1.0
1282,434,167,1.0
1282,434,170,1.0
1282,434,384,1.0
1282,434,394,1.0
1282,434,103,1.0
1282,434,98,1.0
1283,434,167,1.0
1283,434,170,1.0
1283,434,384,1.0
1283,434,394,1.0
1283,434,103,1.0
1283,434,92,1.0
1283,434,207,1.0
1284,435,167,1.0
1284,435,170,1.0
1284,435,125,1.0
1285,435,167,1.0
1285,435,172,1.0
1285,435,127,1.0
1286,435,387,1.0
1286,435,163,1.0
1286,435,170,1.0
1286,435,125,1.0
1287,436,167,1.0
1287,436,170,1.0
1287,436,384,1.0
1287,436,394,1.0
1287,436,47,1.0
1287,436,52,1.0
1287,436,388,1.0
1288,436,115,1.0
1288,436,17,1.0
1288,436,10,1.0
1288,436,429,1.0
1288,436,426,1.0
1288,436,145,1.0
1288,436,148,1.0
1288,436,300,1.0
1289,436,167,1.0
1289,436,170,1.0
1289,436,384,1.0
1289,436,394,1.0
1289,436,199,1.0
1289,436,51,1.0
1289,436,52,1.0
1289,436,388,1.0
1290,436,387,1.0
1290,436,163,1.0
1290,436,170,1.0
1290,436,384,1.0
1290,436,394,1.0
1290,436,47,1.0
1290,436,52,1.0
1290,436,388,1.0
1291,437,167,1.0
1291,437,170,1.0
1291,437,384,1.0
1291,437,394,1.0
1291,437,47,1.0
1291,437,52,1.0
1291,437,388,1.0
1292,437,115,1.0
1292,437,17,1.0
1292,437,10,1.0
1292,437,429,1.0
1292,437,426,1.0
1292,437,145,1.0
1292,437,148,1.0
1292,437,300,1.0
1293,437,167,1.0
1293,437,170,1.0
1293,437,384,1.0
1293,437,394,1.0
1293,437,199,1.0
1293,437,51,1.0
1293,437,52,1.0
1293,437,388,1.0
1294,437,387,1.0
1294,437,163,1.0
1294,437,170,1.0
1294,437,384,1.0
1294,437,394,1.0
1294,437,47,1.0
1294,437,52,1.0
1294,437,388,1.0
1295,438,115,1.0
1295,438,17,1.0
1295,438,10,1.0
1295,438,429,1.0
1295,438,426,1.0
1296,438,265,1.0
1296,438,13,1.0
1296,438,10,1.0
1296,438,429,1.0
1296,438,426,1.0
1297,438,115,1.0
1297,438,17,1.0
1297,438,10,1.0
1297,438,189,1.0
1297,438,184,1.0
1297,438,426,1.0
1298,439,115,1.0
1298,439,17,1.0
1298,439,10,1.0
1298,439,429,1.0
1298,439,426,1.0
1299,439,265,1.0
1299,439,13,1.0
1299,439,10,1.0
1299,439,429,1.0
1299,439,426,1.0
1300,439,115,1.0
1300,439,17,1.0
1300,439,10,1.0
1300,439,189,1.0
1300,439,184,1.0
1300,439,426,1.0
1301,440,77,1.0
1302,440,225,1.0
1302,440,75,1.0
1303,440,363,1.0
1303,440,81,1.0
1304,441,363,1.0
1305,441,77,1.0
1305,441,80,1.0
1306,441,225,1.0
1306,441,75,1.0
1306,441,80,1.0
1307,442,363,1.0
1308,442,77,1.0
1308,442,80,1.0
1309,442,225,1.0
1309,442,75,1.0
1309,442,80,1.0
1310,443,225,1.0
1311,443,77,1.0
1311,443,74,1.0
1312,443,77,1.0
1312,443,78,1.0
1312,443,227,1.0
1313,444,77,1.0
1313,444,78,1.0
1314,444,225,1.0
1314,444,226,1.0
1315,444,405,1.0
1315,444,251,1.0
1316,445,77,1.0
1316,445,78,1.0
1317,445,225,1.0
1317,445,226,1.0
1318,445,405,1.0
1318,445,251,1.0
1319,446,363,1.0
1319,446,293,1.0
1320,446,363,1.0
1320,446,358,1.0
1320,446,295,1.0
1321,446,363,1.0
1321,446,360,1.0
1321,446,297,1.0
1322,447,405,1.0
1322,447,1,1.0
1323,447,77,1.0
1323,447,78,1.0
1323,447,3,1.0
1324,447,225,1.0
1324,447,9,1.0
1325,448,363,1.0
1325,448,358,1.0
1326,448,363,1.0
1326,448,360,1.0
1326,448,410,1.0
1327,448,363,1.0
1327,448,147,1.0
1327,448,140,1.0
1328,449,363,1.0
1328,449,147,1.0
1329,449,363,1.0
1329,449,358,1.0
1329,449,141,1.0
1330,449,363,1.0
1330,449,360,1.0
1330,449,143,1.0
1331,450,363,1.0
1331,450,147,1.0
1332,450,363,1.0
1332,450,358,1.0
1332,450,141,1.0
1333,450,363,1.0
1333,450,360,1.0
1333,450,143,1.0
1334,451,405,1.0
1334,451,157,1.0
1335,451,405,1.0
1335,451,402,1.0
1335,451,153,1.0
1336,451,405,1.0
1336,451,402,1.0
1336,451,383,1.0
1336,451,155,1.0
1337,452,405,1.0
1337,452,157,1.0
1338,452,405,1.0
1338,452,402,1.0
1338,452,153,1.0
1339,452,405,1.0
1339,452,402,1.0
1339,452,383,1.0
1339,452,155,1.0
1340,453,405,1.0
1340,453,402,1.0
1340,453,409,1.0
1341,453,363,1.0
1341,453,358,1.0
1341,453,303,1.0
1341,453,300,1.0
1342,453,363,1.0
1342,453,147,1.0
1342,453,148,1.0
1342,453,300,1.0
1343,454,405,1.0
1343,454,402,1.0
1343,454,409,1.0
1344,454,363,1.0
1344,454,358,1.0
1344,454,303,1.0
1344,454,300,1.0
1345,454,363,1.0
1345,454,147,1.0
1345,454,148,1.0
1345,454,300,1.0
1346,455,363,1.0
1346,455,358,1.0
1346,455,219,1.0
1347,455,363,1.0
1347,455,360,1.0
1347,455,217,1.0
1348,455,363,1.0
1348,455,358,1.0
1348,455,411,1.0
1348,455,217,1.0
1349,456,363,1.0
1349,456,358,1.0
1349,456,219,1.0
1350,456,363,1.0
1350,456,360,1.0
1350,456,217,1.0
1351,456,363,1.0
1351,456,358,1.0
1351,456,411,1.0
1351,456,217,1.0
1352,457,363,1.0
1352,457,358,1.0
1352,457,452,1.0
1353,457,363,1.0
1353,457,147,1.0
1353,457,144,1.0
1354,457,363,1.0
1354,457,360,1.0
1354,457,412,1.0
1355,458,363,1.0
1355,458,358,1.0
1355,458,452,1.0
1356,458,363,1.0
1356,458,147,1.0
1356,458,144,1.0
1357,458,363,1.0
1357,458,360,1.0
1357,458,412,1.0
1358,459,363,1.0
1358,459,358,1.0
1358,459,452,1.0
1359,459,363,1.0
1359,459,147,1.0
1359,459,144,1.0
1360,459,363,1.0
1360,459,360,1.0
1360,459,412,1.0
1361,460,329,1.0
1362,460,386,1.0
1362,460,327,1.0
1363,460,263,1.0
1363,460,266,1.0
1364,461,386,1.0
1365,461,329,1.0
1365,461,326,1.0
1366,461,263,1.0
1366,461,264,1.0
1367,462,163,1.0
1367,462,170,1.0
1368,462,329,1.0
1368,462,169,1.0
1368,462,170,1.0
1369,462,386,1.0
1369,462,167,1.0
1369,462,170,1.0
1370,463,163,1.0
1370,463,170,1.0
1370,463,384,1.0
1370,463,394,1.0
1370,463,199,1.0
1371,463,163,1.0
1371,463,170,1.0
1371,463,384,1.0
1371,463,394,1.0
1371,463,47,1.0
1371,463,50,1.0
1372,463,163,1.0
1372,463,170,1.0
1372,463,384,1.0
1372,463,396,1.0
1372,463,205,1.0
1373,464,163,1.0
1373,464,170,1.0
1373,464,384,1.0
1373,464,394,1.0
1373,464,103,1.0
1373,464,100,1.0
1374,464,163,1.0
1374,464,170,1.0
1374,464,384,1.0
1374,464,394,1.0
1374,464,47,1.0
1374,464,44,1.0
1375,464,329,1.0
1375,464,169,1.0
1375,464,170,1.0
1375,464,384,1.0
1375,464,394,1.0
1375,464,103,1.0
1375,464,100,1.0
1376,465,15,1.0
1376,465,22,1.0
1377,465,113,1.0
1377,465,17,1.0
1377,465,22,1.0
1378,465,263,1.0
1378,465,13,1.0
1378,465,22,1.0
1379,466,15,1.0
1379,466,22,1.0
1380,466,113,1.0
1380,466,17,1.0
1380,466,22,1.0
1381,466,263,1.0
1381,466,13,1.0
1381,466,22,1.0
1382,467,15,1.0
1382,467,10,1.0
1383,467,113,1.0
1383,467,17,1.0
1383,467,10,1.0
1384,467,263,1.0
1384,467,13,1.0
1384,467,10,1.0
1385,468,15,1.0
1385,468,10,1.0
1386,468,113,1.0
1386,468,17,1.0
1386,468,10,1.0
1387,468,263,1.0
1387,468,13,1.0
1387,468,10,1.0
1388,469,163,1.0
1388,469,170,1.0
1388,469,125,1.0
1389,469,329,1.0
1389,469,169,1.0
1389,469,170,1.0
1389,469,125,1.0
1390,469,163,1.0
1390,469,172,1.0
1390,469,127,1.0
1391,470,113,1.0
1391,470,116,1.0
1392,470,15,1.0
1392,470,18,1.0
1393,470,113,1.0
1393,470,17,1.0
1393,470,18,1.0
1394,471,113,1.0
1394,471,116,1.0
1395,471,15,1.0
1395,471,18,1.0
1396,471,113,1.0
1396,471,17,1.0
1396,471,18,1.0
1397,472,163,1.0
1397,472,170,1.0
1397,472,384,1.0
1397,472,396,1.0
1398,472,163,1.0
1398,472,170,1.0
1398,472,384,1.0
1398,472,394,1.0
1398,472,414,1.0
1399,472,329,1.0
1399,472,169,1.0
1399,472,170,1.0
1399,472,384,1.0
1399,472,396,1.0
1400,473,163,1.0
1400,473,170,1.0
1400,473,384,1.0
1400,473,396,1.0
1400,473,309,1.0
1401,473,163,1.0
1401,473,170,1.0
1401,473,384,1.0
1401,473,394,1.0
1401,473,103,1.0
1401,473,92,1.0
1402,473,163,1.0
1402,473,170,1.0
1402,473,384,1.0
1402,473,394,1.0
1402,473,414,1.0
1402,473,309,1.0
1403,474,163,1.0
1403,474,170,1.0
1403,474,384,1.0
1403,474,396,1.0
1403,474,309,1.0
1403,474,207,1.0
1404,474,163,1.0
1404,474,170,1.0
1404,474,384,1.0
1404,474,394,1.0
1404,474,103,1.0
1404,474,98,1.0
1405,474,163,1.0
1405,474,170,1.0
1405,474,384,1.0
1405,474,394,1.0
1405,474,103,1.0
1405,474,92,1.0
1405,474,207,1.0
1406,475,15,1.0
1406,475,10,1.0
1406,475,429,1.0
1407,475,15,1.0
1407,475,10,1.0
1407,475,189,1.0
1407,475,184,1.0
1408,475,15,1.0
1408,475,22,1.0
1408,475,431,1.0
1409,476,163,1.0
1409,476,170,1.0
1409,476,377,1.0
1410,476,163,1.0
1410,476,172,1.0
1410,476,320,1.0
1411,476,329,1.0
1411,476,169,1.0
1411,476,170,1.0
1411,476,377,1.0
1412,477,163,1.0
1412,477,170,1.0
1412,477,384,1.0
1412,477,394,1.0
1412,477,47,1.0
1412,477,52,1.0
1412,477,388,1.0
1413,477,15,1.0
1413,477,10,1.0
1413,477,429,1.0
1413,477,426,1.0
1413,477,145,1.0
1413,477,148,1.0
1413,477,300,1.0
1414,477,329,1.0
1414,477,169,1.0
1414,477,170,1.0
1414,477,384,1.0
1414,477,394,1.0
1414,477,47,1.0
1414,477,52,1.0
1414,477,388,1.0
1415,477,163,1.0
1415,477,170,1.0
1415,477,384,1.0
1415,477,394,1.0
1415,477,199,1.0
1415,477,51,1.0
1415,477,52,1.0
1415,477,388,1.0
1416,478,163,1.0
1416,478,170,1.0
1416,478,384,1.0
1416,478,394,1.0
1416,478,47,1.0
1416,478,52,1.0
1416,478,388,1.0
1417,478,15,1.0
1417,478,10,1.0
1417,478,429,1.0
1417,478,426,1.0
1417,478,145,1.0
1417,478,148,1.0
1417,478,300,1.0
1418,478,329,1.0
1418,478,169,1.0
1418,478,170,1.0
1418,478,384,1.0
1418,478,394,1.0
1418,478,47,1.0
1418,478,52,1.0
1418,478,388,1.0
1419,478,163,1.0
1419,478,170,1.0
1419,478,384,1.0
1419,478,394,1.0
1419,478,199,1.0
1419,478,51,1.0
1419,478,52,1.0
1419,478,388,1.0
1420,479,163,1.0
1420,479,172,1.0
1420,479,322,1.0
1421,479,163,1.0
1421,479,170,1.0
1421,479,325,1.0
1421,479,322,1.0
1422,479,329,1.0
1422,479,169,1.0
1422,479,172,1.0
1422,479,322,1.0
1423,480,328,1.0
1424,480,326,1.0
1424,480,387,1.0
1425,480,267,1.0
1425,480,262,1.0
1426,481,326,1.0
1427,481,267,1.0
1427,481,264,1.0
1428,481,328,1.0
1428,481,386,1.0
1429,482,169,1.0
1429,482,170,1.0
1429,482,384,1.0
1429,482,394,1.0
1429,482,199,1.0
1430,482,169,1.0
1430,482,170,1.0
1430,482,384,1.0
1430,482,394,1.0
1430,482,47,1.0
1430,482,50,1.0
1431,482,169,1.0
1431,482,170,1.0
1431,482,384,1.0
1431,482,396,1.0
1431,482,205,1.0
1432,483,169,1.0
1432,483,170,1.0
1433,483,328,1.0
1433,483,163,1.0
1433,483,170,1.0
1434,483,267,1.0
1434,483,165,1.0
1434,483,170,1.0
1435,484,169,1.0
1435,484,170,1.0
1435,484,384,1.0
1435,484,394,1.0
1435,484,103,1.0
1435,484,100,1.0
1436,484,169,1.0
1436,484,170,1.0
1436,484,384,1.0
1436,484,394,1.0
1436,484,47,1.0
1436,484,44,1.0
1437,484,169,1.0
1437,484,170,1.0
1437,484,384,1.0
1437,484,394,1.0
1437,484,199,1.0
1437,484,194,1.0
1438,485,169,1.0
1438,485,170,1.0
1438,485,125,1.0
1439,485,169,1.0
1439,485,172,1.0
1439,485,127,1.0
1440,485,328,1.0
1440,485,163,1.0
1440,485,170,1.0
1440,485,125,1.0
1441,486,169,1.0
1441,486,170,1.0
1441,486,384,1.0
1441,486,396,1.0
1442,486,169,1.0
1442,486,170,1.0
1442,486,384,1.0
1442,486,394,1.0
1442,486,414,1.0
1443,486,328,1.0
1443,486,163,1.0
1443,486,170,1.0
1443,486,384,1.0
1443,486,396,1.0
1444,487,267,1.0
1444,487,13,1.0
1444,487,22,1.0
1445,487,328,1.0
1445,487,15,1.0
1445,487,22,1.0
1446,487,111,1.0
1446,487,17,1.0
1446,487,22,1.0
1447,488,267,1.0
1447,488,13,1.0
1447,488,22,1.0
1448,488,328,1.0
1448,488,15,1.0
1448,488,22,1.0
1449,488,111,1.0
1449,488,17,1.0
1449,488,22,1.0
1450,489,267,1.0
1450,489,13,1.0
1450,489,10,1.0
1451,489,328,1.0
1451,489,15,1.0
1451,489,10,1.0
1452,489,111,1.0
1452,489,17,1.0
1452,489,10,1.0
1453,490,267,1.0
1453,490,13,1.0
1453,490,10,1.0
1454,490,328,1.0
1454,490,15,1.0
1454,490,10,1.0
1455,490,111,1.0
1455,490,17,1.0
1455,490,10,1.0
1456,491,169,1.0
1456,491,170,1.0
1456,491,384,1.0
1456,491,396,1.0
1456,491,309,1.0
1457,491,169,1.0
1457,491,170,1.0
1457,491,384,1.0
1457,491,394,1.0
1457,491,103,1.0
1457,491,92,1.0
1458,491,169,1.0
1458,491,170,1.0
1458,491,384,1.0
1458,491,394,1.0
1458,491,414,1.0
1458,491,309,1.0
1459,492,169,1.0
1459,492,170,1.0
1459,492,384,1.0
1459,492,396,1.0
1459,492,309,1.0
1459,492,207,1.0
1460,492,169,1.0
1460,492,170,1.0
1460,492,384,1.0
1460,492,394,1.0
1460,492,103,1.0
1460,492,98,1.0
1461,492,169,1.0
1461,492,170,1.0
1461,492,384,1.0
1461,492,394,1.0
1461,492,103,1.0
1461,492,92,1.0
1461,492,207,1.0
1462,493,111,1.0
1462,493,116,1.0
1463,493,267,1.0
1463,493,268,1.0
1464,493,267,1.0
1464,493,13,1.0
1464,493,18,1.0
1465,494,111,1.0
1465,494,116,1.0
1466,494,267,1.0
1466,494,268,1.0
1467,494,267,1.0
1467,494,13,1.0
1467,494,18,1.0
1468,495,169,1.0
1468,495,170,1.0
1468,495,377,1.0
1469,495,169,1.0
1469,495,172,1.0
1469,495,320,1.0
1470,495,169,1.0
1470,495,170,1.0
1470,495,325,1.0
1470,495,320,1.0
1471,496,267,1.0
1471,496,13,1.0
1471,496,10,1.0
1471,496,429,1.0
1472,496,328,1.0
1472,496,15,1.0
1472,496,10,1.0
1472,496,429,1.0
1473,496,267,1.0
1473,496,13,1.0
1473,496,10,1.0
1473,496,189,1.0
1473,496,184,1.0
1474,497,169,1.0
1474,497,172,1.0
1474,497,322,1.0
1475,497,169,1.0
1475,497,170,1.0
1475,497,325,1.0
1475,497,322,1.0
1476,497,169,1.0
1476,497,170,1.0
1476,497,377,1.0
1476,497,374,1.0
1477,498,169,1.0
1477,498,170,1.0
1477,498,384,1.0
1477,498,394,1.0
1477,498,47,1.0
1477,498,52,1.0
1477,498,388,1.0
1478,498,267,1.0
1478,498,13,1.0
1478,498,10,1.0
1478,498,429,1.0
1478,498,426,1.0
1478,498,145,1.0
1478,498,148,1.0
1478,498,300,1.0
1479,498,169,1.0
1479,498,170,1.0
1479,498,384,1.0
1479,498,394,1.0
1479,498,199,1.0
1479,498,51,1.0
1479,498,52,1.0
1479,498,388,1.0
1480,498,328,1.0
1480,498,163,1.0
1480,498,170,1.0
1480,498,384,1.0
1480,498,394,1.0
1480,498,47,1.0
1480,498,52,1.0
1480,498,388,1.0
1481,499,169,1.0
1481,499,170,1.0
1481,499,384,1.0
1481,499,394,1.0
1481,499,47,1.0
1481,499,52,1.0
1481,499,388,1.0
1482,499,267,1.0
1482,499,13,1.0
1482,499,10,1.0
1482,499,429,1.0
1482,499,426,1.0
1482,499,145,1.0
1482,499,148,1.0
1482,499,300,1.0
1483,499,169,1.0
1483,499,170,1.0
1483,499,384,1.0
1483,499,394,1.0
1483,499,199,1.0
1483,499,51,1.0
1483,499,52,1.0
1483,499,388,1.0
1484,499,328,1.0
1484,499,163,1.0
1484,499,170,1.0
1484,499,384,1.0
1484,499,394,1.0
1484,499,47,1.0
1484,499,52,1.0
1484,499,388,1.0
1486,501,140,1.0
1487,501,142,1.0
1487,501,410,1.0
1488,501,144,1.0
1488,501,453,1.0
1489,502,144,1.0
1490,502,140,1.0
1490,502,452,1.0
1491,502,142,1.0
1491,502,412,1.0
1492,503,144,1.0
1493,503,140,1.0
1493,503,452,1.0
1494,503,142,1.0
1494,503,412,1.0
1495,504,144,1.0
1496,504,140,1.0
1496,504,452,1.0
1497,504,142,1.0
1497,504,412,1.0
1498,505,146,1.0
1499,505,140,1.0
1499,505,359,1.0
1500,505,142,1.0
1500,505,361,1.0
1501,506,146,1.0
1502,506,140,1.0
1502,506,359,1.0
1503,506,142,1.0
1503,506,361,1.0
1504,507,140,1.0
1504,507,219,1.0
1505,507,142,1.0
1505,507,217,1.0
1506,507,140,1.0
1506,507,411,1.0
1506,507,217,1.0
1507,508,140,1.0
1507,508,219,1.0
1508,508,142,1.0
1508,508,217,1.0
1509,508,140,1.0
1509,508,411,1.0
1509,508,217,1.0
1510,509,148,1.0
1510,509,300,1.0
1511,509,150,1.0
1511,509,407,1.0
1512,509,148,1.0
1512,509,298,1.0
1512,509,407,1.0
1513,510,148,1.0
1513,510,300,1.0
1514,510,150,1.0
1514,510,407,1.0
1515,510,148,1.0
1515,510,298,1.0
1515,510,407,1.0
1516,511,140,1.0
1516,511,295,1.0
1517,511,142,1.0
1517,511,297,1.0
1518,511,140,1.0
1518,511,411,1.0
1518,511,297,1.0
1519,512,146,1.0
1519,512,362,1.0
1520,512,140,1.0
1520,512,359,1.0
1520,512,362,1.0
1521,512,142,1.0
1521,512,361,1.0
1521,512,362,1.0
1522,513,144,1.0
1522,513,427,1.0
1523,513,140,1.0
1523,513,452,1.0
1523,513,427,1.0
1524,513,142,1.0
1524,513,412,1.0
1524,513,427,1.0
1525,514,144,1.0
1525,514,427,1.0
1525,514,430,1.0
1526,514,144,1.0
1526,514,427,1.0
1526,514,185,1.0
1526,514,186,1.0
1527,514,140,1.0
1527,514,452,1.0
1527,514,427,1.0
1527,514,430,1.0
1528,515,144,1.0
1528,515,427,1.0
1528,515,430,1.0
1529,515,144,1.0
1529,515,427,1.0
1529,515,185,1.0
1529,515,186,1.0
1530,515,140,1.0
1530,515,452,1.0
1530,515,427,1.0
1530,515,430,1.0
1531,516,148,1.0
1531,516,304,1.0
1531,516,153,1.0
1532,516,150,1.0
1532,516,444,1.0
1532,516,153,1.0
1533,516,148,1.0
1533,516,298,1.0
1533,516,444,1.0
1533,516,153,1.0
1534,517,148,1.0
1534,517,304,1.0
1534,517,153,1.0
1535,517,150,1.0
1535,517,444,1.0
1535,517,153,1.0
1536,517,148,1.0
1536,517,298,1.0
1536,517,444,1.0
1536,517,153,1.0
1537,518,146,1.0
1537,518,81,1.0
1538,518,140,1.0
1538,518,359,1.0
1538,518,81,1.0
1539,518,146,1.0
1539,518,362,1.0
1539,518,77,1.0
1540,519,144,1.0
1540,519,427,1.0
1540,519,428,1.0
1541,519,144,1.0
1541,519,427,1.0
1541,519,185,1.0
1541,519,188,1.0
1542,519,140,1.0
1542,519,452,1.0
1542,519,427,1.0
1542,519,428,1.0
1545,522,59,1.0
1546,522,83,1.0
1546,522,61,1.0
1547,522,241,1.0
1547,522,57,1.0
1548,523,159,1.0
1549,523,83,1.0
1549,523,88,1.0
1550,523,380,1.0
1550,523,155,1.0
1551,524,159,1.0
1552,524,83,1.0
1552,524,88,1.0
1553,524,380,1.0
1553,524,155,1.0
1554,525,241,1.0
1554,525,238,1.0
1554,525,215,1.0
1555,525,83,1.0
1555,525,86,1.0
1555,525,238,1.0
1555,525,215,1.0
1556,525,241,1.0
1556,525,238,1.0
1556,525,311,1.0
1556,525,207,1.0
1557,526,241,1.0
1557,526,238,1.0
1557,526,311,1.0
1558,526,83,1.0
1558,526,86,1.0
1558,526,238,1.0
1558,526,311,1.0
1559,526,241,1.0
1559,526,238,1.0
1559,526,215,1.0
1559,526,206,1.0
1560,527,241,1.0
1560,527,238,1.0
1560,527,215,1.0
1560,527,210,1.0
1561,527,159,1.0
1561,527,152,1.0
1561,527,409,1.0
1561,527,389,1.0
1561,527,373,1.0
1562,527,83,1.0
1562,527,86,1.0
1562,527,238,1.0
1562,527,215,1.0
1562,527,210,1.0
1563,527,241,1.0
1563,527,238,1.0
1563,527,311,1.0
1563,527,207,1.0
1563,527,210,1.0
1564,528,159,1.0
1564,528,152,1.0
1564,528,409,1.0
1565,528,380,1.0
1565,528,382,1.0
1565,528,409,1.0
1566,528,83,1.0
1566,528,84,1.0
1566,528,382,1.0
1566,528,409,1.0
1567,529,159,1.0
1567,529,152,1.0
1567,529,409,1.0
1568,529,380,1.0
1568,529,382,1.0
1568,529,409,1.0
1569,529,83,1.0
1569,529,84,1.0
1569,529,382,1.0
1569,529,409,1.0
1570,530,241,1.0
1570,530,238,1.0
1570,530,311,1.0
1570,530,203,1.0
1571,530,241,1.0
1571,530,238,1.0
1571,530,215,1.0
1571,530,201,1.0
1572,530,83,1.0
1572,530,86,1.0
1572,530,238,1.0
1572,530,311,1.0
1572,530,203,1.0
1573,531,241,1.0
1573,531,238,1.0
1573,531,458,1.0
1573,531,460,1.0
1574,531,241,1.0
1574,531,238,1.0
1574,531,275,1.0
1574,531,270,1.0
1574,531,438,1.0
1575,531,83,1.0
1575,531,86,1.0
1575,531,238,1.0
1575,531,458,1.0
1575,531,460,1.0
1576,531,241,1.0
1576,531,238,1.0
1576,531,443,1.0
1576,531,438,1.0
1577,532,241,1.0
1577,532,244,1.0
1578,532,83,1.0
1578,532,86,1.0
1578,532,244,1.0
1579,532,59,1.0
1579,532,62,1.0
1580,533,241,1.0
1580,533,244,1.0
1581,533,83,1.0
1581,533,86,1.0
1581,533,244,1.0
1582,533,59,1.0
1582,533,62,1.0
1583,534,241,1.0
1583,534,244,1.0
1584,534,83,1.0
1584,534,86,1.0
1584,534,244,1.0
1585,534,59,1.0
1585,534,62,1.0
1586,535,241,1.0
1586,535,238,1.0
1586,535,275,1.0
1587,535,83,1.0
1587,535,86,1.0
1587,535,238,1.0
1587,535,275,1.0
1588,535,59,1.0
1588,535,54,1.0
1588,535,275,1.0
1589,536,159,1.0
1589,536,156,1.0
1589,536,1,1.0
1590,536,83,1.0
1590,536,90,1.0
1590,536,7,1.0
1591,536,83,1.0
1591,536,88,1.0
1591,536,156,1.0
1591,536,1,1.0
1592,537,241,1.0
1592,537,238,1.0
1592,537,443,1.0
1592,537,419,1.0
1592,537,395,1.0
1592,537,385,1.0
1592,537,171,1.0
1592,537,166,1.0
1593,537,241,1.0
1593,537,238,1.0
1593,537,275,1.0
1593,537,272,1.0
1593,537,288,1.0
1593,537,119,1.0
1593,537,124,1.0
1593,537,171,1.0
1593,537,166,1.0
1594,537,83,1.0
1594,537,86,1.0
1594,537,238,1.0
1594,537,443,1.0
1594,537,419,1.0
1594,537,395,1.0
1594,537,385,1.0
1594,537,171,1.0
1594,537,166,1.0
1595,537,241,1.0
1595,537,238,1.0
1595,537,458,1.0
1595,537,460,1.0
1595,537,397,1.0
1595,537,385,1.0
1595,537,171,1.0
1595,537,166,1.0
1596,538,241,1.0
1596,538,238,1.0
1596,538,443,1.0
1596,538,419,1.0
1596,538,395,1.0
1596,538,385,1.0
1596,538,171,1.0
1596,538,168,1.0
1597,538,241,1.0
1597,538,238,1.0
1597,538,275,1.0
1597,538,272,1.0
1597,538,288,1.0
1597,538,119,1.0
1597,538,124,1.0
1597,538,171,1.0
1597,538,168,1.0
1598,538,83,1.0
1598,538,86,1.0
1598,538,238,1.0
1598,538,443,1.0
1598,538,419,1.0
1598,538,395,1.0
1598,538,385,1.0
1598,538,171,1.0
1598,538,168,1.0
1599,538,241,1.0
1599,538,238,1.0
1599,538,458,1.0
1599,538,460,1.0
1599,538,397,1.0
1599,538,385,1.0
1599,538,171,1.0
1599,538,168,1.0
1600,539,159,1.0
1600,539,156,1.0
1600,539,251,1.0
1601,539,83,1.0
1601,539,88,1.0
1601,539,156,1.0
1601,539,251,1.0
1602,539,159,1.0
1602,539,156,1.0
1602,539,1,1.0
1602,539,2,1.0
1603,540,350,1.0
1604,540,352,1.0
1604,540,375,1.0
1605,540,129,1.0
1605,540,130,1.0
1606,541,352,1.0
1607,541,350,1.0
1607,541,374,1.0
1608,541,129,1.0
1608,541,132,1.0
1609,542,129,1.0
1610,542,350,1.0
1610,542,131,1.0
1611,542,354,1.0
1611,542,123,1.0
1612,543,356,1.0
1613,543,352,1.0
1613,543,454,1.0
1614,543,350,1.0
1614,543,374,1.0
1614,543,454,1.0
1615,544,356,1.0
1616,544,352,1.0
1616,544,454,1.0
1617,544,350,1.0
1617,544,374,1.0
1617,544,454,1.0
1618,545,350,1.0
1618,545,376,1.0
1619,545,129,1.0
1619,545,124,1.0
1620,545,350,1.0
1620,545,321,1.0
1620,545,324,1.0
1621,546,356,1.0
1621,546,181,1.0
1622,546,356,1.0
1622,546,462,1.0
1622,546,177,1.0
1623,546,352,1.0
1623,546,454,1.0
1623,546,181,1.0
1624,547,356,1.0
1624,547,462,1.0
1625,547,352,1.0
1625,547,456,1.0
1626,547,352,1.0
1626,547,454,1.0
1626,547,462,1.0
1627,548,356,1.0
1627,548,462,1.0
1628,548,352,1.0
1628,548,456,1.0
1629,548,352,1.0
1629,548,454,1.0
1629,548,462,1.0
1630,549,313,1.0
1630,549,316,1.0
1630,549,414,1.0
1631,549,129,1.0
1631,549,120,1.0
1631,549,396,1.0
1632,549,313,1.0
1632,549,318,1.0
1632,549,396,1.0
1633,550,350,1.0
1633,550,376,1.0
1633,550,171,1.0
1633,550,168,1.0
1634,550,129,1.0
1634,550,124,1.0
1634,550,171,1.0
1634,550,168,1.0
1635,550,350,1.0
1635,550,321,1.0
1635,550,173,1.0
1635,550,168,1.0
1636,551,313,1.0
1636,551,316,1.0
1636,551,199,1.0
1637,551,129,1.0
1637,551,120,1.0
1637,551,394,1.0
1637,551,199,1.0
1638,551,313,1.0
1638,551,316,1.0
1638,551,47,1.0
1638,551,50,1.0
1639,552,350,1.0
1639,552,376,1.0
1639,552,171,1.0
1639,552,162,1.0
1640,552,129,1.0
1640,552,124,1.0
1640,552,171,1.0
1640,552,162,1.0
1641,552,350,1.0
1641,552,321,1.0
1641,552,173,1.0
1641,552,162,1.0
1642,553,313,1.0
1642,553,289,1.0
1642,553,273,1.0
1643,553,354,1.0
1643,553,315,1.0
1643,553,289,1.0
1643,553,273,1.0
1644,553,129,1.0
1644,553,118,1.0
1644,553,289,1.0
1644,553,273,1.0
1645,554,313,1.0
1645,554,316,1.0
1645,554,103,1.0
1645,554,92,1.0
1646,554,313,1.0
1646,554,289,1.0
1646,554,273,1.0
1646,554,274,1.0
1646,554,311,1.0
1647,554,313,1.0
1647,554,316,1.0
1647,554,414,1.0
1647,554,309,1.0
1648,554,313,1.0
1648,554,316,1.0
1648,554,103,1.0
1648,554,98,1.0
1648,554,206,1.0
1649,555,350,1.0
1649,555,376,1.0
1649,555,171,1.0
1649,555,166,1.0
1650,555,129,1.0
1650,555,124,1.0
1650,555,171,1.0
1650,555,166,1.0
1651,555,350,1.0
1651,555,321,1.0
1651,555,173,1.0
1651,555,166,1.0
1652,556,313,1.0
1652,556,316,1.0
1652,556,103,1.0
1652,556,98,1.0
1653,556,313,1.0
1653,556,289,1.0
1653,556,273,1.0
1653,556,274,1.0
1653,556,215,1.0
1654,556,313,1.0
1654,556,316,1.0
1654,556,103,1.0
1654,556,92,1.0
1654,556,207,1.0
1655,556,313,1.0
1655,556,316,1.0
1655,556,414,1.0
1655,556,309,1.0
1655,556,207,1.0
1656,557,313,1.0
1656,557,316,1.0
1656,557,103,1.0
1656,557,100,1.0
1657,557,129,1.0
1657,557,120,1.0
1657,557,394,1.0
1657,557,103,1.0
1657,557,100,1.0
1658,557,313,1.0
1658,557,316,1.0
1658,557,47,1.0
1658,557,44,1.0
1659,558,350,1.0
1659,558,376,1.0
1659,558,171,1.0
1659,558,164,1.0
1659,558,268,1.0
1660,558,129,1.0
1660,558,124,1.0
1660,558,171,1.0
1660,558,164,1.0
1660,558,268,1.0
1661,558,350,1.0
1661,558,376,1.0
1661,558,171,1.0
1661,558,164,1.0
1661,558,13,1.0
1661,558,18,1.0
1662,559,350,1.0
1662,559,376,1.0
1662,559,171,1.0
1662,559,164,1.0
1662,559,268,1.0
1663,559,129,1.0
1663,559,124,1.0
1663,559,171,1.0
1663,559,164,1.0
1663,559,268,1.0
1664,559,350,1.0
1664,559,376,1.0
1664,559,171,1.0
1664,559,164,1.0
1664,559,13,1.0
1664,559,18,1.0
1665,560,75,1.0
1666,560,224,1.0
1666,560,77,1.0
1667,560,226,1.0
1667,560,79,1.0
1668,561,226,1.0
1669,561,75,1.0
1669,561,78,1.0
1670,561,9,1.0
1670,561,2,1.0
1671,562,226,1.0
1672,562,75,1.0
1672,562,78,1.0
1673,562,9,1.0
1673,562,2,1.0
1674,563,224,1.0
1675,563,75,1.0
1675,563,76,1.0
1676,563,226,1.0
1676,563,79,1.0
1676,563,76,1.0
1677,564,9,1.0
1678,564,226,1.0
1678,564,3,1.0
1679,564,75,1.0
1679,564,78,1.0
1679,564,3,1.0
1680,565,224,1.0
1680,565,363,1.0
1681,565,75,1.0
1681,565,80,1.0
1682,565,75,1.0
1682,565,76,1.0
1682,565,363,1.0
1683,566,224,1.0
1683,566,363,1.0
1684,566,75,1.0
1684,566,80,1.0
1685,566,75,1.0
1685,566,76,1.0
1685,566,363,1.0
1686,567,224,1.0
1686,567,363,1.0
1686,567,293,1.0
1687,567,75,1.0
1687,567,80,1.0
1687,567,293,1.0
1688,567,75,1.0
1688,567,76,1.0
1688,567,363,1.0
1688,567,293,1.0
1689,568,226,1.0
1689,568,250,1.0
1689,568,157,1.0
1690,568,9,1.0
1690,568,0,1.0
1690,568,157,1.0
1691,568,226,1.0
1691,568,3,1.0
1691,568,0,1.0
1691,568,157,1.0
1692,569,226,1.0
1692,569,250,1.0
1692,569,157,1.0
1693,569,9,1.0
1693,569,0,1.0
1693,569,157,1.0
1694,569,226,1.0
1694,569,3,1.0
1694,569,0,1.0
1694,569,157,1.0
1695,570,224,1.0
1695,570,363,1.0
1695,570,358,1.0
1696,570,75,1.0
1696,570,80,1.0
1696,570,358,1.0
1697,570,224,1.0
1697,570,363,1.0
1697,570,360,1.0
1697,570,410,1.0
1698,571,224,1.0
1698,571,363,1.0
1698,571,147,1.0
1699,571,224,1.0
1699,571,363,1.0
1699,571,358,1.0
1699,571,141,1.0
1700,571,75,1.0
1700,571,80,1.0
1700,571,147,1.0
1701,572,224,1.0
1701,572,363,1.0
1701,572,147,1.0
1702,572,224,1.0
1702,572,363,1.0
1702,572,358,1.0
1702,572,141,1.0
1703,572,75,1.0
1703,572,80,1.0
1703,572,147,1.0
1704,573,226,1.0
1704,573,250,1.0
1704,573,402,1.0
1704,573,409,1.0
1705,573,9,1.0
1705,573,0,1.0
1705,573,402,1.0
1705,573,409,1.0
1706,573,226,1.0
1706,573,3,1.0
1706,573,0,1.0
1706,573,402,1.0
1706,573,409,1.0
1707,574,226,1.0
1707,574,250,1.0
1707,574,402,1.0
1707,574,409,1.0
1708,574,9,1.0
1708,574,0,1.0
1708,574,402,1.0
1708,574,409,1.0
1709,574,226,1.0
1709,574,3,1.0
1709,574,0,1.0
1709,574,402,1.0
1709,574,409,1.0
1710,575,224,1.0
1710,575,363,1.0
1710,575,358,1.0
1710,575,219,1.0
1711,575,224,1.0
1711,575,363,1.0
1711,575,360,1.0
1711,575,217,1.0
1712,575,224,1.0
1712,575,363,1.0
1712,575,358,1.0
1712,575,411,1.0
1712,575,217,1.0
1713,576,224,1.0
1713,576,363,1.0
1713,576,358,1.0
1713,576,219,1.0
1714,576,224,1.0
1714,576,363,1.0
1714,576,360,1.0
1714,576,217,1.0
1715,576,224,1.0
1715,576,363,1.0
1715,576,358,1.0
1715,576,411,1.0
1715,576,217,1.0
1716,577,224,1.0
1716,577,363,1.0
1716,577,358,1.0
1716,577,452,1.0
1717,577,224,1.0
1717,577,363,1.0
1717,577,147,1.0
1717,577,144,1.0
1718,577,224,1.0
1718,577,363,1.0
1718,577,360,1.0
1718,577,412,1.0
1719,578,224,1.0
1719,578,363,1.0
1719,578,358,1.0
1719,578,452,1.0
1720,578,224,1.0
1720,578,363,1.0
1720,578,147,1.0
1720,578,144,1.0
1721,578,224,1.0
1721,578,363,1.0
1721,578,360,1.0
1721,578,412,1.0
1722,579,224,1.0
1722,579,363,1.0
1722,579,358,1.0
1722,579,452,1.0
1723,579,224,1.0
1723,579,363,1.0
1723,579,147,1.0
1723,579,144,1.0
1724,579,224,1.0
1724,579,363,1.0
1724,579,360,1.0
1724,579,412,1.0
1725,580,207,1.0
1726,580,93,1.0
1726,580,98,1.0
1727,580,306,1.0
1727,580,209,1.0
1728,581,203,1.0
1729,581,207,1.0
1729,581,201,1.0
1730,581,93,1.0
1730,581,96,1.0
1731,582,308,1.0
1732,582,306,1.0
1732,582,460,1.0
1733,582,207,1.0
1733,582,208,1.0
1733,582,460,1.0
1734,583,207,1.0
1734,583,210,1.0
1735,583,93,1.0
1735,583,100,1.0
1736,583,207,1.0
1736,583,99,1.0
1736,583,100,1.0
1737,584,310,1.0
1737,584,239,1.0
1737,584,240,1.0
1738,584,310,1.0
1738,584,239,1.0
1738,584,87,1.0
1738,584,82,1.0
1739,584,207,1.0
1739,584,214,1.0
1739,584,239,1.0
1739,584,240,1.0
1740,585,310,1.0
1740,585,239,1.0
1740,585,240,1.0
1741,585,310,1.0
1741,585,239,1.0
1741,585,87,1.0
1741,585,82,1.0
1742,585,207,1.0
1742,585,214,1.0
1742,585,239,1.0
1742,585,240,1.0
1743,586,310,1.0
1743,586,239,1.0
1743,586,240,1.0
1744,586,310,1.0
1744,586,239,1.0
1744,586,87,1.0
1744,586,82,1.0
1745,586,207,1.0
1745,586,214,1.0
1745,586,239,1.0
1745,586,240,1.0
1746,587,310,1.0
1746,587,55,1.0
1747,587,207,1.0
1747,587,214,1.0
1747,587,55,1.0
1748,587,310,1.0
1748,587,239,1.0
1748,587,57,1.0
1749,588,310,1.0
1749,588,275,1.0
1750,588,207,1.0
1750,588,214,1.0
1750,588,275,1.0
1751,588,308,1.0
1751,588,279,1.0
1752,589,308,1.0
1752,589,397,1.0
1752,589,385,1.0
1752,589,171,1.0
1752,589,168,1.0
1753,589,93,1.0
1753,589,102,1.0
1753,589,395,1.0
1753,589,385,1.0
1753,589,171,1.0
1753,589,168,1.0
1754,589,308,1.0
1754,589,415,1.0
1754,589,395,1.0
1754,589,385,1.0
1754,589,171,1.0
1754,589,168,1.0
1755,590,308,1.0
1755,590,397,1.0
1755,590,385,1.0
1755,590,171,1.0
1755,590,166,1.0
1756,590,93,1.0
1756,590,102,1.0
1756,590,395,1.0
1756,590,385,1.0
1756,590,171,1.0
1756,590,166,1.0
1757,590,308,1.0
1757,590,415,1.0
1757,590,395,1.0
1757,590,385,1.0
1757,590,171,1.0
1757,590,166,1.0
1758,591,207,1.0
1758,591,212,1.0
1758,591,388,1.0
1759,591,207,1.0
1759,591,210,1.0
1759,591,372,1.0
1759,591,388,1.0
1760,591,207,1.0
1760,591,212,1.0
1760,591,37,1.0
1760,591,34,1.0
1761,592,207,1.0
1761,592,212,1.0
1761,592,388,1.0
1762,592,207,1.0
1762,592,210,1.0
1762,592,372,1.0
1762,592,388,1.0
1763,592,207,1.0
1763,592,212,1.0
1763,592,37,1.0
1763,592,34,1.0
1764,593,308,1.0
1764,593,397,1.0
1764,593,385,1.0
1764,593,171,1.0
1764,593,162,1.0
1765,593,93,1.0
1765,593,102,1.0
1765,593,395,1.0
1765,593,385,1.0
1765,593,171,1.0
1765,593,162,1.0
1766,593,308,1.0
1766,593,415,1.0
1766,593,395,1.0
1766,593,385,1.0
1766,593,171,1.0
1766,593,162,1.0
1767,594,207,1.0
1767,594,212,1.0
1767,594,388,1.0
1767,594,408,1.0
1767,594,153,1.0
1768,594,310,1.0
1768,594,239,1.0
1768,594,87,1.0
1768,594,88,1.0
1769,594,310,1.0
1769,594,239,1.0
1769,594,240,1.0
1769,594,159,1.0
1770,595,207,1.0
1770,595,212,1.0
1770,595,388,1.0
1770,595,408,1.0
1770,595,153,1.0
1771,595,310,1.0
1771,595,239,1.0
1771,595,87,1.0
1771,595,88,1.0
1772,595,310,1.0
1772,595,239,1.0
1772,595,240,1.0
1772,595,159,1.0
1773,596,310,1.0
1773,596,275,1.0
1773,596,276,1.0
1774,596,207,1.0
1774,596,214,1.0
1774,596,275,1.0
1774,596,276,1.0
1775,596,310,1.0
1775,596,239,1.0
1775,596,244,1.0
1776,597,310,1.0
1776,597,275,1.0
1776,597,276,1.0
1777,597,207,1.0
1777,597,214,1.0
1777,597,275,1.0
1777,597,276,1.0
1778,597,310,1.0
1778,597,239,1.0
1778,597,244,1.0
1779,598,310,1.0
1779,598,275,1.0
1779,598,276,1.0
1780,598,207,1.0
1780,598,214,1.0
1780,598,275,1.0
1780,598,276,1.0
1781,598,310,1.0
1781,598,239,1.0
1781,598,244,1.0
1782,599,308,1.0
1782,599,397,1.0
1782,599,121,1.0
1783,599,93,1.0
1783,599,102,1.0
1783,599,395,1.0
1783,599,121,1.0
1784,599,308,1.0
1784,599,415,1.0
1784,599,395,1.0
1784,599,121,1.0
1786,601,364,1.0
1787,601,19,1.0
1787,601,10,1.0
1788,601,117,1.0
1788,601,17,1.0
1788,601,10,1.0
1789,602,364,1.0
1790,602,19,1.0
1790,602,10,1.0
1791,602,117,1.0
1791,602,17,1.0
1791,602,10,1.0
1792,603,364,1.0
1792,603,446,1.0
1793,603,19,1.0
1793,603,22,1.0
1794,603,19,1.0
1794,603,10,1.0
1794,603,446,1.0
1795,604,364,1.0
1795,604,446,1.0
1796,604,19,1.0
1796,604,22,1.0
1797,604,19,1.0
1797,604,10,1.0
1797,604,446,1.0
1798,605,117,1.0
1798,605,112,1.0
1799,605,19,1.0
1799,605,14,1.0
1800,605,19,1.0
1800,605,16,1.0
1800,605,112,1.0
1801,606,117,1.0
1801,606,114,1.0
1802,606,19,1.0
1802,606,16,1.0
1802,606,114,1.0
1803,606,269,1.0
1803,606,264,1.0
1804,607,364,1.0
1804,607,429,1.0
1805,607,364,1.0
1805,607,189,1.0
1805,607,184,1.0
1806,607,19,1.0
1806,607,10,1.0
1806,607,429,1.0
1807,608,117,1.0
1807,608,110,1.0
1808,608,269,1.0
1808,608,266,1.0
1809,608,19,1.0
1809,608,12,1.0
1809,608,266,1.0
1810,609,366,1.0
1811,609,347,1.0
1811,609,344,1.0
1812,609,364,1.0
1812,609,448,1.0
1812,609,421,1.0
1813,610,366,1.0
1814,610,347,1.0
1814,610,344,1.0
1815,610,364,1.0
1815,610,448,1.0
1815,610,421,1.0
1816,611,366,1.0
1817,611,347,1.0
1817,611,344,1.0
1818,611,364,1.0
1818,611,448,1.0
1818,611,421,1.0
1819,612,364,1.0
1819,612,448,1.0
1820,612,19,1.0
1820,612,10,1.0
1820,612,448,1.0
1821,612,364,1.0
1821,612,189,1.0
1821,612,190,1.0
1822,613,364,1.0
1822,613,448,1.0
1823,613,19,1.0
1823,613,10,1.0
1823,613,448,1.0
1824,613,364,1.0
1824,613,189,1.0
1824,613,190,1.0
1825,614,269,1.0
1825,614,165,1.0
1825,614,170,1.0
1826,614,19,1.0
1826,614,12,1.0
1826,614,165,1.0
1826,614,170,1.0
1827,614,117,1.0
1827,614,108,1.0
1827,614,165,1.0
1827,614,170,1.0
1828,615,269,1.0
1828,615,165,1.0
1828,615,170,1.0
1828,615,125,1.0
1829,615,19,1.0
1829,615,12,1.0
1829,615,165,1.0
1829,615,170,1.0
1829,615,125,1.0
1830,615,117,1.0
1830,615,108,1.0
1830,615,165,1.0
1830,615,170,1.0
1830,615,125,1.0
1831,616,269,1.0
1831,616,165,1.0
1831,616,170,1.0
1831,616,384,1.0
1831,616,394,1.0
1831,616,199,1.0
1832,616,269,1.0
1832,616,165,1.0
1832,616,170,1.0
1832,616,384,1.0
1832,616,394,1.0
1832,616,47,1.0
1832,616,50,1.0
1833,616,19,1.0
1833,616,12,1.0
1833,616,165,1.0
1833,616,170,1.0
1833,616,384,1.0
1833,616,394,1.0
1833,616,199,1.0
1834,617,269,1.0
1834,617,165,1.0
1834,617,170,1.0
1834,617,384,1.0
1834,617,394,1.0
1834,617,103,1.0
1834,617,100,1.0
1835,617,364,1.0
1835,617,429,1.0
1835,617,426,1.0
1835,617,145,1.0
1835,617,148,1.0
1835,617,300,1.0
1835,617,389,1.0
1835,617,373,1.0
1836,617,19,1.0
1836,617,12,1.0
1836,617,165,1.0
1836,617,170,1.0
1836,617,384,1.0
1836,617,394,1.0
1836,617,103,1.0
1836,617,100,1.0
1837,617,269,1.0
1837,617,165,1.0
1837,617,170,1.0
1837,617,384,1.0
1837,617,394,1.0
1837,617,47,1.0
1837,617,44,1.0
1838,618,269,1.0
1838,618,165,1.0
1838,618,172,1.0
1838,618,322,1.0
1839,618,19,1.0
1839,618,12,1.0
1839,618,165,1.0
1839,618,172,1.0
1839,618,322,1.0
1840,618,117,1.0
1840,618,108,1.0
1840,618,165,1.0
1840,618,172,1.0
1840,618,322,1.0
1841,619,269,1.0
1841,619,165,1.0
1841,619,170,1.0
1841,619,377,1.0
1842,619,19,1.0
1842,619,12,1.0
1842,619,165,1.0
1842,619,170,1.0
1842,619,377,1.0
1843,619,269,1.0
1843,619,165,1.0
1843,619,172,1.0
1843,619,320,1.0
1844,620,335,1.0
1844,620,175,1.0
1845,620,338,1.0
1845,620,183,1.0
1846,620,335,1.0
1846,620,257,1.0
1846,620,179,1.0
1847,621,342,1.0
1847,621,291,1.0
1847,621,273,1.0
1848,621,340,1.0
1848,621,393,1.0
1848,621,291,1.0
1848,621,273,1.0
1849,621,335,1.0
1849,621,332,1.0
1849,621,291,1.0
1849,621,273,1.0
1850,622,342,1.0
1850,622,390,1.0
1850,622,355,1.0
1851,622,340,1.0
1851,622,393,1.0
1851,622,390,1.0
1851,622,355,1.0
1852,622,342,1.0
1852,622,390,1.0
1852,622,315,1.0
1852,622,312,1.0
1853,623,335,1.0
1853,623,175,1.0
1853,623,176,1.0
1854,623,338,1.0
1854,623,183,1.0
1854,623,176,1.0
1855,623,335,1.0
1855,623,257,1.0
1855,623,260,1.0
1856,624,335,1.0
1856,624,175,1.0
1856,624,176,1.0
1857,624,338,1.0
1857,624,183,1.0
1857,624,176,1.0
1858,624,335,1.0
1858,624,257,1.0
1858,624,260,1.0
1859,625,335,1.0
1859,625,175,1.0
1859,625,180,1.0
1860,625,338,1.0
1860,625,183,1.0
1860,625,180,1.0
1861,625,335,1.0
1861,625,257,1.0
1861,625,179,1.0
1861,625,180,1.0
1862,626,335,1.0
1862,626,175,1.0
1862,626,180,1.0
1863,626,338,1.0
1863,626,183,1.0
1863,626,180,1.0
1864,626,335,1.0
1864,626,257,1.0
1864,626,179,1.0
1864,626,180,1.0
1867,629,145,1.0
1868,629,453,1.0
1868,629,141,1.0
1869,629,413,1.0
1869,629,143,1.0
1870,630,145,1.0
1871,630,453,1.0
1871,630,141,1.0
1872,630,413,1.0
1872,630,143,1.0
1873,631,453,1.0
1874,631,413,1.0
1874,631,410,1.0
1875,631,145,1.0
1875,631,140,1.0
1876,632,221,1.0
1877,632,413,1.0
1877,632,217,1.0
1878,632,453,1.0
1878,632,219,1.0
1879,633,221,1.0
1880,633,413,1.0
1880,633,217,1.0
1881,633,453,1.0
1881,633,219,1.0
1882,634,427,1.0
1883,634,145,1.0
1883,634,148,1.0
1883,634,33,1.0
1883,634,36,1.0
1883,634,53,1.0
1883,634,46,1.0
1883,634,395,1.0
1883,634,385,1.0
1883,634,171,1.0
1883,634,164,1.0
1883,634,13,1.0
1883,634,10,1.0
1883,634,429,1.0
1884,634,145,1.0
1884,634,148,1.0
1884,634,300,1.0
1884,634,389,1.0
1884,634,53,1.0
1884,634,46,1.0
1884,634,395,1.0
1884,634,385,1.0
1884,634,171,1.0
1884,634,164,1.0
1884,634,13,1.0
1884,634,10,1.0
1884,634,429,1.0
1885,635,453,1.0
1885,635,359,1.0
1886,635,145,1.0
1886,635,146,1.0
1887,635,413,1.0
1887,635,361,1.0
1888,636,453,1.0
1888,636,359,1.0
1889,636,145,1.0
1889,636,146,1.0
1890,636,413,1.0
1890,636,361,1.0
1891,637,427,1.0
1891,637,430,1.0
1892,637,427,1.0
1892,637,185,1.0
1892,637,186,1.0
1893,637,427,1.0
1893,637,428,1.0
1893,637,446,1.0
1894,638,427,1.0
1894,638,430,1.0
1895,638,427,1.0
1895,638,185,1.0
1895,638,186,1.0
1896,638,427,1.0
1896,638,428,1.0
1896,638,446,1.0
1897,639,221,1.0
1897,639,222,1.0
1898,639,413,1.0
1898,639,297,1.0
1899,639,453,1.0
1899,639,295,1.0
1900,640,145,1.0
1900,640,148,1.0
1900,640,300,1.0
1901,640,145,1.0
1901,640,150,1.0
1901,640,407,1.0
1902,640,453,1.0
1902,640,303,1.0
1902,640,300,1.0
1903,641,145,1.0
1903,641,148,1.0
1903,641,300,1.0
1904,641,145,1.0
1904,641,150,1.0
1904,641,407,1.0
1905,641,453,1.0
1905,641,303,1.0
1905,641,300,1.0
1906,642,427,1.0
1906,642,434,1.0
1907,642,427,1.0
1907,642,185,1.0
1907,642,190,1.0
1908,642,427,1.0
1908,642,428,1.0
1908,642,448,1.0
1909,643,427,1.0
1909,643,434,1.0
1910,643,427,1.0
1910,643,185,1.0
1910,643,190,1.0
1911,643,427,1.0
1911,643,428,1.0
1911,643,448,1.0
1912,644,427,1.0
1912,644,428,1.0
1913,644,427,1.0
1913,644,185,1.0
1913,644,188,1.0
1914,644,427,1.0
1914,644,430,1.0
1914,644,447,1.0
1915,645,427,1.0
1915,645,428,1.0
1916,645,427,1.0
1916,645,185,1.0
1916,645,188,1.0
1917,645,427,1.0
1917,645,430,1.0
1917,645,447,1.0
1918,646,453,1.0
1918,646,359,1.0
1918,646,362,1.0
1919,646,145,1.0
1919,646,146,1.0
1919,646,362,1.0
1920,646,413,1.0
1920,646,361,1.0
1920,646,362,1.0
1922,648,220,1.0
1923,648,216,1.0
1923,648,412,1.0
1924,648,218,1.0
1924,648,452,1.0
1925,649,220,1.0
1926,649,216,1.0
1926,649,412,1.0
1927,649,218,1.0
1927,649,452,1.0
1928,650,220,1.0
1929,650,216,1.0
1929,650,412,1.0
1930,650,218,1.0
1930,650,452,1.0
1931,651,218,1.0
1932,651,216,1.0
1932,651,410,1.0
1933,651,220,1.0
1933,651,453,1.0
1934,652,222,1.0
1935,652,216,1.0
1935,652,297,1.0
1936,652,218,1.0
1936,652,295,1.0
1937,653,218,1.0
1937,653,141,1.0
1938,653,216,1.0
1938,653,143,1.0
1939,653,216,1.0
1939,653,410,1.0
1939,653,141,1.0
1940,654,218,1.0
1940,654,141,1.0
1941,654,216,1.0
1941,654,143,1.0
1942,654,216,1.0
1942,654,410,1.0
1942,654,141,1.0
1943,655,218,1.0
1943,655,359,1.0
1944,655,216,1.0
1944,655,361,1.0
1945,655,216,1.0
1945,655,410,1.0
1945,655,359,1.0
1946,656,218,1.0
1946,656,359,1.0
1947,656,216,1.0
1947,656,361,1.0
1948,656,216,1.0
1948,656,410,1.0
1948,656,359,1.0
1949,657,218,1.0
1949,657,359,1.0
1949,657,362,1.0
1950,657,216,1.0
1950,657,361,1.0
1950,657,362,1.0
1951,657,216,1.0
1951,657,410,1.0
1951,657,359,1.0
1951,657,362,1.0
1952,658,220,1.0
1952,658,427,1.0
1953,658,216,1.0
1953,658,412,1.0
1953,658,427,1.0
1954,658,218,1.0
1954,658,452,1.0
1954,658,427,1.0
1955,659,218,1.0
1955,659,303,1.0
1955,659,300,1.0
1956,659,216,1.0
1956,659,410,1.0
1956,659,303,1.0
1956,659,300,1.0
1957,659,218,1.0
1957,659,141,1.0
1957,659,148,1.0
1957,659,300,1.0
1958,660,218,1.0
1958,660,303,1.0
1958,660,300,1.0
1959,660,216,1.0
1959,660,410,1.0
1959,660,303,1.0
1959,660,300,1.0
1960,660,218,1.0
1960,660,141,1.0
1960,660,148,1.0
1960,660,300,1.0
1961,661,220,1.0
1961,661,427,1.0
1961,661,434,1.0
1962,661,220,1.0
1962,661,427,1.0
1962,661,185,1.0
1962,661,190,1.0
1963,661,216,1.0
1963,661,412,1.0
1963,661,427,1.0
1963,661,434,1.0
1964,662,220,1.0
1964,662,427,1.0
1964,662,434,1.0
1965,662,220,1.0
1965,662,427,1.0
1965,662,185,1.0
1965,662,190,1.0
1966,662,216,1.0
1966,662,412,1.0
1966,662,427,1.0
1966,662,434,1.0
1967,663,220,1.0
1967,663,427,1.0
1967,663,430,1.0
1968,663,220,1.0
1968,663,427,1.0
1968,663,185,1.0
1968,663,186,1.0
1969,663,216,1.0
1969,663,412,1.0
1969,663,427,1.0
1969,663,430,1.0
1970,664,220,1.0
1970,664,427,1.0
1970,664,430,1.0
1971,664,220,1.0
1971,664,427,1.0
1971,664,185,1.0
1971,664,186,1.0
1972,664,216,1.0
1972,664,412,1.0
1972,664,427,1.0
1972,664,430,1.0
1973,665,218,1.0
1973,665,359,1.0
1973,665,81,1.0
1974,665,216,1.0
1974,665,361,1.0
1974,665,81,1.0
1975,665,216,1.0
1975,665,410,1.0
1975,665,359,1.0
1975,665,81,1.0
1976,666,220,1.0
1976,666,427,1.0
1976,666,428,1.0
1977,666,220,1.0
1977,666,427,1.0
1977,666,185,1.0
1977,666,188,1.0
1978,666,220,1.0
1978,666,427,1.0
1978,666,430,1.0
1978,666,447,1.0
1980,668,462,1.0
1981,668,181,1.0
1981,668,176,1.0
1982,668,455,1.0
1982,668,456,1.0
1983,669,462,1.0
1984,669,181,1.0
1984,669,176,1.0
1985,669,455,1.0
1985,669,456,1.0
1986,670,181,1.0
1987,670,462,1.0
1987,670,177,1.0
1988,670,462,1.0
1988,670,261,1.0
1988,670,179,1.0
1989,671,455,1.0
1990,671,357,1.0
1990,671,352,1.0
1991,671,357,1.0
1991,671,350,1.0
1991,671,374,1.0
1992,672,357,1.0
1993,672,455,1.0
1993,672,353,1.0
1994,672,455,1.0
1994,672,375,1.0
1994,672,351,1.0
1995,673,455,1.0
1995,673,375,1.0
1996,673,357,1.0
1996,673,350,1.0
1997,673,357,1.0
1997,673,352,1.0
1997,673,375,1.0
1998,674,357,1.0
1998,674,129,1.0
1999,674,455,1.0
1999,674,133,1.0
2000,674,455,1.0
2000,674,375,1.0
2000,674,131,1.0
2001,675,455,1.0
2001,675,323,1.0
2001,675,324,1.0
2002,675,455,1.0
2002,675,375,1.0
2002,675,376,1.0
2003,675,455,1.0
2003,675,375,1.0
2003,675,321,1.0
2003,675,324,1.0
2004,676,357,1.0
2004,676,313,1.0
2004,676,316,1.0
2004,676,414,1.0
2005,676,357,1.0
2005,676,129,1.0
2005,676,120,1.0
2005,676,396,1.0
2006,676,455,1.0
2006,676,133,1.0
2006,676,120,1.0
2006,676,396,1.0
2007,677,455,1.0
2007,677,323,1.0
2007,677,173,1.0
2007,677,168,1.0
2008,677,455,1.0
2008,677,323,1.0
2008,677,324,1.0
2008,677,171,1.0
2008,677,168,1.0
2009,677,455,1.0
2009,677,375,1.0
2009,677,376,1.0
2009,677,171,1.0
2009,677,168,1.0
2010,678,455,1.0
2010,678,323,1.0
2010,678,173,1.0
2010,678,162,1.0
2011,678,455,1.0
2011,678,323,1.0
2011,678,324,1.0
2011,678,171,1.0
2011,678,162,1.0
2012,678,455,1.0
2012,678,323,1.0
2012,678,173,1.0
2012,678,168,1.0
2012,678,328,1.0
2013,679,357,1.0
2013,679,313,1.0
2013,679,316,1.0
2013,679,199,1.0
2014,679,357,1.0
2014,679,129,1.0
2014,679,120,1.0
2014,679,394,1.0
2014,679,199,1.0
2015,679,357,1.0
2015,679,313,1.0
2015,679,316,1.0
2015,679,47,1.0
2015,679,50,1.0
2016,680,357,1.0
2016,680,313,1.0
2016,680,289,1.0
2016,680,273,1.0
2017,680,357,1.0
2017,680,354,1.0
2017,680,315,1.0
2017,680,289,1.0
2017,680,273,1.0
2018,680,357,1.0
2018,680,129,1.0
2018,680,118,1.0
2018,680,289,1.0
2018,680,273,1.0
2019,681,455,1.0
2019,681,323,1.0
2019,681,173,1.0
2019,681,166,1.0
2020,681,455,1.0
2020,681,323,1.0
2020,681,324,1.0
2020,681,171,1.0
2020,681,166,1.0
2021,681,455,1.0
2021,681,375,1.0
2021,681,376,1.0
2021,681,171,1.0
2021,681,166,1.0
2022,682,357,1.0
2022,682,313,1.0
2022,682,316,1.0
2022,682,103,1.0
2022,682,92,1.0
2023,682,357,1.0
2023,682,313,1.0
2023,682,289,1.0
2023,682,273,1.0
2023,682,274,1.0
2023,682,311,1.0
2024,682,357,1.0
2024,682,313,1.0
2024,682,316,1.0
2024,682,414,1.0
2024,682,309,1.0
2025,682,357,1.0
2025,682,313,1.0
2025,682,316,1.0
2025,682,103,1.0
2025,682,98,1.0
2025,682,206,1.0
2026,683,455,1.0
2026,683,323,1.0
2026,683,173,1.0
2026,683,164,1.0
2026,683,268,1.0
2027,683,455,1.0
2027,683,323,1.0
2027,683,173,1.0
2027,683,164,1.0
2027,683,13,1.0
2027,683,18,1.0
2028,683,455,1.0
2028,683,323,1.0
2028,683,173,1.0
2028,683,164,1.0
2028,683,109,1.0
2028,683,116,1.0
2029,684,455,1.0
2029,684,323,1.0
2029,684,173,1.0
2029,684,164,1.0
2029,684,268,1.0
2030,684,455,1.0
2030,684,323,1.0
2030,684,173,1.0
2030,684,164,1.0
2030,684,13,1.0
2030,684,18,1.0
2031,684,455,1.0
2031,684,323,1.0
2031,684,173,1.0
2031,684,164,1.0
2031,684,109,1.0
2031,684,116,1.0
2032,685,357,1.0
2032,685,313,1.0
2032,685,316,1.0
2032,685,103,1.0
2032,685,98,1.0
2033,685,357,1.0
2033,685,313,1.0
2033,685,289,1.0
2033,685,273,1.0
2033,685,274,1.0
2033,685,215,1.0
2034,685,357,1.0
2034,685,313,1.0
2034,685,316,1.0
2034,685,103,1.0
2034,685,92,1.0
2034,685,207,1.0
2035,685,357,1.0
2035,685,313,1.0
2035,685,316,1.0
2035,685,414,1.0
2035,685,309,1.0
2035,685,207,1.0
2036,686,181,1.0
2036,686,174,1.0
2036,686,334,1.0
2037,686,181,1.0
2037,686,182,1.0
2037,686,339,1.0
2038,686,181,1.0
2038,686,178,1.0
2038,686,256,1.0
2038,686,334,1.0
2041,689,277,1.0
2042,689,135,1.0
2042,689,138,1.0
2043,689,245,1.0
2043,689,238,1.0
2043,689,275,1.0
2044,690,63,1.0
2045,690,245,1.0
2045,690,57,1.0
2046,690,135,1.0
2046,690,65,1.0
2047,691,245,1.0
2047,691,240,1.0
2048,691,245,1.0
2048,691,87,1.0
2048,691,82,1.0
2049,691,63,1.0
2049,691,58,1.0
2050,692,245,1.0
2050,692,240,1.0
2051,692,245,1.0
2051,692,87,1.0
2051,692,82,1.0
2052,692,63,1.0
2052,692,58,1.0
2053,693,245,1.0
2053,693,240,1.0
2054,693,245,1.0
2054,693,87,1.0
2054,693,82,1.0
2055,693,63,1.0
2055,693,58,1.0
2056,694,277,1.0
2056,694,274,1.0
2056,694,215,1.0
2057,694,277,1.0
2057,694,274,1.0
2057,694,311,1.0
2057,694,207,1.0
2058,694,245,1.0
2058,694,238,1.0
2058,694,215,1.0
2059,695,277,1.0
2059,695,274,1.0
2059,695,311,1.0
2060,695,277,1.0
2060,695,274,1.0
2060,695,215,1.0
2060,695,206,1.0
2061,695,245,1.0
2061,695,238,1.0
2061,695,311,1.0
2062,696,277,1.0
2062,696,278,1.0
2063,696,277,1.0
2063,696,270,1.0
2063,696,438,1.0
2064,696,277,1.0
2064,696,272,1.0
2064,696,284,1.0
2065,697,277,1.0
2065,697,278,1.0
2065,697,205,1.0
2066,697,277,1.0
2066,697,270,1.0
2066,697,438,1.0
2066,697,205,1.0
2067,697,277,1.0
2067,697,270,1.0
2067,697,105,1.0
2067,697,96,1.0
2068,698,245,1.0
2068,698,87,1.0
2068,698,88,1.0
2069,698,63,1.0
2069,698,60,1.0
2069,698,88,1.0
2070,698,245,1.0
2070,698,240,1.0
2070,698,159,1.0
2071,699,245,1.0
2071,699,87,1.0
2071,699,88,1.0
2072,699,63,1.0
2072,699,60,1.0
2072,699,88,1.0
2073,699,245,1.0
2073,699,240,1.0
2073,699,159,1.0
2074,700,277,1.0
2074,700,270,1.0
2074,700,105,1.0
2074,700,100,1.0
2075,700,277,1.0
2075,700,274,1.0
2075,700,215,1.0
2075,700,210,1.0
2076,700,277,1.0
2076,700,274,1.0
2076,700,311,1.0
2076,700,207,1.0
2076,700,210,1.0
2077,701,245,1.0
2077,701,87,1.0
2077,701,84,1.0
2077,701,382,1.0
2077,701,409,1.0
2078,701,245,1.0
2078,701,87,1.0
2078,701,88,1.0
2078,701,152,1.0
2078,701,409,1.0
2079,701,63,1.0
2079,701,60,1.0
2079,701,84,1.0
2079,701,382,1.0
2079,701,409,1.0
2080,702,245,1.0
2080,702,87,1.0
2080,702,84,1.0
2080,702,382,1.0
2080,702,409,1.0
2081,702,245,1.0
2081,702,87,1.0
2081,702,88,1.0
2081,702,152,1.0
2081,702,409,1.0
2082,702,63,1.0
2082,702,60,1.0
2082,702,84,1.0
2082,702,382,1.0
2082,702,409,1.0
2083,703,277,1.0
2083,703,272,1.0
2083,703,288,1.0
2083,703,119,1.0
2084,703,277,1.0
2084,703,272,1.0
2084,703,288,1.0
2084,703,314,1.0
2084,703,123,1.0
2085,703,277,1.0
2085,703,278,1.0
2085,703,397,1.0
2085,703,121,1.0
2086,704,63,1.0
2086,704,68,1.0
2086,704,7,1.0
2087,704,245,1.0
2087,704,242,1.0
2087,704,7,1.0
2088,704,63,1.0
2088,704,56,1.0
2088,704,242,1.0
2088,704,7,1.0
2089,705,277,1.0
2089,705,272,1.0
2089,705,288,1.0
2089,705,119,1.0
2089,705,124,1.0
2089,705,171,1.0
2089,705,168,1.0
2090,705,277,1.0
2090,705,278,1.0
2090,705,397,1.0
2090,705,385,1.0
2090,705,171,1.0
2090,705,168,1.0
2091,705,277,1.0
2091,705,270,1.0
2091,705,419,1.0
2091,705,395,1.0
2091,705,385,1.0
2091,705,171,1.0
2091,705,168,1.0
2092,706,277,1.0
2092,706,272,1.0
2092,706,288,1.0
2092,706,312,1.0
2093,706,277,1.0
2093,706,272,1.0
2093,706,288,1.0
2093,706,314,1.0
2093,706,355,1.0
2094,706,277,1.0
2094,706,272,1.0
2094,706,288,1.0
2094,706,119,1.0
2094,706,128,1.0
2096,708,177,1.0
2097,708,463,1.0
2097,708,181,1.0
2098,708,261,1.0
2098,708,179,1.0
2099,709,463,1.0
2100,709,177,1.0
2100,709,180,1.0
2101,709,457,1.0
2101,709,454,1.0
2102,710,463,1.0
2103,710,177,1.0
2103,710,180,1.0
2104,710,457,1.0
2104,710,454,1.0
2105,711,457,1.0
2106,711,463,1.0
2106,711,455,1.0
2107,711,463,1.0
2107,711,357,1.0
2107,711,352,1.0
2108,712,463,1.0
2108,712,357,1.0
2109,712,457,1.0
2109,712,353,1.0
2110,712,463,1.0
2110,712,455,1.0
2110,712,353,1.0
2111,713,457,1.0
2111,713,375,1.0
2112,713,463,1.0
2112,713,455,1.0
2112,713,375,1.0
2113,713,463,1.0
2113,713,357,1.0
2113,713,350,1.0
2114,714,463,1.0
2114,714,357,1.0
2114,714,129,1.0
2115,714,457,1.0
2115,714,133,1.0
2116,714,463,1.0
2116,714,455,1.0
2116,714,133,1.0
2117,715,457,1.0
2117,715,323,1.0
2117,715,324,1.0
2118,715,463,1.0
2118,715,455,1.0
2118,715,323,1.0
2118,715,324,1.0
2119,715,457,1.0
2119,715,375,1.0
2119,715,376,1.0
2120,716,463,1.0
2120,716,357,1.0
2120,716,313,1.0
2120,716,316,1.0
2120,716,414,1.0
2121,716,463,1.0
2121,716,357,1.0
2121,716,129,1.0
2121,716,120,1.0
2121,716,396,1.0
2122,716,457,1.0
2122,716,133,1.0
2122,716,120,1.0
2122,716,396,1.0
2123,717,177,1.0
2123,717,174,1.0
2123,717,334,1.0
2124,717,177,1.0
2124,717,182,1.0
2124,717,339,1.0
2125,717,261,1.0
2125,717,256,1.0
2125,717,334,1.0
2126,718,457,1.0
2126,718,323,1.0
2126,718,173,1.0
2126,718,168,1.0
2127,718,463,1.0
2127,718,455,1.0
2127,718,323,1.0
2127,718,173,1.0
2127,718,168,1.0
2128,718,457,1.0
2128,718,323,1.0
2128,718,324,1.0
2128,718,171,1.0
2128,718,168,1.0
2130,720,435,1.0
2131,720,191,1.0
2131,720,184,1.0
2132,720,449,1.0
2132,720,429,1.0
2133,721,449,1.0
2134,721,191,1.0
2134,721,188,1.0
2135,721,435,1.0
2135,721,428,1.0
2136,722,449,1.0
2137,722,191,1.0
2137,722,188,1.0
2138,722,435,1.0
2138,722,428,1.0
2139,723,421,1.0
2140,723,451,1.0
2140,723,423,1.0
2141,723,449,1.0
2141,723,365,1.0
2141,723,366,1.0
2142,724,421,1.0
2143,724,451,1.0
2143,724,423,1.0
2144,724,449,1.0
2144,724,365,1.0
2144,724,366,1.0
2145,725,421,1.0
2146,725,451,1.0
2146,725,423,1.0
2147,725,449,1.0
2147,725,365,1.0
2147,725,366,1.0
2148,726,191,1.0
2148,726,186,1.0
2149,726,435,1.0
2149,726,430,1.0
2150,726,191,1.0
2150,726,184,1.0
2150,726,430,1.0
2151,727,191,1.0
2151,727,186,1.0
2152,727,435,1.0
2152,727,430,1.0
2153,727,191,1.0
2153,727,184,1.0
2153,727,430,1.0
2154,728,435,1.0
2154,728,426,1.0
2155,728,191,1.0
2155,728,184,1.0
2155,728,426,1.0
2156,728,449,1.0
2156,728,429,1.0
2156,728,426,1.0
2157,729,435,1.0
2157,729,426,1.0
2158,729,191,1.0
2158,729,184,1.0
2158,729,426,1.0
2159,729,449,1.0
2159,729,429,1.0
2159,729,426,1.0
2160,730,435,1.0
2160,730,426,1.0
2161,730,191,1.0
2161,730,184,1.0
2161,730,426,1.0
2162,730,449,1.0
2162,730,429,1.0
2162,730,426,1.0
2163,731,449,1.0
2163,731,365,1.0
2164,731,449,1.0
2164,731,11,1.0
2164,731,18,1.0
2165,731,191,1.0
2165,731,188,1.0
2165,731,365,1.0
2166,732,449,1.0
2166,732,365,1.0
2167,732,449,1.0
2167,732,11,1.0
2167,732,18,1.0
2168,732,191,1.0
2168,732,188,1.0
2168,732,365,1.0
2169,733,435,1.0
2169,733,426,1.0
2169,733,221,1.0
2170,733,191,1.0
2170,733,184,1.0
2170,733,426,1.0
2170,733,221,1.0
2171,733,435,1.0
2171,733,426,1.0
2171,733,413,1.0
2171,733,217,1.0
2172,734,435,1.0
2172,734,426,1.0
2172,734,221,1.0
2173,734,191,1.0
2173,734,184,1.0
2173,734,426,1.0
2173,734,221,1.0
2174,734,435,1.0
2174,734,426,1.0
2174,734,413,1.0
2174,734,217,1.0
2175,735,435,1.0
2175,735,426,1.0
2175,735,145,1.0
2176,735,191,1.0
2176,735,184,1.0
2176,735,426,1.0
2176,735,145,1.0
2177,735,435,1.0
2177,735,426,1.0
2177,735,453,1.0
2177,735,141,1.0
2178,736,435,1.0
2178,736,426,1.0
2178,736,145,1.0
2179,736,191,1.0
2179,736,184,1.0
2179,736,426,1.0
2179,736,145,1.0
2180,736,435,1.0
2180,736,426,1.0
2180,736,453,1.0
2180,736,141,1.0
2181,737,435,1.0
2181,737,426,1.0
2181,737,453,1.0
2182,737,191,1.0
2182,737,184,1.0
2182,737,426,1.0
2182,737,453,1.0
2183,737,435,1.0
2183,737,426,1.0
2183,737,413,1.0
2183,737,410,1.0
2184,738,449,1.0
2184,738,11,1.0
2184,738,16,1.0
2184,738,114,1.0
2185,738,449,1.0
2185,738,11,1.0
2185,738,12,1.0
2185,738,264,1.0
2186,738,449,1.0
2186,738,11,1.0
2186,738,16,1.0
2186,738,108,1.0
2186,738,264,1.0
2188,740,431,1.0
2189,740,187,1.0
2189,740,184,1.0
2190,740,447,1.0
2190,740,429,1.0
2191,741,447,1.0
2192,741,431,1.0
2192,741,428,1.0
2193,741,187,1.0
2193,741,188,1.0
2194,742,447,1.0
2195,742,431,1.0
2195,742,428,1.0
2196,742,187,1.0
2196,742,188,1.0
2197,743,23,1.0
2197,743,16,1.0
2197,743,114,1.0
2198,743,23,1.0
2198,743,12,1.0
2198,743,264,1.0
2199,743,23,1.0
2199,743,16,1.0
2199,743,108,1.0
2199,743,264,1.0
2200,744,23,1.0
2200,744,14,1.0
2201,744,23,1.0
2201,744,16,1.0
2201,744,112,1.0
2202,744,23,1.0
2202,744,12,1.0
2202,744,262,1.0
2203,745,187,1.0
2203,745,190,1.0
2204,745,431,1.0
2204,745,434,1.0
2205,745,431,1.0
2205,745,185,1.0
2205,745,190,1.0
2206,746,187,1.0
2206,746,190,1.0
2207,746,431,1.0
2207,746,434,1.0
2208,746,431,1.0
2208,746,185,1.0
2208,746,190,1.0
2209,747,431,1.0
2209,747,426,1.0
2210,747,187,1.0
2210,747,184,1.0
2210,747,426,1.0
2211,747,447,1.0
2211,747,429,1.0
2211,747,426,1.0
2212,748,431,1.0
2212,748,426,1.0
2213,748,187,1.0
2213,748,184,1.0
2213,748,426,1.0
2214,748,447,1.0
2214,748,429,1.0
2214,748,426,1.0
2215,749,431,1.0
2215,749,426,1.0
2216,749,187,1.0
2216,749,184,1.0
2216,749,426,1.0
2217,749,447,1.0
2217,749,429,1.0
2217,749,426,1.0
2218,750,447,1.0
2218,750,365,1.0
2219,750,23,1.0
2219,750,18,1.0
2220,750,447,1.0
2220,750,11,1.0
2220,750,18,1.0
2221,751,447,1.0
2221,751,365,1.0
2222,751,23,1.0
2222,751,18,1.0
2223,751,447,1.0
2223,751,11,1.0
2223,751,18,1.0
2224,752,23,1.0
2224,752,12,1.0
2224,752,266,1.0
2225,752,23,1.0
2225,752,14,1.0
2225,752,329,1.0
2226,752,23,1.0
2226,752,16,1.0
2226,752,110,1.0
2227,753,431,1.0
2227,753,426,1.0
2227,753,145,1.0
2228,753,187,1.0
2228,753,184,1.0
2228,753,426,1.0
2228,753,145,1.0
2229,753,431,1.0
2229,753,426,1.0
2229,753,453,1.0
2229,753,141,1.0
2230,754,431,1.0
2230,754,426,1.0
2230,754,145,1.0
2231,754,187,1.0
2231,754,184,1.0
2231,754,426,1.0
2231,754,145,1.0
2232,754,431,1.0
2232,754,426,1.0
2232,754,453,1.0
2232,754,141,1.0
2233,755,431,1.0
2233,755,426,1.0
2233,755,453,1.0
2234,755,187,1.0
2234,755,184,1.0
2234,755,426,1.0
2234,755,453,1.0
2235,755,431,1.0
2235,755,426,1.0
2235,755,413,1.0
2235,755,410,1.0
2236,756,431,1.0
2236,756,426,1.0
2236,756,145,1.0
2236,756,148,1.0
2236,756,300,1.0
2237,756,431,1.0
2237,756,426,1.0
2237,756,145,1.0
2237,756,150,1.0
2237,756,407,1.0
2238,756,187,1.0
2238,756,184,1.0
2238,756,426,1.0
2238,756,145,1.0
2238,756,148,1.0
2238,756,300,1.0
2239,757,431,1.0
2239,757,426,1.0
2239,757,145,1.0
2239,757,148,1.0
2239,757,300,1.0
2240,757,431,1.0
2240,757,426,1.0
2240,757,145,1.0
2240,757,150,1.0
2240,757,407,1.0
2241,757,187,1.0
2241,757,184,1.0
2241,757,426,1.0
2241,757,145,1.0
2241,757,148,1.0
2241,757,300,1.0
2242,758,431,1.0
2242,758,426,1.0
2242,758,145,1.0
2242,758,148,1.0
2242,758,33,1.0
2242,758,36,1.0
2242,758,373,1.0
2243,758,431,1.0
2243,758,426,1.0
2243,758,145,1.0
2243,758,148,1.0
2243,758,300,1.0
2243,758,389,1.0
2243,758,373,1.0
2244,758,187,1.0
2244,758,184,1.0
2244,758,426,1.0
2244,758,145,1.0
2244,758,148,1.0
2244,758,33,1.0
2244,758,36,1.0
2244,758,373,1.0
2247,761,145,1.0
2248,761,453,1.0
2248,761,141,1.0
2249,761,413,1.0
2249,761,143,1.0
2250,762,145,1.0
2251,762,453,1.0
2251,762,141,1.0
2252,762,413,1.0
2252,762,143,1.0
2253,763,453,1.0
2254,763,413,1.0
2254,763,410,1.0
2255,763,145,1.0
2255,763,140,1.0
2256,764,221,1.0
2257,764,413,1.0
2257,764,217,1.0
2258,764,453,1.0
2258,764,219,1.0
2259,765,221,1.0
2260,765,413,1.0
2260,765,217,1.0
2261,765,453,1.0
2261,765,219,1.0
2262,766,427,1.0
2263,766,145,1.0
2263,766,148,1.0
2263,766,33,1.0
2263,766,36,1.0
2263,766,53,1.0
2263,766,46,1.0
2263,766,395,1.0
2263,766,385,1.0
2263,766,171,1.0
2263,766,164,1.0
2263,766,13,1.0
2263,766,10,1.0
2263,766,429,1.0
2264,766,145,1.0
2264,766,148,1.0
2264,766,300,1.0
2264,766,389,1.0
2264,766,53,1.0
2264,766,46,1.0
2264,766,395,1.0
2264,766,385,1.0
2264,766,171,1.0
2264,766,164,1.0
2264,766,13,1.0
2264,766,10,1.0
2264,766,429,1.0
2265,767,453,1.0
2265,767,359,1.0
2266,767,145,1.0
2266,767,146,1.0
2267,767,413,1.0
2267,767,361,1.0
2268,768,453,1.0
2268,768,359,1.0
2269,768,145,1.0
2269,768,146,1.0
2270,768,413,1.0
2270,768,361,1.0
2271,769,427,1.0
2271,769,430,1.0
2272,769,427,1.0
2272,769,185,1.0
2272,769,186,1.0
2273,769,427,1.0
2273,769,428,1.0
2273,769,446,1.0
2274,770,427,1.0
2274,770,430,1.0
2275,770,427,1.0
2275,770,185,1.0
2275,770,186,1.0
2276,770,427,1.0
2276,770,428,1.0
2276,770,446,1.0
2277,771,221,1.0
2277,771,222,1.0
2278,771,413,1.0
2278,771,297,1.0
2279,771,453,1.0
2279,771,295,1.0
2280,772,145,1.0
2280,772,148,1.0
2280,772,300,1.0
2281,772,145,1.0
2281,772,150,1.0
2281,772,407,1.0
2282,772,453,1.0
2282,772,303,1.0
2282,772,300,1.0
2283,773,145,1.0
2283,773,148,1.0
2283,773,300,1.0
2284,773,145,1.0
2284,773,150,1.0
2284,773,407,1.0
2285,773,453,1.0
2285,773,303,1.0
2285,773,300,1.0
2286,774,427,1.0
2286,774,434,1.0
2287,774,427,1.0
2287,774,185,1.0
2287,774,190,1.0
2288,774,427,1.0
2288,774,428,1.0
2288,774,448,1.0
2289,775,427,1.0
2289,775,434,1.0
2290,775,427,1.0
2290,775,185,1.0
2290,775,190,1.0
2291,775,427,1.0
2291,775,428,1.0
2291,775,448,1.0
2292,776,427,1.0
2292,776,428,1.0
2293,776,427,1.0
2293,776,185,1.0
2293,776,188,1.0
2294,776,427,1.0
2294,776,430,1.0
2294,776,447,1.0
2295,777,427,1.0
2295,777,428,1.0
2296,777,427,1.0
2296,777,185,1.0
2296,777,188,1.0
2297,777,427,1.0
2297,777,430,1.0
2297,777,447,1.0
2298,778,453,1.0
2298,778,359,1.0
2298,778,362,1.0
2299,778,145,1.0
2299,778,146,1.0
2299,778,362,1.0
2300,778,413,1.0
2300,778,361,1.0
2300,778,362,1.0
2302,780,408,1.0
2302,780,153,1.0
2303,780,408,1.0
2303,780,383,1.0
2303,780,155,1.0
2304,780,406,1.0
2304,780,444,1.0
2304,780,153,1.0
2305,781,408,1.0
2305,781,153,1.0
2306,781,408,1.0
2306,781,383,1.0
2306,781,155,1.0
2307,781,406,1.0
2307,781,444,1.0
2307,781,153,1.0
2308,782,301,1.0
2308,782,149,1.0
2309,782,406,1.0
2309,782,151,1.0
2310,782,406,1.0
2310,782,299,1.0
2310,782,149,1.0
2311,783,301,1.0
2311,783,149,1.0
2312,783,406,1.0
2312,783,151,1.0
2313,783,406,1.0
2313,783,299,1.0
2313,783,149,1.0
2314,784,301,1.0
2314,784,302,1.0
2315,784,301,1.0
2315,784,149,1.0
2315,784,140,1.0
2316,784,406,1.0
2316,784,151,1.0
2316,784,140,1.0
2317,785,389,1.0
2317,785,373,1.0
2318,785,35,1.0
2318,785,36,1.0
2318,785,373,1.0
2319,785,389,1.0
2319,785,53,1.0
2319,785,44,1.0
2320,786,408,1.0
2320,786,153,1.0
2320,786,158,1.0
2321,786,408,1.0
2321,786,383,1.0
2321,786,381,1.0
2322,786,408,1.0
2322,786,383,1.0
2322,786,85,1.0
2322,786,82,1.0
2323,787,408,1.0
2323,787,153,1.0
2323,787,158,1.0
2324,787,408,1.0
2324,787,383,1.0
2324,787,381,1.0
2325,787,408,1.0
2325,787,383,1.0
2325,787,85,1.0
2325,787,82,1.0
2326,788,408,1.0
2326,788,153,1.0
2326,788,158,1.0
2327,788,408,1.0
2327,788,383,1.0
2327,788,381,1.0
2328,788,408,1.0
2328,788,383,1.0
2328,788,85,1.0
2328,788,82,1.0
2329,789,301,1.0
2329,789,302,1.0
2329,789,359,1.0
2330,789,301,1.0
2330,789,149,1.0
2330,789,146,1.0
2331,789,406,1.0
2331,789,151,1.0
2331,789,146,1.0
2332,790,301,1.0
2332,790,302,1.0
2332,790,359,1.0
2333,790,301,1.0
2333,790,149,1.0
2333,790,146,1.0
2334,790,406,1.0
2334,790,151,1.0
2334,790,146,1.0
2335,791,301,1.0
2335,791,149,1.0
2335,791,144,1.0
2336,791,406,1.0
2336,791,151,1.0
2336,791,144,1.0
2337,791,301,1.0
2337,791,302,1.0
2337,791,452,1.0
2338,792,301,1.0
2338,792,149,1.0
2338,792,144,1.0
2339,792,406,1.0
2339,792,151,1.0
2339,792,144,1.0
2340,792,301,1.0
2340,792,302,1.0
2340,792,452,1.0
2341,793,301,1.0
2341,793,149,1.0
2341,793,144,1.0
2342,793,406,1.0
2342,793,151,1.0
2342,793,144,1.0
2343,793,301,1.0
2343,793,302,1.0
2343,793,452,1.0
2344,794,389,1.0
2344,794,213,1.0
2345,794,389,1.0
2345,794,373,1.0
2345,794,211,1.0
2346,794,35,1.0
2346,794,36,1.0
2346,794,213,1.0
2347,795,389,1.0
2347,795,213,1.0
2347,795,206,1.0
2348,795,389,1.0
2348,795,373,1.0
2348,795,211,1.0
2348,795,206,1.0
2349,795,35,1.0
2349,795,36,1.0
2349,795,213,1.0
2349,795,206,1.0
2350,796,408,1.0
2350,796,403,1.0
2350,796,404,1.0
2351,796,301,1.0
2351,796,302,1.0
2351,796,359,1.0
2351,796,362,1.0
2352,796,301,1.0
2352,796,149,1.0
2352,796,146,1.0
2352,796,362,1.0
2353,797,389,1.0
2353,797,53,1.0
2353,797,50,1.0
2354,797,389,1.0
2354,797,373,1.0
2354,797,195,1.0
2355,797,389,1.0
2355,797,373,1.0
2355,797,45,1.0
2355,797,50,1.0
2356,798,389,1.0
2356,798,53,1.0
2356,798,46,1.0
2356,798,395,1.0
2356,798,385,1.0
2356,798,171,1.0
2356,798,166,1.0
2357,798,301,1.0
2357,798,149,1.0
2357,798,144,1.0
2357,798,427,1.0
2357,798,428,1.0
2357,798,11,1.0
2357,798,16,1.0
2357,798,114,1.0
2358,798,389,1.0
2358,798,53,1.0
2358,798,50,1.0
2358,798,198,1.0
2358,798,395,1.0
2358,798,385,1.0
2358,798,171,1.0
2358,798,166,1.0
2359,798,389,1.0
2359,798,53,1.0
2359,798,46,1.0
2359,798,395,1.0
2359,798,385,1.0
2359,798,171,1.0
2359,798,162,1.0
2359,798,386,1.0
2362,801,420,1.0
2363,801,422,1.0
2363,801,450,1.0
2364,801,367,1.0
2364,801,364,1.0
2364,801,448,1.0
2365,802,420,1.0
2366,802,422,1.0
2366,802,450,1.0
2367,802,367,1.0
2367,802,364,1.0
2367,802,448,1.0
2368,803,367,1.0
2369,803,345,1.0
2369,803,346,1.0
2370,803,420,1.0
2370,803,449,1.0
2370,803,365,1.0
2371,804,367,1.0
2372,804,345,1.0
2372,804,346,1.0
2373,804,420,1.0
2373,804,449,1.0
2373,804,365,1.0
2374,805,367,1.0
2374,805,364,1.0
2375,805,420,1.0
2375,805,449,1.0
2376,805,367,1.0
2376,805,19,1.0
2376,805,10,1.0
2377,806,367,1.0
2377,806,364,1.0
2378,806,420,1.0
2378,806,449,1.0
2379,806,367,1.0
2379,806,19,1.0
2379,806,10,1.0
2380,807,420,1.0
2380,807,435,1.0
2381,807,420,1.0
2381,807,191,1.0
2381,807,184,1.0
2382,807,422,1.0
2382,807,433,1.0
2383,808,420,1.0
2383,808,191,1.0
2383,808,186,1.0
2384,808,420,1.0
2384,808,435,1.0
2384,808,430,1.0
2385,808,420,1.0
2385,808,191,1.0
2385,808,184,1.0
2385,808,430,1.0
2386,809,420,1.0
2386,809,191,1.0
2386,809,186,1.0
2387,809,420,1.0
2387,809,435,1.0
2387,809,430,1.0
2388,809,420,1.0
2388,809,191,1.0
2388,809,184,1.0
2388,809,430,1.0
2389,810,367,1.0
2389,810,117,1.0
2389,810,114,1.0
2390,810,367,1.0
2390,810,19,1.0
2390,810,16,1.0
2390,810,114,1.0
2391,810,367,1.0
2391,810,269,1.0
2391,810,264,1.0
2392,811,420,1.0
2392,811,435,1.0
2392,811,426,1.0
2393,811,420,1.0
2393,811,191,1.0
2393,811,184,1.0
2393,811,426,1.0
2394,811,422,1.0
2394,811,433,1.0
2394,811,426,1.0
2395,812,420,1.0
2395,812,435,1.0
2395,812,426,1.0
2396,812,420,1.0
2396,812,191,1.0
2396,812,184,1.0
2396,812,426,1.0
2397,812,422,1.0
2397,812,433,1.0
2397,812,426,1.0
2398,813,420,1.0
2398,813,435,1.0
2398,813,426,1.0
2399,813,420,1.0
2399,813,191,1.0
2399,813,184,1.0
2399,813,426,1.0
2400,813,422,1.0
2400,813,433,1.0
2400,813,426,1.0
2401,814,367,1.0
2401,814,117,1.0
2401,814,112,1.0
2402,814,367,1.0
2402,814,19,1.0
2402,814,14,1.0
2403,814,367,1.0
2403,814,19,1.0
2403,814,16,1.0
2403,814,112,1.0
2404,815,367,1.0
2404,815,117,1.0
2404,815,110,1.0
2405,815,367,1.0
2405,815,269,1.0
2405,815,266,1.0
2406,815,367,1.0
2406,815,19,1.0
2406,815,12,1.0
2406,815,266,1.0
2407,816,420,1.0
2407,816,435,1.0
2407,816,426,1.0
2407,816,221,1.0
2408,816,420,1.0
2408,816,191,1.0
2408,816,184,1.0
2408,816,426,1.0
2408,816,221,1.0
2409,816,422,1.0
2409,816,433,1.0
2409,816,426,1.0
2409,816,221,1.0
2410,817,420,1.0
2410,817,435,1.0
2410,817,426,1.0
2410,817,221,1.0
2411,817,420,1.0
2411,817,191,1.0
2411,817,184,1.0
2411,817,426,1.0
2411,817,221,1.0
2412,817,422,1.0
2412,817,433,1.0
2412,817,426,1.0
2412,817,221,1.0
2413,818,420,1.0
2413,818,435,1.0
2413,818,426,1.0
2413,818,145,1.0
2414,818,420,1.0
2414,818,191,1.0
2414,818,184,1.0
2414,818,426,1.0
2414,818,145,1.0
2415,818,420,1.0
2415,818,435,1.0
2415,818,426,1.0
2415,818,453,1.0
2415,818,141,1.0
2417,820,3,1.0
2418,820,250,1.0
2418,820,1,1.0
2419,820,27,1.0
2419,820,5,1.0
2420,821,227,1.0
2421,821,79,1.0
2421,821,74,1.0
2422,821,3,1.0
2422,821,8,1.0
2423,822,79,1.0
2424,822,227,1.0
2424,822,75,1.0
2425,822,227,1.0
2425,822,224,1.0
2425,822,77,1.0
2426,823,79,1.0
2426,823,76,1.0
2427,823,227,1.0
2427,823,224,1.0
2428,823,250,1.0
2428,823,404,1.0
2429,824,250,1.0
2429,824,157,1.0
2430,824,3,1.0
2430,824,0,1.0
2430,824,157,1.0
2431,824,250,1.0
2431,824,402,1.0
2431,824,153,1.0
2432,825,250,1.0
2432,825,157,1.0
2433,825,3,1.0
2433,825,0,1.0
2433,825,157,1.0
2434,825,250,1.0
2434,825,402,1.0
2434,825,153,1.0
2435,826,79,1.0
2435,826,80,1.0
2436,826,79,1.0
2436,826,76,1.0
2436,826,363,1.0
2437,826,227,1.0
2437,826,224,1.0
2437,826,363,1.0
2438,827,79,1.0
2438,827,80,1.0
2439,827,79,1.0
2439,827,76,1.0
2439,827,363,1.0
2440,827,227,1.0
2440,827,224,1.0
2440,827,363,1.0
2441,828,79,1.0
2441,828,80,1.0
2441,828,293,1.0
2442,828,79,1.0
2442,828,76,1.0
2442,828,363,1.0
2442,828,293,1.0
2443,828,227,1.0
2443,828,224,1.0
2443,828,363,1.0
2443,828,293,1.0
2444,829,250,1.0
2444,829,402,1.0
2444,829,409,1.0
2445,829,3,1.0
2445,829,0,1.0
2445,829,402,1.0
2445,829,409,1.0
2446,829,250,1.0
2446,829,157,1.0
2446,829,152,1.0
2446,829,409,1.0
2447,830,250,1.0
2447,830,402,1.0
2447,830,409,1.0
2448,830,3,1.0
2448,830,0,1.0
2448,830,402,1.0
2448,830,409,1.0
2449,830,250,1.0
2449,830,157,1.0
2449,830,152,1.0
2449,830,409,1.0
2450,831,79,1.0
2450,831,80,1.0
2450,831,358,1.0
2451,831,79,1.0
2451,831,76,1.0
2451,831,363,1.0
2451,831,358,1.0
2452,831,227,1.0
2452,831,224,1.0
2452,831,363,1.0
2452,831,358,1.0
2453,832,79,1.0
2453,832,80,1.0
2453,832,147,1.0
2454,832,79,1.0
2454,832,80,1.0
2454,832,358,1.0
2454,832,141,1.0
2455,832,79,1.0
2455,832,76,1.0
2455,832,363,1.0
2455,832,147,1.0
2456,833,79,1.0
2456,833,80,1.0
2456,833,147,1.0
2457,833,79,1.0
2457,833,80,1.0
2457,833,358,1.0
2457,833,141,1.0
2458,833,79,1.0
2458,833,76,1.0
2458,833,363,1.0
2458,833,147,1.0
2459,834,250,1.0
2459,834,157,1.0
2459,834,158,1.0
2460,834,250,1.0
2460,834,157,1.0
2460,834,89,1.0
2460,834,82,1.0
2461,834,3,1.0
2461,834,0,1.0
2461,834,157,1.0
2461,834,158,1.0
2462,835,250,1.0
2462,835,157,1.0
2462,835,158,1.0
2463,835,250,1.0
2463,835,157,1.0
2463,835,89,1.0
2463,835,82,1.0
2464,835,3,1.0
2464,835,0,1.0
2464,835,157,1.0
2464,835,158,1.0
2465,836,250,1.0
2465,836,157,1.0
2465,836,158,1.0
2466,836,250,1.0
2466,836,157,1.0
2466,836,89,1.0
2466,836,82,1.0
2467,836,3,1.0
2467,836,0,1.0
2467,836,157,1.0
2467,836,158,1.0
2468,837,3,1.0
2468,837,6,1.0
2468,837,69,1.0
2469,837,3,1.0
2469,837,6,1.0
2469,837,243,1.0
2469,837,57,1.0
2470,837,27,1.0
2470,837,24,1.0
2470,837,69,1.0
2471,838,79,1.0
2471,838,80,1.0
2471,838,358,1.0
2471,838,219,1.0
2472,838,79,1.0
2472,838,80,1.0
2472,838,360,1.0
2472,838,217,1.0
2473,838,79,1.0
2473,838,80,1.0
2473,838,358,1.0
2473,838,411,1.0
2473,838,217,1.0
2474,839,125,1.0
2475,839,325,1.0
2475,839,127,1.0
2476,839,384,1.0
2476,839,121,1.0
2477,840,377,1.0
2478,840,325,1.0
2478,840,320,1.0
2479,840,125,1.0
2479,840,130,1.0
2480,841,171,1.0
2480,841,168,1.0
2481,841,171,1.0
2481,841,162,1.0
2481,841,329,1.0
2482,841,171,1.0
2482,841,164,1.0
2482,841,266,1.0
2483,842,325,1.0
2483,842,322,1.0
2484,842,377,1.0
2484,842,374,1.0
2485,842,325,1.0
2485,842,320,1.0
2485,842,374,1.0
2486,843,171,1.0
2486,843,162,1.0
2487,843,171,1.0
2487,843,168,1.0
2487,843,328,1.0
2488,843,171,1.0
2488,843,166,1.0
2488,843,387,1.0
2489,844,377,1.0
2489,844,351,1.0
2490,844,125,1.0
2490,844,128,1.0
2491,844,325,1.0
2491,844,320,1.0
2491,844,351,1.0
2492,845,171,1.0
2492,845,166,1.0
2493,845,171,1.0
2493,845,162,1.0
2493,845,386,1.0
2494,845,171,1.0
2494,845,168,1.0
2494,845,326,1.0
2495,846,384,1.0
2495,846,394,1.0
2495,846,199,1.0
2496,846,384,1.0
2496,846,394,1.0
2496,846,47,1.0
2496,846,50,1.0
2497,846,384,1.0
2497,846,396,1.0
2497,846,205,1.0
2498,847,384,1.0
2498,847,396,1.0
2499,847,384,1.0
2499,847,394,1.0
2499,847,414,1.0
2500,847,125,1.0
2500,847,120,1.0
2500,847,396,1.0
2501,848,384,1.0
2501,848,394,1.0
2501,848,103,1.0
2501,848,100,1.0
2502,848,384,1.0
2502,848,394,1.0
2502,848,47,1.0
2502,848,44,1.0
2503,848,384,1.0
2503,848,394,1.0
2503,848,199,1.0
2503,848,194,1.0
2504,849,325,1.0
2504,849,322,1.0
2504,849,454,1.0
2505,849,377,1.0
2505,849,374,1.0
2505,849,454,1.0
2506,849,325,1.0
2506,849,320,1.0
2506,849,374,1.0
2506,849,454,1.0
2507,850,325,1.0
2507,850,322,1.0
2507,850,454,1.0
2508,850,377,1.0
2508,850,374,1.0
2508,850,454,1.0
2509,850,325,1.0
2509,850,320,1.0
2509,850,374,1.0
2509,850,454,1.0
2510,851,171,1.0
2510,851,164,1.0
2510,851,268,1.0
2511,851,171,1.0
2511,851,164,1.0
2511,851,13,1.0
2511,851,18,1.0
2512,851,171,1.0
2512,851,164,1.0
2512,851,109,1.0
2512,851,116,1.0
2513,852,171,1.0
2513,852,164,1.0
2513,852,268,1.0
2514,852,171,1.0
2514,852,164,1.0
2514,852,13,1.0
2514,852,18,1.0
2515,852,171,1.0
2515,852,164,1.0
2515,852,109,1.0
2515,852,116,1.0
2516,853,384,1.0
2516,853,396,1.0
2516,853,309,1.0
2517,853,384,1.0
2517,853,394,1.0
2517,853,103,1.0
2517,853,92,1.0
2518,853,384,1.0
2518,853,394,1.0
2518,853,414,1.0
2518,853,309,1.0
2519,854,384,1.0
2519,854,396,1.0
2519,854,309,1.0
2519,854,207,1.0
2520,854,384,1.0
2520,854,394,1.0
2520,854,103,1.0
2520,854,98,1.0
2521,854,384,1.0
2521,854,394,1.0
2521,854,103,1.0
2521,854,92,1.0
2521,854,207,1.0
2522,855,171,1.0
2522,855,164,1.0
2522,855,13,1.0
2522,855,10,1.0
2523,855,171,1.0
2523,855,164,1.0
2523,855,109,1.0
2523,855,17,1.0
2523,855,10,1.0
2524,855,171,1.0
2524,855,162,1.0
2524,855,15,1.0
2524,855,10,1.0
2525,856,171,1.0
2525,856,164,1.0
2525,856,13,1.0
2525,856,10,1.0
2526,856,171,1.0
2526,856,164,1.0
2526,856,109,1.0
2526,856,17,1.0
2526,856,10,1.0
2527,856,171,1.0
2527,856,162,1.0
2527,856,15,1.0
2527,856,10,1.0
2528,857,171,1.0
2528,857,164,1.0
2528,857,13,1.0
2528,857,22,1.0
2529,857,171,1.0
2529,857,164,1.0
2529,857,109,1.0
2529,857,17,1.0
2529,857,22,1.0
2530,857,171,1.0
2530,857,164,1.0
2530,857,13,1.0
2530,857,10,1.0
2530,857,446,1.0
2531,858,171,1.0
2531,858,164,1.0
2531,858,13,1.0
2531,858,22,1.0
2532,858,171,1.0
2532,858,164,1.0
2532,858,109,1.0
2532,858,17,1.0
2532,858,22,1.0
2533,858,171,1.0
2533,858,164,1.0
2533,858,13,1.0
2533,858,10,1.0
2533,858,446,1.0
2536,861,277,1.0
2537,861,135,1.0
2537,861,138,1.0
2538,861,245,1.0
2538,861,238,1.0
2538,861,275,1.0
2539,862,63,1.0
2540,862,245,1.0
2540,862,57,1.0
2541,862,135,1.0
2541,862,65,1.0
2542,863,245,1.0
2542,863,240,1.0
2543,863,245,1.0
2543,863,87,1.0
2543,863,82,1.0
2544,863,63,1.0
2544,863,58,1.0
2545,864,245,1.0
2545,864,240,1.0
2546,864,245,1.0
2546,864,87,1.0
2546,864,82,1.0
2547,864,63,1.0
2547,864,58,1.0
2548,865,245,1.0
2548,865,240,1.0
2549,865,245,1.0
2549,865,87,1.0
2549,865,82,1.0
2550,865,63,1.0
2550,865,58,1.0
2551,866,277,1.0
2551,866,274,1.0
2551,866,215,1.0
2552,866,277,1.0
2552,866,274,1.0
2552,866,311,1.0
2552,866,207,1.0
2553,866,245,1.0
2553,866,238,1.0
2553,866,215,1.0
2554,867,277,1.0
2554,867,274,1.0
2554,867,311,1.0
2555,867,277,1.0
2555,867,274,1.0
2555,867,215,1.0
2555,867,206,1.0
2556,867,245,1.0
2556,867,238,1.0
2556,867,311,1.0
2557,868,277,1.0
2557,868,278,1.0
2558,868,277,1.0
2558,868,270,1.0
2558,868,438,1.0
2559,868,277,1.0
2559,868,272,1.0
2559,868,284,1.0
2560,869,277,1.0
2560,869,278,1.0
2560,869,205,1.0
2561,869,277,1.0
2561,869,270,1.0
2561,869,438,1.0
2561,869,205,1.0
2562,869,277,1.0
2562,869,270,1.0
2562,869,105,1.0
2562,869,96,1.0
2563,870,245,1.0
2563,870,87,1.0
2563,870,88,1.0
2564,870,63,1.0
2564,870,60,1.0
2564,870,88,1.0
2565,870,245,1.0
2565,870,240,1.0
2565,870,159,1.0
2566,871,245,1.0
2566,871,87,1.0
2566,871,88,1.0
2567,871,63,1.0
2567,871,60,1.0
2567,871,88,1.0
2568,871,245,1.0
2568,871,240,1.0
2568,871,159,1.0
2569,872,277,1.0
2569,872,270,1.0
2569,872,105,1.0
2569,872,100,1.0
2570,872,277,1.0
2570,872,274,1.0
2570,872,215,1.0
2570,872,210,1.0
2571,872,277,1.0
2571,872,274,1.0
2571,872,311,1.0
2571,872,207,1.0
2571,872,210,1.0
2572,873,245,1.0
2572,873,87,1.0
2572,873,84,1.0
2572,873,382,1.0
2572,873,409,1.0
2573,873,245,1.0
2573,873,87,1.0
2573,873,88,1.0
2573,873,152,1.0
2573,873,409,1.0
2574,873,63,1.0
2574,873,60,1.0
2574,873,84,1.0
2574,873,382,1.0
2574,873,409,1.0
2575,874,245,1.0
2575,874,87,1.0
2575,874,84,1.0
2575,874,382,1.0
2575,874,409,1.0
2576,874,245,1.0
2576,874,87,1.0
2576,874,88,1.0
2576,874,152,1.0
2576,874,409,1.0
2577,874,63,1.0
2577,874,60,1.0
2577,874,84,1.0
2577,874,382,1.0
2577,874,409,1.0
2578,875,277,1.0
2578,875,272,1.0
2578,875,288,1.0
2578,875,119,1.0
2579,875,277,1.0
2579,875,272,1.0
2579,875,288,1.0
2579,875,314,1.0
2579,875,123,1.0
2580,875,277,1.0
2580,875,278,1.0
2580,875,397,1.0
2580,875,121,1.0
2581,876,63,1.0
2581,876,68,1.0
2581,876,7,1.0
2582,876,245,1.0
2582,876,242,1.0
2582,876,7,1.0
2583,876,63,1.0
2583,876,56,1.0
2583,876,242,1.0
2583,876,7,1.0
2584,877,277,1.0
2584,877,272,1.0
2584,877,288,1.0
2584,877,119,1.0
2584,877,124,1.0
2584,877,171,1.0
2584,877,168,1.0
2585,877,277,1.0
2585,877,278,1.0
2585,877,397,1.0
2585,877,385,1.0
2585,877,171,1.0
2585,877,168,1.0
2586,877,277,1.0
2586,877,270,1.0
2586,877,419,1.0
2586,877,395,1.0
2586,877,385,1.0
2586,877,171,1.0
2586,877,168,1.0
2587,878,277,1.0
2587,878,272,1.0
2587,878,288,1.0
2587,878,312,1.0
2588,878,277,1.0
2588,878,272,1.0
2588,878,288,1.0
2588,878,314,1.0
2588,878,355,1.0
2589,878,277,1.0
2589,878,272,1.0
2589,878,288,1.0
2589,878,119,1.0
2589,878,128,1.0
2590,879,58,1.0
2591,879,60,1.0
2591,879,82,1.0
2592,879,56,1.0
2592,879,240,1.0
2593,880,58,1.0
2594,880,60,1.0
2594,880,82,1.0
2595,880,56,1.0
2595,880,240,1.0
2596,881,58,1.0
2597,881,60,1.0
2597,881,82,1.0
2598,881,56,1.0
2598,881,240,1.0
2599,882,62,1.0
2600,882,56,1.0
2600,882,244,1.0
2601,882,64,1.0
2601,882,134,1.0
2602,883,62,1.0
2603,883,56,1.0
2603,883,244,1.0
2604,883,64,1.0
2604,883,134,1.0
2605,884,62,1.0
2606,884,56,1.0
2606,884,244,1.0
2607,884,64,1.0
2607,884,134,1.0
2608,885,54,1.0
2608,885,215,1.0
2609,885,54,1.0
2609,885,311,1.0
2609,885,207,1.0
2610,885,56,1.0
2610,885,238,1.0
2610,885,215,1.0
2611,886,54,1.0
2611,886,311,1.0
2612,886,54,1.0
2612,886,215,1.0
2612,886,206,1.0
2613,886,56,1.0
2613,886,238,1.0
2613,886,311,1.0
2614,887,60,1.0
2614,887,88,1.0
2615,887,56,1.0
2615,887,87,1.0
2615,887,88,1.0
2616,887,58,1.0
2616,887,159,1.0
2617,888,60,1.0
2617,888,88,1.0
2618,888,56,1.0
2618,888,87,1.0
2618,888,88,1.0
2619,888,58,1.0
2619,888,159,1.0
2620,889,54,1.0
2620,889,275,1.0
2621,889,56,1.0
2621,889,238,1.0
2621,889,275,1.0
2622,889,62,1.0
2622,889,277,1.0
2623,890,54,1.0
2623,890,458,1.0
2623,890,460,1.0
2624,890,54,1.0
2624,890,275,1.0
2624,890,270,1.0
2624,890,438,1.0
2625,890,54,1.0
2625,890,443,1.0
2625,890,438,1.0
2626,890,56,1.0
2626,890,238,1.0
2626,890,458,1.0
2626,890,460,1.0
2627,891,54,1.0
2627,891,215,1.0
2627,891,210,1.0
2628,891,54,1.0
2628,891,311,1.0
2628,891,207,1.0
2628,891,210,1.0
2629,891,56,1.0
2629,891,238,1.0
2629,891,215,1.0
2629,891,210,1.0
2630,892,54,1.0
2630,892,311,1.0
2630,892,203,1.0
2631,892,54,1.0
2631,892,215,1.0
2631,892,201,1.0
2632,892,54,1.0
2632,892,215,1.0
2632,892,206,1.0
2632,892,203,1.0
2633,893,60,1.0
2633,893,84,1.0
2633,893,382,1.0
2633,893,409,1.0
2634,893,60,1.0
2634,893,88,1.0
2634,893,152,1.0
2634,893,409,1.0
2635,893,56,1.0
2635,893,87,1.0
2635,893,84,1.0
2635,893,382,1.0
2635,893,409,1.0
2636,894,60,1.0
2636,894,84,1.0
2636,894,382,1.0
2636,894,409,1.0
2637,894,60,1.0
2637,894,88,1.0
2637,894,152,1.0
2637,894,409,1.0
2638,894,56,1.0
2638,894,87,1.0
2638,894,84,1.0
2638,894,382,1.0
2638,894,409,1.0
2639,895,68,1.0
2639,895,7,1.0
2640,895,56,1.0
2640,895,242,1.0
2640,895,7,1.0
2641,895,68,1.0
2641,895,25,1.0
2641,895,5,1.0
2642,896,68,1.0
2642,896,7,1.0
2642,896,2,1.0
2643,896,56,1.0
2643,896,242,1.0
2643,896,7,1.0
2643,896,2,1.0
2644,896,68,1.0
2644,896,25,1.0
2644,896,26,1.0
2645,897,68,1.0
2645,897,7,1.0
2645,897,2,1.0
2646,897,56,1.0
2646,897,242,1.0
2646,897,7,1.0
2646,897,2,1.0
2647,897,68,1.0
2647,897,25,1.0
2647,897,26,1.0
2648,898,54,1.0
2648,898,443,1.0
2648,898,419,1.0
2648,898,395,1.0
2648,898,385,1.0
2648,898,171,1.0
2648,898,168,1.0
2649,898,54,1.0
2649,898,275,1.0
2649,898,272,1.0
2649,898,288,1.0
2649,898,119,1.0
2649,898,124,1.0
2649,898,171,1.0
2649,898,168,1.0
2650,898,56,1.0
2650,898,238,1.0
2650,898,443,1.0
2650,898,419,1.0
2650,898,395,1.0
2650,898,385,1.0
2650,898,171,1.0
2650,898,168,1.0
2651,898,54,1.0
2651,898,458,1.0
2651,898,460,1.0
2651,898,397,1.0
2651,898,385,1.0
2651,898,171,1.0
2651,898,168,1.0
2652,899,374,1.0
2653,899,351,1.0
2653,899,352,1.0
2654,899,321,1.0
2654,899,322,1.0
2655,900,351,1.0
2656,900,374,1.0
2656,900,353,1.0
2657,900,131,1.0
2657,900,128,1.0
2658,901,131,1.0
2659,901,374,1.0
2659,901,133,1.0
2660,901,321,1.0
2660,901,127,1.0
2661,902,376,1.0
2662,902,321,1.0
2662,902,324,1.0
2663,902,131,1.0
2663,902,124,1.0
2664,903,374,1.0
2664,903,454,1.0
2665,903,351,1.0
2665,903,356,1.0
2666,903,374,1.0
2666,903,353,1.0
2666,903,356,1.0
2667,904,374,1.0
2667,904,454,1.0
2668,904,351,1.0
2668,904,356,1.0
2669,904,374,1.0
2669,904,353,1.0
2669,904,356,1.0
2670,905,374,1.0
2670,905,456,1.0
2671,905,374,1.0
2671,905,454,1.0
2671,905,462,1.0
2672,905,351,1.0
2672,905,356,1.0
2672,905,462,1.0
2673,906,374,1.0
2673,906,456,1.0
2674,906,374,1.0
2674,906,454,1.0
2674,906,462,1.0
2675,906,351,1.0
2675,906,356,1.0
2675,906,462,1.0
2676,907,374,1.0
2676,907,454,1.0
2676,907,181,1.0
2677,907,351,1.0
2677,907,356,1.0
2677,907,181,1.0
2678,907,374,1.0
2678,907,456,1.0
2678,907,177,1.0
2679,908,376,1.0
2679,908,171,1.0
2679,908,168,1.0
2680,908,321,1.0
2680,908,173,1.0
2680,908,168,1.0
2681,908,321,1.0
2681,908,324,1.0
2681,908,171,1.0
2681,908,168,1.0
2682,909,131,1.0
2682,909,120,1.0
2682,909,396,1.0
2683,909,131,1.0
2683,909,120,1.0
2683,909,394,1.0
2683,909,414,1.0
2684,909,131,1.0
2684,909,118,1.0
2684,909,316,1.0
2684,909,414,1.0
2685,910,376,1.0
2685,910,171,1.0
2685,910,162,1.0
2686,910,321,1.0
2686,910,173,1.0
2686,910,162,1.0
2687,910,376,1.0
2687,910,171,1.0
2687,910,168,1.0
2687,910,328,1.0
2688,911,131,1.0
2688,911,120,1.0
2688,911,394,1.0
2688,911,199,1.0
2689,911,131,1.0
2689,911,120,1.0
2689,911,394,1.0
2689,911,47,1.0
2689,911,50,1.0
2690,911,131,1.0
2690,911,120,1.0
2690,911,396,1.0
2690,911,205,1.0
2691,912,376,1.0
2691,912,171,1.0
2691,912,166,1.0
2692,912,321,1.0
2692,912,173,1.0
2692,912,166,1.0
2693,912,321,1.0
2693,912,324,1.0
2693,912,171,1.0
2693,912,166,1.0
2694,913,131,1.0
2694,913,120,1.0
2694,913,394,1.0
2694,913,103,1.0
2694,913,100,1.0
2695,913,131,1.0
2695,913,120,1.0
2695,913,394,1.0
2695,913,47,1.0
2695,913,44,1.0
2696,913,131,1.0
2696,913,120,1.0
2696,913,394,1.0
2696,913,199,1.0
2696,913,194,1.0
2697,914,131,1.0
2697,914,120,1.0
2697,914,396,1.0
2697,914,309,1.0
2698,914,131,1.0
2698,914,120,1.0
2698,914,394,1.0
2698,914,103,1.0
2698,914,92,1.0
2699,914,131,1.0
2699,914,120,1.0
2699,914,394,1.0
2699,914,414,1.0
2699,914,309,1.0
2700,915,131,1.0
2700,915,120,1.0
2700,915,396,1.0
2700,915,309,1.0
2700,915,207,1.0
2701,915,131,1.0
2701,915,120,1.0
2701,915,394,1.0
2701,915,103,1.0
2701,915,98,1.0
2702,915,131,1.0
2702,915,120,1.0
2702,915,394,1.0
2702,915,103,1.0
2702,915,92,1.0
2702,915,207,1.0
2703,916,376,1.0
2703,916,171,1.0
2703,916,164,1.0
2703,916,268,1.0
2704,916,376,1.0
2704,916,171,1.0
2704,916,164,1.0
2704,916,13,1.0
2704,916,18,1.0
2705,916,321,1.0
2705,916,173,1.0
2705,916,164,1.0
2705,916,268,1.0
2706,917,376,1.0
2706,917,171,1.0
2706,917,164,1.0
2706,917,268,1.0
2707,917,376,1.0
2707,917,171,1.0
2707,917,164,1.0
2707,917,13,1.0
2707,917,18,1.0
2708,917,321,1.0
2708,917,173,1.0
2708,917,164,1.0
2708,917,268,1.0
2709,918,131,1.0
2709,918,118,1.0
2709,918,289,1.0
2709,918,273,1.0
2710,918,378,1.0
2710,918,315,1.0
2710,918,289,1.0
2710,918,273,1.0
2711,918,351,1.0
2711,918,313,1.0
2711,918,289,1.0
2711,918,273,1.0
2712,919,276,1.0
2713,919,139,1.0
2713,919,134,1.0
2714,919,274,1.0
2714,919,239,1.0
2714,919,244,1.0
2715,920,276,1.0
2716,920,139,1.0
2716,920,134,1.0
2717,920,274,1.0
2717,920,239,1.0
2717,920,244,1.0
2718,921,276,1.0
2719,921,139,1.0
2719,921,134,1.0
2720,921,274,1.0
2720,921,239,1.0
2720,921,244,1.0
2721,922,278,1.0
2722,922,270,1.0
2722,922,438,1.0
2723,922,272,1.0
2723,922,284,1.0
2724,923,274,1.0
2724,923,311,1.0
2725,923,274,1.0
2725,923,215,1.0
2725,923,206,1.0
2726,923,278,1.0
2726,923,309,1.0
2727,924,274,1.0
2727,924,215,1.0
2728,924,274,1.0
2728,924,311,1.0
2728,924,207,1.0
2729,924,278,1.0
2729,924,309,1.0
2729,924,207,1.0
2730,925,274,1.0
2730,925,55,1.0
2731,925,274,1.0
2731,925,239,1.0
2731,925,57,1.0
2732,925,276,1.0
2732,925,63,1.0
2733,926,278,1.0
2733,926,205,1.0
2734,926,270,1.0
2734,926,438,1.0
2734,926,205,1.0
2735,926,270,1.0
2735,926,105,1.0
2735,926,96,1.0
2736,927,274,1.0
2736,927,239,1.0
2736,927,240,1.0
2737,927,274,1.0
2737,927,239,1.0
2737,927,87,1.0
2737,927,82,1.0
2738,927,274,1.0
2738,927,55,1.0
2738,927,58,1.0
2739,928,274,1.0
2739,928,239,1.0
2739,928,240,1.0
2740,928,274,1.0
2740,928,239,1.0
2740,928,87,1.0
2740,928,82,1.0
2741,928,274,1.0
2741,928,55,1.0
2741,928,58,1.0
2742,929,274,1.0
2742,929,239,1.0
2742,929,240,1.0
2743,929,274,1.0
2743,929,239,1.0
2743,929,87,1.0
2743,929,82,1.0
2744,929,274,1.0
2744,929,55,1.0
2744,929,58,1.0
2745,930,270,1.0
2745,930,105,1.0
2745,930,100,1.0
2746,930,274,1.0
2746,930,215,1.0
2746,930,210,1.0
2747,930,274,1.0
2747,930,311,1.0
2747,930,207,1.0
2747,930,210,1.0
2748,931,272,1.0
2748,931,288,1.0
2748,931,119,1.0
2749,931,272,1.0
2749,931,288,1.0
2749,931,314,1.0
2749,931,123,1.0
2750,931,278,1.0
2750,931,397,1.0
2750,931,121,1.0
2751,932,272,1.0
2751,932,288,1.0
2751,932,312,1.0
2752,932,272,1.0
2752,932,288,1.0
2752,932,314,1.0
2752,932,355,1.0
2753,932,272,1.0
2753,932,288,1.0
2753,932,119,1.0
2753,932,128,1.0
2754,933,272,1.0
2754,933,288,1.0
2754,933,119,1.0
2754,933,124,1.0
2755,933,278,1.0
2755,933,397,1.0
2755,933,385,1.0
2756,933,270,1.0
2756,933,419,1.0
2756,933,395,1.0
2756,933,385,1.0
2757,934,272,1.0
2757,934,288,1.0
2757,934,119,1.0
2757,934,124,1.0
2757,934,171,1.0
2757,934,168,1.0
2758,934,278,1.0
2758,934,397,1.0
2758,934,385,1.0
2758,934,171,1.0
2758,934,168,1.0
2759,934,270,1.0
2759,934,419,1.0
2759,934,395,1.0
2759,934,385,1.0
2759,934,171,1.0
2759,934,168,1.0
2760,935,272,1.0
2760,935,288,1.0
2760,935,119,1.0
2760,935,130,1.0
2761,935,272,1.0
2761,935,288,1.0
2761,935,314,1.0
2761,935,379,1.0
2762,935,272,1.0
2762,935,288,1.0
2762,935,312,1.0
2762,935,350,1.0
2763,936,274,1.0
2763,936,239,1.0
2763,936,87,1.0
2763,936,88,1.0
2764,936,274,1.0
2764,936,239,1.0
2764,936,240,1.0
2764,936,159,1.0
2765,936,274,1.0
2765,936,239,1.0
2765,936,87,1.0
2765,936,82,1.0
2765,936,159,1.0
2766,937,274,1.0
2766,937,239,1.0
2766,937,87,1.0
2766,937,88,1.0
2767,937,274,1.0
2767,937,239,1.0
2767,937,240,1.0
2767,937,159,1.0
2768,937,274,1.0
2768,937,239,1.0
2768,937,87,1.0
2768,937,82,1.0
2768,937,159,1.0
2769,938,272,1.0
2769,938,288,1.0
2769,938,119,1.0
2769,938,124,1.0
2769,938,171,1.0
2769,938,162,1.0
2770,938,278,1.0
2770,938,397,1.0
2770,938,385,1.0
2770,938,171,1.0
2770,938,162,1.0
2771,938,270,1.0
2771,938,419,1.0
2771,938,395,1.0
2771,938,385,1.0
2771,938,171,1.0
2771,938,162,1.0
2773,940,431,1.0
2774,940,187,1.0
2774,940,184,1.0
2775,940,447,1.0
2775,940,429,1.0
2776,941,447,1.0
2777,941,431,1.0
2777,941,428,1.0
2778,941,187,1.0
2778,941,188,1.0
2779,942,447,1.0
2780,942,431,1.0
2780,942,428,1.0
2781,942,187,1.0
2781,942,188,1.0
2782,943,23,1.0
2782,943,16,1.0
2782,943,114,1.0
2783,943,23,1.0
2783,943,12,1.0
2783,943,264,1.0
2784,943,23,1.0
2784,943,16,1.0
2784,943,108,1.0
2784,943,264,1.0
2785,944,23,1.0
2785,944,14,1.0
2786,944,23,1.0
2786,944,16,1.0
2786,944,112,1.0
2787,944,23,1.0
2787,944,12,1.0
2787,944,262,1.0
2788,945,187,1.0
2788,945,190,1.0
2789,945,431,1.0
2789,945,434,1.0
2790,945,431,1.0
2790,945,185,1.0
2790,945,190,1.0
2791,946,187,1.0
2791,946,190,1.0
2792,946,431,1.0
2792,946,434,1.0
2793,946,431,1.0
2793,946,185,1.0
2793,946,190,1.0
2794,947,431,1.0
2794,947,426,1.0
2795,947,187,1.0
2795,947,184,1.0
2795,947,426,1.0
2796,947,447,1.0
2796,947,429,1.0
2796,947,426,1.0
2797,948,431,1.0
2797,948,426,1.0
2798,948,187,1.0
2798,948,184,1.0
2798,948,426,1.0
2799,948,447,1.0
2799,948,429,1.0
2799,948,426,1.0
2800,949,431,1.0
2800,949,426,1.0
2801,949,187,1.0
2801,949,184,1.0
2801,949,426,1.0
2802,949,447,1.0
2802,949,429,1.0
2802,949,426,1.0
2803,950,447,1.0
2803,950,365,1.0
2804,950,23,1.0
2804,950,18,1.0
2805,950,447,1.0
2805,950,11,1.0
2805,950,18,1.0
2806,951,447,1.0
2806,951,365,1.0
2807,951,23,1.0
2807,951,18,1.0
2808,951,447,1.0
2808,951,11,1.0
2808,951,18,1.0
2809,952,23,1.0
2809,952,12,1.0
2809,952,266,1.0
2810,952,23,1.0
2810,952,14,1.0
2810,952,329,1.0
2811,952,23,1.0
2811,952,16,1.0
2811,952,110,1.0
2812,953,431,1.0
2812,953,426,1.0
2812,953,145,1.0
2813,953,187,1.0
2813,953,184,1.0
2813,953,426,1.0
2813,953,145,1.0
2814,953,431,1.0
2814,953,426,1.0
2814,953,453,1.0
2814,953,141,1.0
2815,954,431,1.0
2815,954,426,1.0
2815,954,145,1.0
2816,954,187,1.0
2816,954,184,1.0
2816,954,426,1.0
2816,954,145,1.0
2817,954,431,1.0
2817,954,426,1.0
2817,954,453,1.0
2817,954,141,1.0
2818,955,431,1.0
2818,955,426,1.0
2818,955,453,1.0
2819,955,187,1.0
2819,955,184,1.0
2819,955,426,1.0
2819,955,453,1.0
2820,955,431,1.0
2820,955,426,1.0
2820,955,413,1.0
2820,955,410,1.0
2821,956,431,1.0
2821,956,426,1.0
2821,956,145,1.0
2821,956,148,1.0
2821,956,300,1.0
2822,956,431,1.0
2822,956,426,1.0
2822,956,145,1.0
2822,956,150,1.0
2822,956,407,1.0
2823,956,187,1.0
2823,956,184,1.0
2823,956,426,1.0
2823,956,145,1.0
2823,956,148,1.0
2823,956,300,1.0
2824,957,431,1.0
2824,957,426,1.0
2824,957,145,1.0
2824,957,148,1.0
2824,957,300,1.0
2825,957,431,1.0
2825,957,426,1.0
2825,957,145,1.0
2825,957,150,1.0
2825,957,407,1.0
2826,957,187,1.0
2826,957,184,1.0
2826,957,426,1.0
2826,957,145,1.0
2826,957,148,1.0
2826,957,300,1.0
2827,958,431,1.0
2827,958,426,1.0
2827,958,145,1.0
2827,958,148,1.0
2827,958,33,1.0
2827,958,36,1.0
2827,958,373,1.0
2828,958,431,1.0
2828,958,426,1.0
2828,958,145,1.0
2828,958,148,1.0
2828,958,300,1.0
2828,958,389,1.0
2828,958,373,1.0
2829,958,187,1.0
2829,958,184,1.0
2829,958,426,1.0
2829,958,145,1.0
2829,958,148,1.0
2829,958,33,1.0
2829,958,36,1.0
2829,958,373,1.0
2830,959,195,1.0
2831,959,45,1.0
2831,959,50,1.0
2832,959,101,1.0
2832,959,96,1.0
2833,960,211,1.0
2834,960,101,1.0
2834,960,98,1.0
2835,960,101,1.0
2835,960,92,1.0
2835,960,207,1.0
2836,961,211,1.0
2836,961,206,1.0
2837,961,101,1.0
2837,961,92,1.0
2838,961,101,1.0
2838,961,98,1.0
2838,961,206,1.0
2839,962,101,1.0
2839,962,106,1.0
2840,962,195,1.0
2840,962,204,1.0
2841,962,101,1.0
2841,962,94,1.0
2841,962,460,1.0
2842,963,101,1.0
2842,963,102,1.0
2842,963,395,1.0
2842,963,385,1.0
2842,963,171,1.0
2842,963,166,1.0
2843,963,45,1.0
2843,963,46,1.0
2843,963,395,1.0
2843,963,385,1.0
2843,963,171,1.0
2843,963,166,1.0
2844,963,195,1.0
2844,963,198,1.0
2844,963,395,1.0
2844,963,385,1.0
2844,963,171,1.0
2844,963,166,1.0
2845,964,101,1.0
2845,964,102,1.0
2845,964,395,1.0
2845,964,385,1.0
2845,964,171,1.0
2845,964,168,1.0
2846,964,45,1.0
2846,964,46,1.0
2846,964,395,1.0
2846,964,385,1.0
2846,964,171,1.0
2846,964,168,1.0
2847,964,195,1.0
2847,964,198,1.0
2847,964,395,1.0
2847,964,385,1.0
2847,964,171,1.0
2847,964,168,1.0
2848,965,101,1.0
2848,965,102,1.0
2848,965,395,1.0
2848,965,385,1.0
2848,965,171,1.0
2848,965,162,1.0
2849,965,45,1.0
2849,965,46,1.0
2849,965,395,1.0
2849,965,385,1.0
2849,965,171,1.0
2849,965,162,1.0
2850,965,101,1.0
2850,965,102,1.0
2850,965,395,1.0
2850,965,385,1.0
2850,965,171,1.0
2850,965,168,1.0
2850,965,328,1.0
2851,966,372,1.0
2851,966,388,1.0
2852,966,372,1.0
2852,966,37,1.0
2852,966,34,1.0
2853,966,45,1.0
2853,966,52,1.0
2853,966,388,1.0
2854,967,372,1.0
2854,967,388,1.0
2855,967,372,1.0
2855,967,37,1.0
2855,967,34,1.0
2856,967,45,1.0
2856,967,52,1.0
2856,967,388,1.0
2857,968,211,1.0
2857,968,214,1.0
2857,968,239,1.0
2857,968,240,1.0
2858,968,372,1.0
2858,968,388,1.0
2858,968,408,1.0
2858,968,153,1.0
2858,968,158,1.0
2859,968,211,1.0
2859,968,214,1.0
2859,968,239,1.0
2859,968,87,1.0
2859,968,82,1.0
2860,968,211,1.0
2860,968,206,1.0
2860,968,310,1.0
2860,968,239,1.0
2860,968,240,1.0
2861,969,211,1.0
2861,969,214,1.0
2861,969,239,1.0
2861,969,240,1.0
2862,969,372,1.0
2862,969,388,1.0
2862,969,408,1.0
2862,969,153,1.0
2862,969,158,1.0
2863,969,211,1.0
2863,969,214,1.0
2863,969,239,1.0
2863,969,87,1.0
2863,969,82,1.0
2864,969,211,1.0
2864,969,206,1.0
2864,969,310,1.0
2864,969,239,1.0
2864,969,240,1.0
2865,970,211,1.0
2865,970,214,1.0
2865,970,239,1.0
2865,970,240,1.0
2866,970,372,1.0
2866,970,388,1.0
2866,970,408,1.0
2866,970,153,1.0
2866,970,158,1.0
2867,970,211,1.0
2867,970,214,1.0
2867,970,239,1.0
2867,970,87,1.0
2867,970,82,1.0
2868,970,211,1.0
2868,970,206,1.0
2868,970,310,1.0
2868,970,239,1.0
2868,970,240,1.0
2869,971,372,1.0
2869,971,388,1.0
2869,971,408,1.0
2869,971,153,1.0
2870,971,372,1.0
2870,971,37,1.0
2870,971,40,1.0
2870,971,153,1.0
2871,971,372,1.0
2871,971,37,1.0
2871,971,34,1.0
2871,971,408,1.0
2871,971,153,1.0
2872,972,372,1.0
2872,972,388,1.0
2872,972,408,1.0
2872,972,153,1.0
2873,972,372,1.0
2873,972,37,1.0
2873,972,40,1.0
2873,972,153,1.0
2874,972,372,1.0
2874,972,37,1.0
2874,972,34,1.0
2874,972,408,1.0
2874,972,153,1.0
2875,973,101,1.0
2875,973,102,1.0
2875,973,395,1.0
2875,973,385,1.0
2876,973,45,1.0
2876,973,46,1.0
2876,973,395,1.0
2876,973,385,1.0
2877,973,195,1.0
2877,973,198,1.0
2877,973,395,1.0
2877,973,385,1.0
2878,974,372,1.0
2878,974,37,1.0
2878,974,32,1.0
2878,974,149,1.0
2878,974,144,1.0
2878,974,427,1.0
2878,974,430,1.0
2879,974,372,1.0
2879,974,388,1.0
2879,974,301,1.0
2879,974,149,1.0
2879,974,144,1.0
2879,974,427,1.0
2879,974,430,1.0
2880,974,372,1.0
2880,974,37,1.0
2880,974,32,1.0
2880,974,149,1.0
2880,974,144,1.0
2880,974,427,1.0
2880,974,185,1.0
2880,974,186,1.0
2881,975,372,1.0
2881,975,37,1.0
2881,975,32,1.0
2881,975,149,1.0
2881,975,144,1.0
2881,975,427,1.0
2881,975,430,1.0
2882,975,372,1.0
2882,975,388,1.0
2882,975,301,1.0
2882,975,149,1.0
2882,975,144,1.0
2882,975,427,1.0
2882,975,430,1.0
2883,975,372,1.0
2883,975,37,1.0
2883,975,32,1.0
2883,975,149,1.0
2883,975,144,1.0
2883,975,427,1.0
2883,975,185,1.0
2883,975,186,1.0
2884,976,101,1.0
2884,976,102,1.0
2884,976,395,1.0
2884,976,121,1.0
2885,976,45,1.0
2885,976,46,1.0
2885,976,395,1.0
2885,976,121,1.0
2886,976,195,1.0
2886,976,198,1.0
2886,976,395,1.0
2886,976,121,1.0
2887,977,211,1.0
2887,977,214,1.0
2887,977,55,1.0
2888,977,211,1.0
2888,977,206,1.0
2888,977,310,1.0
2888,977,55,1.0
2889,977,211,1.0
2889,977,214,1.0
2889,977,239,1.0
2889,977,57,1.0
2890,978,101,1.0
2890,978,104,1.0
2890,978,271,1.0
2891,978,211,1.0
2891,978,214,1.0
2891,978,275,1.0
2892,978,211,1.0
2892,978,206,1.0
2892,978,310,1.0
2892,978,275,1.0
2893,979,141,1.0
2894,979,411,1.0
2894,979,143,1.0
2895,979,452,1.0
2895,979,145,1.0
2896,980,141,1.0
2897,980,411,1.0
2897,980,143,1.0
2898,980,452,1.0
2898,980,145,1.0
2899,981,359,1.0
2900,981,411,1.0
2900,981,361,1.0
2901,981,141,1.0
2901,981,146,1.0
2902,982,359,1.0
2903,982,411,1.0
2903,982,361,1.0
2904,982,141,1.0
2904,982,146,1.0
2905,983,452,1.0
2906,983,411,1.0
2906,983,412,1.0
2907,983,141,1.0
2907,983,144,1.0
2908,984,452,1.0
2909,984,411,1.0
2909,984,412,1.0
2910,984,141,1.0
2910,984,144,1.0
2911,985,452,1.0
2912,985,411,1.0
2912,985,412,1.0
2913,985,141,1.0
2913,985,144,1.0
2914,986,219,1.0
2915,986,411,1.0
2915,986,217,1.0
2916,986,452,1.0
2916,986,221,1.0
2917,987,219,1.0
2918,987,411,1.0
2918,987,217,1.0
2919,987,452,1.0
2919,987,221,1.0
2920,988,295,1.0
2921,988,411,1.0
2921,988,297,1.0
2922,988,359,1.0
2922,988,293,1.0
2923,989,303,1.0
2923,989,300,1.0
2924,989,141,1.0
2924,989,148,1.0
2924,989,300,1.0
2925,989,141,1.0
2925,989,150,1.0
2925,989,407,1.0
2926,990,303,1.0
2926,990,300,1.0
2927,990,141,1.0
2927,990,148,1.0
2927,990,300,1.0
2928,990,141,1.0
2928,990,150,1.0
2928,990,407,1.0
2929,991,359,1.0
2929,991,362,1.0
2930,991,411,1.0
2930,991,361,1.0
2930,991,362,1.0
2931,991,141,1.0
2931,991,146,1.0
2931,991,362,1.0
2932,992,452,1.0
2932,992,427,1.0
2933,992,411,1.0
2933,992,412,1.0
2933,992,427,1.0
2934,992,141,1.0
2934,992,144,1.0
2934,992,427,1.0
2935,993,452,1.0
2935,993,427,1.0
2935,993,430,1.0
2936,993,452,1.0
2936,993,427,1.0
2936,993,185,1.0
2936,993,186,1.0
2937,993,411,1.0
2937,993,412,1.0
2937,993,427,1.0
2937,993,430,1.0
2938,994,452,1.0
2938,994,427,1.0
2938,994,430,1.0
2939,994,452,1.0
2939,994,427,1.0
2939,994,185,1.0
2939,994,186,1.0
2940,994,411,1.0
2940,994,412,1.0
2940,994,427,1.0
2940,994,430,1.0
2941,995,359,1.0
2941,995,81,1.0
2942,995,359,1.0
2942,995,362,1.0
2942,995,77,1.0
2943,995,411,1.0
2943,995,361,1.0
2943,995,81,1.0
2944,996,303,1.0
2944,996,304,1.0
2944,996,153,1.0
2945,996,141,1.0
2945,996,148,1.0
2945,996,304,1.0
2945,996,153,1.0
2946,996,141,1.0
2946,996,150,1.0
2946,996,444,1.0
2946,996,153,1.0
2947,997,303,1.0
2947,997,304,1.0
2947,997,153,1.0
2948,997,141,1.0
2948,997,148,1.0
2948,997,304,1.0
2948,997,153,1.0
2949,997,141,1.0
2949,997,150,1.0
2949,997,444,1.0
2949,997,153,1.0
2950,998,452,1.0
2950,998,427,1.0
2950,998,428,1.0
2951,998,452,1.0
2951,998,427,1.0
2951,998,185,1.0
2951,998,188,1.0
2952,998,411,1.0
2952,998,412,1.0
2952,998,427,1.0
2952,998,428,1.0
2953,999,2,1.0
2954,999,0,1.0
2954,999,251,1.0
2955,999,4,1.0
2955,999,26,1.0
2956,1000,2,1.0
2957,1000,0,1.0
2957,1000,251,1.0
2958,1000,4,1.0
2958,1000,26,1.0
2959,1001,8,1.0
2960,1001,2,1.0
2960,1001,227,1.0
2961,1001,2,1.0
2961,1001,79,1.0
2961,1001,74,1.0
2962,1002,0,1.0
2962,1002,157,1.0
2963,1002,0,1.0
2963,1002,402,1.0
2963,1002,153,1.0
2964,1002,6,1.0
2964,1002,161,1.0
2965,1003,0,1.0
2965,1003,157,1.0
2966,1003,0,1.0
2966,1003,402,1.0
2966,1003,153,1.0
2967,1003,6,1.0
2967,1003,161,1.0
2968,1004,0,1.0
2968,1004,404,1.0
2969,1004,2,1.0
2969,1004,79,1.0
2969,1004,76,1.0
2970,1004,8,1.0
2970,1004,224,1.0
2971,1005,2,1.0
2971,1005,79,1.0
2972,1005,8,1.0
2972,1005,75,1.0
2973,1005,2,1.0
2973,1005,227,1.0
2973,1005,75,1.0
2974,1006,0,1.0
2974,1006,157,1.0
2974,1006,158,1.0
2975,1006,6,1.0
2975,1006,91,1.0
2975,1006,82,1.0
2976,1006,0,1.0
2976,1006,157,1.0
2976,1006,89,1.0
2976,1006,82,1.0
2977,1007,0,1.0
2977,1007,157,1.0
2977,1007,158,1.0
2978,1007,6,1.0
2978,1007,91,1.0
2978,1007,82,1.0
2979,1007,0,1.0
2979,1007,157,1.0
2979,1007,89,1.0
2979,1007,82,1.0
2980,1008,0,1.0
2980,1008,157,1.0
2980,1008,158,1.0
2981,1008,6,1.0
2981,1008,91,1.0
2981,1008,82,1.0
2982,1008,0,1.0
2982,1008,157,1.0
2982,1008,89,1.0
2982,1008,82,1.0
2983,1009,0,1.0
2983,1009,402,1.0
2983,1009,409,1.0
2984,1009,0,1.0
2984,1009,157,1.0
2984,1009,152,1.0
2984,1009,409,1.0
2985,1009,0,1.0
2985,1009,402,1.0
2985,1009,445,1.0
2985,1009,407,1.0
2986,1010,0,1.0
2986,1010,402,1.0
2986,1010,409,1.0
2987,1010,0,1.0
2987,1010,157,1.0
2987,1010,152,1.0
2987,1010,409,1.0
2988,1010,0,1.0
2988,1010,402,1.0
2988,1010,445,1.0
2988,1010,407,1.0
2989,1011,0,1.0
2989,1011,404,1.0
2989,1011,363,1.0
2990,1011,2,1.0
2990,1011,79,1.0
2990,1011,80,1.0
2991,1011,2,1.0
2991,1011,79,1.0
2991,1011,76,1.0
2991,1011,363,1.0
2992,1012,0,1.0
2992,1012,404,1.0
2992,1012,363,1.0
2993,1012,2,1.0
2993,1012,79,1.0
2993,1012,80,1.0
2994,1012,2,1.0
2994,1012,79,1.0
2994,1012,76,1.0
2994,1012,363,1.0
2995,1013,6,1.0
2995,1013,69,1.0
2996,1013,6,1.0
2996,1013,243,1.0
2996,1013,57,1.0
2997,1013,4,1.0
2997,1013,24,1.0
2997,1013,69,1.0
2998,1014,0,1.0
2998,1014,404,1.0
2998,1014,363,1.0
2998,1014,358,1.0
2999,1014,0,1.0
2999,1014,402,1.0
2999,1014,305,1.0
2999,1014,302,1.0
3000,1014,0,1.0
3000,1014,404,1.0
3000,1014,363,1.0
3000,1014,360,1.0
3000,1014,410,1.0
3001,1015,0,1.0
3001,1015,402,1.0
3001,1015,305,1.0
3001,1015,149,1.0
3002,1015,0,1.0
3002,1015,402,1.0
3002,1015,445,1.0
3002,1015,151,1.0
3003,1015,0,1.0
3003,1015,404,1.0
3003,1015,363,1.0
3003,1015,147,1.0
3004,1016,0,1.0
3004,1016,402,1.0
3004,1016,305,1.0
3004,1016,149,1.0
3005,1016,0,1.0
3005,1016,402,1.0
3005,1016,445,1.0
3005,1016,151,1.0
3006,1016,0,1.0
3006,1016,404,1.0
3006,1016,363,1.0
3006,1016,147,1.0
3007,1017,0,1.0
3007,1017,404,1.0
3007,1017,363,1.0
3007,1017,293,1.0
3008,1017,2,1.0
3008,1017,79,1.0
3008,1017,80,1.0
3008,1017,293,1.0
3009,1017,2,1.0
3009,1017,79,1.0
3009,1017,76,1.0
3009,1017,363,1.0
3009,1017,293,1.0
3010,1018,6,1.0
3010,1018,243,1.0
3010,1018,238,1.0
3010,1018,215,1.0
3011,1018,0,1.0
3011,1018,402,1.0
3011,1018,409,1.0
3011,1018,389,1.0
3011,1018,213,1.0
3012,1018,6,1.0
3012,1018,69,1.0
3012,1018,54,1.0
3012,1018,215,1.0
3013,1019,176,1.0
3014,1019,180,1.0
3014,1019,462,1.0
3015,1019,178,1.0
3015,1019,260,1.0
3016,1020,176,1.0
3017,1020,180,1.0
3017,1020,462,1.0
3018,1020,178,1.0
3018,1020,260,1.0
3019,1021,180,1.0
3020,1021,176,1.0
3020,1021,463,1.0
3021,1021,178,1.0
3021,1021,260,1.0
3021,1021,463,1.0
3022,1022,180,1.0
3023,1022,176,1.0
3023,1022,463,1.0
3024,1022,178,1.0
3024,1022,260,1.0
3024,1022,463,1.0
3025,1023,180,1.0
3025,1023,357,1.0
3026,1023,176,1.0
3026,1023,463,1.0
3026,1023,357,1.0
3027,1023,180,1.0
3027,1023,455,1.0
3027,1023,353,1.0
3028,1024,180,1.0
3028,1024,455,1.0
3029,1024,176,1.0
3029,1024,457,1.0
3030,1024,176,1.0
3030,1024,463,1.0
3030,1024,455,1.0
3031,1025,180,1.0
3031,1025,455,1.0
3031,1025,375,1.0
3032,1025,180,1.0
3032,1025,357,1.0
3032,1025,350,1.0
3033,1025,176,1.0
3033,1025,457,1.0
3033,1025,375,1.0
3034,1026,180,1.0
3034,1026,357,1.0
3034,1026,129,1.0
3035,1026,180,1.0
3035,1026,455,1.0
3035,1026,133,1.0
3036,1026,180,1.0
3036,1026,455,1.0
3036,1026,375,1.0
3036,1026,131,1.0
3037,1027,180,1.0
3037,1027,455,1.0
3037,1027,323,1.0
3037,1027,324,1.0
3038,1027,180,1.0
3038,1027,455,1.0
3038,1027,375,1.0
3038,1027,376,1.0
3039,1027,180,1.0
3039,1027,455,1.0
3039,1027,375,1.0
3039,1027,321,1.0
3039,1027,324,1.0
3040,1028,174,1.0
3040,1028,334,1.0
3041,1028,182,1.0
3041,1028,339,1.0
3042,1028,178,1.0
3042,1028,256,1.0
3042,1028,334,1.0
3043,1029,180,1.0
3043,1029,357,1.0
3043,1029,313,1.0
3043,1029,316,1.0
3043,1029,414,1.0
3044,1029,180,1.0
3044,1029,357,1.0
3044,1029,129,1.0
3044,1029,120,1.0
3044,1029,396,1.0
3045,1029,180,1.0
3045,1029,455,1.0
3045,1029,133,1.0
3045,1029,120,1.0
3045,1029,396,1.0
3046,1030,178,1.0
3046,1030,254,1.0
3046,1030,291,1.0
3046,1030,273,1.0
3047,1030,174,1.0
3047,1030,332,1.0
3047,1030,291,1.0
3047,1030,273,1.0
3048,1030,180,1.0
3048,1030,357,1.0
3048,1030,313,1.0
3048,1030,289,1.0
3048,1030,273,1.0
3050,1032,177,1.0
3051,1032,463,1.0
3051,1032,181,1.0
3052,1032,261,1.0
3052,1032,179,1.0
3053,1033,463,1.0
3054,1033,177,1.0
3054,1033,180,1.0
3055,1033,457,1.0
3055,1033,454,1.0
3056,1034,463,1.0
3057,1034,177,1.0
3057,1034,180,1.0
3058,1034,457,1.0
3058,1034,454,1.0
3059,1035,457,1.0
3060,1035,463,1.0
3060,1035,455,1.0
3061,1035,463,1.0
3061,1035,357,1.0
3061,1035,352,1.0
3062,1036,463,1.0
3062,1036,357,1.0
3063,1036,457,1.0
3063,1036,353,1.0
3064,1036,463,1.0
3064,1036,455,1.0
3064,1036,353,1.0
3065,1037,457,1.0
3065,1037,375,1.0
3066,1037,463,1.0
3066,1037,455,1.0
3066,1037,375,1.0
3067,1037,463,1.0
3067,1037,357,1.0
3067,1037,350,1.0
3068,1038,463,1.0
3068,1038,357,1.0
3068,1038,129,1.0
3069,1038,457,1.0
3069,1038,133,1.0
3070,1038,463,1.0
3070,1038,455,1.0
3070,1038,133,1.0
3071,1039,457,1.0
3071,1039,323,1.0
3071,1039,324,1.0
3072,1039,463,1.0
3072,1039,455,1.0
3072,1039,323,1.0
3072,1039,324,1.0
3073,1039,457,1.0
3073,1039,375,1.0
3073,1039,376,1.0
3074,1040,463,1.0
3074,1040,357,1.0
3074,1040,313,1.0
3074,1040,316,1.0
3074,1040,414,1.0
3075,1040,463,1.0
3075,1040,357,1.0
3075,1040,129,1.0
3075,1040,120,1.0
3075,1040,396,1.0
3076,1040,457,1.0
3076,1040,133,1.0
3076,1040,120,1.0
3076,1040,396,1.0
3077,1041,177,1.0
3077,1041,174,1.0
3077,1041,334,1.0
3078,1041,177,1.0
3078,1041,182,1.0
3078,1041,339,1.0
3079,1041,261,1.0
3079,1041,256,1.0
3079,1041,334,1.0
3080,1042,457,1.0
3080,1042,323,1.0
3080,1042,173,1.0
3080,1042,168,1.0
3081,1042,463,1.0
3081,1042,455,1.0
3081,1042,323,1.0
3081,1042,173,1.0
3081,1042,168,1.0
3082,1042,457,1.0
3082,1042,323,1.0
3082,1042,324,1.0
3082,1042,171,1.0
3082,1042,168,1.0
3085,1045,420,1.0
3086,1045,422,1.0
3086,1045,450,1.0
3087,1045,367,1.0
3087,1045,364,1.0
3087,1045,448,1.0
3088,1046,420,1.0
3089,1046,422,1.0
3089,1046,450,1.0
3090,1046,367,1.0
3090,1046,364,1.0
3090,1046,448,1.0
3091,1047,367,1.0
3092,1047,345,1.0
3092,1047,346,1.0
3093,1047,420,1.0
3093,1047,449,1.0
3093,1047,365,1.0
3094,1048,367,1.0
3095,1048,345,1.0
3095,1048,346,1.0
3096,1048,420,1.0
3096,1048,449,1.0
3096,1048,365,1.0
3097,1049,367,1.0
3097,1049,364,1.0
3098,1049,420,1.0
3098,1049,449,1.0
3099,1049,367,1.0
3099,1049,19,1.0
3099,1049,10,1.0
3100,1050,367,1.0
3100,1050,364,1.0
3101,1050,420,1.0
3101,1050,449,1.0
3102,1050,367,1.0
3102,1050,19,1.0
3102,1050,10,1.0
3103,1051,420,1.0
3103,1051,435,1.0
3104,1051,420,1.0
3104,1051,191,1.0
3104,1051,184,1.0
3105,1051,422,1.0
3105,1051,433,1.0
3106,1052,420,1.0
3106,1052,191,1.0
3106,1052,186,1.0
3107,1052,420,1.0
3107,1052,435,1.0
3107,1052,430,1.0
3108,1052,420,1.0
3108,1052,191,1.0
3108,1052,184,1.0
3108,1052,430,1.0
3109,1053,420,1.0
3109,1053,191,1.0
3109,1053,186,1.0
3110,1053,420,1.0
3110,1053,435,1.0
3110,1053,430,1.0
3111,1053,420,1.0
3111,1053,191,1.0
3111,1053,184,1.0
3111,1053,430,1.0
3112,1054,367,1.0
3112,1054,117,1.0
3112,1054,114,1.0
3113,1054,367,1.0
3113,1054,19,1.0
3113,1054,16,1.0
3113,1054,114,1.0
3114,1054,367,1.0
3114,1054,269,1.0
3114,1054,264,1.0
3115,1055,420,1.0
3115,1055,435,1.0
3115,1055,426,1.0
3116,1055,420,1.0
3116,1055,191,1.0
3116,1055,184,1.0
3116,1055,426,1.0
3117,1055,422,1.0
3117,1055,433,1.0
3117,1055,426,1.0
3118,1056,420,1.0
3118,1056,435,1.0
3118,1056,426,1.0
3119,1056,420,1.0
3119,1056,191,1.0
3119,1056,184,1.0
3119,1056,426,1.0
3120,1056,422,1.0
3120,1056,433,1.0
3120,1056,426,1.0
3121,1057,420,1.0
3121,1057,435,1.0
3121,1057,426,1.0
3122,1057,420,1.0
3122,1057,191,1.0
3122,1057,184,1.0
3122,1057,426,1.0
3123,1057,422,1.0
3123,1057,433,1.0
3123,1057,426,1.0
3124,1058,367,1.0
3124,1058,117,1.0
3124,1058,112,1.0
3125,1058,367,1.0
3125,1058,19,1.0
3125,1058,14,1.0
3126,1058,367,1.0
3126,1058,19,1.0
3126,1058,16,1.0
3126,1058,112,1.0
3127,1059,367,1.0
3127,1059,117,1.0
3127,1059,110,1.0
3128,1059,367,1.0
3128,1059,269,1.0
3128,1059,266,1.0
3129,1059,367,1.0
3129,1059,19,1.0
3129,1059,12,1.0
3129,1059,266,1.0
3130,1060,420,1.0
3130,1060,435,1.0
3130,1060,426,1.0
3130,1060,221,1.0
3131,1060,420,1.0
3131,1060,191,1.0
3131,1060,184,1.0
3131,1060,426,1.0
3131,1060,221,1.0
3132,1060,422,1.0
3132,1060,433,1.0
3132,1060,426,1.0
3132,1060,221,1.0
3133,1061,420,1.0
3133,1061,435,1.0
3133,1061,426,1.0
3133,1061,221,1.0
3134,1061,420,1.0
3134,1061,191,1.0
3134,1061,184,1.0
3134,1061,426,1.0
3134,1061,221,1.0
3135,1061,422,1.0
3135,1061,433,1.0
3135,1061,426,1.0
3135,1061,221,1.0
3136,1062,420,1.0
3136,1062,435,1.0
3136,1062,426,1.0
3136,1062,145,1.0
3137,1062,420,1.0
3137,1062,191,1.0
3137,1062,184,1.0
3137,1062,426,1.0
3137,1062,145,1.0
3138,1062,420,1.0
3138,1062,435,1.0
3138,1062,426,1.0
3138,1062,453,1.0
3138,1062,141,1.0
3141,1065,277,1.0
3142,1065,135,1.0
3142,1065,138,1.0
3143,1065,245,1.0
3143,1065,238,1.0
3143,1065,275,1.0
3144,1066,63,1.0
3145,1066,245,1.0
3145,1066,57,1.0
3146,1066,135,1.0
3146,1066,65,1.0
3147,1067,245,1.0
3147,1067,240,1.0
3148,1067,245,1.0
3148,1067,87,1.0
3148,1067,82,1.0
3149,1067,63,1.0
3149,1067,58,1.0
3150,1068,245,1.0
3150,1068,240,1.0
3151,1068,245,1.0
3151,1068,87,1.0
3151,1068,82,1.0
3152,1068,63,1.0
3152,1068,58,1.0
3153,1069,245,1.0
3153,1069,240,1.0
3154,1069,245,1.0
3154,1069,87,1.0
3154,1069,82,1.0
3155,1069,63,1.0
3155,1069,58,1.0
3156,1070,277,1.0
3156,1070,274,1.0
3156,1070,215,1.0
3157,1070,277,1.0
3157,1070,274,1.0
3157,1070,311,1.0
3157,1070,207,1.0
3158,1070,245,1.0
3158,1070,238,1.0
3158,1070,215,1.0
3159,1071,277,1.0
3159,1071,274,1.0
3159,1071,311,1.0
3160,1071,277,1.0
3160,1071,274,1.0
3160,1071,215,1.0
3160,1071,206,1.0
3161,1071,245,1.0
3161,1071,238,1.0
3161,1071,311,1.0
3162,1072,277,1.0
3162,1072,278,1.0
3163,1072,277,1.0
3163,1072,270,1.0
3163,1072,438,1.0
3164,1072,277,1.0
3164,1072,272,1.0
3164,1072,284,1.0
3165,1073,277,1.0
3165,1073,278,1.0
3165,1073,205,1.0
3166,1073,277,1.0
3166,1073,270,1.0
3166,1073,438,1.0
3166,1073,205,1.0
3167,1073,277,1.0
3167,1073,270,1.0
3167,1073,105,1.0
3167,1073,96,1.0
3168,1074,245,1.0
3168,1074,87,1.0
3168,1074,88,1.0
3169,1074,63,1.0
3169,1074,60,1.0
3169,1074,88,1.0
3170,1074,245,1.0
3170,1074,240,1.0
3170,1074,159,1.0
3171,1075,245,1.0
3171,1075,87,1.0
3171,1075,88,1.0
3172,1075,63,1.0
3172,1075,60,1.0
3172,1075,88,1.0
3173,1075,245,1.0
3173,1075,240,1.0
3173,1075,159,1.0
3174,1076,277,1.0
3174,1076,270,1.0
3174,1076,105,1.0
3174,1076,100,1.0
3175,1076,277,1.0
3175,1076,274,1.0
3175,1076,215,1.0
3175,1076,210,1.0
3176,1076,277,1.0
3176,1076,274,1.0
3176,1076,311,1.0
3176,1076,207,1.0
3176,1076,210,1.0
3177,1077,245,1.0
3177,1077,87,1.0
3177,1077,84,1.0
3177,1077,382,1.0
3177,1077,409,1.0
3178,1077,245,1.0
3178,1077,87,1.0
3178,1077,88,1.0
3178,1077,152,1.0
3178,1077,409,1.0
3179,1077,63,1.0
3179,1077,60,1.0
3179,1077,84,1.0
3179,1077,382,1.0
3179,1077,409,1.0
3180,1078,245,1.0
3180,1078,87,1.0
3180,1078,84,1.0
3180,1078,382,1.0
3180,1078,409,1.0
3181,1078,245,1.0
3181,1078,87,1.0
3181,1078,88,1.0
3181,1078,152,1.0
3181,1078,409,1.0
3182,1078,63,1.0
3182,1078,60,1.0
3182,1078,84,1.0
3182,1078,382,1.0
3182,1078,409,1.0
3183,1079,277,1.0
3183,1079,272,1.0
3183,1079,288,1.0
3183,1079,119,1.0
3184,1079,277,1.0
3184,1079,272,1.0
3184,1079,288,1.0
3184,1079,314,1.0
3184,1079,123,1.0
3185,1079,277,1.0
3185,1079,278,1.0
3185,1079,397,1.0
3185,1079,121,1.0
3186,1080,63,1.0
3186,1080,68,1.0
3186,1080,7,1.0
3187,1080,245,1.0
3187,1080,242,1.0
3187,1080,7,1.0
3188,1080,63,1.0
3188,1080,56,1.0
3188,1080,242,1.0
3188,1080,7,1.0
3189,1081,277,1.0
3189,1081,272,1.0
3189,1081,288,1.0
3189,1081,119,1.0
3189,1081,124,1.0
3189,1081,171,1.0
3189,1081,168,1.0
3190,1081,277,1.0
3190,1081,278,1.0
3190,1081,397,1.0
3190,1081,385,1.0
3190,1081,171,1.0
3190,1081,168,1.0
3191,1081,277,1.0
3191,1081,270,1.0
3191,1081,419,1.0
3191,1081,395,1.0
3191,1081,385,1.0
3191,1081,171,1.0
3191,1081,168,1.0
3192,1082,277,1.0
3192,1082,272,1.0
3192,1082,288,1.0
3192,1082,312,1.0
3193,1082,277,1.0
3193,1082,272,1.0
3193,1082,288,1.0
3193,1082,314,1.0
3193,1082,355,1.0
3194,1082,277,1.0
3194,1082,272,1.0
3194,1082,288,1.0
3194,1082,119,1.0
3194,1082,128,1.0
3195,1083,194,1.0
3196,1083,51,1.0
3196,1083,44,1.0
3197,1083,97,1.0
3197,1083,100,1.0
3198,1084,204,1.0
3199,1084,196,1.0
3199,1084,460,1.0
3200,1084,51,1.0
3200,1084,48,1.0
3200,1084,460,1.0
3201,1085,202,1.0
3202,1085,200,1.0
3202,1085,206,1.0
3203,1085,97,1.0
3203,1085,92,1.0
3204,1086,200,1.0
3205,1086,202,1.0
3205,1086,207,1.0
3206,1086,97,1.0
3206,1086,98,1.0
3207,1087,198,1.0
3207,1087,395,1.0
3207,1087,385,1.0
3207,1087,171,1.0
3207,1087,168,1.0
3208,1087,51,1.0
3208,1087,46,1.0
3208,1087,395,1.0
3208,1087,385,1.0
3208,1087,171,1.0
3208,1087,168,1.0
3209,1087,204,1.0
3209,1087,397,1.0
3209,1087,385,1.0
3209,1087,171,1.0
3209,1087,168,1.0
3210,1088,198,1.0
3210,1088,395,1.0
3210,1088,385,1.0
3210,1088,171,1.0
3210,1088,162,1.0
3211,1088,51,1.0
3211,1088,46,1.0
3211,1088,395,1.0
3211,1088,385,1.0
3211,1088,171,1.0
3211,1088,162,1.0
3212,1088,204,1.0
3212,1088,397,1.0
3212,1088,385,1.0
3212,1088,171,1.0
3212,1088,162,1.0
3213,1089,198,1.0
3213,1089,395,1.0
3213,1089,385,1.0
3213,1089,171,1.0
3213,1089,166,1.0
3214,1089,51,1.0
3214,1089,46,1.0
3214,1089,395,1.0
3214,1089,385,1.0
3214,1089,171,1.0
3214,1089,166,1.0
3215,1089,204,1.0
3215,1089,397,1.0
3215,1089,385,1.0
3215,1089,171,1.0
3215,1089,166,1.0
3216,1090,198,1.0
3216,1090,395,1.0
3216,1090,121,1.0
3217,1090,51,1.0
3217,1090,46,1.0
3217,1090,395,1.0
3217,1090,121,1.0
3218,1090,204,1.0
3218,1090,397,1.0
3218,1090,121,1.0
3219,1091,198,1.0
3219,1091,395,1.0
3219,1091,385,1.0
3220,1091,51,1.0
3220,1091,46,1.0
3220,1091,395,1.0
3220,1091,385,1.0
3221,1091,204,1.0
3221,1091,397,1.0
3221,1091,385,1.0
3222,1092,202,1.0
3222,1092,310,1.0
3222,1092,239,1.0
3222,1092,240,1.0
3223,1092,200,1.0
3223,1092,214,1.0
3223,1092,239,1.0
3223,1092,240,1.0
3224,1092,202,1.0
3224,1092,310,1.0
3224,1092,239,1.0
3224,1092,87,1.0
3224,1092,82,1.0
3225,1093,202,1.0
3225,1093,310,1.0
3225,1093,239,1.0
3225,1093,240,1.0
3226,1093,200,1.0
3226,1093,214,1.0
3226,1093,239,1.0
3226,1093,240,1.0
3227,1093,202,1.0
3227,1093,310,1.0
3227,1093,239,1.0
3227,1093,87,1.0
3227,1093,82,1.0
3228,1094,202,1.0
3228,1094,310,1.0
3228,1094,239,1.0
3228,1094,240,1.0
3229,1094,200,1.0
3229,1094,214,1.0
3229,1094,239,1.0
3229,1094,240,1.0
3230,1094,202,1.0
3230,1094,310,1.0
3230,1094,239,1.0
3230,1094,87,1.0
3230,1094,82,1.0
3231,1095,51,1.0
3231,1095,52,1.0
3231,1095,388,1.0
3232,1095,194,1.0
3232,1095,372,1.0
3232,1095,388,1.0
3233,1095,51,1.0
3233,1095,44,1.0
3233,1095,372,1.0
3233,1095,388,1.0
3234,1096,51,1.0
3234,1096,52,1.0
3234,1096,388,1.0
3235,1096,194,1.0
3235,1096,372,1.0
3235,1096,388,1.0
3236,1096,51,1.0
3236,1096,44,1.0
3236,1096,372,1.0
3236,1096,388,1.0
3237,1097,204,1.0
3237,1097,279,1.0
3238,1097,204,1.0
3238,1097,439,1.0
3238,1097,271,1.0
3239,1097,97,1.0
3239,1097,104,1.0
3239,1097,271,1.0
3240,1098,202,1.0
3240,1098,310,1.0
3240,1098,55,1.0
3241,1098,200,1.0
3241,1098,214,1.0
3241,1098,55,1.0
3242,1098,202,1.0
3242,1098,207,1.0
3242,1098,214,1.0
3242,1098,55,1.0
3243,1099,51,1.0
3243,1099,52,1.0
3243,1099,388,1.0
3243,1099,408,1.0
3243,1099,153,1.0
3244,1099,194,1.0
3244,1099,372,1.0
3244,1099,388,1.0
3244,1099,408,1.0
3244,1099,153,1.0
3245,1099,51,1.0
3245,1099,52,1.0
3245,1099,37,1.0
3245,1099,40,1.0
3245,1099,153,1.0
3246,1100,51,1.0
3246,1100,52,1.0
3246,1100,388,1.0
3246,1100,408,1.0
3246,1100,153,1.0
3247,1100,194,1.0
3247,1100,372,1.0
3247,1100,388,1.0
3247,1100,408,1.0
3247,1100,153,1.0
3248,1100,51,1.0
3248,1100,52,1.0
3248,1100,37,1.0
3248,1100,40,1.0
3248,1100,153,1.0
3249,1101,198,1.0
3249,1101,395,1.0
3249,1101,121,1.0
3249,1101,130,1.0
3250,1101,51,1.0
3250,1101,46,1.0
3250,1101,395,1.0
3250,1101,121,1.0
3250,1101,130,1.0
3251,1101,204,1.0
3251,1101,397,1.0
3251,1101,121,1.0
3251,1101,130,1.0
3252,1102,198,1.0
3252,1102,395,1.0
3252,1102,385,1.0
3252,1102,171,1.0
3252,1102,164,1.0
3252,1102,13,1.0
3252,1102,22,1.0
3253,1102,51,1.0
3253,1102,46,1.0
3253,1102,395,1.0
3253,1102,385,1.0
3253,1102,171,1.0
3253,1102,164,1.0
3253,1102,13,1.0
3253,1102,22,1.0
3254,1102,204,1.0
3254,1102,397,1.0
3254,1102,385,1.0
3254,1102,171,1.0
3254,1102,164,1.0
3254,1102,13,1.0
3254,1102,22,1.0
3256,1104,462,1.0
3257,1104,181,1.0
3257,1104,176,1.0
3258,1104,455,1.0
3258,1104,456,1.0
3259,1105,462,1.0
3260,1105,181,1.0
3260,1105,176,1.0
3261,1105,455,1.0
3261,1105,456,1.0
3262,1106,181,1.0
3263,1106,462,1.0
3263,1106,177,1.0
3264,1106,462,1.0
3264,1106,261,1.0
3264,1106,179,1.0
3265,1107,455,1.0
3266,1107,357,1.0
3266,1107,352,1.0
3267,1107,357,1.0
3267,1107,350,1.0
3267,1107,374,1.0
3268,1108,357,1.0
3269,1108,455,1.0
3269,1108,353,1.0
3270,1108,455,1.0
3270,1108,375,1.0
3270,1108,351,1.0
3271,1109,455,1.0
3271,1109,375,1.0
3272,1109,357,1.0
3272,1109,350,1.0
3273,1109,357,1.0
3273,1109,352,1.0
3273,1109,375,1.0
3274,1110,357,1.0
3274,1110,129,1.0
3275,1110,455,1.0
3275,1110,133,1.0
3276,1110,455,1.0
3276,1110,375,1.0
3276,1110,131,1.0
3277,1111,455,1.0
3277,1111,323,1.0
3277,1111,324,1.0
3278,1111,455,1.0
3278,1111,375,1.0
3278,1111,376,1.0
3279,1111,455,1.0
3279,1111,375,1.0
3279,1111,321,1.0
3279,1111,324,1.0
3280,1112,357,1.0
3280,1112,313,1.0
3280,1112,316,1.0
3280,1112,414,1.0
3281,1112,357,1.0
3281,1112,129,1.0
3281,1112,120,1.0
3281,1112,396,1.0
3282,1112,455,1.0
3282,1112,133,1.0
3282,1112,120,1.0
3282,1112,396,1.0
3283,1113,455,1.0
3283,1113,323,1.0
3283,1113,173,1.0
3283,1113,168,1.0
3284,1113,455,1.0
3284,1113,323,1.0
3284,1113,324,1.0
3284,1113,171,1.0
3284,1113,168,1.0
3285,1113,455,1.0
3285,1113,375,1.0
3285,1113,376,1.0
3285,1113,171,1.0
3285,1113,168,1.0
3286,1114,455,1.0
3286,1114,323,1.0
3286,1114,173,1.0
3286,1114,162,1.0
3287,1114,455,1.0
3287,1114,323,1.0
3287,1114,324,1.0
3287,1114,171,1.0
3287,1114,162,1.0
3288,1114,455,1.0
3288,1114,323,1.0
3288,1114,173,1.0
3288,1114,168,1.0
3288,1114,328,1.0
3289,1115,357,1.0
3289,1115,313,1.0
3289,1115,316,1.0
3289,1115,199,1.0
3290,1115,357,1.0
3290,1115,129,1.0
3290,1115,120,1.0
3290,1115,394,1.0
3290,1115,199,1.0
3291,1115,357,1.0
3291,1115,313,1.0
3291,1115,316,1.0
3291,1115,47,1.0
3291,1115,50,1.0
3292,1116,357,1.0
3292,1116,313,1.0
3292,1116,289,1.0
3292,1116,273,1.0
3293,1116,357,1.0
3293,1116,354,1.0
3293,1116,315,1.0
3293,1116,289,1.0
3293,1116,273,1.0
3294,1116,357,1.0
3294,1116,129,1.0
3294,1116,118,1.0
3294,1116,289,1.0
3294,1116,273,1.0
3295,1117,455,1.0
3295,1117,323,1.0
3295,1117,173,1.0
3295,1117,166,1.0
3296,1117,455,1.0
3296,1117,323,1.0
3296,1117,324,1.0
3296,1117,171,1.0
3296,1117,166,1.0
3297,1117,455,1.0
3297,1117,375,1.0
3297,1117,376,1.0
3297,1117,171,1.0
3297,1117,166,1.0
3298,1118,357,1.0
3298,1118,313,1.0
3298,1118,316,1.0
3298,1118,103,1.0
3298,1118,92,1.0
3299,1118,357,1.0
3299,1118,313,1.0
3299,1118,289,1.0
3299,1118,273,1.0
3299,1118,274,1.0
3299,1118,311,1.0
3300,1118,357,1.0
3300,1118,313,1.0
3300,1118,316,1.0
3300,1118,414,1.0
3300,1118,309,1.0
3301,1118,357,1.0
3301,1118,313,1.0
3301,1118,316,1.0
3301,1118,103,1.0
3301,1118,98,1.0
3301,1118,206,1.0
3302,1119,455,1.0
3302,1119,323,1.0
3302,1119,173,1.0
3302,1119,164,1.0
3302,1119,268,1.0
3303,1119,455,1.0
3303,1119,323,1.0
3303,1119,173,1.0
3303,1119,164,1.0
3303,1119,13,1.0
3303,1119,18,1.0
3304,1119,455,1.0
3304,1119,323,1.0
3304,1119,173,1.0
3304,1119,164,1.0
3304,1119,109,1.0
3304,1119,116,1.0
3305,1120,455,1.0
3305,1120,323,1.0
3305,1120,173,1.0
3305,1120,164,1.0
3305,1120,268,1.0
3306,1120,455,1.0
3306,1120,323,1.0
3306,1120,173,1.0
3306,1120,164,1.0
3306,1120,13,1.0
3306,1120,18,1.0
3307,1120,455,1.0
3307,1120,323,1.0
3307,1120,173,1.0
3307,1120,164,1.0
3307,1120,109,1.0
3307,1120,116,1.0
3308,1121,357,1.0
3308,1121,313,1.0
3308,1121,316,1.0
3308,1121,103,1.0
3308,1121,98,1.0
3309,1121,357,1.0
3309,1121,313,1.0
3309,1121,289,1.0
3309,1121,273,1.0
3309,1121,274,1.0
3309,1121,215,1.0
3310,1121,357,1.0
3310,1121,313,1.0
3310,1121,316,1.0
3310,1121,103,1.0
3310,1121,92,1.0
3310,1121,207,1.0
3311,1121,357,1.0
3311,1121,313,1.0
3311,1121,316,1.0
3311,1121,414,1.0
3311,1121,309,1.0
3311,1121,207,1.0
3312,1122,181,1.0
3312,1122,174,1.0
3312,1122,334,1.0
3313,1122,181,1.0
3313,1122,182,1.0
3313,1122,339,1.0
3314,1122,181,1.0
3314,1122,178,1.0
3314,1122,256,1.0
3314,1122,334,1.0
3316,1124,158,1.0
3317,1124,89,1.0
3317,1124,82,1.0
3318,1124,154,1.0
3318,1124,381,1.0
3319,1125,158,1.0
3320,1125,89,1.0
3320,1125,82,1.0
3321,1125,154,1.0
3321,1125,381,1.0
3322,1126,158,1.0
3323,1126,89,1.0
3323,1126,82,1.0
3324,1126,154,1.0
3324,1126,381,1.0
3325,1127,152,1.0
3325,1127,409,1.0
3326,1127,154,1.0
3326,1127,382,1.0
3326,1127,409,1.0
3327,1127,152,1.0
3327,1127,445,1.0
3327,1127,407,1.0
3328,1128,152,1.0
3328,1128,409,1.0
3329,1128,154,1.0
3329,1128,382,1.0
3329,1128,409,1.0
3330,1128,152,1.0
3330,1128,445,1.0
3330,1128,407,1.0
3331,1129,156,1.0
3331,1129,1,1.0
3332,1129,152,1.0
3332,1129,403,1.0
3332,1129,1,1.0
3333,1129,160,1.0
3333,1129,7,1.0
3334,1130,89,1.0
3334,1130,61,1.0
3335,1130,89,1.0
3335,1130,86,1.0
3335,1130,57,1.0
3336,1130,158,1.0
3336,1130,59,1.0
3337,1131,152,1.0
3337,1131,409,1.0
3337,1131,389,1.0
3337,1131,213,1.0
3338,1131,89,1.0
3338,1131,86,1.0
3338,1131,238,1.0
3338,1131,215,1.0
3339,1131,89,1.0
3339,1131,86,1.0
3339,1131,238,1.0
3339,1131,311,1.0
3339,1131,207,1.0
3340,1132,156,1.0
3340,1132,404,1.0
3341,1132,152,1.0
3341,1132,403,1.0
3341,1132,404,1.0
3342,1132,154,1.0
3342,1132,382,1.0
3342,1132,403,1.0
3342,1132,404,1.0
3343,1133,156,1.0
3343,1133,251,1.0
3344,1133,156,1.0
3344,1133,1,1.0
3344,1133,2,1.0
3345,1133,152,1.0
3345,1133,403,1.0
3345,1133,251,1.0
3346,1134,156,1.0
3346,1134,251,1.0
3347,1134,156,1.0
3347,1134,1,1.0
3347,1134,2,1.0
3348,1134,152,1.0
3348,1134,403,1.0
3348,1134,251,1.0
3349,1135,152,1.0
3349,1135,409,1.0
3349,1135,389,1.0
3349,1135,213,1.0
3349,1135,206,1.0
3350,1135,89,1.0
3350,1135,86,1.0
3350,1135,238,1.0
3350,1135,311,1.0
3351,1135,158,1.0
3351,1135,241,1.0
3351,1135,238,1.0
3351,1135,311,1.0
3352,1136,152,1.0
3352,1136,409,1.0
3352,1136,389,1.0
3352,1136,373,1.0
3353,1136,152,1.0
3353,1136,41,1.0
3353,1136,36,1.0
3353,1136,373,1.0
3354,1136,152,1.0
3354,1136,409,1.0
3354,1136,35,1.0
3354,1136,36,1.0
3354,1136,373,1.0
3355,1137,156,1.0
3355,1137,404,1.0
3355,1137,363,1.0
3356,1137,152,1.0
3356,1137,305,1.0
3356,1137,302,1.0
3356,1137,359,1.0
3357,1137,152,1.0
3357,1137,305,1.0
3357,1137,149,1.0
3357,1137,146,1.0
3358,1138,156,1.0
3358,1138,404,1.0
3358,1138,363,1.0
3359,1138,152,1.0
3359,1138,305,1.0
3359,1138,302,1.0
3359,1138,359,1.0
3360,1138,152,1.0
3360,1138,305,1.0
3360,1138,149,1.0
3360,1138,146,1.0
3361,1139,152,1.0
3361,1139,305,1.0
3361,1139,149,1.0
3362,1139,152,1.0
3362,1139,445,1.0
3362,1139,151,1.0
3363,1139,152,1.0
3363,1139,445,1.0
3363,1139,299,1.0
3363,1139,149,1.0
3364,1140,152,1.0
3364,1140,305,1.0
3364,1140,149,1.0
3365,1140,152,1.0
3365,1140,445,1.0
3365,1140,151,1.0
3366,1140,152,1.0
3366,1140,445,1.0
3366,1140,299,1.0
3366,1140,149,1.0
3367,1141,152,1.0
3367,1141,305,1.0
3367,1141,302,1.0
3368,1141,152,1.0
3368,1141,305,1.0
3368,1141,149,1.0
3368,1141,140,1.0
3369,1141,152,1.0
3369,1141,445,1.0
3369,1141,151,1.0
3369,1141,140,1.0
3370,1142,152,1.0
3370,1142,409,1.0
3370,1142,389,1.0
3370,1142,53,1.0
3370,1142,50,1.0
3371,1142,152,1.0
3371,1142,409,1.0
3371,1142,389,1.0
3371,1142,373,1.0
3371,1142,195,1.0
3372,1142,152,1.0
3372,1142,41,1.0
3372,1142,36,1.0
3372,1142,53,1.0
3372,1142,50,1.0
3374,1144,446,1.0
3375,1144,429,1.0
3375,1144,430,1.0
3376,1144,189,1.0
3376,1144,186,1.0
3377,1145,446,1.0
3378,1145,429,1.0
3378,1145,430,1.0
3379,1145,189,1.0
3379,1145,186,1.0
3380,1146,429,1.0
3381,1146,189,1.0
3381,1146,184,1.0
3382,1146,446,1.0
3382,1146,431,1.0
3383,1147,365,1.0
3384,1147,11,1.0
3384,1147,18,1.0
3385,1147,11,1.0
3385,1147,16,1.0
3385,1147,116,1.0
3386,1148,365,1.0
3387,1148,11,1.0
3387,1148,18,1.0
3388,1148,11,1.0
3388,1148,16,1.0
3388,1148,116,1.0
3389,1149,11,1.0
3389,1149,16,1.0
3389,1149,114,1.0
3390,1149,11,1.0
3390,1149,12,1.0
3390,1149,264,1.0
3391,1149,11,1.0
3391,1149,16,1.0
3391,1149,108,1.0
3391,1149,264,1.0
3392,1150,448,1.0
3393,1150,189,1.0
3393,1150,190,1.0
3394,1150,429,1.0
3394,1150,434,1.0
3395,1151,448,1.0
3396,1151,189,1.0
3396,1151,190,1.0
3397,1151,429,1.0
3397,1151,434,1.0
3398,1152,11,1.0
3398,1152,14,1.0
3399,1152,11,1.0
3399,1152,16,1.0
3399,1152,112,1.0
3400,1152,11,1.0
3400,1152,12,1.0
3400,1152,262,1.0
3401,1153,11,1.0
3401,1153,12,1.0
3401,1153,266,1.0
3402,1153,11,1.0
3402,1153,14,1.0
3402,1153,329,1.0
3403,1153,11,1.0
3403,1153,16,1.0
3403,1153,110,1.0
3404,1154,429,1.0
3404,1154,426,1.0
3405,1154,189,1.0
3405,1154,184,1.0
3405,1154,426,1.0
3406,1154,446,1.0
3406,1154,431,1.0
3406,1154,426,1.0
3407,1155,429,1.0
3407,1155,426,1.0
3408,1155,189,1.0
3408,1155,184,1.0
3408,1155,426,1.0
3409,1155,446,1.0
3409,1155,431,1.0
3409,1155,426,1.0
3410,1156,429,1.0
3410,1156,426,1.0
3411,1156,189,1.0
3411,1156,184,1.0
3411,1156,426,1.0
3412,1156,446,1.0
3412,1156,431,1.0
3412,1156,426,1.0
3413,1157,365,1.0
3413,1157,366,1.0
3414,1157,448,1.0
3414,1157,421,1.0
3415,1157,11,1.0
3415,1157,18,1.0
3415,1157,366,1.0
3416,1158,365,1.0
3416,1158,366,1.0
3417,1158,448,1.0
3417,1158,421,1.0
3418,1158,11,1.0
3418,1158,18,1.0
3418,1158,366,1.0
3419,1159,365,1.0
3419,1159,366,1.0
3420,1159,448,1.0
3420,1159,421,1.0
3421,1159,11,1.0
3421,1159,18,1.0
3421,1159,366,1.0
3422,1160,429,1.0
3422,1160,426,1.0
3422,1160,145,1.0
3423,1160,189,1.0
3423,1160,184,1.0
3423,1160,426,1.0
3423,1160,145,1.0
3424,1160,429,1.0
3424,1160,426,1.0
3424,1160,453,1.0
3424,1160,141,1.0
3425,1161,429,1.0
3425,1161,426,1.0
3425,1161,145,1.0
3426,1161,189,1.0
3426,1161,184,1.0
3426,1161,426,1.0
3426,1161,145,1.0
3427,1161,429,1.0
3427,1161,426,1.0
3427,1161,453,1.0
3427,1161,141,1.0
3428,1162,11,1.0
3428,1162,12,1.0
3428,1162,165,1.0
3428,1162,170,1.0
3428,1162,384,1.0
3428,1162,394,1.0
3428,1162,103,1.0
3428,1162,100,1.0
3429,1162,429,1.0
3429,1162,426,1.0
3429,1162,145,1.0
3429,1162,148,1.0
3429,1162,300,1.0
3429,1162,389,1.0
3429,1162,373,1.0
3430,1162,11,1.0
3430,1162,12,1.0
3430,1162,165,1.0
3430,1162,170,1.0
3430,1162,384,1.0
3430,1162,394,1.0
3430,1162,47,1.0
3430,1162,44,1.0
3431,1162,429,1.0
3431,1162,426,1.0
3431,1162,145,1.0
3431,1162,148,1.0
3431,1162,33,1.0
3431,1162,36,1.0
3431,1162,373,1.0
